host_time_s,tick_ms,seq_index,mode,phase,angle_ref_rad,angle_feedback_rad,speed_ref_rad_s,speed_feedback_rad_s,current_ref_raw,current_feedback_raw,voltage_ref_raw,output_ff_raw,output_cmd,real_current,motor_speed_rad_s,angle_pid_pout,angle_pid_iout,angle_pid_dout,angle_pid_output,speed_pid_pout,speed_pid_iout,speed_pid_dout,speed_pid_output,current_pid_pout,current_pid_iout,current_pid_dout,current_pid_output
0.6010372679447755,415,0,0,0,0.0,0.0,0.0,0.0,0.0,0.0,0.0,0.0,0,133,0.0,0.0,0.0,0.0,0.0,0.0,0.0,0.0,0.0,0.0,0.0,0.0,0.0
0.6122253199573606,421,0,0,0,0.0,0.0,0.0,0.0,0.0,0.0,0.0,0.0,0,130,0.0,0.0,0.0,0.0,0.0,0.0,0.0,0.0,0.0,0.0,0.0,0.0,0.0
0.6122253199573606,426,0,0,0,0.0,0.0,0.0,0.0,0.0,0.0,0.0,0.0,0,119,0.0,0.0,0.0,0.0,0.0,0.0,0.0,0.0,0.0,0.0,0.0,0.0,0.0
0.6235053730197251,431,0,0,0,0.0,0.0,0.0,0.0,0.0,0.0,0.0,0.0,0,117,0.0,0.0,0.0,0.0,0.0,0.0,0.0,0.0,0.0,0.0,0.0,0.0,0.0
0.6235053730197251,436,0,0,0,0.0,0.0,0.0,0.0,0.0,0.0,0.0,0.0,0,133,0.0,0.0,0.0,0.0,0.0,0.0,0.0,0.0,0.0,0.0,0.0,0.0,0.0
0.6350470209727064,441,0,0,0,0.0,0.0,0.0,0.0,0.0,0.0,0.0,0.0,0,136,0.0,0.0,0.0,0.0,0.0,0.0,0.0,0.0,0.0,0.0,0.0,0.0,0.0
0.6350470209727064,446,0,0,0,0.0,0.0,0.0,0.0,0.0,0.0,0.0,0.0,0,133,0.0,0.0,0.0,0.0,0.0,0.0,0.0,0.0,0.0,0.0,0.0,0.0,0.0
0.6350470209727064,451,0,0,0,0.0,0.0,0.0,0.0,0.0,0.0,0.0,0.0,0,119,0.0,0.0,0.0,0.0,0.0,0.0,0.0,0.0,0.0,0.0,0.0,0.0,0.0
0.6466377569595352,456,0,0,0,0.0,0.0,0.0,0.0,0.0,0.0,0.0,0.0,0,133,0.0,0.0,0.0,0.0,0.0,0.0,0.0,0.0,0.0,0.0,0.0,0.0,0.0
0.6466377569595352,461,0,0,0,0.0,0.0,0.0,0.0,0.0,0.0,0.0,0.0,0,133,0.0,0.0,0.0,0.0,0.0,0.0,0.0,0.0,0.0,0.0,0.0,0.0,0.0
0.6576648479094729,471,0,0,0,0.0,0.0,0.0,0.0,0.0,0.0,0.0,0.0,0,133,0.0,0.0,0.0,0.0,0.0,0.0,0.0,0.0,0.0,0.0,0.0,0.0,0.0
0.6683867579558864,480,0,0,0,0.0,0.0,0.0,0.0,0.0,0.0,0.0,0.0,0,121,0.0,0.0,0.0,0.0,0.0,0.0,0.0,0.0,0.0,0.0,0.0,0.0,0.0
0.6793956459732726,485,0,0,0,0.0,0.0,0.0,0.0,0.0,0.0,0.0,0.0,0,118,0.0,0.0,0.0,0.0,0.0,0.0,0.0,0.0,0.0,0.0,0.0,0.0,0.0
0.6793956459732726,490,0,0,0,0.0,0.0,0.0,0.0,0.0,0.0,0.0,0.0,0,146,0.0,0.0,0.0,0.0,0.0,0.0,0.0,0.0,0.0,0.0,0.0,0.0,0.0
0.6793956459732726,495,0,0,0,0.0,0.0,0.0,0.0,0.0,0.0,0.0,0.0,0,148,0.0,0.0,0.0,0.0,0.0,0.0,0.0,0.0,0.0,0.0,0.0,0.0,0.0
0.69110101996921,501,0,0,0,0.0,0.0,0.0,0.0,0.0,0.0,0.0,0.0,0,133,0.0,0.0,0.0,0.0,0.0,0.0,0.0,0.0,0.0,0.0,0.0,0.0,0.0
0.69110101996921,506,0,0,0,0.0,0.0,0.0,0.0,0.0,0.0,0.0,0.0,0,131,0.0,0.0,0.0,0.0,0.0,0.0,0.0,0.0,0.0,0.0,0.0,0.0,0.0
0.7020329720107839,511,0,0,0,0.0,0.0,0.0,0.0,0.0,0.0,0.0,0.0,0,118,0.0,0.0,0.0,0.0,0.0,0.0,0.0,0.0,0.0,0.0,0.0,0.0,0.0
0.7020329720107839,516,0,0,0,0.0,0.0,0.0,0.0,0.0,0.0,0.0,0.0,0,133,0.0,0.0,0.0,0.0,0.0,0.0,0.0,0.0,0.0,0.0,0.0,0.0,0.0
0.7130165629787371,521,0,0,0,0.0,0.0,0.0,0.0,0.0,0.0,0.0,0.0,0,118,0.0,0.0,0.0,0.0,0.0,0.0,0.0,0.0,0.0,0.0,0.0,0.0,0.0
0.7130165629787371,526,0,0,0,0.0,0.0,0.0,0.0,0.0,0.0,0.0,0.0,0,118,0.0,0.0,0.0,0.0,0.0,0.0,0.0,0.0,0.0,0.0,0.0,0.0,0.0
0.724016604013741,531,0,0,0,0.0,0.0,0.0,0.0,0.0,0.0,0.0,0.0,0,116,0.0,0.0,0.0,0.0,0.0,0.0,0.0,0.0,0.0,0.0,0.0,0.0,0.0
0.724016604013741,536,0,0,0,0.0,0.0,0.0,0.0,0.0,0.0,0.0,0.0,0,133,0.0,0.0,0.0,0.0,0.0,0.0,0.0,0.0,0.0,0.0,0.0,0.0,0.0
0.7356505949283019,541,0,0,0,0.0,0.0,0.0,0.0,0.0,0.0,0.0,0.0,0,131,0.0,0.0,0.0,0.0,0.0,0.0,0.0,0.0,0.0,0.0,0.0,0.0,0.0
0.7356505949283019,546,0,0,0,0.0,0.0,0.0,0.0,0.0,0.0,0.0,0.0,0,133,0.0,0.0,0.0,0.0,0.0,0.0,0.0,0.0,0.0,0.0,0.0,0.0,0.0
0.7356505949283019,551,0,0,0,0.0,0.0,0.0,0.0,0.0,0.0,0.0,0.0,0,133,0.0,0.0,0.0,0.0,0.0,0.0,0.0,0.0,0.0,0.0,0.0,0.0,0.0
0.7478906440082937,556,0,0,0,0.0,0.0,0.0,0.0,0.0,0.0,0.0,0.0,0,135,0.0,0.0,0.0,0.0,0.0,0.0,0.0,0.0,0.0,0.0,0.0,0.0,0.0
0.7478906440082937,561,0,0,0,0.0,0.0,0.0,0.0,0.0,0.0,0.0,0.0,0,147,0.0,0.0,0.0,0.0,0.0,0.0,0.0,0.0,0.0,0.0,0.0,0.0,0.0
0.7589089840184897,566,0,0,0,0.0,0.0,0.0,0.0,0.0,0.0,0.0,0.0,0,131,0.0,0.0,0.0,0.0,0.0,0.0,0.0,0.0,0.0,0.0,0.0,0.0,0.0
0.7694421840133145,575,0,0,0,0.0,0.0,0.0,0.0,0.0,0.0,0.0,0.0,0,130,0.0,0.0,0.0,0.0,0.0,0.0,0.0,0.0,0.0,0.0,0.0,0.0,0.0
0.7694421840133145,580,0,0,0,0.0,0.0,0.0,0.0,0.0,0.0,0.0,0.0,0,133,0.0,0.0,0.0,0.0,0.0,0.0,0.0,0.0,0.0,0.0,0.0,0.0,0.0
0.7812114529078826,585,0,0,0,0.0,0.0,0.0,0.0,0.0,0.0,0.0,0.0,0,150,0.0,0.0,0.0,0.0,0.0,0.0,0.0,0.0,0.0,0.0,0.0,0.0,0.0
0.7812114529078826,591,0,0,0,0.0,0.0,0.0,0.0,0.0,0.0,0.0,0.0,0,116,0.0,0.0,0.0,0.0,0.0,0.0,0.0,0.0,0.0,0.0,0.0,0.0,0.0
0.7925190179375932,601,0,0,0,0.0,0.0,0.0,0.0,0.0,0.0,0.0,0.0,0,131,0.0,0.0,0.0,0.0,0.0,0.0,0.0,0.0,0.0,0.0,0.0,0.0,0.0
0.7925190179375932,606,0,0,0,0.0,0.0,0.0,0.0,0.0,0.0,0.0,0.0,0,148,0.0,0.0,0.0,0.0,0.0,0.0,0.0,0.0,0.0,0.0,0.0,0.0,0.0
0.8034303869353607,611,0,0,0,0.0,0.0,0.0,0.0,0.0,0.0,0.0,0.0,0,148,0.0,0.0,0.0,0.0,0.0,0.0,0.0,0.0,0.0,0.0,0.0,0.0,0.0
0.8034303869353607,616,0,0,0,0.0,0.0,0.0,0.0,0.0,0.0,0.0,0.0,0,135,0.0,0.0,0.0,0.0,0.0,0.0,0.0,0.0,0.0,0.0,0.0,0.0,0.0
0.8142330809496343,621,0,0,0,0.0,0.0,0.0,0.0,0.0,0.0,0.0,0.0,0,148,0.0,0.0,0.0,0.0,0.0,0.0,0.0,0.0,0.0,0.0,0.0,0.0,0.0
0.8142330809496343,626,0,0,0,0.0,0.0,0.0,0.0,0.0,0.0,0.0,0.0,0,133,0.0,0.0,0.0,0.0,0.0,0.0,0.0,0.0,0.0,0.0,0.0,0.0,0.0
0.8260412709787488,631,0,0,0,0.0,0.0,0.0,0.0,0.0,0.0,0.0,0.0,0,133,0.0,0.0,0.0,0.0,0.0,0.0,0.0,0.0,0.0,0.0,0.0,0.0,0.0
0.8260412709787488,636,0,0,0,0.0,0.0,0.0,0.0,0.0,0.0,0.0,0.0,0,131,0.0,0.0,0.0,0.0,0.0,0.0,0.0,0.0,0.0,0.0,0.0,0.0,0.0
0.8260412709787488,641,0,0,0,0.0,0.0,0.0,0.0,0.0,0.0,0.0,0.0,0,131,0.0,0.0,0.0,0.0,0.0,0.0,0.0,0.0,0.0,0.0,0.0,0.0,0.0
0.8371149729937315,646,0,0,0,0.0,0.0,0.0,0.0,0.0,0.0,0.0,0.0,0,133,0.0,0.0,0.0,0.0,0.0,0.0,0.0,0.0,0.0,0.0,0.0,0.0,0.0
0.8371149729937315,651,0,0,0,0.0,0.0,0.0,0.0,0.0,0.0,0.0,0.0,0,148,0.0,0.0,0.0,0.0,0.0,0.0,0.0,0.0,0.0,0.0,0.0,0.0,0.0
0.8485147670144215,656,0,0,0,0.0,0.0,0.0,0.0,0.0,0.0,0.0,0.0,0,135,0.0,0.0,0.0,0.0,0.0,0.0,0.0,0.0,0.0,0.0,0.0,0.0,0.0
0.8485147670144215,661,0,0,0,0.0,0.0,0.0,0.0,0.0,0.0,0.0,0.0,0,135,0.0,0.0,0.0,0.0,0.0,0.0,0.0,0.0,0.0,0.0,0.0,0.0,0.0
0.8593879810068756,670,0,0,0,0.0,0.0,0.0,0.0,0.0,0.0,0.0,0.0,0,133,0.0,0.0,0.0,0.0,0.0,0.0,0.0,0.0,0.0,0.0,0.0,0.0,0.0
0.8709960050182417,675,0,0,0,0.0,0.0,0.0,0.0,0.0,0.0,0.0,0.0,0,148,0.0,0.0,0.0,0.0,0.0,0.0,0.0,0.0,0.0,0.0,0.0,0.0,0.0
0.8709960050182417,681,0,0,0,0.0,0.0,0.0,0.0,0.0,0.0,0.0,0.0,0,148,0.0,0.0,0.0,0.0,0.0,0.0,0.0,0.0,0.0,0.0,0.0,0.0,0.0
0.8709960050182417,686,0,0,0,0.0,0.0,0.0,0.0,0.0,0.0,0.0,0.0,0,133,0.0,0.0,0.0,0.0,0.0,0.0,0.0,0.0,0.0,0.0,0.0,0.0,0.0
0.8820505179464817,691,0,0,0,0.0,0.0,0.0,0.0,0.0,0.0,0.0,0.0,0,133,0.0,0.0,0.0,0.0,0.0,0.0,0.0,0.0,0.0,0.0,0.0,0.0,0.0
0.8820505179464817,696,0,0,0,0.0,0.0,0.0,0.0,0.0,0.0,0.0,0.0,0,133,0.0,0.0,0.0,0.0,0.0,0.0,0.0,0.0,0.0,0.0,0.0,0.0,0.0
0.893061859998852,701,0,0,0,0.0,0.0,0.0,0.0,0.0,0.0,0.0,0.0,0,148,0.0,0.0,0.0,0.0,0.0,0.0,0.0,0.0,0.0,0.0,0.0,0.0,0.0
0.893061859998852,706,0,0,0,0.0,0.0,0.0,0.0,0.0,0.0,0.0,0.0,0,148,0.0,0.0,0.0,0.0,0.0,0.0,0.0,0.0,0.0,0.0,0.0,0.0,0.0
0.9045567669672891,711,0,0,0,0.0,0.0,0.0,0.0,0.0,0.0,0.0,0.0,0,150,0.0,0.0,0.0,0.0,0.0,0.0,0.0,0.0,0.0,0.0,0.0,0.0,0.0
0.9045567669672891,716,0,0,0,0.0,0.0,0.0,0.0,0.0,0.0,0.0,0.0,0,133,0.0,0.0,0.0,0.0,0.0,0.0,0.0,0.0,0.0,0.0,0.0,0.0,0.0
0.9045567669672891,721,0,0,0,0.0,0.0,0.0,0.0,0.0,0.0,0.0,0.0,0,133,0.0,0.0,0.0,0.0,0.0,0.0,0.0,0.0,0.0,0.0,0.0,0.0,0.0
0.9162317499285564,726,0,0,0,0.0,0.0,0.0,0.0,0.0,0.0,0.0,0.0,0,131,0.0,0.0,0.0,0.0,0.0,0.0,0.0,0.0,0.0,0.0,0.0,0.0,0.0
0.9280280289240181,736,0,0,0,0.0,0.0,0.0,0.0,0.0,0.0,0.0,0.0,0,133,0.0,0.0,0.0,0.0,0.0,0.0,0.0,0.0,0.0,0.0,0.0,0.0,0.0
0.9280280289240181,741,0,0,0,0.0,0.0,0.0,0.0,0.0,0.0,0.0,0.0,0,150,0.0,0.0,0.0,0.0,0.0,0.0,0.0,0.0,0.0,0.0,0.0,0.0,0.0
0.9391507050022483,746,0,0,0,0.0,0.0,0.0,0.0,0.0,0.0,0.0,0.0,0,135,0.0,0.0,0.0,0.0,0.0,0.0,0.0,0.0,0.0,0.0,0.0,0.0,0.0
0.9391507050022483,751,0,0,0,0.0,0.0,0.0,0.0,0.0,0.0,0.0,0.0,0,147,0.0,0.0,0.0,0.0,0.0,0.0,0.0,0.0,0.0,0.0,0.0,0.0,0.0
0.9502187299076468,760,0,0,0,0.0,0.0,0.0,0.0,0.0,0.0,0.0,0.0,0,148,0.0,0.0,0.0,0.0,0.0,0.0,0.0,0.0,0.0,0.0,0.0,0.0,0.0
0.9502187299076468,765,0,0,0,0.0,0.0,0.0,0.0,0.0,0.0,0.0,0.0,0,148,0.0,0.0,0.0,0.0,0.0,0.0,0.0,0.0,0.0,0.0,0.0,0.0,0.0
0.9615910300053656,771,0,0,0,0.0,0.0,0.0,0.0,0.0,0.0,0.0,0.0,0,133,0.0,0.0,0.0,0.0,0.0,0.0,0.0,0.0,0.0,0.0,0.0,0.0,0.0
0.9615910300053656,776,0,0,0,0.0,0.0,0.0,0.0,0.0,0.0,0.0,0.0,0,131,0.0,0.0,0.0,0.0,0.0,0.0,0.0,0.0,0.0,0.0,0.0,0.0,0.0
0.9721579939359799,781,0,0,0,0.0,0.0,0.0,0.0,0.0,0.0,0.0,0.0,0,147,0.0,0.0,0.0,0.0,0.0,0.0,0.0,0.0,0.0,0.0,0.0,0.0,0.0
0.9721579939359799,786,0,0,0,0.0,0.0,0.0,0.0,0.0,0.0,0.0,0.0,0,135,0.0,0.0,0.0,0.0,0.0,0.0,0.0,0.0,0.0,0.0,0.0,0.0,0.0
0.9835558029590175,791,0,0,0,0.0,0.0,0.0,0.0,0.0,0.0,0.0,0.0,0,148,0.0,0.0,0.0,0.0,0.0,0.0,0.0,0.0,0.0,0.0,0.0,0.0,0.0
0.9835558029590175,796,0,0,0,0.0,0.0,0.0,0.0,0.0,0.0,0.0,0.0,0,148,0.0,0.0,0.0,0.0,0.0,0.0,0.0,0.0,0.0,0.0,0.0,0.0,0.0
0.9942164119565859,801,0,0,0,0.0,0.0,0.0,0.0,0.0,0.0,0.0,0.0,0,148,0.0,0.0,0.0,0.0,0.0,0.0,0.0,0.0,0.0,0.0,0.0,0.0,0.0
0.9942164119565859,806,0,0,0,0.0,0.0,0.0,0.0,0.0,0.0,0.0,0.0,0,133,0.0,0.0,0.0,0.0,0.0,0.0,0.0,0.0,0.0,0.0,0.0,0.0,0.0
1.0059979519573972,811,0,0,0,0.0,0.0,0.0,0.0,0.0,0.0,0.0,0.0,0,133,0.0,0.0,0.0,0.0,0.0,0.0,0.0,0.0,0.0,0.0,0.0,0.0,0.0
1.0059979519573972,816,0,0,0,0.0,0.0,0.0,0.0,0.0,0.0,0.0,0.0,0,148,0.0,0.0,0.0,0.0,0.0,0.0,0.0,0.0,0.0,0.0,0.0,0.0,0.0
1.0059979519573972,821,0,0,0,0.0,0.0,0.0,0.0,0.0,0.0,0.0,0.0,0,148,0.0,0.0,0.0,0.0,0.0,0.0,0.0,0.0,0.0,0.0,0.0,0.0,0.0
1.0170794519362971,826,0,0,0,0.0,0.0,0.0,0.0,0.0,0.0,0.0,0.0,0,131,0.0,0.0,0.0,0.0,0.0,0.0,0.0,0.0,0.0,0.0,0.0,0.0,0.0
1.0170794519362971,831,0,0,0,0.0,0.0,0.0,0.0,0.0,0.0,0.0,0.0,0,134,0.0,0.0,0.0,0.0,0.0,0.0,0.0,0.0,0.0,0.0,0.0,0.0,0.0
1.0283721620216966,836,0,0,0,0.0,0.0,0.0,0.0,0.0,0.0,0.0,0.0,0,115,0.0,0.0,0.0,0.0,0.0,0.0,0.0,0.0,0.0,0.0,0.0,0.0,0.0
1.0283721620216966,841,0,0,0,0.0,0.0,0.0,0.0,0.0,0.0,0.0,0.0,0,148,0.0,0.0,0.0,0.0,0.0,0.0,0.0,0.0,0.0,0.0,0.0,0.0,0.0
1.0390621239785105,850,0,0,0,0.0,0.0,0.0,0.0,0.0,0.0,0.0,0.0,0,131,0.0,0.0,0.0,0.0,0.0,0.0,0.0,0.0,0.0,0.0,0.0,0.0,0.0
1.050789695000276,855,0,0,0,0.0,0.0,0.0,0.0,0.0,0.0,0.0,0.0,0,118,0.0,0.0,0.0,0.0,0.0,0.0,0.0,0.0,0.0,0.0,0.0,0.0,0.0
1.050789695000276,861,0,0,0,0.0,0.0,0.0,0.0,0.0,0.0,0.0,0.0,0,134,0.0,0.0,0.0,0.0,0.0,0.0,0.0,0.0,0.0,0.0,0.0,0.0,0.0
1.050789695000276,866,0,0,0,0.0,0.0,0.0,0.0,0.0,0.0,0.0,0.0,0,133,0.0,0.0,0.0,0.0,0.0,0.0,0.0,0.0,0.0,0.0,0.0,0.0,0.0
1.0619003559695557,871,0,0,0,0.0,0.0,0.0,0.0,0.0,0.0,0.0,0.0,0,147,0.0,0.0,0.0,0.0,0.0,0.0,0.0,0.0,0.0,0.0,0.0,0.0,0.0
1.0619003559695557,876,0,0,0,0.0,0.0,0.0,0.0,0.0,0.0,0.0,0.0,0,131,0.0,0.0,0.0,0.0,0.0,0.0,0.0,0.0,0.0,0.0,0.0,0.0,0.0
1.0738166070077568,881,0,0,0,0.0,0.0,0.0,0.0,0.0,0.0,0.0,0.0,0,130,0.0,0.0,0.0,0.0,0.0,0.0,0.0,0.0,0.0,0.0,0.0,0.0,0.0
1.0738166070077568,886,0,0,0,0.0,0.0,0.0,0.0,0.0,0.0,0.0,0.0,0,131,0.0,0.0,0.0,0.0,0.0,0.0,0.0,0.0,0.0,0.0,0.0,0.0,0.0
1.0861252489266917,891,0,0,0,0.0,0.0,0.0,0.0,0.0,0.0,0.0,0.0,0,119,0.0,0.0,0.0,0.0,0.0,0.0,0.0,0.0,0.0,0.0,0.0,0.0,0.0
1.0861252489266917,896,0,0,0,0.0,0.0,0.0,0.0,0.0,0.0,0.0,0.0,0,133,0.0,0.0,0.0,0.0,0.0,0.0,0.0,0.0,0.0,0.0,0.0,0.0,0.0
1.0861252489266917,901,0,0,0,0.0,0.0,0.0,0.0,0.0,0.0,0.0,0.0,0,148,0.0,0.0,0.0,0.0,0.0,0.0,0.0,0.0,0.0,0.0,0.0,0.0,0.0
1.0971875779796392,906,0,0,0,0.0,0.0,0.0,0.0,0.0,0.0,0.0,0.0,0,148,0.0,0.0,0.0,0.0,0.0,0.0,0.0,0.0,0.0,0.0,0.0,0.0,0.0
1.0971875779796392,911,0,0,0,0.0,0.0,0.0,0.0,0.0,0.0,0.0,0.0,0,133,0.0,0.0,0.0,0.0,0.0,0.0,0.0,0.0,0.0,0.0,0.0,0.0,0.0
1.1085639639059082,916,0,0,0,0.0,0.0,0.0,0.0,0.0,0.0,0.0,0.0,0,133,0.0,0.0,0.0,0.0,0.0,0.0,0.0,0.0,0.0,0.0,0.0,0.0,0.0
1.1085639639059082,921,0,0,0,0.0,0.0,0.0,0.0,0.0,0.0,0.0,0.0,0,148,0.0,0.0,0.0,0.0,0.0,0.0,0.0,0.0,0.0,0.0,0.0,0.0,0.0
1.12027437298093,926,0,0,0,0.0,0.0,0.0,0.0,0.0,0.0,0.0,0.0,0,148,0.0,0.0,0.0,0.0,0.0,0.0,0.0,0.0,0.0,0.0,0.0,0.0,0.0
1.12027437298093,931,0,0,0,0.0,0.0,0.0,0.0,0.0,0.0,0.0,0.0,0,150,0.0,0.0,0.0,0.0,0.0,0.0,0.0,0.0,0.0,0.0,0.0,0.0,0.0
1.1314820799743757,940,0,0,0,0.0,0.0,0.0,0.0,0.0,0.0,0.0,0.0,0,131,0.0,0.0,0.0,0.0,0.0,0.0,0.0,0.0,0.0,0.0,0.0,0.0,0.0
1.1314820799743757,945,0,0,0,0.0,0.0,0.0,0.0,0.0,0.0,0.0,0.0,0,133,0.0,0.0,0.0,0.0,0.0,0.0,0.0,0.0,0.0,0.0,0.0,0.0,0.0
1.1431909549282864,951,0,0,0,0.0,0.0,0.0,0.0,0.0,0.0,0.0,0.0,0,133,0.0,0.0,0.0,0.0,0.0,0.0,0.0,0.0,0.0,0.0,0.0,0.0,0.0
1.1431909549282864,956,0,0,0,0.0,0.0,0.0,0.0,0.0,0.0,0.0,0.0,0,133,0.0,0.0,0.0,0.0,0.0,0.0,0.0,0.0,0.0,0.0,0.0,0.0,0.0
1.1540239709429443,961,0,0,0,0.0,0.0,0.0,0.0,0.0,0.0,0.0,0.0,0,149,0.0,0.0,0.0,0.0,0.0,0.0,0.0,0.0,0.0,0.0,0.0,0.0,0.0
1.1540239709429443,966,0,0,0,0.0,0.0,0.0,0.0,0.0,0.0,0.0,0.0,0,148,0.0,0.0,0.0,0.0,0.0,0.0,0.0,0.0,0.0,0.0,0.0,0.0,0.0
1.16504285892006,971,0,0,0,0.0,0.0,0.0,0.0,0.0,0.0,0.0,0.0,0,148,0.0,0.0,0.0,0.0,0.0,0.0,0.0,0.0,0.0,0.0,0.0,0.0,0.0
1.16504285892006,976,0,0,0,0.0,0.0,0.0,0.0,0.0,0.0,0.0,0.0,0,148,0.0,0.0,0.0,0.0,0.0,0.0,0.0,0.0,0.0,0.0,0.0,0.0,0.0
1.16504285892006,981,0,0,0,0.0,0.0,0.0,0.0,0.0,0.0,0.0,0.0,0,147,0.0,0.0,0.0,0.0,0.0,0.0,0.0,0.0,0.0,0.0,0.0,0.0,0.0
1.176323410938494,986,0,0,0,0.0,0.0,0.0,0.0,0.0,0.0,0.0,0.0,0,116,0.0,0.0,0.0,0.0,0.0,0.0,0.0,0.0,0.0,0.0,0.0,0.0,0.0
1.176323410938494,991,0,0,0,0.0,0.0,0.0,0.0,0.0,0.0,0.0,0.0,0,147,0.0,0.0,0.0,0.0,0.0,0.0,0.0,0.0,0.0,0.0,0.0,0.0,0.0
1.1871233349666,996,0,0,0,0.0,0.0,0.0,0.0,0.0,0.0,0.0,0.0,0,133,0.0,0.0,0.0,0.0,0.0,0.0,0.0,0.0,0.0,0.0,0.0,0.0,0.0
1.1871233349666,1001,0,0,0,0.0,0.0,0.0,0.0,0.0,0.0,0.0,0.0,0,147,0.0,0.0,0.0,0.0,0.0,0.0,0.0,0.0,0.0,0.0,0.0,0.0,0.0
1.1984832210000604,1006,0,0,0,0.0,0.0,0.0,0.0,0.0,0.0,0.0,0.0,0,148,0.0,0.0,0.0,0.0,0.0,0.0,0.0,0.0,0.0,0.0,0.0,0.0,0.0
1.1984832210000604,1011,0,0,0,0.0,0.0,0.0,0.0,0.0,0.0,0.0,0.0,0,149,0.0,0.0,0.0,0.0,0.0,0.0,0.0,0.0,0.0,0.0,0.0,0.0,0.0
1.2091758779715747,1016,0,0,0,0.0,0.0,0.0,0.0,0.0,0.0,0.0,0.0,0,147,0.0,0.0,0.0,0.0,0.0,0.0,0.0,0.0,0.0,0.0,0.0,0.0,0.0
1.2091758779715747,1021,0,0,0,0.0,0.0,0.0,0.0,0.0,0.0,0.0,0.0,0,133,0.0,0.0,0.0,0.0,0.0,0.0,0.0,0.0,0.0,0.0,0.0,0.0,0.0
1.220563150011003,1030,0,0,0,0.0,0.0,0.0,0.0,0.0,0.0,0.0,0.0,0,148,0.0,0.0,0.0,0.0,0.0,0.0,0.0,0.0,0.0,0.0,0.0,0.0,0.0
1.220563150011003,1035,0,0,0,0.0,0.0,0.0,0.0,0.0,0.0,0.0,0.0,0,131,0.0,0.0,0.0,0.0,0.0,0.0,0.0,0.0,0.0,0.0,0.0,0.0,0.0
1.232052010949701,1040,0,0,0,0.0,0.0,0.0,0.0,0.0,0.0,0.0,0.0,0,146,0.0,0.0,0.0,0.0,0.0,0.0,0.0,0.0,0.0,0.0,0.0,0.0,0.0
1.232052010949701,1046,0,0,0,0.0,0.0,0.0,0.0,0.0,0.0,0.0,0.0,0,116,0.0,0.0,0.0,0.0,0.0,0.0,0.0,0.0,0.0,0.0,0.0,0.0,0.0
1.2434051729505882,1051,0,0,0,0.0,0.0,0.0,0.0,0.0,0.0,0.0,0.0,0,133,0.0,0.0,0.0,0.0,0.0,0.0,0.0,0.0,0.0,0.0,0.0,0.0,0.0
1.2434051729505882,1056,0,0,0,0.0,0.0,0.0,0.0,0.0,0.0,0.0,0.0,0,117,0.0,0.0,0.0,0.0,0.0,0.0,0.0,0.0,0.0,0.0,0.0,0.0,0.0
1.2548186460044235,1061,0,0,0,0.0,0.0,0.0,0.0,0.0,0.0,0.0,0.0,0,133,0.0,0.0,0.0,0.0,0.0,0.0,0.0,0.0,0.0,0.0,0.0,0.0,0.0
1.2548186460044235,1066,0,0,0,0.0,0.0,0.0,0.0,0.0,0.0,0.0,0.0,0,133,0.0,0.0,0.0,0.0,0.0,0.0,0.0,0.0,0.0,0.0,0.0,0.0,0.0
1.2548186460044235,1071,0,0,0,0.0,0.0,0.0,0.0,0.0,0.0,0.0,0.0,0,131,0.0,0.0,0.0,0.0,0.0,0.0,0.0,0.0,0.0,0.0,0.0,0.0,0.0
1.2661564010195434,1076,0,0,0,0.0,0.0,0.0,0.0,0.0,0.0,0.0,0.0,0,131,0.0,0.0,0.0,0.0,0.0,0.0,0.0,0.0,0.0,0.0,0.0,0.0,0.0
1.2661564010195434,1081,0,0,0,0.0,0.0,0.0,0.0,0.0,0.0,0.0,0.0,0,133,0.0,0.0,0.0,0.0,0.0,0.0,0.0,0.0,0.0,0.0,0.0,0.0,0.0
1.2772086709737778,1086,0,0,0,0.0,0.0,0.0,0.0,0.0,0.0,0.0,0.0,0,131,0.0,0.0,0.0,0.0,0.0,0.0,0.0,0.0,0.0,0.0,0.0,0.0,0.0
1.2772086709737778,1091,0,0,0,0.0,0.0,0.0,0.0,0.0,0.0,0.0,0.0,0,148,0.0,0.0,0.0,0.0,0.0,0.0,0.0,0.0,0.0,0.0,0.0,0.0,0.0
1.288071977905929,1096,0,0,0,0.0,0.0,0.0,0.0,0.0,0.0,0.0,0.0,0,131,0.0,0.0,0.0,0.0,0.0,0.0,0.0,0.0,0.0,0.0,0.0,0.0,0.0
1.288071977905929,1101,0,0,0,0.0,0.0,0.0,0.0,0.0,0.0,0.0,0.0,0,147,0.0,0.0,0.0,0.0,0.0,0.0,0.0,0.0,0.0,0.0,0.0,0.0,0.0
1.29911409097258,1106,0,0,0,0.0,0.0,0.0,0.0,0.0,0.0,0.0,0.0,0,131,0.0,0.0,0.0,0.0,0.0,0.0,0.0,0.0,0.0,0.0,0.0,0.0,0.0
1.29911409097258,1111,0,0,0,0.0,0.0,0.0,0.0,0.0,0.0,0.0,0.0,0,130,0.0,0.0,0.0,0.0,0.0,0.0,0.0,0.0,0.0,0.0,0.0,0.0,0.0
1.3101143569219857,1120,0,0,0,0.0,0.0,0.0,0.0,0.0,0.0,0.0,0.0,0,133,0.0,0.0,0.0,0.0,0.0,0.0,0.0,0.0,0.0,0.0,0.0,0.0,0.0
1.3101143569219857,1125,0,0,0,0.0,0.0,0.0,0.0,0.0,0.0,0.0,0.0,0,116,0.0,0.0,0.0,0.0,0.0,0.0,0.0,0.0,0.0,0.0,0.0,0.0,0.0
1.32111262192484,1130,0,0,0,0.0,0.0,0.0,0.0,0.0,0.0,0.0,0.0,0,131,0.0,0.0,0.0,0.0,0.0,0.0,0.0,0.0,0.0,0.0,0.0,0.0,0.0
1.32111262192484,1136,0,0,0,0.0,0.0,0.0,0.0,0.0,0.0,0.0,0.0,0,117,0.0,0.0,0.0,0.0,0.0,0.0,0.0,0.0,0.0,0.0,0.0,0.0,0.0
1.3322504289681092,1141,0,0,0,0.0,0.0,0.0,0.0,0.0,0.0,0.0,0.0,0,117,0.0,0.0,0.0,0.0,0.0,0.0,0.0,0.0,0.0,0.0,0.0,0.0,0.0
1.3322504289681092,1146,0,0,0,0.0,0.0,0.0,0.0,0.0,0.0,0.0,0.0,0,116,0.0,0.0,0.0,0.0,0.0,0.0,0.0,0.0,0.0,0.0,0.0,0.0,0.0
1.3433087199227884,1151,0,0,0,0.0,0.0,0.0,0.0,0.0,0.0,0.0,0.0,0,131,0.0,0.0,0.0,0.0,0.0,0.0,0.0,0.0,0.0,0.0,0.0,0.0,0.0
1.3545215060003102,1161,0,0,0,0.0,0.0,0.0,0.0,0.0,0.0,0.0,0.0,0,116,0.0,0.0,0.0,0.0,0.0,0.0,0.0,0.0,0.0,0.0,0.0,0.0,0.0
1.3545215060003102,1166,0,0,0,0.0,0.0,0.0,0.0,0.0,0.0,0.0,0.0,0,117,0.0,0.0,0.0,0.0,0.0,0.0,0.0,0.0,0.0,0.0,0.0,0.0,0.0
1.366040788940154,1171,0,0,0,0.0,0.0,0.0,0.0,0.0,0.0,0.0,0.0,0,133,0.0,0.0,0.0,0.0,0.0,0.0,0.0,0.0,0.0,0.0,0.0,0.0,0.0
1.366040788940154,1176,0,0,0,0.0,0.0,0.0,0.0,0.0,0.0,0.0,0.0,0,116,0.0,0.0,0.0,0.0,0.0,0.0,0.0,0.0,0.0,0.0,0.0,0.0,0.0
1.366040788940154,1181,0,0,0,0.0,0.0,0.0,0.0,0.0,0.0,0.0,0.0,0,133,0.0,0.0,0.0,0.0,0.0,0.0,0.0,0.0,0.0,0.0,0.0,0.0,0.0
1.3772307969629765,1186,0,0,0,0.0,0.0,0.0,0.0,0.0,0.0,0.0,0.0,0,148,0.0,0.0,0.0,0.0,0.0,0.0,0.0,0.0,0.0,0.0,0.0,0.0,0.0
1.3772307969629765,1191,0,0,0,0.0,0.0,0.0,0.0,0.0,0.0,0.0,0.0,0,133,0.0,0.0,0.0,0.0,0.0,0.0,0.0,0.0,0.0,0.0,0.0,0.0,0.0
1.3891215149778873,1196,0,0,0,0.0,0.0,0.0,0.0,0.0,0.0,0.0,0.0,0,130,0.0,0.0,0.0,0.0,0.0,0.0,0.0,0.0,0.0,0.0,0.0,0.0,0.0
1.3891215149778873,1201,0,0,0,0.0,0.0,0.0,0.0,0.0,0.0,0.0,0.0,0,131,0.0,0.0,0.0,0.0,0.0,0.0,0.0,0.0,0.0,0.0,0.0,0.0,0.0
1.400101003004238,1206,0,0,0,0.0,0.0,0.0,0.0,0.0,0.0,0.0,0.0,0,133,0.0,0.0,0.0,0.0,0.0,0.0,0.0,0.0,0.0,0.0,0.0,0.0,0.0
1.400101003004238,1215,0,0,0,0.0,0.0,0.0,0.0,0.0,0.0,0.0,0.0,0,131,0.0,0.0,0.0,0.0,0.0,0.0,0.0,0.0,0.0,0.0,0.0,0.0,0.0
1.412080748938024,1220,0,0,0,0.0,0.0,0.0,0.0,0.0,0.0,0.0,0.0,0,133,0.0,0.0,0.0,0.0,0.0,0.0,0.0,0.0,0.0,0.0,0.0,0.0,0.0
1.412080748938024,1226,0,0,0,0.0,0.0,0.0,0.0,0.0,0.0,0.0,0.0,0,147,0.0,0.0,0.0,0.0,0.0,0.0,0.0,0.0,0.0,0.0,0.0,0.0,0.0
1.4231665149563923,1231,0,0,0,0.0,0.0,0.0,0.0,0.0,0.0,0.0,0.0,0,148,0.0,0.0,0.0,0.0,0.0,0.0,0.0,0.0,0.0,0.0,0.0,0.0,0.0
1.4231665149563923,1236,0,0,0,0.0,0.0,0.0,0.0,0.0,0.0,0.0,0.0,0,131,0.0,0.0,0.0,0.0,0.0,0.0,0.0,0.0,0.0,0.0,0.0,0.0,0.0
1.434908789000474,1241,0,0,0,0.0,0.0,0.0,0.0,0.0,0.0,0.0,0.0,0,131,0.0,0.0,0.0,0.0,0.0,0.0,0.0,0.0,0.0,0.0,0.0,0.0,0.0
1.434908789000474,1246,0,0,0,0.0,0.0,0.0,0.0,0.0,0.0,0.0,0.0,0,131,0.0,0.0,0.0,0.0,0.0,0.0,0.0,0.0,0.0,0.0,0.0,0.0,0.0
1.434908789000474,1251,0,0,0,0.0,0.0,0.0,0.0,0.0,0.0,0.0,0.0,0,134,0.0,0.0,0.0,0.0,0.0,0.0,0.0,0.0,0.0,0.0,0.0,0.0,0.0
1.446814844966866,1256,0,0,0,0.0,0.0,0.0,0.0,0.0,0.0,0.0,0.0,0,147,0.0,0.0,0.0,0.0,0.0,0.0,0.0,0.0,0.0,0.0,0.0,0.0,0.0
1.446814844966866,1261,0,0,0,0.0,0.0,0.0,0.0,0.0,0.0,0.0,0.0,0,133,0.0,0.0,0.0,0.0,0.0,0.0,0.0,0.0,0.0,0.0,0.0,0.0,0.0
1.4579032239271328,1266,0,0,0,0.0,0.0,0.0,0.0,0.0,0.0,0.0,0.0,0,133,0.0,0.0,0.0,0.0,0.0,0.0,0.0,0.0,0.0,0.0,0.0,0.0,0.0
1.4579032239271328,1271,0,0,0,0.0,0.0,0.0,0.0,0.0,0.0,0.0,0.0,0,133,0.0,0.0,0.0,0.0,0.0,0.0,0.0,0.0,0.0,0.0,0.0,0.0,0.0
1.4687879559351131,1276,0,0,0,0.0,0.0,0.0,0.0,0.0,0.0,0.0,0.0,0,148,0.0,0.0,0.0,0.0,0.0,0.0,0.0,0.0,0.0,0.0,0.0,0.0,0.0
1.4687879559351131,1281,0,0,0,0.0,0.0,0.0,0.0,0.0,0.0,0.0,0.0,0,133,0.0,0.0,0.0,0.0,0.0,0.0,0.0,0.0,0.0,0.0,0.0,0.0,0.0
1.479740549926646,1286,0,0,0,0.0,0.0,0.0,0.0,0.0,0.0,0.0,0.0,0,131,0.0,0.0,0.0,0.0,0.0,0.0,0.0,0.0,0.0,0.0,0.0,0.0,0.0
1.479740549926646,1291,0,0,0,0.0,0.0,0.0,0.0,0.0,0.0,0.0,0.0,0,163,0.0,0.0,0.0,0.0,0.0,0.0,0.0,0.0,0.0,0.0,0.0,0.0,0.0
1.479740549926646,1296,0,0,0,0.0,0.0,0.0,0.0,0.0,0.0,0.0,0.0,0,133,0.0,0.0,0.0,0.0,0.0,0.0,0.0,0.0,0.0,0.0,0.0,0.0,0.0
1.4915398319717497,1305,0,0,0,0.0,0.0,0.0,0.0,0.0,0.0,0.0,0.0,0,133,0.0,0.0,0.0,0.0,0.0,0.0,0.0,0.0,0.0,0.0,0.0,0.0,0.0
1.5024532550014555,1311,0,0,0,0.0,0.0,0.0,0.0,0.0,0.0,0.0,0.0,0,133,0.0,0.0,0.0,0.0,0.0,0.0,0.0,0.0,0.0,0.0,0.0,0.0,0.0
1.5024532550014555,1316,0,0,0,0.0,0.0,0.0,0.0,0.0,0.0,0.0,0.0,0,148,0.0,0.0,0.0,0.0,0.0,0.0,0.0,0.0,0.0,0.0,0.0,0.0,0.0
1.5136998229427263,1321,0,0,0,0.0,0.0,0.0,0.0,0.0,0.0,0.0,0.0,0,133,0.0,0.0,0.0,0.0,0.0,0.0,0.0,0.0,0.0,0.0,0.0,0.0,0.0
1.5136998229427263,1326,0,0,0,0.0,0.0,0.0,0.0,0.0,0.0,0.0,0.0,0,147,0.0,0.0,0.0,0.0,0.0,0.0,0.0,0.0,0.0,0.0,0.0,0.0,0.0
1.5246466319076717,1331,0,0,0,0.0,0.0,0.0,0.0,0.0,0.0,0.0,0.0,0,134,0.0,0.0,0.0,0.0,0.0,0.0,0.0,0.0,0.0,0.0,0.0,0.0,0.0
1.5246466319076717,1336,0,0,0,0.0,0.0,0.0,0.0,0.0,0.0,0.0,0.0,0,133,0.0,0.0,0.0,0.0,0.0,0.0,0.0,0.0,0.0,0.0,0.0,0.0,0.0
1.5246466319076717,1341,0,0,0,0.0,0.0,0.0,0.0,0.0,0.0,0.0,0.0,0,133,0.0,0.0,0.0,0.0,0.0,0.0,0.0,0.0,0.0,0.0,0.0,0.0,0.0
1.5362553369486704,1346,0,0,0,0.0,0.0,0.0,0.0,0.0,0.0,0.0,0.0,0,147,0.0,0.0,0.0,0.0,0.0,0.0,0.0,0.0,0.0,0.0,0.0,0.0,0.0
1.5362553369486704,1351,0,0,0,0.0,0.0,0.0,0.0,0.0,0.0,0.0,0.0,0,134,0.0,0.0,0.0,0.0,0.0,0.0,0.0,0.0,0.0,0.0,0.0,0.0,0.0
1.5481278909137473,1356,0,0,0,0.0,0.0,0.0,0.0,0.0,0.0,0.0,0.0,0,133,0.0,0.0,0.0,0.0,0.0,0.0,0.0,0.0,0.0,0.0,0.0,0.0,0.0
1.5481278909137473,1361,0,0,0,0.0,0.0,0.0,0.0,0.0,0.0,0.0,0.0,0,133,0.0,0.0,0.0,0.0,0.0,0.0,0.0,0.0,0.0,0.0,0.0,0.0,0.0
1.5590232339454815,1366,0,0,0,0.0,0.0,0.0,0.0,0.0,0.0,0.0,0.0,0,134,0.0,0.0,0.0,0.0,0.0,0.0,0.0,0.0,0.0,0.0,0.0,0.0,0.0
1.5590232339454815,1371,0,0,0,0.0,0.0,0.0,0.0,0.0,0.0,0.0,0.0,0,148,0.0,0.0,0.0,0.0,0.0,0.0,0.0,0.0,0.0,0.0,0.0,0.0,0.0
1.5700422959635034,1376,0,0,0,0.0,0.0,0.0,0.0,0.0,0.0,0.0,0.0,0,133,0.0,0.0,0.0,0.0,0.0,0.0,0.0,0.0,0.0,0.0,0.0,0.0,0.0
1.5700422959635034,1381,0,0,0,0.0,0.0,0.0,0.0,0.0,0.0,0.0,0.0,0,148,0.0,0.0,0.0,0.0,0.0,0.0,0.0,0.0,0.0,0.0,0.0,0.0,0.0
1.5700422959635034,1386,0,0,0,0.0,0.0,0.0,0.0,0.0,0.0,0.0,0.0,0,131,0.0,0.0,0.0,0.0,0.0,0.0,0.0,0.0,0.0,0.0,0.0,0.0,0.0
1.5816392080159858,1395,0,0,0,0.0,0.0,0.0,0.0,0.0,0.0,0.0,0.0,0,117,0.0,0.0,0.0,0.0,0.0,0.0,0.0,0.0,0.0,0.0,0.0,0.0,0.0
1.5923781580058858,1400,0,0,0,0.0,0.0,0.0,0.0,0.0,0.0,0.0,0.0,0,133,0.0,0.0,0.0,0.0,0.0,0.0,0.0,0.0,0.0,0.0,0.0,0.0,0.0
1.5923781580058858,1405,0,0,0,0.0,0.0,0.0,0.0,0.0,0.0,0.0,0.0,0,133,0.0,0.0,0.0,0.0,0.0,0.0,0.0,0.0,0.0,0.0,0.0,0.0,0.0
1.6034477929351851,1411,0,0,0,0.0,0.0,0.0,0.0,0.0,0.0,0.0,0.0,0,133,0.0,0.0,0.0,0.0,0.0,0.0,0.0,0.0,0.0,0.0,0.0,0.0,0.0
1.6034477929351851,1416,0,0,0,0.0,0.0,0.0,0.0,0.0,0.0,0.0,0.0,0,148,0.0,0.0,0.0,0.0,0.0,0.0,0.0,0.0,0.0,0.0,0.0,0.0,0.0
1.6144098369404674,1421,0,0,0,0.0,0.0,0.0,0.0,0.0,0.0,0.0,0.0,0,131,0.0,0.0,0.0,0.0,0.0,0.0,0.0,0.0,0.0,0.0,0.0,0.0,0.0
1.6144098369404674,1426,0,0,0,0.0,0.0,0.0,0.0,0.0,0.0,0.0,0.0,0,134,0.0,0.0,0.0,0.0,0.0,0.0,0.0,0.0,0.0,0.0,0.0,0.0,0.0
1.6258586639305577,1431,0,0,0,0.0,0.0,0.0,0.0,0.0,0.0,0.0,0.0,0,147,0.0,0.0,0.0,0.0,0.0,0.0,0.0,0.0,0.0,0.0,0.0,0.0,0.0
1.6258586639305577,1436,0,0,0,0.0,0.0,0.0,0.0,0.0,0.0,0.0,0.0,0,148,0.0,0.0,0.0,0.0,0.0,0.0,0.0,0.0,0.0,0.0,0.0,0.0,0.0
1.6258586639305577,1441,0,0,0,0.0,0.0,0.0,0.0,0.0,0.0,0.0,0.0,0,148,0.0,0.0,0.0,0.0,0.0,0.0,0.0,0.0,0.0,0.0,0.0,0.0,0.0
1.636878642020747,1451,0,8,1,0.0,3.6e-05,-0.001011,0.004455,-15.338,-52.0,110.35,-97.486,-207,52,0.0,-0.001,0.0,0.0,-0.001,-15.308,-0.03,0.0,-15.338,29.328,81.021,0.0,110.35
1.6478259179275483,1456,0,8,1,0.0,9.5e-05,-0.00266,0.007261,-27.832,26.0,27.081,-97.552,-124,-26,0.0,-0.002,0.0,0.0,-0.002,-27.78,-0.052,0.0,-27.832,-43.066,70.147,0.0,27.081
1.6478259179275483,1461,0,8,1,0.0,0.000109,-0.003063,-0.003033,-0.134,-35.0,108.614,-97.568,-206,-12,0.0,-0.003,0.0,0.0,-0.003,-0.082,-0.052,0.0,-0.134,27.892,80.722,0.0,108.614
1.6587674809852615,1466,0,8,1,0.0,6.7e-05,-0.001896,-0.005844,11.009,-2.0,91.805,-97.521,-189,2,0.0,-0.001,0.0,0.0,-0.001,11.054,-0.044,0.0,11.009,10.407,81.397,0.0,91.805
1.6587674809852615,1471,0,8,1,0.0,0.000134,-0.003752,0.002796,-18.396,-20.0,77.746,-97.595,-175,20,0.0,-0.003,0.0,0.0,-0.003,-18.338,-0.058,0.0,-18.396,1.282,76.463,0.0,77.746
1.6696834330214188,1476,0,8,1,0.0,0.000181,-0.005076,0.001207,-17.665,-2.0,60.04,-97.648,-157,2,0.0,-0.005,0.0,0.0,-0.005,-17.593,-0.071,0.0,-17.665,-12.532,72.572,0.0,60.04
1.6696834330214188,1485,0,8,1,0.0,0.000253,-0.007091,0.011706,-52.77,-52.0,50.176,-97.728,-147,52,0.0,-0.007,0.0,0.0,-0.007,-52.633,-0.136,0.0,-52.77,-0.616,50.792,0.0,50.176
1.6811535019660369,1490,0,8,1,0.0,0.000337,-0.009457,0.011939,-60.093,-37.0,25.277,-97.823,-123,37,0.0,-0.009,0.0,0.0,-0.009,-59.911,-0.181,0.0,-60.093,-18.474,43.752,0.0,25.277
1.6811535019660369,1496,0,8,1,0.0,0.000322,-0.009032,0.00205,-31.236,-34.0,47.953,-97.806,-145,34,0.0,-0.009,0.0,0.0,-0.009,-31.032,-0.204,0.0,-31.236,2.21,45.743,0.0,47.953
1.692204826977104,1501,0,8,1,0.0,0.000381,-0.010678,-0.001634,-25.546,-35.0,57.909,-97.871,-155,5,0.0,-0.01,0.0,0.0,-0.01,-25.322,-0.223,0.0,-25.546,7.562,50.346,0.0,57.909
1.692204826977104,1506,0,8,1,0.0,0.000366,-0.010274,-0.004991,-15.027,-21.0,51.705,-97.855,-149,21,0.0,-0.01,0.0,0.0,-0.01,-14.793,-0.234,0.0,-15.027,4.777,46.927,0.0,51.705
1.7030603640014306,1511,0,8,1,0.0,0.000295,-0.008281,-0.009077,1.997,-35.0,90.824,-97.776,-188,35,0.0,-0.008,0.0,0.0,-0.008,2.23,-0.233,0.0,1.997,29.597,61.226,0.0,90.824
1.7030603640014306,1516,0,8,1,0.0,0.000333,-0.00934,-0.006401,-8.466,12.0,43.128,-97.818,-140,-12,0.0,-0.009,0.0,0.0,-0.009,-8.227,-0.239,0.0,-8.466,-16.373,59.501,0.0,43.128
1.7141027019824833,1521,0,8,1,0.0,0.000357,-0.01001,-0.000619,-26.553,-37.0,67.577,-97.845,-165,20,0.0,-0.01,0.0,0.0,-0.01,-26.294,-0.258,0.0,-26.553,8.357,59.22,0.0,67.577
1.7141027019824833,1526,0,8,1,0.0,0.00034,-0.009521,0.004706,-40.127,-37.0,48.361,-97.825,-146,37,0.0,-0.009,0.0,0.0,-0.009,-39.838,-0.288,0.0,-40.127,-2.502,50.864,0.0,48.361
1.7257518449332565,1531,0,8,1,0.0,0.000265,-0.007435,-0.004668,-8.042,-3.0,53.864,-97.742,-151,3,0.0,-0.007,0.0,0.0,-0.007,-7.748,-0.294,0.0,-8.042,-4.034,57.898,0.0,53.864
1.7257518449332565,1536,0,8,1,0.0,0.000233,-0.006543,-0.015127,23.757,10.0,78.379,-97.706,-176,-10,0.0,-0.006,0.0,0.0,-0.006,24.033,-0.276,0.0,23.757,11.005,67.373,0.0,78.379
1.7257518449332565,1541,0,8,1,0.0,0.000183,-0.005138,-0.014778,26.736,-3.0,104.564,-97.65,-202,-26,0.0,-0.005,0.0,0.0,-0.005,26.992,-0.256,0.0,26.736,23.788,80.775,0.0,104.564
1.7367737349122763,1546,0,8,1,0.0,0.000163,-0.00457,-0.003471,-3.335,-35.0,98.692,-97.628,-196,35,0.0,-0.004,0.0,0.0,-0.004,-3.076,-0.258,0.0,-3.335,25.331,73.361,0.0,98.692
1.7478628379758447,1556,0,8,1,0.0,0.000177,-0.004965,0.009893,-41.914,-37.0,55.248,-97.644,-152,37,0.0,-0.004,0.0,0.0,-0.004,-41.603,-0.311,0.0,-41.914,-3.931,59.18,0.0,55.248
1.7478628379758447,1561,0,8,1,0.0,0.00017,-0.004773,-0.002227,-7.444,-19.0,76.566,-97.636,-174,2,0.0,-0.004,0.0,0.0,-0.004,-7.128,-0.316,0.0,-7.444,9.244,67.322,0.0,76.566
1.7588518569245934,1566,0,8,1,0.0,0.000121,-0.003411,-0.008347,13.514,-19.0,102.504,-97.582,-200,19,0.0,-0.003,0.0,0.0,-0.003,13.82,-0.306,0.0,13.514,26.011,76.492,0.0,102.504
1.7695702069904655,1575,0,8,1,0.0,0.000107,-0.002998,-0.001206,-5.341,-3.0,69.438,-97.565,-167,3,0.0,-0.002,0.0,0.0,-0.002,-5.015,-0.325,0.0,-5.341,-1.872,71.311,0.0,69.438
1.7695702069904655,1580,0,8,1,0.0,0.000105,-0.002959,0.006705,-27.407,-20.0,60.097,-97.564,-157,34,0.0,-0.002,0.0,0.0,-0.002,-27.061,-0.345,0.0,-27.407,-5.926,66.023,0.0,60.097
1.7812446549069136,1586,0,8,1,0.0,3.9e-05,-0.001096,0.009311,-29.511,-19.0,58.34,-97.489,-155,19,0.0,-0.001,0.0,0.0,-0.001,-29.143,-0.367,0.0,-29.511,-8.408,66.749,0.0,58.34
1.7812446549069136,1591,0,8,1,0.0,-4e-05,0.001122,0.000658,0.93,-3.0,76.618,-97.401,-174,3,0.0,0.001,0.0,0.0,0.001,1.297,-0.366,0.0,0.93,3.144,73.474,0.0,76.618
1.7812446549069136,1596,0,8,1,0.0,-2.5e-05,0.000721,-0.011908,35.025,11.0,107.236,-97.417,-204,-11,0.0,0.0,0.0,0.0,0.0,35.365,-0.34,0.0,35.025,19.22,88.015,0.0,107.236
1.792547537945211,1601,0,8,1,0.0,-4e-05,0.001129,-0.00821,25.831,12.0,106.103,-97.401,-203,-12,0.0,0.001,0.0,0.0,0.001,26.151,-0.32,0.0,25.831,11.064,95.038,0.0,106.103
1.792547537945211,1606,0,8,1,0.0,3e-06,-8.4e-05,0.007345,-21.14,-18.0,78.961,-97.449,-176,18,0.0,0.0,0.0,0.0,0.0,-20.803,-0.336,0.0,-21.14,-2.512,81.473,0.0,78.961
1.8035066109150648,1611,0,8,1,0.0,-3.5e-05,0.000989,-0.008803,27.105,25.0,96.289,-97.406,-193,-25,0.0,0.0,0.0,0.0,0.0,27.421,-0.315,0.0,27.105,1.684,94.605,0.0,96.289
1.8035066109150648,1616,0,8,1,0.0,-3.4e-05,0.000976,-0.004549,15.167,12.0,96.148,-97.407,-193,-12,0.0,0.0,0.0,0.0,0.0,15.471,-0.304,0.0,15.167,2.534,93.614,0.0,96.148
1.8144066199893132,1621,0,8,1,0.0,1.9e-05,-0.000548,-0.000543,-0.317,11.0,78.788,-97.468,-176,-10,0.0,0.0,0.0,0.0,0.0,-0.013,-0.304,0.0,-0.317,-9.054,87.843,0.0,78.788
1.8144066199893132,1626,0,8,1,0.0,3.1e-05,-0.000884,-0.001645,1.829,-5.0,91.005,-97.481,-188,5,0.0,0.0,0.0,0.0,0.0,2.132,-0.302,0.0,1.829,5.463,85.542,0.0,91.005
1.825841623940505,1631,0,8,1,0.0,3.9e-05,-0.001107,-0.003293,5.822,11.0,83.576,-97.49,-181,-11,0.0,-0.001,0.0,0.0,-0.001,6.12,-0.297,0.0,5.822,-4.141,87.718,0.0,83.576
1.825841623940505,1636,0,8,1,0.0,9.4e-05,-0.002641,0.001989,-13.274,-20.0,90.266,-97.551,-187,20,0.0,-0.002,0.0,0.0,-0.002,-12.966,-0.307,0.0,-13.274,5.38,84.886,0.0,90.266
1.825841623940505,1641,0,8,1,0.0,6.2e-05,-0.001745,-0.000867,-2.768,-2.0,85.911,-97.515,-183,-11,0.0,-0.001,0.0,0.0,-0.001,-2.458,-0.309,0.0,-2.768,-0.614,86.526,0.0,85.911
1.8370206559775397,1646,0,8,1,0.0,3.3e-05,-0.000938,-0.001274,0.632,-5.0,87.375,-97.483,-184,5,0.0,0.0,0.0,0.0,0.0,0.941,-0.308,0.0,0.632,4.505,82.869,0.0,87.375
1.8370206559775397,1651,0,8,1,0.0,-1.6e-05,0.000471,-0.009024,26.299,11.0,107.855,-97.427,-205,-11,0.0,0.0,0.0,0.0,0.0,26.588,-0.288,0.0,26.299,12.239,95.616,0.0,107.855
1.848176863975823,1656,0,8,1,0.0,-2e-06,6e-05,0.00155,-4.466,11.0,75.51,-97.443,-172,-11,0.0,0.0,0.0,0.0,0.0,-4.174,-0.291,0.0,-4.466,-12.372,87.883,0.0,75.51
1.8591494309948757,1665,0,8,1,0.0,-1e-06,4.5e-05,0.005982,-16.945,-20.0,75.449,-97.444,-172,20,0.0,0.0,0.0,0.0,0.0,-16.625,-0.319,0.0,-16.945,2.443,73.006,0.0,75.449
1.8591494309948757,1670,0,8,1,0.0,-0.00012,0.003376,-0.006302,26.799,-2.0,115.838,-97.311,-213,2,0.0,0.003,0.0,0.0,0.003,27.099,-0.299,0.0,26.799,23.039,92.798,0.0,115.838
1.8700167490169406,1676,0,8,1,0.0,-0.000171,0.004795,-0.008695,37.503,29.0,110.057,-97.255,-207,-29,0.0,0.004,0.0,0.0,0.004,37.774,-0.27,0.0,37.503,6.802,103.254,0.0,110.057
1.8700167490169406,1681,0,8,1,0.0,-0.000174,0.004876,-0.000845,15.764,26.0,89.639,-97.251,-186,-11,0.0,0.004,0.0,0.0,0.004,16.022,-0.258,0.0,15.764,-8.188,97.828,0.0,89.639
1.8811542380135506,1686,0,8,1,0.0,-0.00021,0.005883,-0.005555,31.794,12.0,123.955,-97.211,-221,-12,0.0,0.005,0.0,0.0,0.005,32.028,-0.234,0.0,31.794,15.835,108.12,0.0,123.955
1.8811542380135506,1691,0,8,1,0.0,-0.00028,0.007843,-0.008629,45.924,29.0,135.213,-97.133,-232,-29,0.0,0.007,0.0,0.0,0.007,46.124,-0.2,0.0,45.924,13.539,121.674,0.0,135.213
1.8811542380135506,1696,0,8,1,0.0,-0.000175,0.004914,0.001567,9.178,29.0,95.904,-97.25,-193,-29,0.0,0.004,0.0,0.0,0.004,9.371,-0.193,0.0,9.178,-15.857,111.761,0.0,95.904
1.8924870619084686,1701,0,8,1,0.0,-0.000204,0.005733,0.002419,9.092,-2.0,122.695,-97.217,-219,-13,0.0,0.005,0.0,0.0,0.005,9.278,-0.186,0.0,9.092,8.874,113.82,0.0,122.695
1.8924870619084686,1706,0,8,1,0.0,-0.000242,0.00678,-0.001253,22.326,29.0,111.533,-97.175,-208,-29,0.0,0.006,0.0,0.0,0.006,22.496,-0.169,0.0,22.326,-5.338,116.872,0.0,111.533
1.9041935919085518,1711,0,8,1,0.0,-0.000183,0.005129,0.002824,6.289,-2.0,118.961,-97.241,-216,2,0.0,0.005,0.0,0.0,0.005,6.454,-0.164,0.0,6.289,6.631,112.329,0.0,118.961
1.9041935919085518,1716,0,8,1,0.0,-0.000268,0.007519,-0.003851,31.697,43.0,106.63,-97.146,-203,-43,0.0,0.007,0.0,0.0,0.007,31.838,-0.14,0.0,31.697,-9.042,115.672,0.0,106.63
1.915178288007155,1721,0,8,1,0.0,-0.00032,0.008974,0.001138,21.816,13.0,123.758,-97.088,-220,-27,0.0,0.008,0.0,0.0,0.008,21.941,-0.124,0.0,21.816,7.053,116.704,0.0,123.758
1.915178288007155,1726,0,8,1,0.0,-0.000262,0.00736,0.003246,11.405,27.0,96.43,-97.152,-193,-27,0.0,0.007,0.0,0.0,0.007,11.521,-0.115,0.0,11.405,-12.475,108.905,0.0,96.43
1.915178288007155,1731,0,8,1,0.0,-0.000212,0.005944,0.008814,-8.156,-3.0,93.267,-97.209,-190,3,0.0,0.005,0.0,0.0,0.005,-8.034,-0.121,0.0,-8.156,-4.125,97.393,0.0,93.267
1.9269677359843627,1736,0,8,1,0.0,-0.000291,0.008164,-0.004737,36.029,27.0,114.952,-97.12,-212,-27,0.0,0.008,0.0,0.0,0.008,36.125,-0.095,0.0,36.029,7.223,107.728,0.0,114.952
1.9269677359843627,1741,0,8,1,0.0,-0.000337,0.009436,-0.010058,54.533,27.0,143.514,-97.07,-240,-57,0.0,0.009,0.0,0.0,0.009,54.588,-0.054,0.0,54.533,22.026,121.487,0.0,143.514
1.9381848239572719,1746,0,8,1,0.0,-0.000317,0.008886,-0.010335,53.806,12.0,157.072,-97.092,-254,-12,0.0,0.008,0.0,0.0,0.008,53.82,-0.014,0.0,53.806,33.445,123.626,0.0,157.072
1.949399012955837,1755,0,8,1,0.0,-0.000325,0.00911,-0.004481,38.108,26.0,140.604,-97.083,-237,-26,0.0,0.009,0.0,0.0,0.009,38.059,0.049,0.0,38.108,9.686,130.917,0.0,140.604
1.949399012955837,1760,0,8,1,0.0,-0.000355,0.009956,-0.002482,34.902,43.0,121.974,-97.049,-219,-27,0.0,0.009,0.0,0.0,0.009,34.826,0.075,0.0,34.902,-6.478,128.452,0.0,121.974
1.949399012955837,1766,0,8,1,0.0,-0.000357,0.010018,-0.003216,37.16,44.0,126.339,-97.046,-223,-44,0.0,0.01,0.0,0.0,0.01,37.056,0.103,0.0,37.16,-5.471,131.811,0.0,126.339
1.9615263189189136,1771,0,8,1,0.0,-0.000335,0.009396,0.008471,2.696,-1.0,123.201,-97.071,-220,1,0.0,0.009,0.0,0.0,0.009,2.591,0.105,0.0,2.696,2.957,120.244,0.0,123.201
1.9615263189189136,1776,0,8,1,0.0,-0.00025,0.007005,0.004994,5.739,43.0,79.769,-97.167,-176,-43,0.0,0.007,0.0,0.0,0.007,5.629,0.109,0.0,5.739,-29.808,109.578,0.0,79.769
1.9726934640202671,1781,0,8,1,0.0,-0.000225,0.006312,-0.001346,21.572,-3.0,136.428,-97.194,-233,-27,0.0,0.006,0.0,0.0,0.006,21.446,0.125,0.0,21.572,19.657,116.77,0.0,136.428
1.9726934640202671,1786,0,8,1,0.0,-0.000183,0.005146,0.003067,5.949,11.0,103.805,-97.241,-201,-11,0.0,0.005,0.0,0.0,0.005,5.819,0.13,0.0,5.949,-4.04,107.845,0.0,103.805
1.9833648429485038,1791,0,8,1,0.0,-0.000183,0.005145,-3.3e-05,14.641,12.0,111.558,-97.241,-208,-12,0.0,0.005,0.0,0.0,0.005,14.5,0.14,0.0,14.641,2.113,109.445,0.0,111.558
1.9833648429485038,1796,0,8,1,0.0,-0.000184,0.005155,-0.006985,34.16,12.0,138.249,-97.24,-235,-12,0.0,0.005,0.0,0.0,0.005,33.994,0.166,0.0,34.16,17.728,120.52,0.0,138.249
1.9943611070048064,1801,0,8,1,0.0,-0.000173,0.004849,-0.003808,24.426,44.0,98.669,-97.252,-195,-11,0.0,0.004,0.0,0.0,0.004,24.241,0.184,0.0,24.426,-15.659,114.328,0.0,98.669
1.9943611070048064,1806,0,8,1,0.0,-0.000223,0.006265,-0.008227,40.795,43.0,124.252,-97.196,-221,-43,0.0,0.006,0.0,0.0,0.006,40.58,0.215,0.0,40.795,-1.763,126.016,0.0,124.252
2.0060610990040004,1811,0,8,1,0.0,-0.000199,0.005576,-0.003492,25.628,27.0,119.464,-97.223,-216,-27,0.0,0.005,0.0,0.0,0.005,25.394,0.234,0.0,25.628,-1.096,120.561,0.0,119.464
2.0060610990040004,1816,0,8,1,0.0,-0.00024,0.006744,-0.00285,27.122,26.0,121.816,-97.177,-218,-26,0.0,0.006,0.0,0.0,0.006,26.868,0.254,0.0,27.122,0.897,120.919,0.0,121.816
2.0060610990040004,1821,0,8,1,0.0,-0.000246,0.006895,-0.006211,36.981,43.0,114.989,-97.171,-212,-12,0.0,0.006,0.0,0.0,0.006,36.699,0.281,0.0,36.981,-4.814,119.804,0.0,114.989
2.01823125500232,1826,0,8,1,0.0,-0.000266,0.007473,-0.000328,22.143,44.0,104.513,-97.148,-201,-44,0.0,0.007,0.0,0.0,0.007,21.845,0.297,0.0,22.143,-17.485,121.998,0.0,104.513
2.01823125500232,1831,0,8,1,0.0,-0.000276,0.007728,-0.00554,37.479,29.0,128.235,-97.138,-225,-29,0.0,0.007,0.0,0.0,0.007,37.154,0.325,0.0,37.479,6.783,121.451,0.0,128.235
2.029779435019009,1840,0,8,1,0.0,-0.000339,0.009507,-0.012865,63.052,59.0,137.648,-97.067,-234,-61,0.0,0.009,0.0,0.0,0.009,62.646,0.405,0.0,63.052,3.241,134.406,0.0,137.648
2.029779435019009,1845,0,8,1,0.0,-0.000443,0.012408,-0.014729,76.45,43.0,170.647,-96.951,-267,-43,0.0,0.012,0.0,0.0,0.012,75.987,0.462,0.0,76.45,26.76,143.887,0.0,170.647
2.0411663099657744,1850,0,8,1,0.0,-0.000427,0.01196,-0.007232,54.242,44.0,157.496,-96.969,-254,-44,0.0,0.011,0.0,0.0,0.011,53.74,0.502,0.0,54.242,8.194,149.302,0.0,157.496
2.0411663099657744,1855,0,8,1,0.0,-0.000459,0.012853,-0.010176,65.034,76.0,141.499,-96.933,-238,-76,0.0,0.012,0.0,0.0,0.012,64.483,0.551,0.0,65.034,-8.772,150.271,0.0,141.499
2.052259695949033,1861,0,8,1,0.0,-0.000413,0.011587,-0.007605,54.331,44.0,160.676,-96.984,-257,-76,0.0,0.011,0.0,0.0,0.011,53.739,0.591,0.0,54.331,8.265,152.411,0.0,160.676
2.052259695949033,1866,0,8,1,0.0,-0.000484,0.013568,-0.000463,39.911,42.0,136.156,-96.905,-233,-42,0.0,0.013,0.0,0.0,0.013,39.29,0.621,0.0,39.911,-1.67,137.827,0.0,136.156
2.063302661990747,1871,0,8,1,0.0,-0.000479,0.013418,-0.002099,44.102,43.0,139.551,-96.911,-236,-43,0.0,0.013,0.0,0.0,0.013,43.448,0.653,0.0,44.102,0.881,138.669,0.0,139.551
2.063302661990747,1876,0,8,1,0.0,-0.00043,0.012041,0.007691,12.842,26.0,118.517,-96.966,-215,-26,0.0,0.012,0.0,0.0,0.012,12.18,0.662,0.0,12.842,-10.525,129.043,0.0,118.517
2.074905602959916,1881,0,8,1,0.0,-0.000412,0.011554,0.002446,26.181,27.0,128.086,-96.985,-225,-27,0.0,0.011,0.0,0.0,0.011,25.499,0.682,0.0,26.181,-0.654,128.74,0.0,128.086
2.074905602959916,1886,0,8,1,0.0,-0.000485,0.013605,-0.008882,63.696,61.0,145.771,-96.903,-242,-61,0.0,0.013,0.0,0.0,0.013,62.967,0.729,0.0,63.696,2.157,143.613,0.0,145.771
2.0862209589686245,1891,0,8,1,0.0,-0.000512,0.014341,-0.005293,55.749,43.0,155.154,-96.874,-252,-43,0.0,0.014,0.0,0.0,0.014,54.978,0.77,0.0,55.749,10.199,144.955,0.0,155.154
2.0862209589686245,1896,0,8,1,0.0,-0.000505,0.014167,-0.008644,64.691,75.0,137.816,-96.881,-234,-75,0.0,0.014,0.0,0.0,0.014,63.873,0.818,0.0,64.691,-8.246,146.063,0.0,137.816
2.0862209589686245,1901,0,8,1,0.0,-0.000459,0.012864,0.016346,-8.938,44.0,73.817,-96.933,-170,-11,0.0,0.012,0.0,0.0,0.012,-9.749,0.811,0.0,-8.938,-42.35,116.168,0.0,73.817
2.098730286001228,1906,0,8,1,0.0,-0.000474,0.013288,0.004996,24.045,29.0,116.549,-96.916,-213,-29,0.0,0.013,0.0,0.0,0.013,23.217,0.828,0.0,24.045,-3.963,120.512,0.0,116.549
2.098730286001228,1911,0,8,1,0.0,-0.000507,0.014207,-0.004792,54.068,43.0,140.201,-96.88,-237,-43,0.0,0.014,0.0,0.0,0.014,53.2,0.868,0.0,54.068,8.854,131.347,0.0,140.201
2.1100763030117378,1916,0,8,1,0.0,-0.000484,0.01356,0.007899,16.729,27.0,115.017,-96.905,-211,-27,0.0,0.013,0.0,0.0,0.013,15.849,0.879,0.0,16.729,-8.216,123.233,0.0,115.017
2.1100763030117378,1921,0,8,1,0.0,-0.000476,0.013349,0.004167,26.608,27.0,122.72,-96.914,-219,-13,0.0,0.013,0.0,0.0,0.013,25.709,0.899,0.0,26.608,-0.313,123.033,0.0,122.72
2.1100763030117378,1926,0,8,1,0.0,-0.000469,0.013141,0.004441,25.276,27.0,126.597,-96.922,-223,-27,0.0,0.013,0.0,0.0,0.013,24.359,0.917,0.0,25.276,-1.378,127.976,0.0,126.597
2.1217318539274856,1931,0,8,1,0.0,-0.000466,0.013057,0.009621,10.545,29.0,104.617,-96.925,-201,-29,0.0,0.013,0.0,0.0,0.013,9.62,0.924,0.0,10.545,-14.763,119.381,0.0,104.617
2.132895780960098,1940,0,8,1,0.0,-0.000572,0.016025,0.008627,21.697,27.0,120.917,-96.807,-217,-26,0.0,0.016,0.0,0.0,0.016,20.714,0.982,0.0,21.697,-4.241,125.159,0.0,120.917
2.132895780960098,1945,0,8,1,0.0,-0.000612,0.01716,0.010417,19.878,42.0,102.829,-96.762,-199,-42,0.0,0.017,0.0,0.0,0.017,18.881,0.997,0.0,19.878,-17.697,120.526,0.0,102.829
2.1441874109441414,1951,0,8,1,0.0,-0.000612,0.017149,0.01173,16.179,11.0,117.918,-96.762,-214,-11,0.0,0.017,0.0,0.0,0.017,15.171,1.008,0.0,16.179,4.143,113.774,0.0,117.918
2.1441874109441414,1956,0,8,1,0.0,-0.000654,0.018316,0.016677,5.599,27.0,88.82,-96.716,-185,-27,0.0,0.018,0.0,0.0,0.018,4.587,1.011,0.0,5.599,-17.12,105.94,0.0,88.82
2.1551447329111397,1961,0,8,1,0.0,-0.000654,0.018329,0.012678,16.844,11.0,111.794,-96.715,-208,-27,0.0,0.018,0.0,0.0,0.018,15.82,1.023,0.0,16.844,4.675,107.119,0.0,111.794
2.1551447329111397,1966,0,8,1,0.0,-0.000658,0.018431,0.007962,30.359,26.0,112.384,-96.711,-209,-26,0.0,0.018,0.0,0.0,0.018,29.313,1.045,0.0,30.359,3.487,108.896,0.0,112.384
2.1551447329111397,1971,0,8,1,0.0,-0.000652,0.018276,-0.005142,66.669,44.0,143.381,-96.717,-240,-44,0.0,0.018,0.0,0.0,0.018,65.574,1.094,0.0,66.669,18.135,125.246,0.0,143.381
2.16696805995889,1976,0,8,1,0.0,-0.000564,0.015819,0.004534,32.717,12.0,145.901,-96.815,-242,-12,0.0,0.015,0.0,0.0,0.015,31.599,1.118,0.0,32.717,16.574,129.327,0.0,145.901
2.16696805995889,1981,0,8,1,0.0,-0.000562,0.015747,0.001402,41.313,58.0,112.716,-96.818,-209,-29,0.0,0.015,0.0,0.0,0.015,40.164,1.148,0.0,41.313,-13.349,126.065,0.0,112.716
2.177736480953172,1986,0,8,1,0.0,-0.000523,0.014651,-0.004807,55.674,44.0,147.205,-96.862,-244,-44,0.0,0.014,0.0,0.0,0.014,54.484,1.189,0.0,55.674,9.339,137.865,0.0,147.205
2.177736480953172,1991,0,8,1,0.0,-0.000525,0.014717,0.004331,30.291,43.0,121.043,-96.859,-217,-43,0.0,0.014,0.0,0.0,0.014,29.079,1.211,0.0,30.291,-10.166,131.21,0.0,121.043
2.188927740906365,1996,0,8,1,0.0,-0.000555,0.015559,-0.017119,92.781,74.0,161.753,-96.826,-258,-74,0.0,0.015,0.0,0.0,0.015,91.501,1.28,0.0,92.781,15.025,146.728,0.0,161.753
2.188927740906365,2001,0,8,1,0.0,-0.000543,0.015226,-0.005952,60.626,59.0,147.174,-96.839,-244,-59,0.0,0.015,0.0,0.0,0.015,59.301,1.324,0.0,60.626,1.301,145.873,0.0,147.174
2.1996320319594815,2006,0,8,1,0.0,-0.000512,0.014354,-0.005869,57.991,59.0,144.574,-96.874,-241,-59,0.0,0.014,0.0,0.0,0.014,56.626,1.365,0.0,57.991,-0.806,145.381,0.0,144.574
2.1996320319594815,2011,0,8,1,0.0,-0.000522,0.014618,-0.008517,66.192,59.0,154.731,-96.863,-251,-59,0.0,0.014,0.0,0.0,0.014,64.778,1.414,0.0,66.192,5.754,148.977,0.0,154.731
2.211092929006554,2016,0,8,1,0.0,-0.000452,0.012663,-0.000304,37.749,29.0,153.84,-96.941,-250,-29,0.0,0.012,0.0,0.0,0.012,36.308,1.441,0.0,37.749,6.999,146.841,0.0,153.84
2.211092929006554,2021,0,8,1,0.0,-0.000487,0.013661,-0.011309,71.412,61.0,164.507,-96.901,-261,-76,0.0,0.013,0.0,0.0,0.013,69.918,1.493,0.0,71.412,8.329,156.177,0.0,164.507
2.2221659779315814,2030,0,8,1,0.0,-0.000408,0.011439,-0.007055,53.335,61.0,139.238,-96.99,-236,-61,0.0,0.011,0.0,0.0,0.011,51.787,1.548,0.0,53.335,-6.131,145.369,0.0,139.238
2.2221659779315814,2035,0,8,1,0.0,-0.000393,0.011016,-0.006492,50.61,59.0,134.052,-97.007,-231,-59,0.0,0.011,0.0,0.0,0.011,49.025,1.584,0.0,50.61,-6.711,140.763,0.0,134.052
2.233138915966265,2041,0,8,1,0.0,-0.000401,0.01124,-0.003299,42.327,43.0,138.351,-96.998,-235,-44,0.0,0.011,0.0,0.0,0.011,40.711,1.615,0.0,42.327,-0.538,138.889,0.0,138.351
2.233138915966265,2046,0,8,1,0.0,-0.000391,0.010957,-0.017405,81.091,61.0,171.759,-97.009,-268,-61,0.0,0.01,0.0,0.0,0.01,79.416,1.675,0.0,81.091,16.073,155.686,0.0,171.759
2.2441666829399765,2051,0,8,1,0.0,-0.000319,0.008943,0.007047,6.988,29.0,117.533,-97.089,-214,-29,0.0,0.008,0.0,0.0,0.008,5.309,1.679,0.0,6.988,-17.609,135.142,0.0,117.533
2.2441666829399765,2056,0,8,1,0.0,-0.000297,0.008325,0.004951,11.134,43.0,96.224,-97.114,-193,-43,0.0,0.008,0.0,0.0,0.008,9.448,1.686,0.0,11.134,-25.492,121.716,0.0,96.224
2.255989358993247,2061,0,8,1,0.0,-0.000268,0.007523,-0.001984,28.327,27.0,121.697,-97.146,-218,-26,0.0,0.007,0.0,0.0,0.007,26.621,1.706,0.0,28.327,1.062,120.635,0.0,121.697
2.255989358993247,2066,0,8,1,0.0,-0.00032,0.008968,0.001333,23.101,27.0,115.963,-97.088,-213,-27,0.0,0.008,0.0,0.0,0.008,21.379,1.722,0.0,23.101,-3.118,119.081,0.0,115.963
2.255989358993247,2071,0,8,1,0.0,-0.000336,0.009421,-0.015349,71.135,74.0,128.468,-97.07,-225,-74,0.0,0.009,0.0,0.0,0.009,69.361,1.774,0.0,71.135,-2.291,130.759,0.0,128.468
2.266759761958383,2076,0,8,1,0.0,-0.000331,0.009287,-0.00934,53.973,27.0,156.604,-97.076,-253,-27,0.0,0.009,0.0,0.0,0.009,52.16,1.813,0.0,53.973,21.578,135.026,0.0,156.604
2.266759761958383,2081,0,8,1,0.0,-0.000372,0.010433,-0.009592,57.928,59.0,137.163,-97.03,-234,-59,0.0,0.01,0.0,0.0,0.01,56.073,1.855,0.0,57.928,-0.857,138.02,0.0,137.163
2.277959867962636,2086,0,8,1,0.0,-0.000333,0.00935,0.004465,15.544,11.0,125.716,-97.073,-222,-11,0.0,0.009,0.0,0.0,0.009,13.678,1.865,0.0,15.544,3.635,122.081,0.0,125.716
2.289029105915688,2096,0,8,1,0.0,-0.00031,0.008684,0.007829,4.263,-1.0,116.959,-97.1,-214,1,0.0,0.008,0.0,0.0,0.008,2.392,1.871,0.0,4.263,4.21,112.748,0.0,116.959
2.289029105915688,2101,0,8,1,0.0,-0.000281,0.00787,-0.011823,57.056,43.0,136.706,-97.132,-233,-43,0.0,0.007,0.0,0.0,0.007,55.143,1.912,0.0,57.056,11.244,125.461,0.0,136.706
2.3011590429814532,2106,0,8,1,0.0,-0.000359,0.010052,-0.011526,62.38,61.0,134.713,-97.045,-231,-61,0.0,0.01,0.0,0.0,0.01,60.422,1.958,0.0,62.38,1.104,133.609,0.0,134.713
2.3011590429814532,2111,0,8,1,0.0,-0.000459,0.012874,-0.014546,78.794,59.0,158.697,-96.933,-255,-59,0.0,0.012,0.0,0.0,0.012,76.779,2.015,0.0,78.794,15.835,142.861,0.0,158.697
2.312996226013638,2120,0,8,1,0.0,-0.000544,0.015259,-0.004278,56.818,44.0,158.26,-96.838,-255,-44,0.0,0.015,0.0,0.0,0.015,54.708,2.11,0.0,56.818,10.254,148.005,0.0,158.26
2.312996226013638,2125,0,8,1,0.0,-0.000605,0.01695,-0.004055,60.969,61.0,154.789,-96.77,-251,-61,0.0,0.016,0.0,0.0,0.016,58.815,2.154,0.0,60.969,-0.024,154.813,0.0,154.789
2.3241329709999263,2131,0,8,1,0.0,-0.000607,0.016998,-0.000518,51.238,45.0,158.122,-96.768,-254,-45,0.0,0.016,0.0,0.0,0.016,49.046,2.191,0.0,51.238,4.99,153.131,0.0,158.122
2.3241329709999263,2136,0,8,1,0.0,-0.000599,0.016776,0.00047,47.881,59.0,141.179,-96.777,-237,-59,0.0,0.016,0.0,0.0,0.016,45.656,2.225,0.0,47.881,-8.894,150.073,0.0,141.179
2.335175344021991,2141,0,8,1,0.0,-0.000646,0.018108,0.003206,43.983,45.0,147.223,-96.724,-243,-44,0.0,0.018,0.0,0.0,0.018,41.727,2.256,0.0,43.983,-0.812,148.036,0.0,147.223
2.335175344021991,2146,0,8,1,0.0,-0.000698,0.019545,-0.002442,63.868,75.0,145.896,-96.667,-242,-75,0.0,0.019,0.0,0.0,0.019,61.565,2.303,0.0,63.868,-8.904,154.801,0.0,145.896
2.335175344021991,2151,0,8,1,0.0,-0.000695,0.019487,0.006404,38.961,27.0,156.039,-96.669,-252,-27,0.0,0.019,0.0,0.0,0.019,36.631,2.33,0.0,38.961,9.569,146.47,0.0,156.039
2.346991291968152,2156,0,8,1,0.0,-0.000661,0.018513,-0.001352,57.997,59.0,151.431,-96.708,-248,-59,0.0,0.018,0.0,0.0,0.018,55.624,2.372,0.0,57.997,-0.802,152.233,0.0,151.431
2.346991291968152,2161,0,8,1,0.0,-0.000675,0.018925,-0.005697,71.367,44.0,186.142,-96.691,-282,-75,0.0,0.018,0.0,0.0,0.018,68.943,2.423,0.0,71.367,21.894,164.248,0.0,186.142
2.3582170099252835,2166,0,8,1,0.0,-0.000634,0.017775,0.000241,51.556,44.0,161.724,-96.737,-258,-44,0.0,0.017,0.0,0.0,0.017,49.095,2.46,0.0,51.556,6.044,155.679,0.0,161.724
2.3582170099252835,2171,0,8,1,0.0,-0.000704,0.01973,-0.008842,82.526,93.0,156.556,-96.659,-253,-93,0.0,0.019,0.0,0.0,0.019,80.005,2.52,0.0,82.526,-8.379,164.935,0.0,156.556
2.3692232839530334,2176,0,8,1,0.0,-0.000757,0.021198,-0.002535,69.026,59.0,171.226,-96.601,-267,-59,0.0,0.021,0.0,0.0,0.021,66.455,2.57,0.0,69.026,8.021,163.204,0.0,171.226
2.3692232839530334,2181,0,8,1,0.0,-0.000723,0.020244,0.005278,44.508,61.0,141.981,-96.639,-238,-59,0.0,0.02,0.0,0.0,0.02,41.906,2.602,0.0,44.508,-13.192,155.174,0.0,141.981
2.3800043169176206,2186,0,8,1,0.0,-0.000769,0.021545,-0.00128,66.561,59.0,164.995,-96.587,-261,-59,0.0,0.021,0.0,0.0,0.021,63.911,2.649,0.0,66.561,6.049,158.945,0.0,164.995
2.3800043169176206,2191,0,8,1,0.0,-0.000712,0.019958,-0.00509,72.839,76.0,159.953,-96.65,-256,-76,0.0,0.019,0.0,0.0,0.019,70.138,2.7,0.0,72.839,-2.528,162.481,0.0,159.953
2.3800043169176206,2196,0,8,1,0.0,-0.000653,0.018307,0.003017,45.545,74.0,125.05,-96.716,-221,-74,0.0,0.018,0.0,0.0,0.018,42.812,2.732,0.0,45.545,-22.763,147.814,0.0,125.05
2.391635432955809,2201,0,8,1,0.0,-0.000579,0.016216,-0.009237,74.059,44.0,182.999,-96.799,-279,-76,0.0,0.016,0.0,0.0,0.016,71.273,2.786,0.0,74.059,24.047,158.951,0.0,182.999
2.4030300279846415,2210,0,8,1,0.0,-0.000624,0.017483,-0.000787,54.04,59.0,146.448,-96.749,-243,-59,0.0,0.017,0.0,0.0,0.017,51.16,2.879,0.0,54.04,-3.967,150.416,0.0,146.448
2.4030300279846415,2215,0,8,1,0.0,-0.000627,0.017558,-0.002974,60.414,29.0,185.189,-96.746,-281,-29,0.0,0.017,0.0,0.0,0.017,57.492,2.922,0.0,60.414,25.131,160.057,0.0,185.189
2.4141168639762327,2221,0,8,1,0.0,-0.000704,0.019726,-0.001434,62.219,76.0,146.57,-96.66,-243,-61,0.0,0.019,0.0,0.0,0.019,59.251,2.967,0.0,62.219,-11.024,157.594,0.0,146.57
2.4141168639762327,2226,0,8,1,0.0,-0.000653,0.0183,0.009118,28.696,27.0,146.265,-96.716,-242,-27,0.0,0.018,0.0,0.0,0.018,25.71,2.986,0.0,28.696,1.357,144.908,0.0,146.265
2.4253050349652767,2231,0,8,1,0.0,-0.000697,0.019536,-0.000482,59.082,75.0,138.513,-96.667,-235,-75,0.0,0.019,0.0,0.0,0.019,56.054,3.028,0.0,59.082,-12.733,151.247,0.0,138.513
2.4253050349652767,2236,0,8,1,0.0,-0.000707,0.019803,0.007507,37.482,43.0,138.336,-96.657,-234,-43,0.0,0.019,0.0,0.0,0.019,34.428,3.054,0.0,37.482,-4.413,142.75,0.0,138.336
2.4253050349652767,2241,0,8,1,0.0,-0.000732,0.020515,0.004194,48.788,44.0,149.076,-96.628,-245,-44,0.0,0.02,0.0,0.0,0.02,45.699,3.089,0.0,48.788,3.83,145.246,0.0,149.076
2.437063421937637,2246,0,8,1,0.0,-0.000736,0.020628,-0.003531,70.787,76.0,151.192,-96.624,-247,-76,0.0,0.02,0.0,0.0,0.02,67.648,3.139,0.0,70.787,-4.169,155.362,0.0,151.192
2.437063421937637,2251,0,8,1,0.0,-0.000754,0.021128,0.007622,40.984,30.0,156.832,-96.604,-253,-30,0.0,0.021,0.0,0.0,0.021,37.816,3.168,0.0,40.984,8.787,148.044,0.0,156.832
2.448142478009686,2256,0,8,1,0.0,-0.000767,0.021497,0.001013,60.565,61.0,153.547,-96.589,-250,-61,0.0,0.021,0.0,0.0,0.021,57.353,3.211,0.0,60.565,-0.347,153.895,0.0,153.547
2.448142478009686,2261,0,8,1,0.0,-0.000778,0.021797,-0.008829,89.029,59.0,192.699,-96.577,-289,-75,0.0,0.021,0.0,0.0,0.021,85.754,3.275,0.0,89.029,24.023,168.675,0.0,192.699
2.4599680429091677,2266,0,8,1,0.0,-0.000786,0.022027,-0.006194,82.356,76.0,177.312,-96.568,-273,-76,0.0,0.022,0.0,0.0,0.022,79.021,3.334,0.0,82.356,5.084,172.227,0.0,177.312
2.4599680429091677,2271,0,8,1,0.0,-0.000741,0.020772,-0.001303,65.193,61.0,173.24,-96.618,-269,-61,0.0,0.02,0.0,0.0,0.02,61.812,3.381,0.0,65.193,3.354,169.886,0.0,173.24
2.471635676920414,2276,0,8,1,0.0,-0.000787,0.022052,-0.007426,85.985,90.0,170.398,-96.567,-266,-90,0.0,0.022,0.0,0.0,0.022,82.542,3.443,0.0,85.985,-3.211,173.61,0.0,170.398
2.471635676920414,2281,0,8,1,0.0,-0.000768,0.021519,0.005941,47.091,61.0,152.577,-96.588,-249,-61,0.0,0.021,0.0,0.0,0.021,43.616,3.474,0.0,47.091,-11.126,163.704,0.0,152.577
2.471635676920414,2286,0,8,1,0.0,-0.000806,0.022583,-0.007272,87.133,76.0,184.387,-96.546,-280,-76,0.0,0.022,0.0,0.0,0.022,83.596,3.537,0.0,87.133,8.906,175.48,0.0,184.387
2.483080671983771,2291,0,8,1,0.0,-0.000819,0.022938,-0.004857,81.425,90.0,168.757,-96.532,-265,-90,0.0,0.022,0.0,0.0,0.022,77.829,3.595,0.0,81.425,-6.859,175.617,0.0,168.757
2.4937977439258248,2300,0,8,1,0.0,-0.000806,0.022578,-0.000749,68.975,43.0,187.261,-96.546,-283,-76,0.0,0.022,0.0,0.0,0.022,65.317,3.657,0.0,68.975,20.78,166.48,0.0,187.261
2.4937977439258248,2305,0,8,1,0.0,-0.000885,0.024796,-0.006309,90.817,75.0,186.628,-96.458,-283,-75,0.0,0.024,0.0,0.0,0.024,87.094,3.723,0.0,90.817,12.654,173.974,0.0,186.628
2.5049142849165946,2310,0,8,1,0.0,-0.000892,0.024983,-0.000776,75.907,76.0,174.145,-96.45,-270,-76,0.0,0.024,0.0,0.0,0.024,72.13,3.777,0.0,75.907,-0.074,174.219,0.0,174.145
2.5049142849165946,2316,0,8,1,0.0,-0.000921,0.025812,0.001846,70.933,76.0,167.604,-96.417,-264,-76,0.0,0.025,0.0,0.0,0.025,67.106,3.827,0.0,70.933,-4.052,171.656,0.0,167.604
2.5161863069515675,2321,0,8,1,0.0,-0.000912,0.025537,-0.013157,112.255,59.0,239.021,-96.428,-335,-108,0.0,0.025,0.0,0.0,0.025,108.346,3.909,0.0,112.255,42.604,196.417,0.0,239.021
2.5161863069515675,2326,0,8,1,0.0,-0.000852,0.023879,-0.010994,101.628,90.0,204.354,-96.494,-300,-90,0.0,0.023,0.0,0.0,0.023,97.645,3.982,0.0,101.628,9.302,195.051,0.0,204.354
2.5161863069515675,2331,0,8,1,0.0,-0.000789,0.022098,-0.010311,94.797,109.0,182.238,-96.565,-278,-109,0.0,0.022,0.0,0.0,0.022,90.747,4.05,0.0,94.797,-11.361,193.6,0.0,182.238
2.527226398931816,2336,0,8,1,0.0,-0.000762,0.021338,-0.004438,76.279,76.0,187.481,-96.595,-284,-76,0.0,0.021,0.0,0.0,0.021,72.174,4.104,0.0,76.279,0.223,187.258,0.0,187.481
2.527226398931816,2341,0,8,1,0.0,-0.000785,0.022,-0.000624,67.502,91.0,158.362,-96.569,-254,-47,0.0,0.022,0.0,0.0,0.022,63.35,4.152,0.0,67.502,-18.797,177.16,0.0,158.362
2.53892270301003,2346,0,8,1,0.0,-0.000738,0.020683,0.005251,47.391,75.0,152.411,-96.621,-249,-75,0.0,0.02,0.0,0.0,0.02,43.207,4.184,0.0,47.391,-22.086,174.498,0.0,152.411
2.53892270301003,2351,0,8,1,0.0,-0.000726,0.020353,0.010505,31.78,44.0,149.433,-96.635,-246,-44,0.0,0.02,0.0,0.0,0.02,27.575,4.205,0.0,31.78,-9.775,159.208,0.0,149.433
2.5495202059391886,2356,0,8,1,0.0,-0.000656,0.018394,-0.006087,72.805,75.0,162.488,-96.713,-259,-75,0.0,0.018,0.0,0.0,0.018,68.548,4.256,0.0,72.805,-1.755,164.243,0.0,162.488
2.5495202059391886,2361,0,8,1,0.0,-0.00063,0.017658,0.003956,42.653,59.0,141.216,-96.742,-237,-59,0.0,0.017,0.0,0.0,0.017,38.367,4.285,0.0,42.653,-13.077,154.293,0.0,141.216
2.5610955369193107,2366,0,8,1,0.0,-0.000606,0.016988,0.002554,44.732,44.0,149.55,-96.769,-246,-44,0.0,0.016,0.0,0.0,0.016,40.416,4.315,0.0,44.732,0.585,148.964,0.0,149.55
2.5610955369193107,2371,0,8,1,0.0,-0.000619,0.017341,-0.003171,61.794,58.0,157.992,-96.755,-254,-58,0.0,0.017,0.0,0.0,0.017,57.437,4.357,0.0,61.794,3.035,154.956,0.0,157.992
2.5610955369193107,2376,0,8,1,0.0,-0.000617,0.0173,-0.014414,93.225,75.0,182.324,-96.756,-279,-75,0.0,0.017,0.0,0.0,0.017,88.801,4.423,0.0,93.225,14.58,167.744,0.0,182.324
2.572194435982965,2381,0,8,1,0.0,-0.00061,0.017091,-0.005389,67.419,75.0,157.879,-96.765,-254,-59,0.0,0.017,0.0,0.0,0.017,62.948,4.47,0.0,67.419,-6.064,163.944,0.0,157.879
2.5830163579666987,2390,0,8,1,0.0,-0.000701,0.019646,-0.018417,111.19,77.0,219.771,-96.663,-316,-77,0.0,0.019,0.0,0.0,0.019,106.578,4.611,0.0,111.19,27.352,192.419,0.0,219.771
2.5830163579666987,2395,0,8,1,0.0,-0.000596,0.0167,-0.018465,103.15,108.0,192.362,-96.78,-289,-108,0.0,0.016,0.0,0.0,0.016,98.464,4.685,0.0,103.15,-3.879,196.242,0.0,192.362
2.5941563999513164,2400,0,8,1,0.0,-0.000534,0.014967,-0.007428,67.443,75.0,183.252,-96.849,-280,-76,0.0,0.014,0.0,0.0,0.014,62.71,4.732,0.0,67.443,-6.045,189.298,0.0,183.252
2.5941563999513164,2406,0,8,1,0.0,-0.000517,0.014484,-0.015512,88.787,93.0,190.627,-96.868,-287,-93,0.0,0.014,0.0,0.0,0.014,83.991,4.795,0.0,88.787,-3.369,193.997,0.0,190.627
2.60521729697939,2411,0,8,1,0.0,-0.000542,0.01518,-0.003233,56.393,75.0,164.435,-96.841,-261,-75,0.0,0.015,0.0,0.0,0.015,51.559,4.834,0.0,56.393,-14.884,179.32,0.0,164.435
2.60521729697939,2416,0,8,1,0.0,-0.000477,0.01338,0.007644,20.907,44.0,143.738,-96.912,-240,-44,0.0,0.013,0.0,0.0,0.013,16.06,4.846,0.0,20.907,-18.474,162.212,0.0,143.738
2.60521729697939,2421,0,8,1,0.0,-0.000484,0.013575,0.003051,34.335,43.0,150.851,-96.905,-247,-59,0.0,0.013,0.0,0.0,0.013,29.466,4.868,0.0,34.335,-6.931,157.783,0.0,150.851
2.6169269810197875,2426,0,8,1,0.0,-0.000463,0.012975,-0.001337,44.974,44.0,153.043,-96.929,-249,-44,0.0,0.012,0.0,0.0,0.012,40.075,4.898,0.0,44.974,0.779,152.264,0.0,153.043
2.6169269810197875,2431,0,8,1,0.0,-0.000419,0.011759,0.004956,23.959,58.0,111.944,-96.977,-208,-58,0.0,0.011,0.0,0.0,0.011,19.046,4.912,0.0,23.959,-27.232,139.176,0.0,111.944
2.6278074379079044,2436,0,8,1,0.0,-0.000453,0.012684,-0.007466,61.378,27.0,177.722,-96.94,-274,-27,0.0,0.012,0.0,0.0,0.012,56.422,4.955,0.0,61.378,27.502,150.22,0.0,177.722
2.6278074379079044,2441,0,8,1,0.0,-0.000536,0.015023,-0.010371,76.113,47.0,190.308,-96.847,-287,-91,0.0,0.015,0.0,0.0,0.015,71.105,5.008,0.0,76.113,23.291,167.017,0.0,190.308
2.6390039859106764,2446,0,8,1,0.0,-0.000489,0.013715,-0.00174,48.317,29.0,168.493,-96.899,-265,-29,0.0,0.013,0.0,0.0,0.013,43.276,5.041,0.0,48.317,15.453,153.039,0.0,168.493
2.6390039859106764,2451,0,8,1,0.0,-0.000489,0.013716,0.002029,37.789,44.0,149.43,-96.899,-246,-44,0.0,0.013,0.0,0.0,0.013,32.723,5.065,0.0,37.789,-4.968,154.398,0.0,149.43
2.6499514499446377,2456,0,8,1,0.0,-0.000556,0.015586,-0.004753,62.06,59.0,161.368,-96.825,-258,-59,0.0,0.015,0.0,0.0,0.015,56.952,5.108,0.0,62.06,2.448,158.92,0.0,161.368
2.6499514499446377,2461,0,8,1,0.0,-0.000575,0.016126,-0.005183,64.819,59.0,166.378,-96.803,-263,-59,0.0,0.016,0.0,0.0,0.016,59.668,5.151,0.0,64.819,4.655,161.722,0.0,166.378
2.6499514499446377,2466,0,8,1,0.0,-0.000545,0.015261,0.002388,41.223,43.0,152.772,-96.838,-249,-43,0.0,0.015,0.0,0.0,0.015,36.044,5.178,0.0,41.223,-1.421,154.193,0.0,152.772
2.661987002938986,2471,0,8,1,0.0,-0.000565,0.015831,-0.001158,52.786,58.0,152.191,-96.815,-249,-58,0.0,0.015,0.0,0.0,0.015,47.571,5.214,0.0,52.786,-4.171,156.362,0.0,152.191
2.672774239908904,2480,0,8,1,0.0,-0.000666,0.018655,0.003722,47.089,27.0,166.438,-96.702,-263,-59,0.0,0.018,0.0,0.0,0.018,41.813,5.276,0.0,47.089,16.071,150.367,0.0,166.438
2.672774239908904,2485,0,8,1,0.0,-0.000704,0.019724,0.000503,59.134,58.0,151.431,-96.66,-248,-58,0.0,0.019,0.0,0.0,0.019,53.817,5.316,0.0,59.134,0.907,150.524,0.0,151.431
2.6840792149305344,2490,0,8,1,0.0,-0.000602,0.01687,0.002016,46.939,74.0,120.173,-96.773,-216,-74,0.0,0.016,0.0,0.0,0.016,41.592,5.347,0.0,46.939,-21.648,141.821,0.0,120.173
2.6840792149305344,2496,0,8,1,0.0,-0.000578,0.016188,-0.007671,72.206,44.0,172.476,-96.801,-269,-44,0.0,0.016,0.0,0.0,0.016,66.808,5.398,0.0,72.206,22.565,149.91,0.0,172.476
2.6950051969615743,2501,0,8,1,0.0,-0.000613,0.017178,-0.00416,65.191,90.0,122.745,-96.761,-219,-43,0.0,0.017,0.0,0.0,0.017,59.748,5.443,0.0,65.191,-19.847,142.592,0.0,122.745
2.6950051969615743,2506,0,8,1,0.0,-0.000637,0.017847,-0.007829,77.394,76.0,157.593,-96.734,-254,-76,0.0,0.017,0.0,0.0,0.017,71.897,5.497,0.0,77.394,1.115,156.477,0.0,157.593
2.706126289907843,2511,0,8,1,0.0,-0.000582,0.016314,0.002113,45.289,27.0,165.548,-96.796,-262,-27,0.0,0.016,0.0,0.0,0.016,39.763,5.526,0.0,45.289,14.631,150.916,0.0,165.548
2.706126289907843,2516,0,8,1,0.0,-0.00058,0.016264,-0.004234,62.967,76.0,143.666,-96.798,-240,-76,0.0,0.016,0.0,0.0,0.016,57.397,5.569,0.0,62.967,-10.425,154.092,0.0,143.666
2.706126289907843,2521,0,8,1,0.0,-0.000507,0.014218,0.005556,29.84,43.0,133.268,-96.879,-230,-44,0.0,0.014,0.0,0.0,0.014,24.252,5.588,0.0,29.84,-10.527,143.796,0.0,133.268
2.7171631479868665,2526,0,8,1,0.0,-0.00041,0.011487,0.009182,12.046,26.0,118.455,-96.988,-215,-26,0.0,0.011,0.0,0.0,0.011,6.453,5.592,0.0,12.046,-11.162,129.617,0.0,118.455
2.7171631479868665,2531,0,8,1,0.0,-0.000432,0.012112,0.001955,34.052,27.0,139.063,-96.963,-236,-27,0.0,0.012,0.0,0.0,0.012,28.438,5.614,0.0,34.052,5.642,133.421,0.0,139.063
2.7281465450068936,2536,0,8,1,0.0,-0.000404,0.011329,-0.000786,39.564,44.0,131.05,-96.994,-228,-44,0.0,0.011,0.0,0.0,0.011,33.924,5.639,0.0,39.564,-3.548,134.598,0.0,131.05
2.7281465450068936,2541,0,8,1,0.0,-0.000382,0.010702,0.006809,16.548,43.0,100.096,-97.019,-197,-27,0.0,0.01,0.0,0.0,0.01,10.9,5.647,0.0,16.548,-21.161,121.258,0.0,100.096
2.7392689359840006,2546,0,8,1,0.0,-0.000286,0.00801,0.009216,2.269,11.0,103.788,-97.126,-200,-11,0.0,0.008,0.0,0.0,0.008,-3.375,5.645,0.0,2.269,-6.984,110.772,0.0,103.788
2.7392689359840006,2551,0,8,1,0.0,-0.000345,0.009684,-0.002639,40.178,29.0,130.41,-97.06,-227,-29,0.0,0.009,0.0,0.0,0.009,34.508,5.67,0.0,40.178,8.942,121.467,0.0,130.41
2.7507888639811426,2556,0,8,1,0.0,-0.000393,0.011025,-0.013559,74.559,58.0,149.332,-97.006,-246,-58,0.0,0.011,0.0,0.0,0.011,68.837,5.721,0.0,74.559,13.247,136.084,0.0,149.332
2.7507888639811426,2561,0,8,1,0.0,-0.000362,0.010161,-0.012201,68.384,59.0,148.406,-97.041,-245,-45,0.0,0.01,0.0,0.0,0.01,62.615,5.768,0.0,68.384,7.507,140.898,0.0,148.406
2.7619689039420336,2570,0,8,1,0.0,-0.000268,0.007504,0.00286,18.791,27.0,119.713,-97.147,-216,-27,0.0,0.007,0.0,0.0,0.007,13.002,5.789,0.0,18.791,-6.566,126.279,0.0,119.713
2.7619689039420336,2575,0,8,1,0.0,-0.000239,0.006704,-0.004123,36.128,43.0,120.574,-97.179,-217,-43,0.0,0.006,0.0,0.0,0.006,30.315,5.812,0.0,36.128,-5.497,126.071,0.0,120.574
2.772862212965265,2580,0,8,1,0.0,-0.000251,0.007054,0.001959,20.089,13.0,132.416,-97.165,-229,-27,0.0,0.007,0.0,0.0,0.007,14.266,5.823,0.0,20.089,5.671,126.744,0.0,132.416
2.772862212965265,2586,0,8,1,0.0,-0.000231,0.006494,-0.002219,30.241,44.0,115.661,-97.187,-212,-44,0.0,0.006,0.0,0.0,0.006,24.399,5.841,0.0,30.241,-11.006,126.668,0.0,115.661
2.7840511460090056,2591,0,8,1,0.0,-0.000213,0.005982,-0.010935,53.248,43.0,139.683,-97.207,-236,-43,0.0,0.005,0.0,0.0,0.005,47.37,5.877,0.0,53.248,8.198,131.485,0.0,139.683
2.7840511460090056,2596,0,8,1,0.0,-0.000223,0.006271,0.003273,14.275,27.0,112.044,-97.196,-209,-27,0.0,0.006,0.0,0.0,0.006,8.392,5.883,0.0,14.275,-10.179,122.224,0.0,112.044
2.7951135359471664,2601,0,8,1,0.0,-0.000258,0.007237,-0.011977,59.725,11.0,183.786,-97.157,-280,-61,0.0,0.007,0.0,0.0,0.007,53.801,5.923,0.0,59.725,38.98,144.806,0.0,183.786
2.7951135359471664,2606,0,8,1,0.0,-0.000259,0.007267,-0.006146,43.51,44.0,137.365,-97.156,-234,-44,0.0,0.007,0.0,0.0,0.007,37.558,5.952,0.0,43.51,-0.391,137.756,0.0,137.365
2.8062971469480544,2611,0,8,1,0.0,-0.000221,0.006199,0.005113,8.995,26.0,110.59,-97.199,-207,-26,0.0,0.006,0.0,0.0,0.006,3.041,5.954,0.0,8.995,-13.603,124.193,0.0,110.59
2.8062971469480544,2616,0,8,1,0.0,-0.000212,0.00594,-0.0072,42.776,26.0,145.998,-97.209,-243,-26,0.0,0.005,0.0,0.0,0.005,36.794,5.981,0.0,42.776,13.421,132.576,0.0,145.998
2.8062971469480544,2621,0,8,1,0.0,-0.000242,0.006796,-0.009633,52.02,44.0,145.022,-97.175,-242,-44,0.0,0.006,0.0,0.0,0.006,46.004,6.016,0.0,52.02,6.416,138.605,0.0,145.022
2.817155299941078,2626,0,8,1,0.0,-0.000196,0.005499,0.004854,7.823,12.0,120.98,-97.227,-218,-12,0.0,0.005,0.0,0.0,0.005,1.806,6.017,0.0,7.823,-3.34,124.321,0.0,120.98
2.817155299941078,2631,0,8,1,0.0,-0.000254,0.007135,-0.002011,31.647,29.0,132.86,-97.161,-230,-29,0.0,0.007,0.0,0.0,0.007,25.61,6.036,0.0,31.647,2.118,130.742,0.0,132.86
2.828450236003846,2636,0,8,1,0.0,-0.000297,0.008316,-0.006519,47.607,58.0,123.026,-97.114,-220,-58,0.0,0.008,0.0,0.0,0.008,41.539,6.068,0.0,47.607,-8.314,131.34,0.0,123.026
2.828450236003846,2641,0,8,1,0.0,-0.000186,0.005214,0.01073,-9.388,44.0,61.37,-97.238,-158,-10,0.0,0.005,0.0,0.0,0.005,-15.445,6.056,0.0,-9.388,-42.71,104.081,0.0,61.37
2.83940309996251,2646,0,8,1,0.0,-0.000234,0.006573,0.000841,22.119,29.0,103.093,-97.184,-200,-29,0.0,0.006,0.0,0.0,0.006,16.05,6.069,0.0,22.119,-5.504,108.598,0.0,103.093
2.83940309996251,2651,0,8,1,0.0,-0.000285,0.007985,-0.006787,47.465,27.0,134.559,-97.127,-231,-27,0.0,0.007,0.0,0.0,0.007,41.365,6.1,0.0,47.465,16.372,118.187,0.0,134.559
2.850608751992695,2660,0,8,1,0.0,-0.000239,0.006706,0.001631,20.348,43.0,91.627,-97.178,-188,-12,0.0,0.006,0.0,0.0,0.006,14.209,6.138,0.0,20.348,-18.121,109.748,0.0,91.627
2.850608751992695,2665,0,8,1,0.0,-0.000258,0.007228,0.006441,8.342,27.0,91.523,-97.158,-188,-27,0.0,0.007,0.0,0.0,0.007,2.201,6.14,0.0,8.342,-14.926,106.449,0.0,91.523
2.8616675049997866,2670,0,8,1,0.0,-0.000224,0.006298,0.002941,15.548,10.0,108.526,-97.195,-205,-10,0.0,0.006,0.0,0.0,0.006,9.4,6.147,0.0,15.548,4.438,104.087,0.0,108.526
2.8616675049997866,2676,0,8,1,0.0,-0.000198,0.005568,0.011308,-9.936,11.0,77.03,-97.224,-174,-11,0.0,0.005,0.0,0.0,0.005,-16.072,6.135,0.0,-9.936,-16.749,93.779,0.0,77.03
2.872790811001323,2681,0,8,1,0.0,-0.000168,0.00473,0.002406,12.647,-3.0,112.542,-97.257,-209,-27,0.0,0.004,0.0,0.0,0.004,6.506,6.14,0.0,12.647,12.517,100.025,0.0,112.542
2.872790811001323,2686,0,8,1,0.0,-0.000231,0.006477,-0.000496,25.68,26.0,99.207,-97.188,-196,-26,0.0,0.006,0.0,0.0,0.006,19.525,6.155,0.0,25.68,-0.255,99.462,0.0,99.207
2.883610821911134,2691,0,8,1,0.0,-0.000162,0.004543,-0.004433,31.311,26.0,106.363,-97.265,-203,-26,0.0,0.004,0.0,0.0,0.004,25.137,6.173,0.0,31.311,4.249,102.114,0.0,106.363
2.883610821911134,2696,0,8,1,0.0,-0.000196,0.005506,0.002303,15.148,13.0,102.304,-97.226,-199,-13,0.0,0.005,0.0,0.0,0.005,8.967,6.18,0.0,15.148,1.718,100.586,0.0,102.304
2.8943231309531257,2701,0,8,1,0.0,-0.000261,0.007316,-0.002928,34.889,26.0,113.6,-97.154,-210,-27,0.0,0.007,0.0,0.0,0.007,28.686,6.202,0.0,34.889,7.111,106.488,0.0,113.6
2.8943231309531257,2706,0,8,1,0.0,-0.000301,0.008454,-0.007574,51.118,29.0,136.036,-97.109,-233,-29,0.0,0.008,0.0,0.0,0.008,44.882,6.235,0.0,51.118,17.694,118.341,0.0,136.036
2.906138001009822,2711,0,8,1,0.0,-0.000255,0.007158,-0.00136,30.106,29.0,119.776,-97.16,-216,-29,0.0,0.007,0.0,0.0,0.007,23.853,6.253,0.0,30.106,0.885,118.891,0.0,119.776
2.906138001009822,2716,0,8,1,0.0,-0.000279,0.007837,0.003916,17.241,26.0,106.903,-97.133,-204,-26,0.0,0.007,0.0,0.0,0.007,10.979,6.261,0.0,17.241,-7.006,113.91,0.0,106.903
2.906138001009822,2721,0,8,1,0.0,-0.000305,0.008561,-0.0034,39.782,27.0,130.634,-97.105,-227,-44,0.0,0.008,0.0,0.0,0.008,33.495,6.287,0.0,39.782,10.225,120.408,0.0,130.634
2.9170304199215025,2726,0,8,1,0.0,-0.000266,0.007465,0.009181,1.477,11.0,95.454,-97.148,-192,-11,0.0,0.007,0.0,0.0,0.007,-4.806,6.283,0.0,1.477,-7.618,103.073,0.0,95.454
2.9170304199215025,2731,0,8,1,0.0,-0.000184,0.005162,0.015907,-23.822,-3.0,72.174,-97.24,-169,3,0.0,0.005,0.0,0.0,0.005,-30.084,6.261,0.0,-23.822,-16.657,88.832,0.0,72.174
2.92794857500121,2736,0,8,1,0.0,-0.000215,0.006042,0.008206,0.197,-2.0,91.909,-97.205,-189,2,0.0,0.006,0.0,0.0,0.006,-6.059,6.257,0.0,0.197,1.758,90.151,0.0,91.909
2.92794857500121,2741,0,8,1,0.0,-0.000245,0.006886,0.002712,17.95,12.0,99.724,-97.171,-196,-43,0.0,0.006,0.0,0.0,0.006,11.684,6.265,0.0,17.95,4.76,94.964,0.0,99.724
2.9386295889271423,2746,0,8,1,0.0,-0.000292,0.008203,-0.007975,51.602,12.0,133.454,-97.119,-230,-12,0.0,0.008,0.0,0.0,0.008,45.302,6.299,0.0,51.602,31.682,101.772,0.0,133.454
2.9494756680214778,2755,0,8,1,0.0,-0.000202,0.005658,0.010147,-6.271,-3.0,97.492,-97.22,-194,3,0.0,0.005,0.0,0.0,0.005,-12.57,6.299,0.0,-6.271,-2.616,100.109,0.0,97.492
2.9494756680214778,2760,0,8,1,0.0,-0.000205,0.005748,0.002791,14.586,13.0,103.701,-97.217,-200,-11,0.0,0.005,0.0,0.0,0.005,8.281,6.305,0.0,14.586,1.269,102.431,0.0,103.701
2.9610776469344273,2766,0,8,1,0.0,-0.000217,0.006089,0.011937,-10.08,10.0,75.885,-97.203,-173,-10,0.0,0.006,0.0,0.0,0.006,-16.373,6.293,0.0,-10.08,-16.064,91.949,0.0,75.885
2.9610776469344273,2771,0,8,1,0.0,-0.000188,0.005288,0.009153,-4.536,-3.0,86.055,-97.235,-183,3,0.0,0.005,0.0,0.0,0.005,-10.821,6.285,0.0,-4.536,-1.228,87.284,0.0,86.055
2.9610776469344273,2776,0,8,1,0.0,-0.000209,0.005852,0.014792,-18.767,-19.0,84.694,-97.212,-181,19,0.0,0.005,0.0,0.0,0.005,-25.033,6.266,0.0,-18.767,0.186,84.507,0.0,84.694
2.9721143059432507,2781,0,8,1,0.0,-0.00022,0.00616,0.012018,-10.147,-2.0,75.832,-97.2,-173,2,0.0,0.006,0.0,0.0,0.006,-16.401,6.254,0.0,-10.147,-6.518,82.351,0.0,75.832
2.9721143059432507,2786,0,8,1,0.0,-0.000139,0.003909,-0.006379,35.085,13.0,117.058,-97.29,-214,-13,0.0,0.003,0.0,0.0,0.003,28.81,6.275,0.0,35.085,17.668,99.389,0.0,117.058
2.9833172869402915,2791,0,8,1,0.0,-0.000131,0.003673,-0.004278,28.558,29.0,103.308,-97.299,-200,-29,0.0,0.003,0.0,0.0,0.003,22.265,6.292,0.0,28.558,-0.353,103.662,0.0,103.308
2.9833172869402915,2796,0,8,1,0.0,-0.00016,0.004501,-0.009062,44.299,29.0,123.545,-97.266,-220,-29,0.0,0.004,0.0,0.0,0.004,37.978,6.32,0.0,44.299,12.239,111.306,0.0,123.545
2.994639762910083,2801,0,8,1,0.0,-6.6e-05,0.001872,-0.00103,14.455,57.0,59.148,-97.371,-156,19,0.0,0.001,0.0,0.0,0.001,8.128,6.327,0.0,14.455,-34.035,93.184,0.0,59.148
2.994639762910083,2806,0,8,1,0.0,-0.000136,0.003828,-0.011742,49.957,59.0,111.145,-97.293,-208,-59,0.0,0.003,0.0,0.0,0.003,43.598,6.359,0.0,49.957,-7.233,118.378,0.0,111.145
3.0060311009874567,2811,0,8,1,0.0,-0.000213,0.005979,-0.007721,44.751,12.0,146.847,-97.207,-244,-12,0.0,0.005,0.0,0.0,0.005,38.363,6.388,0.0,44.751,26.201,120.645,0.0,146.847
3.0060311009874567,2816,0,8,1,0.0,-0.00016,0.004499,0.002481,12.043,43.0,86.601,-97.266,-183,-43,0.0,0.004,0.0,0.0,0.004,5.65,6.392,0.0,12.043,-24.765,111.366,0.0,86.601
3.0060311009874567,2821,0,8,1,0.0,-0.000149,0.004187,0.002142,12.123,13.0,106.866,-97.279,-204,-11,0.0,0.004,0.0,0.0,0.004,5.726,6.396,0.0,12.123,-0.701,107.568,0.0,106.866
3.017281407956034,2826,0,8,1,0.0,-0.000182,0.005104,0.001196,17.347,44.0,86.743,-97.242,-183,-44,0.0,0.005,0.0,0.0,0.005,10.942,6.405,0.0,17.347,-21.321,108.065,0.0,86.743
3.017281407956034,2831,0,8,1,0.0,-0.000243,0.006827,-0.001794,30.564,-3.0,136.709,-97.174,-233,3,0.0,0.006,0.0,0.0,0.006,24.141,6.423,0.0,30.564,26.851,109.857,0.0,136.709
3.0280200059060007,2836,0,8,1,0.0,-0.00022,0.006178,-0.011054,54.711,59.0,117.843,-97.199,-215,-59,0.0,0.006,0.0,0.0,0.006,48.251,6.459,0.0,54.711,-3.431,121.275,0.0,117.843
3.038924549939111,2845,0,8,1,0.0,-0.000253,0.007086,-0.018634,78.576,45.0,167.996,-97.163,-265,-45,0.0,0.007,0.0,0.0,0.007,72.017,6.558,0.0,78.576,26.86,141.135,0.0,167.996
3.038924549939111,2850,0,8,1,0.0,-0.000313,0.008777,-0.007085,51.008,59.0,134.968,-97.096,-232,-59,0.0,0.008,0.0,0.0,0.008,44.416,6.592,0.0,51.008,-6.393,141.361,0.0,134.968
3.0507005179533735,2855,0,8,1,0.0,-0.000291,0.008157,-0.001638,34.041,29.0,141.851,-97.121,-238,-29,0.0,0.008,0.0,0.0,0.008,27.429,6.612,0.0,34.041,4.033,137.818,0.0,141.851
3.0507005179533735,2861,0,8,1,0.0,-0.000208,0.005832,0.000427,21.759,44.0,110.292,-97.213,-207,-42,0.0,0.005,0.0,0.0,0.005,15.135,6.624,0.0,21.759,-17.792,128.084,0.0,110.292
3.0507005179533735,2866,0,8,1,0.0,-0.000154,0.004324,-0.00822,41.775,29.0,139.487,-97.273,-236,-29,0.0,0.004,0.0,0.0,0.004,35.124,6.65,0.0,41.775,10.22,129.267,0.0,139.487
3.062190705910325,2871,0,8,1,0.0,-0.000203,0.005695,-0.016541,68.96,74.0,136.204,-97.219,-233,-74,0.0,0.005,0.0,0.0,0.005,62.262,6.697,0.0,68.96,-4.031,140.236,0.0,136.204
3.062190705910325,2876,0,8,1,0.0,-0.00021,0.005897,-0.007017,42.886,43.0,134.471,-97.211,-231,-43,0.0,0.005,0.0,0.0,0.005,36.162,6.724,0.0,42.886,-0.09,134.562,0.0,134.471
3.0731546339811757,2881,0,8,1,0.0,-0.000198,0.00555,-0.006046,39.218,44.0,128.453,-97.225,-225,-44,0.0,0.005,0.0,0.0,0.005,32.469,6.748,0.0,39.218,-3.825,132.279,0.0,128.453
3.0731546339811757,2886,0,8,1,0.0,-0.000222,0.006234,0.002703,16.641,12.0,125.512,-97.197,-222,-12,0.0,0.006,0.0,0.0,0.006,9.885,6.756,0.0,16.641,3.713,121.799,0.0,125.512
3.0842316260095686,2891,0,8,1,0.0,-0.000276,0.007731,0.002824,20.505,30.0,114.512,-97.138,-211,-30,0.0,0.007,0.0,0.0,0.007,13.738,6.766,0.0,20.505,-7.595,122.108,0.0,114.512
3.0842316260095686,2896,0,8,1,0.0,-0.000224,0.006291,0.008499,0.579,27.0,87.156,-97.195,-184,-27,0.0,0.006,0.0,0.0,0.006,-6.182,6.761,0.0,0.579,-21.136,108.292,0.0,87.156
3.096007311018184,2901,0,8,1,0.0,-0.000222,0.006231,0.006561,5.838,11.0,99.782,-97.197,-196,-12,0.0,0.006,0.0,0.0,0.006,-0.922,6.761,0.0,5.838,-4.129,103.911,0.0,99.782
3.096007311018184,2906,0,8,1,0.0,-0.000269,0.007544,-0.004933,41.725,44.0,113.143,-97.145,-210,-44,0.0,0.007,0.0,0.0,0.007,34.938,6.787,0.0,41.725,-1.819,114.962,0.0,113.143
3.096007311018184,2911,0,8,1,0.0,-0.00028,0.007842,-0.010182,57.295,43.0,133.238,-97.133,-230,-43,0.0,0.007,0.0,0.0,0.007,50.47,6.825,0.0,57.295,11.436,121.802,0.0,133.238
3.1074022609973326,2916,0,8,1,0.0,-0.00023,0.006457,-0.000743,27.002,43.0,101.304,-97.188,-198,-43,0.0,0.006,0.0,0.0,0.006,20.162,6.839,0.0,27.002,-12.797,114.102,0.0,101.304
3.1074022609973326,2921,0,8,1,0.0,-0.000254,0.007114,0.001008,23.948,12.0,125.559,-97.162,-222,-43,0.0,0.007,0.0,0.0,0.007,17.095,6.852,0.0,23.948,9.558,116.001,0.0,125.559
3.1189146649558097,2926,0,8,1,0.0,-0.000304,0.008534,0.001249,27.265,26.0,110.52,-97.106,-207,-26,0.0,0.008,0.0,0.0,0.008,20.397,6.867,0.0,27.265,1.012,109.508,0.0,110.52
3.130051562911831,2935,0,8,1,0.0,-0.000287,0.008053,0.008952,4.375,26.0,75.904,-97.125,-173,-26,0.0,0.008,0.0,0.0,0.008,-2.517,6.893,0.0,4.375,-17.299,93.203,0.0,75.904
3.130051562911831,2940,0,8,1,0.0,-0.000291,0.00817,0.006441,11.736,-3.0,109.588,-97.12,-206,-11,0.0,0.008,0.0,0.0,0.008,4.839,6.897,0.0,11.736,11.789,97.799,0.0,109.588
3.130051562911831,2945,0,8,1,0.0,-0.000238,0.006689,0.007715,4.022,11.0,88.728,-97.179,-185,-11,0.0,0.006,0.0,0.0,0.006,-2.872,6.894,0.0,4.022,-5.582,94.31,0.0,88.728
3.1414956889348105,2951,0,8,1,0.0,-0.000221,0.006195,0.008841,-0.519,12.0,78.313,-97.199,-175,-12,0.0,0.006,0.0,0.0,0.006,-7.408,6.889,0.0,-0.519,-10.015,88.329,0.0,78.313
3.1414956889348105,2956,0,8,1,0.0,-0.000178,0.005004,0.008488,-2.874,-18.0,102.563,-97.246,-199,18,0.0,0.005,0.0,0.0,0.005,-9.756,6.882,0.0,-2.874,12.1,90.462,0.0,102.563
3.1523333189543337,2961,0,8,1,0.0,-0.000123,0.003446,0.013567,-21.479,11.0,51.508,-97.308,-148,3,0.0,0.003,0.0,0.0,0.003,-28.34,6.86,0.0,-21.479,-25.983,77.492,0.0,51.508
3.1523333189543337,2966,0,8,1,0.0,-6.7e-05,0.00189,0.015055,-30.027,-35.0,71.162,-97.37,-168,35,0.0,0.001,0.0,0.0,0.001,-36.861,6.833,0.0,-30.027,3.977,67.184,0.0,71.162
3.1635183269390836,2971,0,8,1,0.0,-0.000169,0.004753,-0.000758,22.28,27.0,78.471,-97.256,-175,-27,0.0,0.004,0.0,0.0,0.004,15.436,6.844,0.0,22.28,-3.775,82.246,0.0,78.471
3.1635183269390836,2976,0,8,1,0.0,-0.0002,0.005603,0.006151,5.309,-3.0,87.11,-97.222,-184,3,0.0,0.005,0.0,0.0,0.005,-1.534,6.843,0.0,5.309,6.647,80.462,0.0,87.11
3.1748943609418347,2981,0,8,1,0.0,-0.000217,0.006078,-0.002428,30.681,11.0,107.62,-97.203,-204,-26,0.0,0.006,0.0,0.0,0.006,23.819,6.861,0.0,30.681,15.745,91.874,0.0,107.62
3.1748943609418347,2986,0,8,1,0.0,-0.000242,0.006785,-0.01157,58.297,29.0,131.154,-97.175,-228,-29,0.0,0.006,0.0,0.0,0.006,51.397,6.9,0.0,58.297,23.437,107.716,0.0,131.154
3.1861485289409757,2991,0,8,1,0.0,-0.000227,0.006366,0.007268,4.374,12.0,91.324,-97.192,-188,-12,0.0,0.006,0.0,0.0,0.006,-2.524,6.898,0.0,4.374,-6.1,97.425,0.0,91.324
3.1861485289409757,2996,0,8,1,0.0,-0.000185,0.00518,0.011777,-11.588,-3.0,83.263,-97.239,-180,3,0.0,0.005,0.0,0.0,0.005,-18.472,6.884,0.0,-11.588,-6.87,90.134,0.0,83.263
3.1861485289409757,3001,0,8,1,0.0,-0.000213,0.005982,-0.000713,25.646,11.0,110.746,-97.207,-207,-12,0.0,0.005,0.0,0.0,0.005,18.748,6.898,0.0,25.646,11.717,99.029,0.0,110.746
3.197261599940248,3006,0,8,1,0.0,-0.000212,0.005951,-0.003288,32.789,29.0,110.646,-97.209,-207,-29,0.0,0.005,0.0,0.0,0.005,25.872,6.916,0.0,32.789,3.031,107.614,0.0,110.646
3.197261599940248,3011,0,8,1,0.0,-0.00016,0.004505,0.004833,5.998,11.0,95.339,-97.266,-192,-11,0.0,0.004,0.0,0.0,0.004,-0.918,6.916,0.0,5.998,-4.001,99.341,0.0,95.339
3.208936834940687,3016,0,8,1,0.0,-0.000141,0.003953,0.001299,14.354,11.0,103.7,-97.288,-200,-11,0.0,0.003,0.0,0.0,0.003,7.432,6.921,0.0,14.354,2.683,101.017,0.0,103.7
3.21977252792567,3025,0,8,1,0.0,-0.000143,0.004022,0.004931,4.383,12.0,90.268,-97.285,-187,-12,0.0,0.004,0.0,0.0,0.004,-2.546,6.93,0.0,4.383,-6.092,96.361,0.0,90.268
3.21977252792567,3030,0,8,1,0.0,-0.000123,0.003448,0.006761,-2.353,-3.0,92.645,-97.308,-189,3,0.0,0.003,0.0,0.0,0.003,-9.276,6.923,0.0,-2.353,0.517,92.128,0.0,92.645
3.21977252792567,3035,0,8,1,0.0,-0.000124,0.003479,0.006326,-1.053,11.0,79.314,-97.307,-176,-11,0.0,0.003,0.0,0.0,0.003,-7.97,6.917,0.0,-1.053,-9.642,88.956,0.0,79.314
3.2314355639973655,3041,0,8,1,0.0,-5.7e-05,0.001623,-0.001385,15.349,12.0,93.411,-97.381,-190,2,0.0,0.001,0.0,0.0,0.001,8.425,6.923,0.0,15.349,2.679,90.732,0.0,93.411
3.2314355639973655,3046,0,8,1,0.0,-4.5e-05,0.001285,0.001585,6.081,11.0,89.562,-97.394,-186,-11,0.0,0.001,0.0,0.0,0.001,-0.841,6.923,0.0,6.081,-3.934,93.496,0.0,89.562
3.243226940976456,3051,0,8,1,0.0,-6.6e-05,0.001858,0.003108,3.421,10.0,84.643,-97.372,-182,-10,0.0,0.001,0.0,0.0,0.001,-3.499,6.92,0.0,3.421,-5.263,89.906,0.0,84.643
3.243226940976456,3056,0,8,1,0.0,-8.1e-05,0.002274,0.009745,-14.012,-5.0,75.446,-97.355,-172,5,0.0,0.002,0.0,0.0,0.002,-20.917,6.904,0.0,-14.012,-7.21,82.657,0.0,75.446
3.2539980720030144,3061,0,8,1,0.0,-0.000124,0.003476,0.00628,-0.952,-19.0,104.516,-97.307,-201,-11,0.0,0.003,0.0,0.0,0.003,-7.851,6.899,0.0,-0.952,14.437,90.078,0.0,104.516
3.2539980720030144,3066,0,8,1,0.0,-0.000144,0.00405,0.001088,15.198,26.0,82.062,-97.284,-179,-26,0.0,0.004,0.0,0.0,0.004,8.292,6.905,0.0,15.198,-8.641,90.703,0.0,82.062
3.264912519021891,3071,0,8,1,0.0,-0.000122,0.003433,0.014041,-22.817,-19.0,73.009,-97.309,-170,19,0.0,0.003,0.0,0.0,0.003,-29.7,6.883,0.0,-22.817,-3.054,76.063,0.0,73.009
3.264912519021891,3076,0,8,1,0.0,-0.00013,0.003654,0.016182,-28.223,-35.0,81.71,-97.3,-179,35,0.0,0.003,0.0,0.0,0.003,-35.08,6.856,0.0,-28.223,5.42,76.289,0.0,81.71
3.264912519021891,3081,0,8,1,0.0,-7.3e-05,0.002051,0.016204,-32.802,-20.0,61.367,-97.364,-158,19,0.0,0.002,0.0,0.0,0.002,-39.629,6.826,0.0,-32.802,-10.242,71.61,0.0,61.367
3.2762887409189716,3086,0,8,1,0.0,3.8e-05,-0.001077,0.024719,-65.457,-52.0,41.485,-97.489,-138,52,0.0,-0.001,0.0,0.0,-0.001,-72.23,6.772,0.0,-65.457,-10.766,52.251,0.0,41.485
3.2762887409189716,3091,0,8,1,0.0,7e-06,-0.000221,0.003242,-2.934,-3.0,66.937,-97.455,-164,3,0.0,0.0,0.0,0.0,0.0,-9.7,6.765,0.0,-2.934,0.052,66.885,0.0,66.937
3.287402800982818,3096,0,8,1,0.0,2.6e-05,-0.000747,0.005087,-9.585,-3.0,58.451,-97.475,-155,3,0.0,0.0,0.0,0.0,0.0,-16.338,6.753,0.0,-9.585,-5.268,63.719,0.0,58.451
3.287402800982818,3101,0,8,1,0.0,6e-05,-0.001688,0.008237,-21.061,-19.0,58.91,-97.513,-156,3,0.0,-0.001,0.0,0.0,-0.001,-27.794,6.732,0.0,-21.061,-1.649,60.56,0.0,58.91
3.2985802670009434,3106,0,8,1,0.0,5.9e-05,-0.001673,0.010959,-28.663,-35.0,55.463,-97.512,-152,35,0.0,-0.001,0.0,0.0,-0.001,-35.369,6.706,0.0,-28.663,5.069,50.394,0.0,55.463
3.2985802670009434,3111,0,8,1,0.0,0.000115,-0.003245,0.013132,-39.185,-35.0,44.96,-97.575,-142,35,0.0,-0.003,0.0,0.0,-0.003,-45.857,6.671,0.0,-39.185,-3.348,48.309,0.0,44.96
3.3099243380129337,3120,0,8,1,0.0,0.00019,-0.005343,0.01239,-43.042,-35.0,39.846,-97.659,-137,20,0.0,-0.005,0.0,0.0,-0.005,-49.656,6.613,0.0,-43.042,-6.434,46.28,0.0,39.846
3.3210074969101697,3125,0,8,1,0.0,0.000205,-0.005766,0.010781,-39.757,-35.0,34.044,-97.676,-131,35,0.0,-0.005,0.0,0.0,-0.005,-46.336,6.578,0.0,-39.757,-3.806,37.85,0.0,34.044
3.3210074969101697,3131,0,8,1,0.0,0.000203,-0.005711,0.004902,-23.163,-20.0,38.294,-97.673,-135,20,0.0,-0.005,0.0,0.0,-0.005,-29.72,6.556,0.0,-23.163,-2.53,40.824,0.0,38.294
3.3210074969101697,3136,0,8,1,0.0,0.000226,-0.006351,0.001653,-15.872,-21.0,47.31,-97.699,-145,21,0.0,-0.006,0.0,0.0,-0.006,-22.412,6.539,0.0,-15.872,4.101,43.208,0.0,47.31
3.3320105830207467,3141,0,8,1,0.0,0.000292,-0.008185,0.013149,-53.242,-20.0,0.113,-97.772,-97,68,0.0,-0.008,0.0,0.0,-0.008,-59.737,6.494,0.0,-53.242,-26.594,26.707,0.0,0.113
3.3320105830207467,3146,0,8,1,0.0,0.000336,-0.009417,0.017987,-70.297,-52.0,9.361,-97.821,-107,52,0.0,-0.009,0.0,0.0,-0.009,-76.734,6.437,0.0,-70.297,-14.637,23.999,0.0,9.361
3.3429531200090423,3151,0,8,1,0.0,0.00033,-0.009242,0.004922,-33.254,-20.0,15.831,-97.814,-113,20,0.0,-0.009,0.0,0.0,-0.009,-39.661,6.407,0.0,-33.254,-10.603,26.435,0.0,15.831
3.3429531200090423,3156,0,8,1,0.0,0.000333,-0.009333,0.007609,-41.067,-68.0,51.952,-97.818,-149,68,0.0,-0.009,0.0,0.0,-0.009,-47.439,6.371,0.0,-41.067,21.546,30.406,0.0,51.952
3.354007864021696,3161,0,8,1,0.0,0.000311,-0.00872,-0.002784,-10.26,-35.0,66.344,-97.793,-164,20,0.0,-0.008,0.0,0.0,-0.008,-16.62,6.359,0.0,-10.26,19.791,46.553,0.0,66.344
3.354007864021696,3166,0,8,1,0.0,0.000288,-0.008088,-0.000555,-14.748,-20.0,53.383,-97.768,-151,20,0.0,-0.008,0.0,0.0,-0.008,-21.092,6.343,0.0,-14.748,4.201,49.182,0.0,53.383
3.3650929710129276,3171,0,8,1,0.0,0.000297,-0.008328,0.003205,-25.975,-35.0,56.449,-97.778,-154,35,0.0,-0.008,0.0,0.0,-0.008,-32.295,6.319,0.0,-25.975,7.219,49.229,0.0,56.449
3.3650929710129276,3176,0,8,1,0.0,0.000312,-0.008738,0.006203,-35.55,-20.0,32.047,-97.794,-129,20,0.0,-0.008,0.0,0.0,-0.008,-41.838,6.288,0.0,-35.55,-12.44,44.487,0.0,32.047
3.3650929710129276,3181,0,8,1,0.0,0.000281,-0.007885,0.000815,-18.094,-35.0,64.752,-97.76,-162,20,0.0,-0.007,0.0,0.0,-0.007,-24.364,6.269,0.0,-18.094,13.524,51.228,0.0,64.752
3.376439664978534,3186,0,8,1,0.0,0.000317,-0.008886,0.005771,-34.802,-52.0,60.529,-97.8,-158,52,0.0,-0.008,0.0,0.0,-0.008,-41.042,6.24,0.0,-34.802,13.758,46.77,0.0,60.529
3.376439664978534,3191,0,8,1,0.0,0.000344,-0.009633,0.003973,-31.887,-21.0,42.567,-97.83,-140,21,0.0,-0.009,0.0,0.0,-0.009,-38.099,6.211,0.0,-31.887,-8.71,51.277,0.0,42.567
3.3874449199065566,3196,0,8,1,0.0,0.000363,-0.010176,-0.002742,-14.619,-34.0,73.604,-97.851,-171,34,0.0,-0.01,0.0,0.0,-0.01,-20.815,6.195,0.0,-14.619,15.504,58.1,0.0,73.604
3.3874449199065566,3201,0,8,1,0.0,0.000312,-0.008743,-0.008541,5.63,-6.0,76.955,-97.794,-174,3,0.0,-0.008,0.0,0.0,-0.008,-0.564,6.195,0.0,5.63,9.304,67.65,0.0,76.955
3.39854905300308,3210,0,8,1,0.0,0.000295,-0.008277,0.00223,-23.271,-5.0,46.511,-97.776,-144,5,0.0,-0.008,0.0,0.0,-0.008,-29.422,6.15,0.0,-23.271,-14.616,61.128,0.0,46.511
3.4100646369624883,3215,0,8,1,0.0,0.000304,-0.008516,-0.008766,6.852,-5.0,76.536,-97.785,-174,5,0.0,-0.008,0.0,0.0,-0.008,0.701,6.151,0.0,6.852,9.481,67.054,0.0,76.536
3.4100646369624883,3221,0,8,1,0.0,0.000343,-0.009605,-0.007949,1.512,-3.0,73.125,-97.828,-170,3,0.0,-0.009,0.0,0.0,-0.009,-4.635,6.147,0.0,1.512,3.609,69.515,0.0,73.125
3.4100646369624883,3226,0,8,1,0.0,0.000337,-0.009462,-0.001533,-16.071,-19.0,66.9,-97.823,-164,19,0.0,-0.009,0.0,0.0,-0.009,-22.202,6.131,0.0,-16.071,2.342,64.557,0.0,66.9
3.4214043569518253,3231,0,8,1,0.0,0.000232,-0.006514,-0.017286,36.314,27.0,90.506,-97.705,-188,-27,0.0,-0.006,0.0,0.0,-0.006,30.16,6.153,0.0,36.314,7.451,83.054,0.0,90.506
3.4214043569518253,3236,0,8,1,0.0,0.000192,-0.005382,-0.000503,-7.518,-19.0,89.563,-97.66,-187,19,0.0,-0.005,0.0,0.0,-0.005,-13.661,6.143,0.0,-7.518,9.185,80.378,0.0,89.563
3.43279073596932,3241,0,8,1,0.0,0.000211,-0.005915,0.001129,-13.598,10.0,52.913,-97.681,-150,18,0.0,-0.005,0.0,0.0,-0.005,-19.727,6.128,0.0,-13.598,-18.878,71.792,0.0,52.913
3.43279073596932,3246,0,8,1,0.0,0.000165,-0.004642,-0.006005,9.946,12.0,81.176,-97.631,-178,-12,0.0,-0.004,0.0,0.0,-0.004,3.814,6.131,0.0,9.946,-1.642,82.819,0.0,81.176
3.444412134005688,3251,0,8,1,0.0,0.000148,-0.004158,0.008265,-28.683,-21.0,63.496,-97.611,-161,21,0.0,-0.004,0.0,0.0,-0.004,-34.789,6.105,0.0,-28.683,-6.147,69.643,0.0,63.496
3.444412134005688,3256,0,8,1,0.0,8.7e-05,-0.002447,-0.007662,20.717,-3.0,104.037,-97.543,-201,3,0.0,-0.002,0.0,0.0,-0.002,14.601,6.116,0.0,20.717,18.974,85.062,0.0,104.037
3.455378593993373,3261,0,8,1,0.0,0.0001,-0.002814,-0.004637,11.224,11.0,86.954,-97.558,-184,3,0.0,-0.002,0.0,0.0,-0.002,5.103,6.12,0.0,11.224,0.179,86.775,0.0,86.954
3.455378593993373,3266,0,8,1,0.0,0.000131,-0.00367,0.004352,-16.361,-3.0,69.408,-97.592,-167,3,0.0,-0.003,0.0,0.0,-0.003,-22.465,6.103,0.0,-16.361,-10.689,80.097,0.0,69.408
3.466149604995735,3271,0,8,1,0.0,6e-05,-0.001688,-0.005052,15.529,11.0,90.156,-97.513,-187,-11,0.0,-0.001,0.0,0.0,-0.001,9.418,6.11,0.0,15.529,3.623,86.532,0.0,90.156
3.466149604995735,3276,0,8,1,0.0,5.2e-05,-0.001482,0.007257,-18.378,-5.0,66.168,-97.505,-163,5,0.0,-0.001,0.0,0.0,-0.001,-24.471,6.092,0.0,-18.378,-10.703,76.871,0.0,66.168
3.466149604995735,3281,0,8,1,0.0,6.8e-05,-0.001931,0.008183,-22.251,-19.0,70.781,-97.523,-168,-11,0.0,-0.001,0.0,0.0,-0.001,-28.323,6.071,0.0,-22.251,-2.601,73.382,0.0,70.781
3.477263172972016,3286,0,8,1,0.0,1.2e-05,-0.000349,0.001699,0.328,-20.0,86.885,-97.46,-184,20,0.0,0.0,0.0,0.0,0.0,-5.738,6.067,0.0,0.328,16.263,70.622,0.0,86.885
3.477263172972016,3291,0,8,1,0.0,-4.1e-05,0.001171,0.000752,7.242,11.0,75.683,-97.399,-173,-11,0.0,0.001,0.0,0.0,0.001,1.174,6.068,0.0,7.242,-3.005,78.688,0.0,75.683
3.488286644918844,3300,0,8,1,0.0,-5.6e-05,0.001572,0.002856,2.466,-5.0,88.29,-97.383,-185,-11,0.0,0.001,0.0,0.0,0.001,-3.596,6.063,0.0,2.466,5.973,82.317,0.0,88.29
3.4996275389567018,3305,0,8,1,0.0,-0.000104,0.002919,-0.008879,39.126,13.0,117.084,-97.329,-214,-13,0.0,0.002,0.0,0.0,0.002,33.038,6.087,0.0,39.126,20.901,96.183,0.0,117.084
3.4996275389567018,3311,0,8,1,0.0,-9.8e-05,0.002753,-0.010811,44.099,29.0,120.7,-97.336,-218,-29,0.0,0.002,0.0,0.0,0.002,37.983,6.116,0.0,44.099,12.079,108.621,0.0,120.7
3.510994558921084,3316,0,8,1,0.0,-0.00012,0.003384,0.007936,-6.637,12.0,81.285,-97.311,-178,-12,0.0,0.003,0.0,0.0,0.003,-12.744,6.107,0.0,-6.637,-14.909,96.195,0.0,81.285
3.510994558921084,3321,0,8,1,0.0,-0.000111,0.003126,0.009018,-10.402,-3.0,84.914,-97.321,-182,19,0.0,0.003,0.0,0.0,0.003,-16.496,6.094,0.0,-10.402,-5.921,90.835,0.0,84.914
3.510994558921084,3326,0,8,1,0.0,-0.000199,0.005594,-0.005164,36.24,44.0,106.058,-97.223,-203,-44,0.0,0.005,0.0,0.0,0.005,30.123,6.117,0.0,36.24,-6.207,112.266,0.0,106.058
3.523266691947356,3331,0,8,1,0.0,-0.00018,0.005057,0.005222,5.655,-5.0,111.329,-97.244,-208,5,0.0,0.005,0.0,0.0,0.005,-0.461,6.116,0.0,5.655,8.524,102.805,0.0,111.329
3.523266691947356,3336,0,8,1,0.0,-0.000119,0.003332,0.013857,-23.374,11.0,61.288,-97.313,-158,-11,0.0,0.003,0.0,0.0,0.003,-29.469,6.094,0.0,-23.374,-27.499,88.788,0.0,61.288
3.5347836319124326,3341,0,8,1,0.0,-9.6e-05,0.002711,0.000954,11.017,-5.0,107.78,-97.338,-205,-11,0.0,0.002,0.0,0.0,0.002,4.918,6.098,0.0,11.017,12.813,94.966,0.0,107.78
3.5347836319124326,3346,0,8,1,0.0,-5.7e-05,0.0016,0.010061,-17.61,-2.0,69.452,-97.382,-166,2,0.0,0.001,0.0,0.0,0.001,-23.691,6.08,0.0,-17.61,-12.488,81.941,0.0,69.452
3.5347836319124326,3351,0,8,1,0.0,-2e-06,7.6e-05,0.010654,-23.559,-35.0,86.985,-97.443,-184,35,0.0,0.0,0.0,0.0,0.0,-29.618,6.058,0.0,-23.559,9.152,77.833,0.0,86.985
3.5468568929936737,3356,0,8,1,0.0,-6.1e-05,0.001709,-0.00936,37.077,27.0,103.442,-97.378,-200,-27,0.0,0.001,0.0,0.0,0.001,30.995,6.081,0.0,37.077,8.061,95.38,0.0,103.442
3.5468568929936737,3361,0,8,1,0.0,-3.9e-05,0.001093,0.001317,5.456,12.0,85.158,-97.402,-182,-11,0.0,0.001,0.0,0.0,0.001,-0.625,6.081,0.0,5.456,-5.235,90.393,0.0,85.158
3.558159478008747,3366,0,8,1,0.0,-7e-06,0.000221,-0.002353,13.296,-3.0,106.215,-97.437,-203,3,0.0,0.0,0.0,0.0,0.0,7.209,6.086,0.0,13.296,13.037,93.178,0.0,106.215
3.558159478008747,3371,0,8,1,0.0,-1.6e-05,0.000448,-0.005136,21.736,13.0,109.195,-97.428,-206,-13,0.0,0.0,0.0,0.0,0.0,15.638,6.097,0.0,21.736,6.988,102.207,0.0,109.195
3.569210738991387,3376,0,8,1,0.0,1e-05,-0.000283,0.005834,-11.045,-3.0,88.217,-97.457,-185,3,0.0,0.0,0.0,0.0,0.0,-17.13,6.085,0.0,-11.045,-6.436,94.653,0.0,88.217
3.569210738991387,3381,0,8,1,0.0,-1e-06,5.5e-05,0.004424,-6.159,-3.0,90.547,-97.444,-187,-26,0.0,0.0,0.0,0.0,0.0,-12.235,6.075,0.0,-6.159,-2.527,93.075,0.0,90.547
3.580765253980644,3390,0,8,1,0.0,6.5e-05,-0.001829,0.007336,-19.617,-5.0,60.374,-97.519,-157,5,0.0,-0.001,0.0,0.0,-0.001,-25.664,6.047,0.0,-19.617,-11.693,72.068,0.0,60.374
3.580765253980644,3395,0,8,1,0.0,4.3e-05,-0.001229,0.005853,-13.798,-5.0,60.633,-97.495,-158,5,0.0,-0.001,0.0,0.0,-0.001,-19.83,6.032,0.0,-13.798,-7.038,67.672,0.0,60.633
3.592051578918472,3400,0,8,1,0.0,0.000139,-0.003896,0.002593,-12.152,-18.0,74.008,-97.601,-171,18,0.0,-0.003,0.0,0.0,-0.003,-18.171,6.018,0.0,-12.152,4.677,69.33,0.0,74.008
3.592051578918472,3406,0,8,1,0.0,6.6e-05,-0.001863,0.000821,-1.504,11.0,64.762,-97.52,-162,-11,0.0,-0.001,0.0,0.0,-0.001,-7.517,6.012,0.0,-1.504,-10.003,74.765,0.0,64.762
3.603017971967347,3411,0,8,1,0.0,0.000105,-0.002956,0.010452,-31.559,-20.0,50.387,-97.564,-147,20,0.0,-0.002,0.0,0.0,-0.002,-37.544,5.984,0.0,-31.559,-9.247,59.635,0.0,50.387
3.603017971967347,3416,0,8,1,0.0,6.3e-05,-0.001771,0.009222,-24.821,-20.0,53.371,-97.516,-150,20,0.0,-0.001,0.0,0.0,-0.001,-30.783,5.961,0.0,-24.821,-3.857,57.228,0.0,53.371
3.6145664380164817,3421,0,8,1,0.0,-4e-06,0.000121,0.004676,-6.801,-20.0,74.388,-97.441,-171,2,0.0,0.0,0.0,0.0,0.0,-12.753,5.952,0.0,-6.801,10.558,63.829,0.0,74.388
3.6145664380164817,3426,0,8,1,0.0,-4.7e-05,0.001339,0.004003,-1.512,-3.0,65.362,-97.392,-162,3,0.0,0.001,0.0,0.0,0.001,-7.459,5.946,0.0,-1.512,1.19,64.172,0.0,65.362
3.626082820002921,3431,0,8,1,0.0,-7.4e-05,0.002089,-0.001651,16.43,11.0,75.193,-97.362,-172,-11,0.0,0.002,0.0,0.0,0.002,10.475,5.954,0.0,16.43,4.344,70.848,0.0,75.193
3.626082820002921,3436,0,8,1,0.0,-0.000117,0.003278,-0.004729,28.394,11.0,93.458,-97.315,-190,-11,0.0,0.003,0.0,0.0,0.003,22.423,5.971,0.0,28.394,13.915,79.543,0.0,93.458
3.626082820002921,3441,0,8,1,0.0,-0.000135,0.003805,0.003536,6.725,10.0,75.171,-97.294,-172,3,0.0,0.003,0.0,0.0,0.003,0.753,5.971,0.0,6.725,-2.619,77.791,0.0,75.171
3.637656877981499,3446,0,8,1,0.0,-0.000174,0.004889,0.002468,12.754,12.0,84.516,-97.251,-181,-12,0.0,0.004,0.0,0.0,0.004,6.777,5.976,0.0,12.754,0.603,83.912,0.0,84.516
3.637656877981499,3451,0,8,1,0.0,-0.000213,0.005983,-0.009388,49.053,25.0,119.048,-97.207,-216,-25,0.0,0.005,0.0,0.0,0.005,43.044,6.009,0.0,49.053,19.242,99.805,0.0,119.048
3.649060049909167,3456,0,8,1,0.0,-0.000196,0.005503,-0.003416,31.003,27.0,105.41,-97.226,-202,-27,0.0,0.005,0.0,0.0,0.005,24.975,6.027,0.0,31.003,3.202,102.207,0.0,105.41
3.649060049909167,3461,0,8,1,0.0,-0.000169,0.004752,0.00047,18.025,11.0,109.375,-97.256,-206,-12,0.0,0.004,0.0,0.0,0.004,11.989,6.036,0.0,18.025,5.62,103.755,0.0,109.375
3.660981605993584,3466,0,8,1,0.0,-0.000214,0.005998,-0.000508,24.269,27.0,106.457,-97.207,-203,-27,0.0,0.005,0.0,0.0,0.005,18.219,6.05,0.0,24.269,-2.184,108.641,0.0,106.457
3.660981605993584,3471,0,8,1,0.0,-0.000268,0.007516,-0.001595,31.581,12.0,129.281,-97.146,-226,-12,0.0,0.007,0.0,0.0,0.007,25.512,6.069,0.0,31.581,15.665,113.616,0.0,129.281
3.6718368899310008,3480,0,8,1,0.0,-0.000333,0.00933,-0.005217,46.86,11.0,157.664,-97.074,-254,-44,0.0,0.009,0.0,0.0,0.009,40.732,6.128,0.0,46.86,28.688,128.976,0.0,157.664
3.6718368899310008,3485,0,8,1,0.0,-0.000394,0.011055,0.001575,32.693,43.0,115.17,-97.005,-212,-43,0.0,0.011,0.0,0.0,0.011,26.545,6.148,0.0,32.693,-8.245,123.415,0.0,115.17
3.68294889095705,3490,0,8,1,0.0,-0.000356,0.009981,0.001979,28.568,27.0,120.589,-97.048,-217,-27,0.0,0.009,0.0,0.0,0.009,22.403,6.164,0.0,28.568,1.254,119.335,0.0,120.589
3.68294889095705,3496,0,8,1,0.0,-0.000398,0.011149,-0.016734,84.297,43.0,176.355,-97.001,-273,-43,0.0,0.011,0.0,0.0,0.011,78.074,6.223,0.0,84.297,33.038,143.316,0.0,176.355
3.693946350016631,3501,0,8,1,0.0,-0.000372,0.010421,-0.014889,77.149,76.0,148.454,-97.03,-245,-61,0.0,0.01,0.0,0.0,0.01,70.872,6.276,0.0,77.149,0.919,147.535,0.0,148.454
3.693946350016631,3506,0,8,1,0.0,-0.000289,0.008094,-0.003125,37.715,44.0,132.529,-97.123,-229,-44,0.0,0.008,0.0,0.0,0.008,31.414,6.3,0.0,37.715,-5.027,137.557,0.0,132.529
3.7048708390211686,3511,0,8,1,0.0,-0.000274,0.007688,-0.000929,30.45,29.0,134.912,-97.139,-232,-29,0.0,0.007,0.0,0.0,0.007,24.131,6.318,0.0,30.45,1.16,133.752,0.0,134.912
3.7048708390211686,3516,0,8,1,0.0,-0.000367,0.010295,-0.005871,51.621,43.0,147.724,-97.035,-244,-43,0.0,0.01,0.0,0.0,0.01,45.269,6.352,0.0,51.621,6.897,140.827,0.0,147.724
3.7048708390211686,3521,0,8,1,0.0,-0.000364,0.010198,-0.003745,45.427,59.0,125.007,-97.039,-222,-44,0.0,0.01,0.0,0.0,0.01,39.045,6.381,0.0,45.427,-10.858,135.865,0.0,125.007
3.716604128945619,3526,0,8,1,0.0,-0.000359,0.010079,-0.005108,48.94,57.0,130.604,-97.044,-227,-57,0.0,0.01,0.0,0.0,0.01,42.526,6.413,0.0,48.94,-6.447,137.052,0.0,130.604
3.716604128945619,3531,0,8,1,0.0,-0.000315,0.008846,-0.004309,43.279,29.0,147.686,-97.093,-244,-29,0.0,0.008,0.0,0.0,0.008,36.838,6.441,0.0,43.279,11.423,136.263,0.0,147.686
3.7276512609096244,3536,0,8,1,0.0,-0.000251,0.007046,0.002245,19.892,43.0,109.045,-97.165,-206,-43,0.0,0.007,0.0,0.0,0.007,13.441,6.451,0.0,19.892,-18.486,127.532,0.0,109.045
3.7276512609096244,3541,0,8,1,0.0,-0.000212,0.005942,0.004899,9.374,27.0,102.788,-97.209,-199,-11,0.0,0.005,0.0,0.0,0.005,2.92,6.453,0.0,9.374,-14.1,116.888,0.0,102.788
3.738693671999499,3546,0,8,1,0.0,-0.000258,0.007251,-0.0036,36.86,42.0,122.076,-97.157,-219,-42,0.0,0.007,0.0,0.0,0.007,30.384,6.476,0.0,36.86,-4.111,126.187,0.0,122.076
3.738693671999499,3551,0,8,1,0.0,-0.000234,0.006568,-0.001405,28.819,12.0,138.676,-97.184,-235,-12,0.0,0.006,0.0,0.0,0.006,22.326,6.492,0.0,28.819,13.455,125.221,0.0,138.676
3.7497768849134445,3556,0,8,1,0.0,-0.000164,0.004609,0.00507,5.2,27.0,100.193,-97.262,-197,-27,0.0,0.004,0.0,0.0,0.004,-1.29,6.491,0.0,5.2,-17.439,117.633,0.0,100.193
3.7497768849134445,3561,0,8,1,0.0,-0.000159,0.004464,0.000144,18.595,26.0,107.872,-97.268,-205,-43,0.0,0.004,0.0,0.0,0.004,12.094,6.5,0.0,18.595,-5.923,113.796,0.0,107.872
3.7610824150033295,3566,0,8,1,0.0,-0.000149,0.004196,-0.001673,22.948,11.0,115.984,-97.278,-213,-11,0.0,0.004,0.0,0.0,0.004,16.435,6.512,0.0,22.948,9.558,106.425,0.0,115.984
3.7610824150033295,3575,0,8,1,0.0,-0.000107,0.00302,-0.002968,23.295,27.0,103.209,-97.325,-200,-27,0.0,0.003,0.0,0.0,0.003,16.769,6.526,0.0,23.295,-2.963,106.172,0.0,103.209
3.772809242014773,3580,0,8,1,0.0,-8.8e-05,0.002473,-0.003584,23.502,12.0,119.66,-97.347,-217,-27,0.0,0.002,0.0,0.0,0.002,16.963,6.539,0.0,23.502,9.201,110.458,0.0,119.66
3.772809242014773,3586,0,8,1,0.0,-8.3e-05,0.002343,0.004917,-0.675,12.0,87.898,-97.352,-185,-12,0.0,0.002,0.0,0.0,0.002,-7.208,6.533,0.0,-0.675,-10.14,98.038,0.0,87.898
3.783358240965754,3591,0,8,1,0.0,-0.000149,0.004184,0.005367,3.217,12.0,86.621,-97.279,-183,-12,0.0,0.004,0.0,0.0,0.004,-3.313,6.531,0.0,3.217,-7.026,93.647,0.0,86.621
3.783358240965754,3596,0,8,1,0.0,-0.000221,0.006212,0.004362,11.715,11.0,94.393,-97.198,-191,-11,0.0,0.006,0.0,0.0,0.006,5.18,6.535,0.0,11.715,0.572,93.821,0.0,94.393
3.794277466950007,3601,0,8,1,0.0,-0.000306,0.008575,-0.000183,31.08,12.0,118.733,-97.104,-215,-27,0.0,0.008,0.0,0.0,0.008,24.527,6.553,0.0,31.08,15.264,103.468,0.0,118.733
3.794277466950007,3606,0,8,1,0.0,-0.000363,0.010167,-0.013412,72.625,58.0,134.871,-97.041,-231,-58,0.0,0.01,0.0,0.0,0.01,66.022,6.602,0.0,72.625,11.7,123.171,0.0,134.871
3.806024262914434,3611,0,8,1,0.0,-0.000388,0.010891,-0.014817,78.643,44.0,164.234,-97.012,-261,-44,0.0,0.01,0.0,0.0,0.01,71.986,6.656,0.0,78.643,27.714,136.519,0.0,164.234
3.806024262914434,3616,0,8,1,0.0,-0.000322,0.009038,-0.006214,49.399,59.0,127.002,-97.085,-224,-59,0.0,0.009,0.0,0.0,0.009,42.71,6.689,0.0,49.399,-7.68,134.682,0.0,127.002
3.806024262914434,3621,0,8,1,0.0,-0.000378,0.010591,0.001826,31.25,44.0,116.389,-97.024,-213,-13,0.0,0.01,0.0,0.0,0.01,24.542,6.707,0.0,31.25,-10.199,126.588,0.0,116.389
3.8171031029196456,3626,0,8,1,0.0,-0.000399,0.011175,0.005366,22.984,43.0,112.056,-97.0,-209,-43,0.0,0.011,0.0,0.0,0.011,16.264,6.719,0.0,22.984,-16.012,128.068,0.0,112.056
3.8171031029196456,3631,0,8,1,0.0,-0.000472,0.013235,-0.00682,62.917,44.0,152.95,-96.918,-249,-44,0.0,0.013,0.0,0.0,0.013,56.155,6.761,0.0,62.917,15.133,137.816,0.0,152.95
3.8280582589795813,3636,0,8,1,0.0,-0.000511,0.014323,-0.013085,83.565,45.0,188.14,-96.875,-285,-45,0.0,0.014,0.0,0.0,0.014,76.745,6.819,0.0,83.565,30.852,157.288,0.0,188.14
3.8280582589795813,3641,0,8,1,0.0,-0.000539,0.015118,0.005128,34.813,77.0,106.902,-96.843,-203,-27,0.0,0.015,0.0,0.0,0.015,27.973,6.839,0.0,34.813,-33.749,140.652,0.0,106.902
3.839099820004776,3646,0,8,1,0.0,-0.000525,0.014716,0.002305,41.616,44.0,144.636,-96.859,-241,-44,0.0,0.014,0.0,0.0,0.014,34.751,6.865,0.0,41.616,-1.906,146.543,0.0,144.636
3.839099820004776,3651,0,8,1,0.0,-0.000585,0.016405,-0.015831,97.198,76.0,184.294,-96.792,-281,-76,0.0,0.016,0.0,0.0,0.016,90.264,6.933,0.0,97.198,16.958,167.336,0.0,184.294
3.8501799049554393,3656,0,8,1,0.0,-0.000535,0.014989,0.004664,35.866,59.0,133.535,-96.848,-230,-59,0.0,0.014,0.0,0.0,0.014,28.911,6.954,0.0,35.866,-18.507,152.042,0.0,133.535
3.8501799049554393,3665,0,8,1,0.0,-0.000637,0.01786,0.00559,41.389,27.0,159.257,-96.734,-255,-27,0.0,0.017,0.0,0.0,0.017,34.356,7.033,0.0,41.389,11.511,147.745,0.0,159.257
3.86137802596204,3670,0,8,1,0.0,-0.000651,0.018229,0.017497,9.085,29.0,122.461,-96.719,-219,-29,0.0,0.018,0.0,0.0,0.018,2.05,7.035,0.0,9.085,-15.931,138.393,0.0,122.461
3.86137802596204,3676,0,8,1,0.0,-0.000616,0.01727,0.006374,37.567,44.0,133.042,-96.757,-229,-44,0.0,0.017,0.0,0.0,0.017,30.508,7.058,0.0,37.567,-5.146,138.188,0.0,133.042
3.8722605239599943,3681,0,8,1,0.0,-0.000668,0.018724,0.002392,52.822,43.0,150.839,-96.699,-247,-44,0.0,0.018,0.0,0.0,0.018,45.729,7.092,0.0,52.822,7.857,142.981,0.0,150.839
3.8722605239599943,3686,0,8,1,0.0,-0.000598,0.016744,0.006798,34.962,29.0,144.728,-96.778,-241,-29,0.0,0.016,0.0,0.0,0.016,27.848,7.113,0.0,34.962,4.769,139.958,0.0,144.728
3.883384133921936,3691,0,8,1,0.0,-0.000544,0.015246,-0.006084,66.885,76.0,142.2,-96.838,-239,-76,0.0,0.015,0.0,0.0,0.015,59.727,7.158,0.0,66.885,-7.291,149.491,0.0,142.2
3.883384133921936,3696,0,8,1,0.0,-0.000494,0.013846,0.001556,41.595,43.0,141.684,-96.894,-238,-43,0.0,0.013,0.0,0.0,0.013,34.411,7.184,0.0,41.595,-1.123,142.807,0.0,141.684
3.894885653979145,3701,0,8,1,0.0,-0.000545,0.015263,-0.003956,61.039,43.0,166.25,-96.837,-263,-62,0.0,0.015,0.0,0.0,0.015,53.814,7.224,0.0,61.039,14.431,151.819,0.0,166.25
3.894885653979145,3706,0,8,1,0.0,-0.000546,0.015314,0.001536,45.829,44.0,146.992,-96.835,-243,-44,0.0,0.015,0.0,0.0,0.015,38.576,7.253,0.0,45.829,1.463,145.528,0.0,146.992
3.9065571619430557,3711,0,8,1,0.0,-0.000519,0.014558,0.005903,31.507,29.0,144.568,-96.866,-241,-29,0.0,0.014,0.0,0.0,0.014,24.236,7.271,0.0,31.507,2.006,142.562,0.0,144.568
3.9065571619430557,3716,0,8,1,0.0,-0.000414,0.011594,0.009705,12.565,61.0,85.995,-96.984,-182,-61,0.0,0.011,0.0,0.0,0.011,5.289,7.275,0.0,12.565,-38.747,124.742,0.0,85.995
3.9065571619430557,3721,0,8,1,0.0,-0.000458,0.012836,-0.007984,65.619,-3.0,206.737,-96.934,-303,-76,0.0,0.012,0.0,0.0,0.012,58.3,7.319,0.0,65.619,54.895,151.842,0.0,206.737
3.917937699938193,3726,0,8,1,0.0,-0.00046,0.012887,0.010116,15.083,26.0,118.594,-96.932,-215,-26,0.0,0.012,0.0,0.0,0.012,7.758,7.325,0.0,15.083,-8.732,127.327,0.0,118.594
3.917937699938193,3731,0,8,1,0.0,-0.000383,0.010735,0.023578,-28.662,10.0,73.005,-97.018,-170,-10,0.0,0.01,0.0,0.0,0.01,-35.961,7.299,0.0,-28.662,-30.929,103.935,0.0,73.005
3.9290934739401564,3736,0,8,1,0.0,-0.000407,0.011396,0.004043,27.901,12.0,125.042,-96.992,-222,-12,0.0,0.011,0.0,0.0,0.011,20.587,7.314,0.0,27.901,12.721,112.32,0.0,125.042
3.9290934739401564,3741,0,8,1,0.0,-0.000373,0.010455,0.006065,19.614,43.0,85.994,-97.029,-183,-26,0.0,0.01,0.0,0.0,0.01,12.29,7.323,0.0,19.614,-18.708,104.703,0.0,85.994
3.94079632894136,3746,0,8,1,0.0,-0.000251,0.007037,0.011358,-4.784,11.0,77.931,-97.165,-175,-11,0.0,0.007,0.0,0.0,0.007,-12.099,7.314,0.0,-4.784,-12.627,90.558,0.0,77.931
3.94079632894136,3755,0,8,1,0.0,-0.000312,0.00875,0.00265,24.416,12.0,104.181,-97.097,-201,-12,0.0,0.008,0.0,0.0,0.008,17.08,7.335,0.0,24.416,9.933,94.248,0.0,104.181
3.9520757319405675,3760,0,8,1,0.0,-0.000209,0.005867,0.005332,8.836,27.0,72.07,-97.212,-169,2,0.0,0.005,0.0,0.0,0.005,1.499,7.336,0.0,8.836,-14.53,86.601,0.0,72.07
3.9520757319405675,3766,0,8,1,0.0,-0.000155,0.004342,-0.000686,21.429,27.0,91.004,-97.273,-188,-27,0.0,0.004,0.0,0.0,0.004,14.081,7.347,0.0,21.429,-4.456,95.46,0.0,91.004
3.9630876829614863,3771,0,8,1,0.0,-0.000194,0.005445,0.000364,21.586,11.0,104.421,-97.229,-201,-11,0.0,0.005,0.0,0.0,0.005,14.227,7.358,0.0,21.586,8.468,95.952,0.0,104.421
3.9630876829614863,3776,0,8,1,0.0,-0.000142,0.003987,0.005466,3.213,12.0,84.712,-97.287,-181,-12,0.0,0.003,0.0,0.0,0.003,-4.141,7.355,0.0,3.213,-7.028,91.74,0.0,84.712
3.97439491096884,3781,0,8,1,0.0,-0.000167,0.004684,-0.003836,31.231,11.0,117.927,-97.259,-215,-27,0.0,0.004,0.0,0.0,0.004,23.858,7.373,0.0,31.231,16.185,101.742,0.0,117.927
3.97439491096884,3786,0,8,1,0.0,-0.000168,0.004707,-0.00332,29.868,11.0,119.87,-97.258,-217,-11,0.0,0.004,0.0,0.0,0.004,22.478,7.389,0.0,29.868,15.095,104.775,0.0,119.87
3.9859662749804556,3791,0,8,1,0.0,-0.000131,0.003677,0.000243,17.013,12.0,111.571,-97.299,-208,-12,0.0,0.003,0.0,0.0,0.003,9.616,7.397,0.0,17.013,4.01,107.561,0.0,111.571
3.9859662749804556,3796,0,8,1,0.0,-0.000145,0.004066,-0.012675,54.309,43.0,128.392,-97.284,-225,-43,0.0,0.004,0.0,0.0,0.004,46.876,7.432,0.0,54.309,9.047,119.345,0.0,128.392
3.9859662749804556,3801,0,8,1,0.0,-0.000165,0.004627,-0.008069,43.008,43.0,119.351,-97.261,-216,-29,0.0,0.004,0.0,0.0,0.004,35.549,7.458,0.0,43.008,0.006,119.344,0.0,119.351
3.9970351059455425,3806,0,8,1,0.0,-0.000157,0.004407,0.002067,14.015,25.0,103.539,-97.27,-200,-25,0.0,0.004,0.0,0.0,0.004,6.552,7.463,0.0,14.015,-8.787,112.326,0.0,103.539
3.9970351059455425,3811,0,8,1,0.0,-0.000235,0.006581,-0.00816,48.772,44.0,124.185,-97.183,-221,-44,0.0,0.006,0.0,0.0,0.006,41.277,7.494,0.0,48.772,3.817,120.367,0.0,124.185
4.007887943997048,3816,0,8,1,0.0,-0.000293,0.008207,-0.012641,65.916,43.0,149.951,-97.119,-247,-43,0.0,0.008,0.0,0.0,0.008,58.378,7.538,0.0,65.916,18.333,131.617,0.0,149.951
4.007887943997048,3821,0,8,1,0.0,-0.000242,0.00678,0.001386,22.65,61.0,83.786,-97.176,-180,-12,0.0,0.006,0.0,0.0,0.006,15.1,7.549,0.0,22.65,-30.679,114.466,0.0,83.786
4.018994468962774,3826,0,8,1,0.0,-0.000251,0.007039,0.002086,21.429,26.0,114.18,-97.165,-211,-26,0.0,0.007,0.0,0.0,0.007,13.869,7.559,0.0,21.429,-3.656,117.837,0.0,114.18
4.018994468962774,3831,0,8,1,0.0,-0.000292,0.008187,-0.005429,45.717,29.0,140.52,-97.119,-237,-29,0.0,0.008,0.0,0.0,0.008,38.128,7.588,0.0,45.717,13.373,127.147,0.0,140.52
4.030090461950749,3836,0,8,1,0.0,-0.00026,0.007294,0.000684,26.11,43.0,108.254,-97.155,-205,-43,0.0,0.007,0.0,0.0,0.007,18.508,7.602,0.0,26.11,-13.511,121.765,0.0,108.254
4.030090461950749,3845,0,8,1,0.0,-0.000146,0.004096,0.012691,-16.504,11.0,64.445,-97.282,-161,-11,0.0,0.004,0.0,0.0,0.004,-24.066,7.561,0.0,-16.504,-22.003,86.448,0.0,64.445
4.041614674963057,3850,0,8,1,0.0,-0.00026,0.007287,0.006723,9.142,11.0,84.034,-97.155,-181,-11,0.0,0.007,0.0,0.0,0.007,1.579,7.562,0.0,9.142,-1.485,85.52,0.0,84.034
4.041614674963057,3855,0,8,1,0.0,-0.000275,0.007727,0.003684,18.892,11.0,95.778,-97.138,-192,-11,0.0,0.007,0.0,0.0,0.007,11.321,7.571,0.0,18.892,6.314,89.464,0.0,95.778
4.053109052940272,3861,0,8,1,0.0,-0.000276,0.007732,0.003598,19.157,11.0,100.083,-97.138,-197,-26,0.0,0.007,0.0,0.0,0.007,11.576,7.58,0.0,19.157,6.525,93.558,0.0,100.083
4.053109052940272,3866,0,8,1,0.0,-0.000264,0.007394,-0.005385,43.389,43.0,100.858,-97.151,-198,-43,0.0,0.007,0.0,0.0,0.007,35.782,7.606,0.0,43.389,0.311,100.546,0.0,100.858
4.06392322294414,3871,0,8,1,0.0,-0.000266,0.00746,0.001065,25.528,11.0,109.832,-97.148,-206,-11,0.0,0.007,0.0,0.0,0.007,17.908,7.62,0.0,25.528,11.623,98.209,0.0,109.832
4.06392322294414,3876,0,8,1,0.0,-0.000262,0.007352,0.015577,-15.427,10.0,64.976,-97.153,-162,-10,0.0,0.007,0.0,0.0,0.007,-23.03,7.603,0.0,-15.427,-20.341,85.318,0.0,64.976
4.0748583489330485,3881,0,8,1,0.0,-0.00027,0.007578,-0.00669,47.586,-3.0,149.612,-97.144,-246,-29,0.0,0.007,0.0,0.0,0.007,39.953,7.633,0.0,47.586,40.469,109.142,0.0,149.612
4.0748583489330485,3886,0,8,1,0.0,-0.00036,0.010105,-0.00352,45.814,44.0,117.495,-97.043,-214,-44,0.0,0.01,0.0,0.0,0.01,38.153,7.661,0.0,45.814,1.451,116.044,0.0,117.495
4.0748583489330485,3891,0,8,1,0.0,-0.000332,0.009311,0.006171,16.461,11.0,113.866,-97.075,-210,-11,0.0,0.009,0.0,0.0,0.009,8.793,7.668,0.0,16.461,4.369,109.497,0.0,113.866
4.086643778951839,3896,0,8,1,0.0,-0.000384,0.010755,-0.006734,56.676,44.0,132.57,-97.017,-229,-44,0.0,0.01,0.0,0.0,0.01,48.971,7.705,0.0,56.676,10.141,122.429,0.0,132.57
4.086643778951839,3901,0,8,1,0.0,-0.000389,0.010899,0.001125,35.093,27.0,131.034,-97.011,-228,-44,0.0,0.01,0.0,0.0,0.01,27.368,7.725,0.0,35.093,6.474,124.559,0.0,131.034
4.097953807911836,3906,0,8,1,0.0,-0.000357,0.010011,0.003958,24.686,26.0,115.989,-97.047,-213,-26,0.0,0.01,0.0,0.0,0.01,16.948,7.738,0.0,24.686,-1.05,117.04,0.0,115.989
4.097953807911836,3911,0,8,1,0.0,-0.000335,0.009388,0.004551,21.291,27.0,109.915,-97.072,-206,-27,0.0,0.009,0.0,0.0,0.009,13.542,7.748,0.0,21.291,-4.567,114.482,0.0,109.915
4.109505950007588,3916,0,8,1,0.0,-0.000322,0.009041,0.003258,23.952,27.0,110.576,-97.085,-207,-27,0.0,0.009,0.0,0.0,0.009,16.192,7.76,0.0,23.952,-2.437,113.014,0.0,110.576
4.109505950007588,3921,0,8,1,0.0,-0.000303,0.008489,0.001475,27.411,27.0,113.546,-97.107,-210,-27,0.0,0.008,0.0,0.0,0.008,19.636,7.774,0.0,27.411,0.329,113.216,0.0,113.546
4.109505950007588,3926,0,8,1,0.0,-0.000283,0.007924,0.007183,9.85,27.0,90.922,-97.13,-188,-27,0.0,0.007,0.0,0.0,0.007,2.073,7.776,0.0,9.85,-13.719,104.641,0.0,90.922
4.12150578701403,3935,0,8,1,0.0,-0.000326,0.009152,0.003026,24.96,27.0,109.879,-97.081,-206,-27,0.0,0.009,0.0,0.0,0.009,17.153,7.807,0.0,24.96,-1.631,111.511,0.0,109.879
4.133482035947964,3940,0,8,1,0.0,-0.000323,0.009051,0.004999,19.16,43.0,82.049,-97.085,-179,3,0.0,0.009,0.0,0.0,0.009,11.345,7.815,0.0,19.16,-19.071,101.12,0.0,82.049
4.133482035947964,3945,0,8,1,0.0,-0.000299,0.008374,-0.001495,35.472,27.0,124.191,-97.112,-221,-27,0.0,0.008,0.0,0.0,0.008,27.636,7.836,0.0,35.472,6.778,117.413,0.0,124.191
4.1445525519084185,3951,0,8,1,0.0,-0.00036,0.010092,-0.005674,52.015,44.0,132.976,-97.044,-230,-44,0.0,0.01,0.0,0.0,0.01,44.145,7.869,0.0,52.015,6.412,126.564,0.0,132.976
4.1445525519084185,3956,0,8,1,0.0,-0.000351,0.00984,0.001449,31.382,27.0,129.178,-97.054,-226,-27,0.0,0.009,0.0,0.0,0.009,23.495,7.887,0.0,31.382,3.505,125.672,0.0,129.178
4.155951433931477,3961,0,8,1,0.0,-0.000299,0.008395,0.011618,-1.144,43.0,70.058,-97.111,-167,-11,0.0,0.008,0.0,0.0,0.008,-9.024,7.88,0.0,-1.144,-35.315,105.374,0.0,70.058
4.155951433931477,3966,0,8,1,0.0,-0.000268,0.007519,0.004855,15.344,12.0,110.12,-97.146,-207,-12,0.0,0.007,0.0,0.0,0.007,7.458,7.885,0.0,15.344,2.675,107.445,0.0,110.12
4.155951433931477,3971,0,8,1,0.0,-0.000281,0.007889,0.014843,-11.601,-5.0,94.087,-97.131,-191,5,0.0,0.007,0.0,0.0,0.007,-19.472,7.871,0.0,-11.601,-5.281,99.368,0.0,94.087
4.167098111007363,3976,0,8,1,0.0,-0.000215,0.006026,0.025665,-47.16,-5.0,44.568,-97.206,-141,5,0.0,0.006,0.0,0.0,0.006,-54.99,7.83,0.0,-47.16,-33.728,78.296,0.0,44.568
4.167098111007363,3981,0,8,1,0.0,-0.00019,0.005325,0.018976,-30.42,-35.0,80.88,-97.233,-178,3,0.0,0.005,0.0,0.0,0.005,-38.221,7.801,0.0,-30.42,3.663,77.216,0.0,80.88
4.177903043921106,3986,0,8,1,0.0,-0.000223,0.006245,-0.008609,49.424,27.0,118.361,-97.197,-215,-27,0.0,0.006,0.0,0.0,0.006,41.592,7.832,0.0,49.424,17.939,100.422,0.0,118.361
4.177903043921106,3991,0,8,1,0.0,-0.000234,0.006566,-0.012387,60.942,57.0,114.477,-97.184,-211,-57,0.0,0.006,0.0,0.0,0.006,53.07,7.872,0.0,60.942,3.154,111.323,0.0,114.477
4.189003794919699,3996,0,8,1,0.0,-0.000191,0.005372,-0.004104,34.426,12.0,131.475,-97.232,-228,-12,0.0,0.005,0.0,0.0,0.005,26.534,7.892,0.0,34.426,17.941,113.534,0.0,131.475
4.189003794919699,4001,0,8,1,0.0,-0.000192,0.005381,-0.005631,38.753,44.0,110.308,-97.231,-207,-43,0.0,0.005,0.0,0.0,0.005,30.837,7.915,0.0,38.753,-4.197,114.506,0.0,110.308
4.200964458985254,4006,0,8,1,0.0,-0.000184,0.005156,-0.006605,40.871,12.0,139.148,-97.24,-236,-12,0.0,0.005,0.0,0.0,0.005,32.931,7.939,0.0,40.871,23.096,116.052,0.0,139.148
4.200964458985254,4011,0,8,1,0.0,-0.000129,0.003615,0.002696,10.516,27.0,99.407,-97.302,-196,-27,0.0,0.003,0.0,0.0,0.003,2.574,7.941,0.0,10.516,-13.187,112.594,0.0,99.407
4.200964458985254,4016,0,8,1,0.0,-0.000102,0.002858,0.00485,2.359,11.0,97.859,-97.332,-195,-11,0.0,0.002,0.0,0.0,0.002,-5.577,7.936,0.0,2.359,-6.912,104.771,0.0,97.859
4.211849657003768,4021,0,8,1,0.0,-0.000111,0.00311,-0.008189,39.599,27.0,123.249,-97.322,-220,-44,0.0,0.003,0.0,0.0,0.003,31.638,7.96,0.0,39.599,10.079,113.17,0.0,123.249
4.223266215994954,4030,0,8,1,0.0,-0.000206,0.005792,0.002745,16.517,26.0,102.087,-97.215,-199,-26,0.0,0.005,0.0,0.0,0.005,8.531,7.985,0.0,16.517,-7.585,109.673,0.0,102.087
4.223266215994954,4035,0,8,1,0.0,-0.000289,0.008099,-0.008345,54.065,44.0,126.387,-97.123,-223,-44,0.0,0.008,0.0,0.0,0.008,46.044,8.02,0.0,54.065,8.052,118.335,0.0,126.387
4.234349406906404,4041,0,8,1,0.0,-0.000275,0.007717,0.003037,21.132,27.0,109.067,-97.138,-206,-13,0.0,0.007,0.0,0.0,0.007,13.101,8.03,0.0,21.132,-4.694,113.761,0.0,109.067
4.234349406906404,4046,0,8,1,0.0,-0.000241,0.006763,-0.000175,27.473,59.0,91.172,-97.176,-188,-59,0.0,0.006,0.0,0.0,0.006,19.428,8.044,0.0,27.473,-25.221,116.393,0.0,91.172
4.245875920983963,4051,0,8,1,0.0,-0.000253,0.007102,-0.023523,93.864,58.0,162.704,-97.163,-259,-58,0.0,0.007,0.0,0.0,0.007,85.755,8.109,0.0,93.864,28.691,134.013,0.0,162.704
4.245875920983963,4056,0,8,1,0.0,-0.000236,0.006616,-0.007805,48.521,59.0,120.565,-97.182,-217,-59,0.0,0.006,0.0,0.0,0.006,40.381,8.139,0.0,48.521,-8.383,128.948,0.0,120.565
4.245875920983963,4061,0,8,1,0.0,-0.000214,0.006017,-0.00577,41.17,44.0,123.576,-97.206,-220,-44,0.0,0.006,0.0,0.0,0.006,33.006,8.164,0.0,41.17,-2.263,125.84,0.0,123.576
4.257096476969309,4066,0,8,1,0.0,-0.000197,0.005528,-0.013303,60.933,44.0,147.845,-97.225,-245,-44,0.0,0.005,0.0,0.0,0.005,52.729,8.203,0.0,60.933,13.546,134.299,0.0,147.845
4.257096476969309,4071,0,8,1,0.0,-0.000171,0.004814,-0.000365,22.719,29.0,121.916,-97.254,-219,-29,0.0,0.004,0.0,0.0,0.004,14.505,8.214,0.0,22.719,-5.024,126.94,0.0,121.916
4.268035946995951,4076,0,8,1,0.0,-0.00022,0.006165,-0.005601,41.185,57.0,111.918,-97.2,-209,-57,0.0,0.006,0.0,0.0,0.006,32.945,8.239,0.0,41.185,-12.651,124.57,0.0,111.918
4.268035946995951,4081,0,8,1,0.0,-0.000209,0.005856,-0.001973,30.178,29.0,122.949,-97.212,-220,-29,0.0,0.005,0.0,0.0,0.005,21.922,8.255,0.0,30.178,0.942,122.006,0.0,122.949
4.2789449179545045,4086,0,8,1,0.0,-0.000247,0.006916,-0.003718,38.054,44.0,119.989,-97.17,-217,-44,0.0,0.006,0.0,0.0,0.006,29.776,8.278,0.0,38.054,-4.756,124.745,0.0,119.989
4.2789449179545045,4091,0,8,1,0.0,-0.000275,0.007709,-0.002244,36.17,27.0,131.597,-97.138,-228,-27,0.0,0.007,0.0,0.0,0.007,27.871,8.298,0.0,36.17,7.336,124.261,0.0,131.597
4.289983170921914,4096,0,8,1,0.0,-0.000275,0.007709,-0.005062,44.087,44.0,127.768,-97.138,-224,-44,0.0,0.007,0.0,0.0,0.007,35.762,8.324,0.0,44.087,0.069,127.698,0.0,127.768
4.289983170921914,4101,0,8,1,0.0,-0.000327,0.009159,-0.005449,49.263,43.0,135.702,-97.081,-232,-45,0.0,0.009,0.0,0.0,0.009,40.907,8.355,0.0,49.263,5.01,130.692,0.0,135.702
4.289983170921914,4106,0,8,1,0.0,-0.000361,0.01012,0.003346,27.336,43.0,109.492,-97.042,-206,-43,0.0,0.01,0.0,0.0,0.01,18.966,8.369,0.0,27.336,-12.53,122.023,0.0,109.492
4.301686394959688,4111,0,8,1,0.0,-0.000376,0.010539,-0.002505,44.923,43.0,124.519,-97.026,-221,-43,0.0,0.01,0.0,0.0,0.01,36.526,8.397,0.0,44.923,1.539,122.98,0.0,124.519
4.3129273349186406,4120,0,8,1,0.0,-0.000304,0.008534,-0.002149,38.378,29.0,142.936,-97.106,-240,-44,0.0,0.008,0.0,0.0,0.008,29.917,8.461,0.0,38.378,7.502,135.433,0.0,142.936
4.3129273349186406,4125,0,8,1,0.0,-0.000215,0.006041,0.002408,18.641,27.0,117.731,-97.205,-214,-27,0.0,0.006,0.0,0.0,0.006,10.172,8.468,0.0,18.641,-6.686,124.418,0.0,117.731
4.324360157945193,4131,0,8,1,0.0,-0.000183,0.005131,0.004596,9.966,27.0,102.239,-97.241,-199,-27,0.0,0.005,0.0,0.0,0.005,1.497,8.469,0.0,9.966,-13.626,115.865,0.0,102.239
4.324360157945193,4136,0,8,1,0.0,-0.00022,0.006176,0.00573,9.718,12.0,110.184,-97.2,-207,-12,0.0,0.006,0.0,0.0,0.006,1.248,8.47,0.0,9.718,-1.824,112.009,0.0,110.184
4.336292307940312,4141,0,8,1,0.0,-0.000287,0.008056,-0.002964,39.353,12.0,147.564,-97.125,-244,-27,0.0,0.008,0.0,0.0,0.008,30.859,8.493,0.0,39.353,21.882,125.681,0.0,147.564
4.336292307940312,4146,0,8,1,0.0,-0.000234,0.006573,0.002242,20.63,12.0,130.899,-97.184,-228,-12,0.0,0.006,0.0,0.0,0.006,12.127,8.502,0.0,20.63,6.904,123.995,0.0,130.899
4.336292307940312,4151,0,8,1,0.0,-0.00013,0.00365,0.009552,-8.035,29.0,80.951,-97.3,-178,-29,0.0,0.003,0.0,0.0,0.003,-16.525,8.49,0.0,-8.035,-29.628,110.58,0.0,80.951
4.347629172960296,4156,0,8,1,0.0,-0.000139,0.003904,-0.005517,34.891,12.0,136.969,-97.29,-234,-12,0.0,0.003,0.0,0.0,0.003,26.38,8.51,0.0,34.891,18.313,118.656,0.0,136.969
4.347629172960296,4161,0,8,1,0.0,-0.000179,0.005028,-0.000947,25.255,27.0,118.074,-97.245,-215,-44,0.0,0.005,0.0,0.0,0.005,16.732,8.522,0.0,25.255,-1.395,119.469,0.0,118.074
4.358689056942239,4166,0,8,1,0.0,-0.000104,0.002921,0.012637,-18.703,-34.0,108.161,-97.329,-205,34,0.0,0.002,0.0,0.0,0.002,-27.206,8.502,0.0,-18.703,12.237,95.924,0.0,108.161
4.358689056942239,4171,0,8,1,0.0,-0.000103,0.002889,0.009216,-9.225,13.0,81.036,-97.331,-178,-13,0.0,0.002,0.0,0.0,0.002,-17.715,8.489,0.0,-9.225,-17.78,98.817,0.0,81.036
4.36966929899063,4176,0,8,1,0.0,-0.000111,0.003111,0.004519,4.545,12.0,88.927,-97.322,-186,-12,0.0,0.003,0.0,0.0,0.003,-3.94,8.486,0.0,4.545,-5.963,94.89,0.0,88.927
4.36966929899063,4181,0,8,1,0.0,-0.000107,0.003,0.004652,3.859,-3.0,102.12,-97.326,-199,-12,0.0,0.003,0.0,0.0,0.003,-4.623,8.482,0.0,3.859,5.487,96.633,0.0,102.12
4.381075317971408,4186,0,8,1,0.0,-0.000131,0.003694,-0.006456,36.926,29.0,113.546,-97.298,-210,-29,0.0,0.003,0.0,0.0,0.003,28.422,8.503,0.0,36.926,6.34,107.205,0.0,113.546
4.381075317971408,4191,0,8,1,0.0,-0.000147,0.00414,-0.002095,25.976,12.0,119.949,-97.281,-217,-12,0.0,0.004,0.0,0.0,0.004,17.46,8.516,0.0,25.976,11.181,108.768,0.0,119.949
4.381075317971408,4196,0,8,1,0.0,-0.000136,0.003811,0.006371,1.34,12.0,94.912,-97.294,-192,-12,0.0,0.003,0.0,0.0,0.003,-7.17,8.511,0.0,1.34,-8.527,103.439,0.0,94.912
4.392289759940468,4201,0,8,1,0.0,-0.000118,0.003312,-0.003247,26.894,12.0,122.8,-97.314,-220,-29,0.0,0.003,0.0,0.0,0.003,18.37,8.524,0.0,26.894,11.915,110.884,0.0,122.8
4.403008320950903,4210,0,8,1,0.0,-0.000169,0.004747,-0.009324,47.946,43.0,116.586,-97.257,-213,-43,0.0,0.004,0.0,0.0,0.004,39.402,8.544,0.0,47.946,3.957,112.629,0.0,116.586
4.403008320950903,4215,0,8,1,0.0,-0.000166,0.004654,-0.003283,30.786,27.0,114.316,-97.26,-211,-27,0.0,0.004,0.0,0.0,0.004,22.225,8.56,0.0,30.786,3.029,111.287,0.0,114.316
4.414050990017131,4221,0,8,1,0.0,-0.000147,0.004131,0.014872,-21.537,12.0,66.187,-97.281,-163,3,0.0,0.004,0.0,0.0,0.004,-30.075,8.538,0.0,-21.537,-26.83,93.017,0.0,66.187
4.414050990017131,4226,0,8,1,0.0,-0.000132,0.0037,-0.000215,19.512,27.0,95.279,-97.298,-192,-27,0.0,0.003,0.0,0.0,0.003,10.965,8.546,0.0,19.512,-5.99,101.269,0.0,95.279
4.4251491979230195,4231,0,8,1,0.0,-9.1e-05,0.002575,0.008901,-9.179,-2.0,83.239,-97.343,-180,2,0.0,0.002,0.0,0.0,0.002,-17.712,8.533,0.0,-9.179,-5.743,88.983,0.0,83.239
4.4251491979230195,4236,0,8,1,0.0,-0.00013,0.003642,-0.004897,32.463,12.0,118.117,-97.301,-215,-12,0.0,0.003,0.0,0.0,0.003,23.912,8.551,0.0,32.463,16.37,101.747,0.0,118.117
4.4251491979230195,4241,0,8,1,0.0,-0.000135,0.003801,-0.004757,32.534,29.0,108.221,-97.294,-205,-11,0.0,0.003,0.0,0.0,0.003,23.965,8.569,0.0,32.534,2.827,105.393,0.0,108.221
4.4366662059910595,4246,0,8,1,0.0,-4.1e-05,0.001174,0.002961,3.563,12.0,94.826,-97.399,-192,-12,0.0,0.001,0.0,0.0,0.001,-5.001,8.565,0.0,3.563,-6.749,101.575,0.0,94.826
4.4366662059910595,4251,0,8,1,0.0,-7.3e-05,0.002064,0.012952,-21.943,-5.0,74.775,-97.363,-172,5,0.0,0.002,0.0,0.0,0.002,-30.485,8.542,0.0,-21.943,-13.554,88.33,0.0,74.775
4.447884485940449,4256,0,8,1,0.0,-6.7e-05,0.001877,0.010825,-16.529,10.0,56.813,-97.371,-154,-10,0.0,0.001,0.0,0.0,0.001,-25.053,8.523,0.0,-16.529,-21.223,78.037,0.0,56.813
4.447884485940449,4261,0,8,1,0.0,-0.000115,0.00323,0.006592,-0.899,-3.0,79.307,-97.317,-176,5,0.0,0.003,0.0,0.0,0.003,-9.415,8.516,0.0,-0.899,1.68,77.626,0.0,79.307
4.458785875001922,4266,0,8,1,0.0,-0.000119,0.003356,0.008313,-5.375,-3.0,75.303,-97.312,-172,3,0.0,0.003,0.0,0.0,0.003,-13.881,8.506,0.0,-5.375,-1.9,77.203,0.0,75.303
4.458785875001922,4271,0,8,1,0.0,-8.2e-05,0.002314,0.002518,7.934,-3.0,91.418,-97.353,-188,3,0.0,0.002,0.0,0.0,0.002,-0.571,8.505,0.0,7.934,8.747,82.67,0.0,91.418
4.469800957012922,4276,0,8,1,0.0,-0.000101,0.002848,2.6e-05,16.412,13.0,90.304,-97.332,-187,-13,0.0,0.002,0.0,0.0,0.002,7.9,8.511,0.0,16.412,2.729,87.575,0.0,90.304
4.469800957012922,4281,0,8,1,0.0,-0.000165,0.004642,-0.005104,35.821,11.0,119.142,-97.261,-216,-26,0.0,0.004,0.0,0.0,0.004,27.29,8.531,0.0,35.821,19.857,99.285,0.0,119.142
4.481235914980061,4286,0,8,1,0.0,-0.000198,0.005565,-0.007075,43.953,27.0,121.735,-97.224,-218,-27,0.0,0.005,0.0,0.0,0.005,35.395,8.557,0.0,43.953,13.562,108.173,0.0,121.735
4.481235914980061,4291,0,8,1,0.0,-0.000199,0.005585,-0.001285,27.812,13.0,122.961,-97.223,-220,-13,0.0,0.005,0.0,0.0,0.005,19.24,8.572,0.0,27.812,11.85,111.111,0.0,122.961
4.49216790299397,4300,0,8,1,0.0,-0.000293,0.008229,-0.005584,47.298,12.0,161.078,-97.118,-258,-44,0.0,0.008,0.0,0.0,0.008,38.679,8.619,0.0,47.298,28.238,132.839,0.0,161.078
4.49216790299397,4305,0,8,1,0.0,-0.000262,0.007342,0.003323,19.88,26.0,117.646,-97.153,-214,-26,0.0,0.007,0.0,0.0,0.007,11.252,8.627,0.0,19.88,-4.895,122.541,0.0,117.646
4.503171609016135,4311,0,8,1,0.0,-0.000283,0.007936,-0.003787,41.48,42.0,126.693,-97.129,-223,-42,0.0,0.007,0.0,0.0,0.007,32.828,8.652,0.0,41.48,-0.415,127.108,0.0,126.693
4.503171609016135,4316,0,8,1,0.0,-0.000296,0.008314,-0.000621,33.693,43.0,115.187,-97.114,-212,-43,0.0,0.008,0.0,0.0,0.008,25.021,8.671,0.0,33.693,-7.445,122.632,0.0,115.187
4.5141491669928655,4321,0,8,1,0.0,-0.000309,0.008662,-0.002037,38.653,12.0,153.845,-97.1,-250,-44,0.0,0.008,0.0,0.0,0.008,29.96,8.693,0.0,38.653,21.322,132.522,0.0,153.845
4.5141491669928655,4326,0,8,1,0.0,-0.000284,0.007959,0.004561,18.216,27.0,114.302,-97.128,-211,-27,0.0,0.007,0.0,0.0,0.007,9.515,8.7,0.0,18.216,-7.026,121.329,0.0,114.302
4.5251017910195515,4331,0,8,1,0.0,-0.000286,0.008032,-0.002362,37.827,44.0,118.4,-97.126,-215,-44,0.0,0.008,0.0,0.0,0.008,29.104,8.722,0.0,37.827,-4.937,123.338,0.0,118.4
4.5251017910195515,4336,0,8,1,0.0,-0.000308,0.008649,-0.000281,33.746,27.0,128.739,-97.101,-225,-27,0.0,0.008,0.0,0.0,0.008,25.004,8.741,0.0,33.746,5.396,123.342,0.0,128.739
4.5251017910195515,4341,0,8,1,0.0,-0.000299,0.008377,-0.004829,45.747,42.0,129.896,-97.112,-227,-44,0.0,0.008,0.0,0.0,0.008,36.978,8.769,0.0,45.747,2.998,126.898,0.0,129.896
4.536790055921301,4346,0,8,1,0.0,-0.000259,0.007266,-0.005359,44.148,42.0,128.886,-97.156,-226,-42,0.0,0.007,0.0,0.0,0.007,35.353,8.795,0.0,44.148,1.719,127.167,0.0,128.886
4.536790055921301,4351,0,8,1,0.0,-0.000231,0.006492,-0.000316,27.873,27.0,123.831,-97.187,-221,-27,0.0,0.006,0.0,0.0,0.006,19.063,8.809,0.0,27.873,0.699,123.132,0.0,123.831
4.547826716909185,4356,0,8,1,0.0,-0.000265,0.007429,-0.011859,62.857,44.0,151.039,-97.15,-248,-44,0.0,0.007,0.0,0.0,0.007,54.007,8.85,0.0,62.857,15.086,135.953,0.0,151.039
4.547826716909185,4361,0,8,1,0.0,-0.00026,0.007302,-0.002837,37.263,75.0,90.378,-97.155,-187,-27,0.0,0.007,0.0,0.0,0.007,28.391,8.871,0.0,37.263,-30.189,120.568,0.0,90.378
4.558907002909109,4366,0,8,1,0.0,-0.000236,0.006609,0.0126,-7.916,11.0,89.883,-97.182,-187,-11,0.0,0.006,0.0,0.0,0.006,-16.775,8.859,0.0,-7.916,-15.132,105.016,0.0,89.883
4.558907002909109,4371,0,8,1,0.0,-0.000235,0.006583,0.011233,-4.169,11.0,85.586,-97.183,-182,-11,0.0,0.006,0.0,0.0,0.006,-13.019,8.849,0.0,-4.169,-12.135,97.722,0.0,85.586
4.569649330922402,4376,0,8,1,0.0,-0.000279,0.007833,0.001832,25.664,11.0,116.783,-97.134,-213,-11,0.0,0.007,0.0,0.0,0.007,16.802,8.862,0.0,25.664,11.731,105.051,0.0,116.783
4.569649330922402,4381,0,8,1,0.0,-0.00032,0.00898,-0.010868,64.481,27.0,155.874,-97.088,-252,-44,0.0,0.008,0.0,0.0,0.008,55.577,8.903,0.0,64.481,29.985,125.888,0.0,155.874
4.5807962629478425,4390,0,8,1,0.0,-0.000238,0.006666,0.014039,-11.73,11.0,85.291,-97.18,-182,-11,0.0,0.006,0.0,0.0,0.006,-20.643,8.913,0.0,-11.73,-18.184,103.476,0.0,85.291
4.5807962629478425,4395,0,8,1,0.0,-0.000216,0.006059,0.004273,13.916,11.0,107.266,-97.204,-204,-11,0.0,0.006,0.0,0.0,0.006,4.998,8.917,0.0,13.916,2.332,104.933,0.0,107.266
4.591599187930115,4400,0,8,1,0.0,-0.00024,0.006721,-0.003264,36.898,29.0,116.918,-97.178,-214,-10,0.0,0.006,0.0,0.0,0.006,27.959,8.938,0.0,36.898,6.318,110.599,0.0,116.918
4.591599187930115,4406,0,8,1,0.0,-0.000256,0.007172,-0.009206,54.832,75.0,110.465,-97.16,-207,-75,0.0,0.007,0.0,0.0,0.007,45.86,8.972,0.0,54.832,-16.133,126.599,0.0,110.465
4.6026864419691265,4411,0,8,1,0.0,-0.000331,0.009292,-0.012214,69.237,43.0,151.099,-97.075,-248,-43,0.0,0.009,0.0,0.0,0.009,60.219,9.017,0.0,69.237,20.989,130.109,0.0,151.099
4.6026864419691265,4416,0,8,1,0.0,-0.000278,0.007792,-0.008636,55.052,44.0,144.652,-97.135,-241,-44,0.0,0.007,0.0,0.0,0.007,46.0,9.052,0.0,55.052,8.842,135.81,0.0,144.652
4.614057261962444,4421,0,8,1,0.0,-0.000242,0.006779,-0.001832,33.183,59.0,103.906,-97.176,-201,-27,0.0,0.006,0.0,0.0,0.006,24.113,9.07,0.0,33.183,-20.653,124.559,0.0,103.906
4.614057261962444,4426,0,8,1,0.0,-0.000241,0.006759,0.000332,27.078,44.0,109.358,-97.176,-206,-44,0.0,0.006,0.0,0.0,0.006,17.994,9.083,0.0,27.078,-13.536,122.895,0.0,109.358
4.6251141199609265,4431,0,8,1,0.0,-0.000235,0.006589,0.006109,10.43,11.0,112.882,-97.183,-210,-11,0.0,0.006,0.0,0.0,0.006,1.345,9.084,0.0,10.43,-0.455,113.338,0.0,112.882
4.6251141199609265,4436,0,8,1,0.0,-0.000216,0.006066,0.007023,6.403,27.0,89.73,-97.204,-186,-27,0.0,0.006,0.0,0.0,0.006,-2.679,9.082,0.0,6.403,-16.476,106.207,0.0,89.73
4.6251141199609265,4441,0,8,1,0.0,-0.000192,0.005397,-0.000972,26.931,12.0,123.928,-97.231,-221,-44,0.0,0.005,0.0,0.0,0.005,17.835,9.096,0.0,26.931,11.945,111.982,0.0,123.928
4.636392380925827,4446,1,8,6,0.0,-0.000174,0.004891,-0.003367,32.238,12.0,126.098,-97.251,-223,-12,0.0,0.004,0.0,0.0,0.004,23.124,9.113,0.0,32.238,16.19,109.907,0.0,126.098
4.636392380925827,4451,1,8,6,0.002741,-0.000198,0.082321,-0.011533,272.105,187.0,272.643,-97.224,-369,-187,0.0,0.082,0.0,0.0,0.082,262.794,9.31,0.0,272.105,68.084,204.558,0.0,272.643
4.64732191094663,4456,1,8,6,0.005479,-0.00019,0.15875,-0.004081,465.583,253.0,494.045,-97.234,-591,-253,0.0,0.158,0.0,0.0,0.158,455.93,9.652,0.0,465.583,170.066,323.979,0.0,494.045
4.64732191094663,4461,1,8,6,0.008212,-8.6e-05,0.23238,0.005236,646.115,318.0,751.528,-97.349,-848,-479,0.0,0.232,0.0,0.0,0.232,636.003,10.111,0.0,646.115,262.492,489.036,0.0,751.528
4.658254242967814,4466,1,8,6,0.010937,0.000107,0.303243,0.022802,795.935,558.0,831.172,-97.565,-928,-558,-0.104719,0.303,0.0,0.0,0.303,785.234,10.7,0.0,795.935,190.348,640.824,0.0,831.172
4.658254242967814,4471,1,8,6,0.013651,0.000495,0.368376,0.06565,858.968,653.0,938.758,-97.998,-1036,-653,-0.104719,0.368,0.0,0.0,0.368,847.632,11.336,0.0,858.968,164.774,773.983,0.0,938.758
4.669499598909169,4480,1,8,6,0.018501,0.001291,0.481862,0.116025,1037.198,799.0,1241.659,-98.887,-1340,-831,-0.209439,0.481,0.0,0.0,0.481,1024.342,12.856,0.0,1037.198,190.558,1051.1,0.0,1241.659
4.669499598909169,4485,1,8,6,0.02117,0.001855,0.540826,0.134369,1151.789,946.0,1364.693,-99.516,-1464,-946,-0.209439,0.54,0.0,0.0,0.54,1138.079,13.71,0.0,1151.789,164.631,1200.062,0.0,1364.693
4.681402401998639,4490,1,8,6,0.023819,0.002666,0.592276,0.164551,1212.236,995.0,1497.082,-100.421,-1597,-995,-0.314159,0.592,0.0,0.0,0.592,1197.628,14.608,0.0,1212.236,173.789,1323.293,0.0,1497.082
4.681402401998639,4496,1,8,6,0.026444,0.003745,0.635575,0.202476,1228.197,1029.0,1589.342,-101.625,-1690,-1029,-0.314159,0.635,0.0,0.0,0.635,1212.676,15.521,0.0,1228.197,159.358,1429.984,0.0,1589.342
4.692942371009849,4501,1,8,6,0.02956,0.005315,0.678854,0.256727,1198.362,1079.0,1590.522,-103.377,-1693,-1064,-0.314159,0.678,0.0,0.0,0.678,1181.955,16.407,0.0,1198.362,95.49,1495.032,0.0,1590.522
4.692942371009849,4506,1,8,6,0.032124,0.00677,0.709927,0.300992,1162.283,1084.0,1604.631,-105.0,-1709,-1084,-0.314159,0.709,0.0,0.0,0.709,1145.016,17.266,0.0,1162.283,62.626,1542.004,0.0,1604.631
4.7042883929098025,4511,1,8,6,0.034657,0.008185,0.74121,0.302314,1247.095,1175.0,1662.844,-106.58,-1769,-1175,-0.314159,0.741,0.0,0.0,0.741,1228.907,18.188,0.0,1247.095,57.676,1605.167,0.0,1662.844
4.7042883929098025,4516,1,8,6,0.037156,0.009506,0.774184,0.290223,1374.294,1217.0,1817.763,-108.054,-1925,-1217,-0.314159,0.774,0.0,0.0,0.774,1355.089,19.204,0.0,1374.294,125.835,1691.928,0.0,1817.763
4.7163494769483805,4521,1,8,6,0.039618,0.010887,0.804468,0.285986,1472.043,1251.0,1982.894,-109.594,-2092,-1312,-0.314159,0.804,0.0,0.0,0.804,1451.75,20.293,0.0,1472.043,176.834,1806.059,0.0,1982.894
4.7163494769483805,4526,1,8,6,0.04204,0.012617,0.823847,0.310977,1457.404,1304.0,2002.07,-111.525,-2113,-1304,-0.314159,0.823,0.0,0.0,0.823,1436.034,21.37,0.0,1457.404,122.723,1879.347,0.0,2002.07
4.7163494769483805,4531,1,8,6,0.044422,0.014729,0.831394,0.379558,1287.46,1237.0,1925.927,-113.881,-2039,-1237,-0.418879,0.831,0.0,0.0,0.831,1265.141,22.319,0.0,1287.46,40.368,1885.559,0.0,1925.927
4.7277222669217736,4536,1,8,6,0.046759,0.017117,0.829973,0.449471,1088.523,1168.0,1768.281,-116.546,-1884,-1168,-0.523598,0.829,0.0,0.0,0.829,1065.404,23.118,0.0,1088.523,-63.581,1831.862,0.0,1768.281
4.7277222669217736,4541,1,8,6,0.049051,0.019533,0.826477,0.465662,1034.159,1161.0,1666.033,-119.241,-1785,-1138,-0.523598,0.826,0.0,0.0,0.826,1010.283,23.876,0.0,1034.159,-101.472,1767.505,0.0,1666.033
4.738683283911087,4546,1,8,6,0.051293,0.021565,0.832383,0.43507,1137.186,1216.0,1694.602,-121.508,-1816,-1216,-0.523598,0.832,0.0,0.0,0.832,1112.476,24.71,0.0,1137.186,-63.05,1757.653,0.0,1694.602
4.738683283911087,4551,1,8,6,0.053486,0.023179,0.848598,0.367626,1372.403,1324.0,1851.872,-123.308,-1975,-1324,-0.418879,0.848,0.0,0.0,0.848,1346.721,25.682,0.0,1372.403,38.723,1813.149,0.0,1851.872
4.749656719970517,4556,1,8,6,0.055625,0.024558,0.869881,0.337972,1516.145,1361.0,2022.718,-124.847,-2147,-1361,-0.314159,0.869,0.0,0.0,0.869,1489.345,26.799,0.0,1516.145,124.116,1898.602,0.0,2022.718
4.749656719970517,4561,1,8,6,0.05771,0.02598,0.888442,0.324756,1606.304,1397.0,2175.203,-126.432,-2301,-1429,-0.418879,0.888,0.0,0.0,0.888,1578.321,27.982,0.0,1606.304,167.443,2007.759,0.0,2175.203
4.760799656971358,4570,1,8,6,0.061317,0.029749,0.883904,0.472672,1181.43,1208.0,1966.47,-130.637,-2097,-1208,-0.523598,0.883,0.0,0.0,0.883,1151.448,29.982,0.0,1181.43,-21.255,1987.725,0.0,1966.47
4.760799656971358,4575,1,8,6,0.063237,0.032679,0.855633,0.565151,843.94,1105.0,1627.415,-133.905,-1761,-1105,-0.523598,0.855,0.0,0.0,0.855,813.348,30.592,0.0,843.94,-208.847,1836.262,0.0,1627.415
4.772030533989891,4580,1,8,6,0.065095,0.035483,0.829141,0.562219,778.534,1085.0,1435.831,-137.031,-1572,-1057,-0.523598,0.829,0.0,0.0,0.829,747.381,31.152,0.0,778.534,-245.172,1681.003,0.0,1435.831
4.772030533989891,4586,1,8,6,0.066889,0.037637,0.81905,0.462476,1030.313,1195.0,1521.901,-139.433,-1661,-1195,-0.418879,0.819,0.0,0.0,0.819,998.408,31.904,0.0,1030.313,-131.749,1653.65,0.0,1521.901
4.782987857004628,4591,1,8,6,0.068954,0.039107,0.835703,0.312131,1499.007,1397.0,1846.637,-141.072,-1987,-1397,-0.314159,0.835,0.0,0.0,0.835,1466.003,33.004,0.0,1499.007,81.606,1765.031,0.0,1846.637
4.782987857004628,4596,1,8,6,0.0706,0.039853,0.860893,0.218329,1833.533,1517.0,2197.979,-141.905,-2339,-1517,-0.314159,0.86,0.0,0.0,0.86,1799.179,34.353,0.0,1833.533,253.226,1944.752,0.0,2197.979
4.793653416913003,4601,1,8,6,0.072176,0.041071,0.87094,0.229693,1831.191,1572.0,2287.535,-143.262,-2430,-1572,-0.314159,0.87,0.0,0.0,0.87,1795.491,35.7,0.0,1831.191,207.353,2080.181,0.0,2287.535
4.793653416913003,4606,1,8,6,0.073681,0.042889,0.862172,0.322047,1549.184,1407.0,2198.8,-145.289,-2344,-1407,-0.418879,0.862,0.0,0.0,0.862,1512.35,36.834,0.0,1549.184,113.747,2085.052,0.0,2198.8
4.804491574992426,4611,1,8,6,0.075113,0.045351,0.833348,0.432336,1160.512,1242.0,1932.584,-148.034,-2080,-1242,-0.418879,0.833,0.0,0.0,0.833,1122.835,37.676,0.0,1160.512,-65.189,1997.774,0.0,1932.584
4.804491574992426,4616,1,8,6,0.076472,0.047977,0.797848,0.504812,858.792,1153.0,1597.563,-150.961,-1748,-1153,-0.418879,0.797,0.0,0.0,0.797,820.5,38.292,0.0,858.792,-235.366,1832.929,0.0,1597.563
4.816013674950227,4621,1,8,6,0.077754,0.050421,0.76535,0.509421,755.43,1095.0,1384.841,-153.684,-1538,-1043,-0.418879,0.765,0.0,0.0,0.765,716.601,38.829,0.0,755.43,-271.655,1656.496,0.0,1384.841
4.816013674950227,4626,1,8,6,0.078961,0.052251,0.747864,0.4152,970.987,1183.0,1434.082,-155.724,-1589,-1183,-0.418879,0.747,0.0,0.0,0.747,931.459,39.528,0.0,970.987,-169.61,1603.692,0.0,1434.082
4.816013674950227,4631,1,8,6,0.080089,0.053105,0.755548,0.248371,1460.688,1396.0,1751.039,-156.675,-1907,-1396,-0.209439,0.755,0.0,0.0,0.755,1420.095,40.593,0.0,1460.688,51.75,1699.288,0.0,1751.039
4.8270835699513555,4636,1,8,6,0.081138,0.053524,0.773179,0.162676,1751.282,1449.0,2102.607,-157.143,-2259,-1449,-0.209439,0.773,0.0,0.0,0.773,1709.407,41.875,0.0,1751.282,241.825,1860.781,0.0,2102.607
4.8270835699513555,4641,1,8,6,0.082107,0.054332,0.777701,0.170638,1742.877,1542.0,2128.365,-158.042,-2286,-1506,-0.209439,0.777,0.0,0.0,0.777,1699.775,43.101,0.0,1742.877,160.701,1967.663,0.0,2128.365
4.838019908987917,4646,1,8,6,0.082995,0.055714,0.763868,0.249314,1484.93,1367.0,2062.804,-159.582,-2222,-1367,-0.418879,0.763,0.0,0.0,0.763,1440.748,44.182,0.0,1484.93,94.344,1968.459,0.0,2062.804
4.838019908987917,4651,1,8,6,0.083801,0.057819,0.727491,0.371236,1042.443,1155.0,1754.367,-161.928,-1916,-1155,-0.418879,0.727,0.0,0.0,0.727,997.513,44.93,0.0,1042.443,-90.045,1844.412,0.0,1754.367
4.849448959925212,4656,1,8,6,0.084524,0.060095,0.684009,0.426198,767.344,1105.0,1394.404,-164.463,-1558,-1105,-0.523598,0.684,0.0,0.0,0.684,721.872,45.471,0.0,767.344,-270.124,1664.529,0.0,1394.404
4.860945535008796,4665,1,8,6,0.085616,0.062871,0.63686,0.267621,1080.693,1222.0,1398.821,-167.554,-1566,-1222,0.0,0.636,0.0,0.0,0.636,1033.869,46.823,0.0,1080.693,-113.045,1511.866,0.0,1398.821
4.860945535008796,4670,1,8,6,0.086104,0.063223,0.640665,0.122302,1499.327,1389.0,1705.51,-167.947,-1873,-1389,0.0,0.64,0.0,0.0,0.64,1451.415,47.912,0.0,1499.327,88.262,1617.248,0.0,1705.51
4.860945535008796,4676,1,8,6,0.086507,0.063331,0.648941,0.051212,1722.815,1456.0,1977.928,-168.067,-2145,-1456,0.0,0.648,0.0,0.0,0.648,1673.642,49.172,0.0,1722.815,213.451,1764.476,0.0,1977.928
4.872124647954479,4681,1,8,6,0.086879,0.063911,0.643103,0.067313,1662.593,1482.0,2001.893,-168.712,-2170,-1464,0.0,0.643,0.0,0.0,0.643,1612.211,50.381,0.0,1662.593,144.474,1857.418,0.0,2001.893
4.872124647954479,4686,1,8,6,0.087094,0.064936,0.620422,0.154593,1355.68,1308.0,1856.81,-169.854,-2026,-1308,-0.209439,0.62,0.0,0.0,0.62,1304.32,51.36,0.0,1355.68,38.144,1818.665,0.0,1856.81
4.882976637920365,4691,1,8,6,0.087223,0.066384,0.583498,0.260374,956.786,1147.0,1522.955,-171.466,-1694,-1147,-0.314159,0.583,0.0,0.0,0.583,904.747,52.038,0.0,956.786,-152.17,1675.125,0.0,1522.955
4.882976637920365,4696,1,8,6,0.087266,0.067497,0.553535,0.256869,883.326,1166.0,1311.288,-172.705,-1483,-1166,-0.314159,0.553,0.0,0.0,0.553,830.664,52.661,0.0,883.326,-226.138,1537.427,0.0,1311.288
4.893996999016963,4701,1,8,6,0.087223,0.067855,0.5423,0.151778,1146.942,1108.0,1581.346,-173.104,-1754,-1294,0.0,0.542,0.0,0.0,0.542,1093.46,53.481,0.0,1146.942,31.154,1550.192,0.0,1581.346
4.893996999016963,4706,1,8,6,0.087094,0.067774,0.540955,0.052499,1422.184,1351.0,1665.332,-173.014,-1838,-1351,0.0,0.54,0.0,0.0,0.54,1367.676,54.507,0.0,1422.184,56.947,1608.384,0.0,1665.332
4.904967780923471,4711,1,8,6,0.086879,0.067995,0.528734,0.048621,1399.832,1342.0,1680.835,-173.26,-1854,-1342,0.0,0.528,0.0,0.0,0.528,1344.316,55.515,0.0,1399.832,46.265,1634.569,0.0,1680.835
4.904967780923471,4716,1,8,6,0.086578,0.068432,0.50809,0.037656,1373.719,1351.0,1665.709,-173.746,-1839,-1351,0.0,0.508,0.0,0.0,0.508,1317.216,56.503,0.0,1373.719,18.175,1647.533,0.0,1665.709
4.904967780923471,4721,1,8,6,0.086192,0.068847,0.485656,0.052531,1270.164,1342.0,1552.954,-174.208,-1727,-1280,0.0,0.485,0.0,0.0,0.485,1212.751,57.413,0.0,1270.164,-57.468,1610.422,0.0,1552.954
4.916659103007987,4726,1,8,6,0.08572,0.069059,0.466516,0.05605,1207.58,1267.0,1528.049,-174.444,-1702,-1267,0.0,0.466,0.0,0.0,0.466,1149.305,58.275,0.0,1207.58,-47.535,1575.585,0.0,1528.049
4.916659103007987,4731,1,8,6,0.085164,0.069029,0.451779,0.037067,1220.306,1267.0,1515.609,-174.411,-1690,-1267,0.0,0.451,0.0,0.0,0.451,1161.193,59.113,0.0,1220.306,-37.355,1552.964,0.0,1515.609
4.927490763948299,4736,1,8,6,0.084524,0.06888,0.438051,0.009413,1260.199,1267.0,1543.945,-174.245,-1718,-1267,0.0,0.438,0.0,0.0,0.438,1200.186,60.013,0.0,1260.199,-5.44,1549.385,0.0,1543.945
4.927490763948299,4741,1,8,6,0.083801,0.068917,0.416754,0.00029,1226.986,1268.0,1496.026,-174.286,-1670,-1245,0.0,0.416,0.0,0.0,0.416,1166.098,60.887,0.0,1226.986,-32.811,1528.837,0.0,1496.026
4.938457972952165,4746,1,8,6,0.082995,0.069106,0.388891,0.003635,1140.415,1183.0,1447.464,-174.496,-1621,-1183,0.0,0.388,0.0,0.0,0.388,1078.718,61.696,0.0,1140.415,-34.067,1481.532,0.0,1447.464
4.949328836984932,4755,1,8,6,0.081338,0.069132,0.341767,-0.000294,1020.965,1117.0,1302.283,-174.526,-1476,-1117,0.0,0.341,0.0,0.0,0.341,957.774,63.191,0.0,1020.965,-76.827,1379.111,0.0,1302.283
4.949328836984932,4760,1,8,6,0.080305,0.068965,0.317527,-0.018667,1005.244,1081.0,1277.035,-174.339,-1451,-1063,0.0,0.317,0.0,0.0,0.317,941.347,63.897,0.0,1005.244,-60.604,1337.64,0.0,1277.035
4.960916833020747,4766,1,8,6,0.079192,0.068917,0.287717,-0.014644,911.147,997.0,1199.195,-174.286,-1373,-997,0.0,0.287,0.0,0.0,0.287,846.613,64.534,0.0,911.147,-68.681,1267.877,0.0,1199.195
4.960916833020747,4771,1,8,6,0.077754,0.069053,0.243633,0.00167,742.537,905.0,1028.978,-174.438,-1203,-905,0.0,0.243,0.0,0.0,0.243,677.494,65.042,0.0,742.537,-129.97,1158.948,0.0,1028.978
4.960916833020747,4776,1,8,6,0.076472,0.06897,0.210035,-0.014371,693.855,855.0,940.313,-174.346,-1114,-855,0.0,0.21,0.0,0.0,0.21,628.341,65.514,0.0,693.855,-128.915,1069.228,0.0,940.313
4.971860197954811,4781,1,8,6,0.075113,0.068747,0.178256,-0.037681,670.592,833.0,855.568,-174.097,-1029,-781,0.0,0.178,0.0,0.0,0.178,604.625,65.967,0.0,670.592,-129.925,985.494,0.0,855.568
4.971860197954811,4786,1,8,6,0.073681,0.06851,0.144799,-0.041931,589.207,717.0,793.692,-173.833,-967,-717,0.0,0.144,0.0,0.0,0.144,522.847,66.359,0.0,589.207,-102.234,895.926,0.0,793.692
4.983028434915468,4791,1,8,6,0.072176,0.068308,0.108287,-0.057573,531.118,631.0,741.845,-173.609,-915,-631,0.0,0.108,0.0,0.0,0.108,464.41,66.708,0.0,531.118,-79.904,821.75,0.0,741.845
4.983028434915468,4796,1,8,6,0.0706,0.06803,0.07195,-0.072137,470.457,631.0,612.985,-173.299,-786,-631,0.0,0.071,0.0,0.0,0.071,403.447,67.01,0.0,470.457,-128.433,741.419,0.0,612.985
4.9940333779668435,4801,1,8,6,0.068954,0.067684,0.03554,-0.067157,354.782,565.0,460.65,-172.914,-633,-481,0.0,0.035,0.0,0.0,0.035,287.555,67.226,0.0,354.782,-168.174,628.825,0.0,460.65
4.9940333779668435,4806,1,8,6,0.067239,0.067355,-0.003243,-0.068983,251.434,409.0,396.527,-172.548,-569,-409,0.0,-0.003,0.0,0.0,-0.003,184.07,67.364,0.0,251.434,-126.052,522.58,0.0,396.527
5.004931512987241,4811,1,8,6,0.065459,0.066797,-0.037458,-0.108197,265.582,409.0,336.108,-171.926,-508,-409,0.0,-0.037,0.0,0.0,-0.037,198.069,67.512,0.0,265.582,-114.733,450.842,0.0,336.108
5.004931512987241,4816,1,8,6,0.063614,0.066106,-0.069789,-0.131525,240.503,348.0,298.87,-171.157,-470,-348,0.0,-0.069,0.0,0.0,-0.069,172.861,67.642,0.0,240.503,-85.997,384.867,0.0,298.87
5.004931512987241,4821,1,8,6,0.061706,0.065508,-0.106444,-0.126724,124.468,329.0,120.707,-170.491,-291,-238,0.0,-0.106,0.0,0.0,-0.106,56.784,67.683,0.0,124.468,-163.625,284.332,0.0,120.707
5.016988246003166,4826,1,8,6,0.059737,0.064871,-0.143741,-0.135161,43.641,191.0,73.173,-169.782,-242,-191,0.0,-0.143,0.0,0.0,-0.143,-24.023,67.665,0.0,43.641,-117.886,191.06,0.0,73.173
5.016988246003166,4831,1,8,6,0.05771,0.06403,-0.176968,-0.165951,36.794,136.0,44.553,-168.845,-213,-136,0.0,-0.176,0.0,0.0,-0.176,-30.848,67.642,0.0,36.794,-79.364,123.918,0.0,44.553
5.028115849010646,4836,1,8,6,0.055625,0.063121,-0.209893,-0.170733,-42.087,117.0,-87.038,-167.833,-80,-117,0.0,-0.209,0.0,0.0,-0.209,-109.647,67.56,0.0,-42.087,-127.269,40.23,0.0,-87.038
5.038881373940967,4845,1,8,6,0.051736,0.06139,-0.270309,-0.21026,-100.824,33.0,-228.086,-165.905,62,-33,0.209439,-0.27,0.0,0.0,-0.27,-168.135,67.31,0.0,-100.824,-107.059,-121.026,0.0,-228.086
5.038881373940967,4850,1,8,6,0.049503,0.060156,-0.29829,-0.264641,-26.976,33.0,-198.981,-164.531,34,-33,0.209439,-0.298,0.0,0.0,-0.298,-94.216,67.24,0.0,-26.976,-47.981,-151.0,0.0,-198.981
5.050083354930393,4856,1,8,6,0.047221,0.058676,-0.320741,-0.303215,18.128,64.0,-204.46,-162.882,41,-64,0.314159,-0.32,0.0,0.0,-0.32,-49.074,67.203,0.0,18.128,-36.696,-167.763,0.0,-204.46
5.050083354930393,4861,1,8,6,0.044422,0.056843,-0.347809,-0.322261,-4.385,51.0,-241.192,-160.841,80,-36,0.314159,-0.347,0.0,0.0,-0.347,-71.535,67.149,0.0,-4.385,-44.308,-196.883,0.0,-241.192
5.050083354930393,4866,1,8,6,0.04204,0.055074,-0.364927,-0.370305,82.22,86.0,-181.799,-158.869,22,-86,0.314159,-0.364,0.0,0.0,-0.364,15.06,67.16,0.0,82.22,-3.023,-178.775,0.0,-181.799
5.061531535931863,4871,1,8,6,0.039618,0.053141,-0.378651,-0.403805,137.642,99.0,-124.651,-156.715,-32,-99,0.314159,-0.378,0.0,0.0,-0.378,70.429,67.213,0.0,137.642,30.914,-155.566,0.0,-124.651
5.061531535931863,4876,1,8,6,0.037156,0.051178,-0.392624,-0.389807,59.319,72.0,-176.938,-154.528,22,-72,0.314159,-0.392,0.0,0.0,-0.392,-7.888,67.207,0.0,59.319,-10.144,-166.793,0.0,-176.938
5.072465447941795,4881,1,8,6,0.034657,0.0493,-0.410005,-0.365466,-57.595,80.0,-344.747,-152.435,192,3,0.314159,-0.41,0.0,0.0,-0.41,-124.709,67.114,0.0,-57.595,-110.076,-234.671,0.0,-344.747
5.072465447941795,4886,1,8,6,0.032124,0.047413,-0.428093,-0.396957,-20.132,43.0,-298.331,-150.333,147,-43,0.314159,-0.428,0.0,0.0,-0.428,-87.18,67.048,0.0,-20.132,-50.505,-247.825,0.0,-298.331
5.0835558959515765,4891,1,8,6,0.02956,0.045119,-0.43566,-0.455827,123.56,106.0,-207.301,-147.775,59,-106,0.418879,-0.435,0.0,0.0,-0.435,56.469,67.091,0.0,123.56,14.048,-221.35,0.0,-207.301
5.0835558959515765,4896,1,8,6,0.026966,0.042714,-0.440929,-0.483688,186.905,98.0,-107.389,-145.094,-37,-98,0.418879,-0.44,0.0,0.0,-0.44,119.724,67.18,0.0,186.905,71.124,-178.513,0.0,-107.389
5.0943865339504555,4901,1,8,6,0.024346,0.040633,-0.456047,-0.460375,79.308,96.0,-200.44,-142.774,57,-51,0.418879,-0.456,0.0,0.0,-0.456,12.118,67.189,0.0,79.308,-13.353,-187.087,0.0,-200.44
5.0943865339504555,4906,1,8,6,0.021702,0.038798,-0.478699,-0.411963,-119.809,-88.0,-281.374,-140.728,140,88,0.314159,-0.478,0.0,0.0,-0.478,-186.859,67.049,0.0,-119.809,-25.447,-255.926,0.0,-281.374
5.1059892979683354,4911,1,8,6,0.019036,0.037071,-0.50498,-0.398633,-230.935,-114.0,-413.484,-138.802,274,114,0.314159,-0.504,0.0,0.0,-0.504,-297.77,66.834,0.0,-230.935,-93.548,-319.935,0.0,-413.484
5.1059892979683354,4916,1,8,6,0.016352,0.035222,-0.528382,-0.389795,-321.499,-168.0,-531.251,-136.741,394,168,0.314159,-0.528,0.0,0.0,-0.528,-388.043,66.543,0.0,-321.499,-122.799,-408.451,0.0,-531.251
5.1059892979683354,4921,1,8,6,0.013651,0.033233,-0.548294,-0.405268,-334.229,-150.0,-645.518,-134.522,510,179,0.314159,-0.548,0.0,0.0,-0.548,-400.473,66.243,0.0,-334.229,-147.383,-498.134,0.0,-645.518
5.117527637979947,4926,1,8,6,0.010937,0.030738,-0.554431,-0.504776,-72.895,15.0,-531.494,-131.74,399,-15,0.418879,-0.554,0.0,0.0,-0.554,-139.035,66.139,0.0,-72.895,-70.316,-461.177,0.0,-531.494
5.128842448000796,4935,1,8,6,0.006026,0.024795,-0.525536,-0.65582,431.351,178.0,-17.107,-125.111,-108,-178,0.523598,-0.525,0.0,0.0,-0.525,364.794,66.556,0.0,431.351,202.681,-219.788,0.0,-17.107
5.128842448000796,4940,1,8,6,0.003289,0.021541,-0.511056,-0.626483,389.994,208.0,19.638,-121.48,-141,-213,0.523598,-0.511,0.0,0.0,-0.511,323.195,66.798,0.0,389.994,145.595,-125.956,0.0,19.638
5.140153378946707,4946,1,8,6,0.000548,0.01883,-0.511906,-0.545092,159.789,67.0,-63.84,-118.457,-54,-67,0.418879,-0.511,0.0,0.0,-0.511,92.92,66.868,0.0,159.789,74.231,-138.072,0.0,-63.84
5.140153378946707,4951,1,8,6,-0.002741,0.016204,-0.530469,-0.462192,-124.447,-52.0,-267.904,-115.526,152,52,0.418879,-0.53,0.0,0.0,-0.53,-191.173,66.725,0.0,-124.447,-57.958,-209.946,0.0,-267.904
5.140153378946707,4956,1,8,6,-0.005479,0.014386,-0.55624,-0.409155,-345.422,-147.0,-485.034,-113.498,371,147,0.418879,-0.556,0.0,0.0,-0.556,-411.839,66.416,0.0,-345.422,-158.737,-326.296,0.0,-485.034
5.152227693004534,4961,1,8,6,-0.008212,0.012647,-0.584073,-0.402123,-443.426,-179.0,-673.529,-111.558,561,245,0.418879,-0.584,0.0,0.0,-0.584,-509.461,66.034,0.0,-443.426,-211.541,-461.988,0.0,-673.529
5.152227693004534,4966,1,8,6,-0.010937,0.010575,-0.602349,-0.466379,-314.966,-162.0,-627.593,-109.246,518,162,0.418879,-0.602,0.0,0.0,-0.602,-380.715,65.748,0.0,-314.966,-122.373,-505.219,0.0,-627.593
5.163195529952645,4971,1,8,6,-0.013651,0.007768,-0.599774,-0.581266,13.888,-22.0,-419.22,-106.115,313,22,0.523598,-0.599,0.0,0.0,-0.599,-51.821,65.71,0.0,13.888,28.71,-447.931,0.0,-419.22
5.163195529952645,4976,1,8,6,-0.016352,0.004575,-0.585965,-0.617953,155.342,-34.0,-204.172,-102.551,101,34,0.523598,-0.585,0.0,0.0,-0.585,89.565,65.777,0.0,155.342,151.474,-355.646,0.0,-204.172
5.174055238021538,4981,1,8,6,-0.019036,0.001768,-0.582532,-0.557175,-5.276,10.0,-370.531,-99.419,271,100,0.523598,-0.582,0.0,0.0,-0.582,-71.0,65.724,0.0,-5.276,-12.221,-358.309,0.0,-370.531
5.174055238021538,4986,1,8,6,-0.021702,-0.000613,-0.590479,-0.481346,-240.076,-180.0,-466.847,-96.761,370,180,0.523598,-0.59,0.0,0.0,-0.59,-305.571,65.494,0.0,-240.076,-48.061,-418.785,0.0,-466.847
5.186195767018944,4991,1,8,6,-0.024346,-0.002888,-0.600838,-0.451966,-351.658,-243.0,-578.749,-94.223,484,243,0.523598,-0.6,0.0,0.0,-0.6,-416.84,65.182,0.0,-351.658,-86.926,-491.823,0.0,-578.749
5.186195767018944,4996,1,8,6,-0.026966,-0.005345,-0.605385,-0.4664,-324.267,-228.0,-613.914,-91.481,522,228,0.523598,-0.605,0.0,0.0,-0.605,-389.158,64.89,0.0,-324.267,-77.014,-536.9,0.0,-613.914
5.186195767018944,5001,1,8,6,-0.02956,-0.007891,-0.606743,-0.499089,-236.766,-244.0,-529.257,-88.641,440,179,0.628318,-0.606,0.0,0.0,-0.606,-301.431,64.664,0.0,-236.766,5.786,-535.044,0.0,-529.257
5.1972125029424205,5006,1,8,6,-0.032124,-0.010576,-0.603354,-0.545871,-96.404,-163.0,-443.343,-85.644,357,163,0.628318,-0.603,0.0,0.0,-0.603,-160.952,64.548,0.0,-96.404,53.276,-496.62,0.0,-443.343
5.1972125029424205,5011,1,8,6,-0.034657,-0.013215,-0.600393,-0.551933,-71.242,-180.0,-360.638,-82.7,277,180,0.628318,-0.6,0.0,0.0,-0.6,-135.689,64.446,0.0,-71.242,87.005,-447.644,0.0,-360.638
5.208138069952838,5016,1,8,6,-0.037156,-0.015266,-0.612923,-0.459686,-364.939,-377.0,-475.04,-80.412,394,377,0.628318,-0.612,0.0,0.0,-0.612,-429.063,64.124,0.0,-364.939,9.648,-484.689,0.0,-475.04
5.218960530939512,5025,1,8,6,-0.041559,-0.017087,-0.685231,-0.223638,-1230.022,-883.0,-1240.133,-78.38,1161,883,0.314159,-0.685,0.0,0.0,-0.685,-1292.461,62.438,0.0,-1230.022,-277.618,-962.515,0.0,-1240.133
5.218960530939512,5030,1,8,6,-0.043949,-0.018198,-0.72102,-0.251123,-1254.26,-908.0,-1420.011,-77.14,1342,908,0.314159,-0.721,0.0,0.0,-0.721,-1315.712,61.451,0.0,-1254.26,-277.008,-1143.002,0.0,-1420.011
5.230116271995939,5035,1,8,6,-0.046295,-0.020227,-0.729918,-0.371998,-941.475,-828.0,-1274.208,-74.877,1199,828,0.314159,-0.729,0.0,0.0,-0.729,-1002.175,60.7,0.0,-941.475,-90.78,-1183.428,0.0,-1274.208
5.230116271995939,5041,1,8,6,-0.048596,-0.022717,-0.72461,-0.470793,-650.521,-766.0,-1027.014,-72.098,954,669,0.628318,-0.724,0.0,0.0,-0.724,-710.686,60.164,0.0,-650.521,92.382,-1119.397,0.0,-1027.014
5.230116271995939,5046,1,8,6,-0.051293,-0.0258,-0.713804,-0.509273,-512.95,-626.0,-955.148,-68.659,886,626,0.628318,-0.713,0.0,0.0,-0.713,-572.686,59.735,0.0,-512.95,90.439,-1045.588,0.0,-955.148
5.242131598992273,5051,1,8,6,-0.053486,-0.028068,-0.711703,-0.48321,-580.524,-674.0,-938.376,-66.13,872,674,0.523598,-0.711,0.0,0.0,-0.711,-639.78,59.255,0.0,-580.524,74.78,-1013.156,0.0,-938.376
5.242131598992273,5056,1,8,6,-0.055625,-0.029972,-0.718296,-0.407919,-810.452,-783.0,-1068.448,-64.006,1004,783,0.418879,-0.718,0.0,0.0,-0.718,-869.056,58.603,0.0,-810.452,-21.961,-1046.486,0.0,-1068.448
5.252961377962492,5061,1,8,6,-0.05771,-0.031586,-0.731469,-0.346023,-1021.454,-789.0,-1349.194,-62.206,1286,898,0.314159,-0.731,0.0,0.0,-0.731,-1079.248,57.794,0.0,-1021.454,-185.963,-1163.231,0.0,-1349.194
5.252961377962492,5066,1,8,6,-0.059738,-0.033138,-0.744789,-0.330111,-1104.174,-886.0,-1441.885,-60.475,1381,886,0.314159,-0.744,0.0,0.0,-0.744,-1161.098,56.923,0.0,-1104.174,-174.539,-1267.346,0.0,-1441.885
5.263987488928251,5071,1,8,6,-0.061706,-0.035433,-0.735642,-0.458885,-718.577,-645.0,-1295.157,-57.915,1237,645,0.418879,-0.735,0.0,0.0,-0.735,-774.919,56.342,0.0,-718.577,-58.861,-1236.295,0.0,-1295.157
5.263987488928251,5076,1,8,6,-0.063614,-0.038643,-0.699198,-0.614715,-180.389,-476.0,-818.16,-54.337,763,476,0.628318,-0.699,0.0,0.0,-0.699,-236.554,56.164,0.0,-180.389,236.488,-1054.648,0.0,-818.16
5.275088866008446,5081,1,8,6,-0.065459,-0.042291,-0.648704,-0.701182,203.214,-355.0,-315.323,-50.269,265,123,0.628318,-0.648,0.0,0.0,-0.648,146.939,56.275,0.0,203.214,446.571,-761.895,0.0,-315.323
5.275088866008446,5086,1,8,6,-0.067239,-0.045682,-0.603607,-0.679642,269.33,-115.0,-259.25,-46.489,212,115,0.628318,-0.603,0.0,0.0,-0.603,212.896,56.434,0.0,269.33,307.464,-566.715,0.0,-259.25
5.275088866008446,5091,1,8,6,-0.068954,-0.048163,-0.582135,-0.552903,-25.477,-225.0,-340.106,-43.723,296,225,0.418879,-0.582,0.0,0.0,-0.582,-81.851,56.373,0.0,-25.477,159.617,-499.724,0.0,-340.106
5.287120544002391,5096,1,8,6,-0.0706,-0.049854,-0.580871,-0.424791,-380.968,-345.0,-569.743,-41.839,527,345,0.314159,-0.58,0.0,0.0,-0.58,-437.026,56.058,0.0,-380.968,-28.774,-540.968,0.0,-569.743
5.287120544002391,5101,1,8,6,-0.072176,-0.051268,-0.585424,-0.347466,-610.722,-335.0,-897.99,-40.263,857,529,0.314159,-0.585,0.0,0.0,-0.585,-666.28,55.558,0.0,-610.722,-220.577,-677.412,0.0,-897.99
5.298090479918756,5106,1,8,6,-0.073681,-0.052929,-0.581064,-0.361028,-561.003,-363.0,-865.514,-38.412,827,363,0.314159,-0.581,0.0,0.0,-0.581,-616.1,55.096,0.0,-561.003,-158.403,-707.111,0.0,-865.514
5.309658102924004,5115,1,8,6,-0.076206,-0.057623,-0.520338,-0.595669,266.014,-22.0,-235.987,-33.183,202,22,0.418879,-0.52,0.0,0.0,-0.52,210.925,55.089,0.0,266.014,230.411,-466.399,0.0,-235.987
5.309658102924004,5120,1,8,6,-0.077504,-0.060893,-0.465095,-0.649081,570.637,33.0,237.74,-29.539,-267,-202,0.418879,-0.465,0.0,0.0,-0.465,515.161,55.475,0.0,570.637,430.109,-192.368,0.0,237.74
5.309658102924004,5125,1,8,6,-0.078726,-0.063647,-0.422198,-0.555476,428.933,81.0,211.243,-26.473,-237,-81,0.418879,-0.422,0.0,0.0,-0.422,373.178,55.755,0.0,428.933,278.346,-67.103,0.0,211.243
5.321810966008343,5131,1,8,6,-0.079869,-0.065217,-0.410265,-0.356324,-95.393,-153.0,-62.744,-24.725,38,153,0.314159,-0.41,0.0,0.0,-0.41,-151.034,55.641,0.0,-95.393,46.085,-108.83,0.0,-62.744
5.321810966008343,5136,1,8,6,-0.081138,-0.065742,-0.431073,-0.176252,-658.393,-305.0,-595.642,-24.14,571,305,0.104719,-0.431,0.0,0.0,-0.431,-713.5,55.106,0.0,-658.393,-282.714,-312.927,0.0,-595.642
5.332866001990624,5141,1,8,6,-0.082107,-0.066124,-0.447529,-0.123244,-853.571,-407.0,-904.665,-23.715,880,491,0.104719,-0.447,0.0,0.0,-0.447,-907.997,54.425,0.0,-853.571,-357.257,-547.407,0.0,-904.665
5.332866001990624,5146,1,8,6,-0.082995,-0.067233,-0.441324,-0.208192,-598.835,-323.0,-838.703,-22.48,816,323,0.104719,-0.441,0.0,0.0,-0.441,-652.771,53.935,0.0,-598.835,-220.668,-618.035,0.0,-838.703
5.343925399007276,5151,1,8,6,-0.083801,-0.069518,-0.399936,-0.401406,58.055,-21.0,-430.398,-19.937,410,21,0.314159,-0.399,0.0,0.0,-0.399,4.116,53.939,0.0,58.055,63.244,-493.643,0.0,-430.398
5.343925399007276,5156,1,8,6,-0.084524,-0.072579,-0.334475,-0.551285,661.463,130.0,227.056,-16.529,-243,-130,0.314159,-0.334,0.0,0.0,-0.334,607.069,54.394,0.0,661.463,425.171,-198.114,0.0,227.056
5.354805057984777,5161,1,8,6,-0.085164,-0.07535,-0.274787,-0.552547,832.705,227.0,600.143,-13.445,-613,-346,0.0,-0.274,0.0,0.0,-0.274,777.727,54.977,0.0,832.705,484.564,115.579,0.0,600.143
5.354805057984777,5166,1,8,6,-0.08572,-0.076933,-0.246052,-0.36232,380.771,77.0,407.94,-11.685,-419,-77,0.0,-0.246,0.0,0.0,-0.246,325.549,55.221,0.0,380.771,243.016,164.924,0.0,407.94
5.366322612971999,5171,1,8,6,-0.086192,-0.076936,-0.259168,-0.100789,-388.573,-215.0,-147.652,-11.682,135,215,0.0,-0.259,0.0,0.0,-0.259,-443.462,54.889,0.0,-388.573,-138.858,-8.793,0.0,-147.652
5.366322612971999,5176,1,8,6,-0.086578,-0.076712,-0.276249,-0.031579,-630.699,-269.0,-489.702,-11.931,477,269,0.0,-0.276,0.0,0.0,-0.276,-685.075,54.375,0.0,-630.699,-289.359,-200.342,0.0,-489.702
5.366322612971999,5181,1,8,6,-0.086879,-0.077163,-0.272038,-0.068714,-515.358,-348.0,-426.738,-11.429,415,233,0.0,-0.272,0.0,0.0,-0.272,-569.307,53.948,0.0,-515.358,-133.886,-292.851,0.0,-426.738
5.378220075974241,5186,1,8,6,-0.087094,-0.078056,-0.253066,-0.135986,-274.111,-148.0,-420.532,-10.435,410,148,0.0,-0.253,0.0,0.0,-0.253,-327.823,53.711,0.0,-274.111,-100.889,-319.643,0.0,-420.532
5.378220075974241,5191,1,8,6,-0.087223,-0.079512,-0.215916,-0.262421,184.023,121.0,-151.931,-8.816,143,-121,0.209439,-0.215,0.0,0.0,-0.215,130.214,53.809,0.0,184.023,50.419,-202.35,0.0,-151.931
5.389110935968347,5196,1,8,6,-0.087266,-0.081413,-0.163879,-0.377167,651.465,237.0,361.764,-6.701,-368,-237,0.209439,-0.163,0.0,0.0,-0.163,597.208,54.257,0.0,651.465,331.572,30.192,0.0,361.764
5.400983536965214,5205,1,8,6,-0.087126,-0.083793,-0.093343,-0.189771,324.946,112.0,431.248,-4.055,-435,-112,0.0,-0.093,0.0,0.0,-0.093,269.999,54.947,0.0,324.946,170.357,260.891,0.0,431.248
5.400983536965214,5210,1,8,6,-0.086929,-0.083676,-0.091075,-0.026545,-125.87,14.0,49.485,-4.185,-53,-14,0.0,-0.091,0.0,0.0,-0.091,-180.682,54.811,0.0,-125.87,-111.896,161.382,0.0,49.485
5.400983536965214,5215,1,8,6,-0.086645,-0.083627,-0.0845,-0.018051,-131.384,-52.0,44.881,-4.239,-49,52,0.0,-0.084,0.0,0.0,-0.084,-186.056,54.672,0.0,-131.384,-63.507,108.389,0.0,44.881
5.412529699970037,5221,1,8,6,-0.086276,-0.084061,-0.062016,-0.024586,-50.21,-17.0,68.524,-3.757,-72,-13,0.0,-0.062,0.0,0.0,-0.062,-104.803,54.593,0.0,-50.21,-26.568,95.092,0.0,68.524
5.412529699970037,5226,1,8,6,-0.08572,-0.084377,-0.037599,-0.028101,27.979,32.0,97.469,-3.405,-100,-32,0.0,-0.037,0.0,0.0,-0.037,-26.593,54.573,0.0,27.979,-3.216,100.686,0.0,97.469
5.423496685922146,5231,1,8,6,-0.085164,-0.084504,-0.018498,-0.051335,146.586,125.0,156.632,-3.264,-159,-125,0.0,-0.018,0.0,0.0,-0.018,91.944,54.642,0.0,146.586,17.269,139.363,0.0,156.632
5.423496685922146,5236,1,8,6,-0.084524,-0.084764,0.006713,-0.055337,228.517,112.0,288.457,-2.975,-291,-112,0.0,0.006,0.0,0.0,0.006,173.745,54.772,0.0,228.517,93.214,195.243,0.0,288.457
5.434873115969822,5241,1,8,6,-0.083801,-0.084934,0.031715,-0.020436,200.907,144.0,272.811,-2.786,-275,-126,0.0,0.031,0.0,0.0,0.031,146.025,54.882,0.0,200.907,45.525,227.286,0.0,272.811
5.434873115969822,5246,1,8,6,-0.082995,-0.084965,0.055151,0.02042,152.201,112.0,273.935,-2.752,-276,-112,0.0,0.055,0.0,0.0,0.055,97.246,54.954,0.0,152.201,32.161,241.774,0.0,273.935
5.434873115969822,5251,1,8,6,-0.082107,-0.085082,0.083298,0.002503,281.351,209.0,363.051,-2.622,-365,-209,0.0,0.083,0.0,0.0,0.083,226.226,55.124,0.0,281.351,57.881,305.17,0.0,363.051
5.446933589992113,5256,1,8,6,-0.081138,-0.085246,0.115041,-0.005943,394.138,272.0,476.505,-2.438,-478,-272,0.0,0.115,0.0,0.0,0.115,338.76,55.378,0.0,394.138,97.711,378.794,0.0,476.505
5.446933589992113,5261,1,8,6,-0.080089,-0.085134,0.141255,0.013342,413.806,293.0,538.157,-2.564,-540,-343,0.0,0.141,0.0,0.0,0.141,358.158,55.647,0.0,413.806,96.644,441.512,0.0,538.157
5.457803703960963,5266,1,8,6,-0.078961,-0.085002,0.169171,0.021086,470.596,404.0,551.268,-2.71,-553,-404,0.0,0.169,0.0,0.0,0.169,414.638,55.958,0.0,470.596,53.277,497.991,0.0,551.268
5.457803703960963,5271,1,8,6,-0.077754,-0.084939,0.201168,0.024644,550.595,421.0,671.455,-2.78,-674,-421,0.0,0.201,0.0,0.0,0.201,494.266,56.329,0.0,550.595,103.676,567.778,0.0,671.455
5.4690110109513626,5276,1,8,6,-0.076472,-0.08491,0.236273,0.02509,648.066,505.0,767.769,-2.812,-770,-505,0.0,0.236,0.0,0.0,0.236,591.311,56.755,0.0,648.066,114.453,653.316,0.0,767.769
5.4690110109513626,5281,1,8,6,-0.075113,-0.084835,0.272193,0.045173,692.888,538.0,858.926,-2.896,-861,-585,0.0,0.272,0.0,0.0,0.272,635.655,57.232,0.0,692.888,123.91,735.015,0.0,858.926
5.480189985013567,5286,1,8,6,-0.073681,-0.084756,0.310092,0.039397,815.745,669.0,960.693,-2.984,-963,-669,0.0,0.31,0.0,0.0,0.31,757.944,57.8,0.0,815.745,117.396,843.297,0.0,960.693
5.480189985013567,5295,1,8,6,-0.07092,-0.084365,0.376451,0.064329,933.074,767.0,1187.375,-3.418,-1190,-767,-0.209439,0.376,0.0,0.0,0.376,873.942,59.132,0.0,933.074,132.859,1054.515,0.0,1187.375
5.4919871429447085,5300,1,8,6,-0.069288,-0.083883,0.408651,0.091707,947.241,820.0,1224.89,-3.954,-1228,-882,-0.209439,0.408,0.0,0.0,0.408,887.443,59.797,0.0,947.241,101.793,1123.097,0.0,1224.89
5.4919871429447085,5305,1,8,6,-0.067588,-0.083255,0.438683,0.122895,944.668,852.0,1231.372,-4.653,-1236,-852,-0.209439,0.438,0.0,0.0,0.438,884.207,60.461,0.0,944.668,74.135,1157.237,0.0,1231.372
5.50261765695177,5311,1,8,6,-0.06582,-0.082808,0.475643,0.114433,1072.61,935.0,1361.322,-5.15,-1366,-935,-0.104719,0.475,0.0,0.0,0.475,1011.387,61.222,0.0,1072.61,110.088,1251.233,0.0,1361.322
5.50261765695177,5316,1,8,6,-0.063614,-0.082297,0.523111,0.10381,1236.143,1033.0,1532.886,-5.719,-1538,-1033,-0.209439,0.523,0.0,0.0,0.523,1174.04,62.103,0.0,1236.143,162.514,1370.371,0.0,1532.886
5.513369100983255,5321,1,8,6,-0.061706,-0.081779,0.562031,0.130793,1270.476,1036.0,1675.346,-6.294,-1681,-1125,-0.209439,0.562,0.0,0.0,0.562,1207.468,63.008,0.0,1270.476,187.581,1487.765,0.0,1675.346
5.513369100983255,5326,1,8,6,-0.059737,-0.08088,0.591985,0.16924,1247.582,1095.0,1673.946,-7.294,-1681,-1095,-0.314159,0.591,0.0,0.0,0.591,1183.685,63.896,0.0,1247.582,122.065,1551.88,0.0,1673.946
5.5247681139735505,5331,1,8,6,-0.05771,-0.079641,0.614066,0.240991,1109.288,1047.0,1619.209,-8.672,-1627,-1047,-0.314159,0.614,0.0,0.0,0.614,1044.608,64.679,0.0,1109.288,49.83,1569.379,0.0,1619.209
5.5247681139735505,5336,1,8,6,-0.055625,-0.078191,0.631837,0.286622,1032.006,1021.0,1578.396,-10.285,-1588,-1021,-0.314159,0.631,0.0,0.0,0.631,966.601,65.404,0.0,1032.006,8.805,1569.591,0.0,1578.396
5.536169970990159,5341,1,8,6,-0.053486,-0.076667,0.649079,0.305581,1027.919,1010.0,1591.501,-11.98,-1603,-1028,-0.418879,0.649,0.0,0.0,0.649,961.793,66.126,0.0,1027.919,14.335,1577.165,0.0,1591.501
5.536169970990159,5346,1,8,6,-0.051293,-0.075004,0.663883,0.332937,993.469,980.0,1575.338,-13.831,-1589,-980,-0.418879,0.663,0.0,0.0,0.663,926.648,66.821,0.0,993.469,10.775,1564.562,0.0,1575.338
5.536169970990159,5351,1,8,6,-0.04905,-0.073225,0.67689,0.36685,935.583,968.0,1518.716,-15.81,-1534,-968,-0.418879,0.676,0.0,0.0,0.676,868.111,67.472,0.0,935.583,-25.933,1544.649,0.0,1518.716
5.547718063928187,5356,1,8,6,-0.046759,-0.07146,0.691616,0.368076,974.063,956.0,1565.597,-17.775,-1583,-956,-0.314159,0.691,0.0,0.0,0.691,905.911,68.151,0.0,974.063,14.45,1551.146,0.0,1565.597
5.547718063928187,5361,1,8,6,-0.044422,-0.069748,0.709137,0.364938,1032.63,992.0,1607.883,-19.68,-1627,-989,-0.418879,0.709,0.0,0.0,0.709,963.755,68.874,0.0,1032.63,32.504,1575.378,0.0,1607.883
5.558605977916159,5366,1,8,6,-0.04204,-0.068023,0.727511,0.379703,1043.442,1043.0,1597.301,-21.6,-1618,-1043,-0.314159,0.727,0.0,0.0,0.727,973.864,69.577,0.0,1043.442,0.353,1596.948,0.0,1597.301
5.558605977916159,5371,1,8,6,-0.039618,-0.066053,0.740183,0.404839,1009.246,974.0,1620.62,-23.794,-1644,-974,-0.418879,0.74,0.0,0.0,0.74,938.964,70.281,0.0,1009.246,28.196,1592.423,0.0,1620.62
5.56932962895371,5376,1,8,6,-0.037156,-0.064016,0.752076,0.417865,1006.771,1040.0,1563.539,-26.062,-1589,-1040,-0.418879,0.752,0.0,0.0,0.752,935.788,70.983,0.0,1006.771,-26.582,1590.121,0.0,1563.539
5.579996507964097,5385,1,8,6,-0.032634,-0.060612,0.783402,0.395758,1157.997,1066.0,1744.887,-29.853,-1774,-1066,-0.418879,0.783,0.0,0.0,0.783,1085.405,72.592,0.0,1157.997,73.598,1671.289,0.0,1744.887
5.579996507964097,5390,1,8,6,-0.030075,-0.058552,0.797354,0.415858,1141.582,1084.0,1751.423,-32.147,-1783,-1084,-0.418879,0.797,0.0,0.0,0.797,1068.189,73.393,0.0,1141.582,46.065,1705.357,0.0,1751.423
5.579996507964097,5395,1,8,6,-0.027487,-0.056232,0.804864,0.461437,1035.708,1009.0,1724.781,-34.732,-1759,-1009,-0.418879,0.804,0.0,0.0,0.804,961.593,74.114,0.0,1035.708,21.366,1703.414,0.0,1724.781
5.591458324925043,5401,1,8,6,-0.024872,-0.053704,0.807302,0.516576,888.758,991.0,1568.444,-37.548,-1605,-892,-0.523598,0.807,0.0,0.0,0.807,814.031,74.727,0.0,888.758,-81.793,1650.237,0.0,1568.444
5.591458324925043,5406,1,8,6,-0.021702,-0.050282,0.800259,0.571292,716.315,800.0,1504.549,-41.361,-1545,-800,-0.628318,0.8,0.0,0.0,0.8,641.106,75.208,0.0,716.315,-66.948,1571.497,0.0,1504.549
5.602481858921237,5411,1,8,6,-0.019036,-0.047244,0.789822,0.609812,579.614,717.0,1367.919,-44.748,-1412,-717,-0.628318,0.789,0.0,0.0,0.789,504.028,75.586,0.0,579.614,-109.908,1477.827,0.0,1367.919
5.602481858921237,5416,1,8,6,-0.016352,-0.044262,0.781492,0.62679,509.076,692.0,1235.433,-48.072,-1283,-692,-0.628318,0.781,0.0,0.0,0.781,433.165,75.911,0.0,509.076,-146.338,1381.772,0.0,1235.433
5.613462027977221,5421,1,8,6,-0.013651,-0.041403,0.777062,0.619022,518.756,637.0,1221.781,-51.259,-1273,-630,-0.628318,0.777,0.0,0.0,0.777,442.513,76.243,0.0,518.756,-94.594,1316.376,0.0,1221.781
5.613462027977221,5426,1,8,6,-0.010937,-0.038746,0.778662,0.58635,615.121,654.0,1275.353,-54.221,-1329,-654,-0.628318,0.778,0.0,0.0,0.778,538.473,76.647,0.0,615.121,-31.103,1306.456,0.0,1275.353
5.624419200932607,5431,1,8,6,-0.008212,-0.036111,0.78117,0.574551,655.614,649.0,1313.563,-57.16,-1370,-649,-0.628318,0.781,0.0,0.0,0.781,578.533,77.08,0.0,655.614,5.291,1308.272,0.0,1313.563
5.624419200932607,5436,1,8,6,-0.005479,-0.033184,0.775739,0.607534,548.409,571.0,1263.394,-60.424,-1323,-571,-0.837758,0.775,0.0,0.0,0.775,470.975,77.434,0.0,548.409,-18.072,1281.466,0.0,1263.394
5.6359111909987405,5441,1,8,6,-0.002741,-0.029911,0.760786,0.65863,363.686,568.0,1015.481,-64.073,-1079,-467,-0.837758,0.76,0.0,0.0,0.76,286.038,77.648,0.0,363.686,-163.45,1178.932,0.0,1015.481
5.6359111909987405,5446,1,8,6,0.0,-0.026419,0.739747,0.695839,200.683,433.0,863.946,-67.969,-931,-433,-0.837758,0.739,0.0,0.0,0.739,122.942,77.74,0.0,200.683,-185.853,1049.8,0.0,863.946
5.6359111909987405,5451,1,8,6,0.002741,-0.023548,0.736112,0.600959,456.453,576.0,936.944,-71.172,-1008,-576,-0.837758,0.736,0.0,0.0,0.736,378.428,78.024,0.0,456.453,-95.637,1032.581,0.0,936.944
5.647013471927494,5456,1,8,6,0.005479,-0.021751,0.762481,0.444598,968.737,771.0,1324.776,-73.176,-1397,-771,-0.523598,0.762,0.0,0.0,0.762,890.07,78.666,0.0,968.737,158.19,1166.586,0.0,1324.776
5.647013471927494,5461,1,8,6,0.008212,-0.020625,0.807461,0.319059,1447.218,864.0,1936.823,-74.433,-2011,-1216,-0.523598,0.807,0.0,0.0,0.807,1367.525,79.692,0.0,1447.218,466.574,1470.248,0.0,1936.823
5.657967719947919,5466,1,8,6,0.010937,-0.019482,0.851758,0.295903,1637.252,1264.0,1975.257,-75.708,-2050,-1264,-0.523598,0.851,0.0,0.0,0.851,1556.392,80.859,0.0,1637.252,298.601,1676.655,0.0,1975.257
5.6692793959518895,5475,1,8,6,0.015813,-0.015783,0.884695,0.469068,1246.556,1164.0,1891.781,-79.835,-1971,-1164,-0.628318,0.884,0.0,0.0,0.884,1163.754,82.801,0.0,1246.556,66.044,1825.736,0.0,1891.781
5.6692793959518895,5480,1,8,6,0.018501,-0.013172,0.886871,0.513781,1128.236,1163.0,1780.289,-82.747,-1863,-1132,-0.628318,0.886,0.0,0.0,0.886,1044.65,83.585,0.0,1128.236,-27.811,1808.101,0.0,1780.289
5.680797373992391,5485,1,8,6,0.02117,-0.010536,0.887814,0.537254,1065.889,1132.0,1722.008,-85.688,-1807,-1132,-0.628318,0.887,0.0,0.0,0.887,981.568,84.321,0.0,1065.889,-52.888,1774.897,0.0,1722.008
5.680797373992391,5491,1,8,6,0.023819,-0.008121,0.894344,0.509524,1162.629,1199.0,1747.615,-88.384,-1835,-1199,-0.628318,0.894,0.0,0.0,0.894,1077.496,85.132,0.0,1162.629,-29.096,1776.711,0.0,1747.615
5.680797373992391,5496,1,8,6,0.026966,-0.005872,0.919495,0.409469,1514.276,1342.0,2026.352,-90.893,-2117,-1342,-0.523598,0.919,0.0,0.0,0.919,1428.072,86.203,0.0,1514.276,137.821,1888.531,0.0,2026.352
5.691857132944278,5501,1,8,6,0.02956,-0.004266,0.947145,0.368498,1707.628,1347.0,2357.659,-92.685,-2450,-1477,-0.523598,0.947,0.0,0.0,0.947,1620.209,87.418,0.0,1707.628,288.502,2069.156,0.0,2357.659
5.691857132944278,5506,1,8,6,0.032124,-0.002207,0.961297,0.437591,1554.897,1339.0,2294.406,-94.983,-2389,-1339,-0.523598,0.961,0.0,0.0,0.961,1466.378,88.518,0.0,1554.897,172.717,2121.688,0.0,2294.406
5.702775448909961,5511,1,8,6,0.034657,0.000905,0.945073,0.593684,1073.145,1136.0,1982.784,-98.456,-2081,-1136,-0.628318,0.945,0.0,0.0,0.945,983.888,89.256,0.0,1073.145,-50.283,2033.068,0.0,1982.784
5.702775448909961,5516,1,8,6,0.037156,0.004592,0.911788,0.679806,739.292,1056.0,1605.406,-102.57,-1707,-1056,-0.628318,0.911,0.0,0.0,0.911,649.548,89.743,0.0,739.292,-253.366,1858.772,0.0,1605.406
5.713774938951246,5521,1,8,6,0.039618,0.007736,0.892693,0.642401,791.086,1011.0,1567.708,-106.078,-1673,-1059,-0.628318,0.892,0.0,0.0,0.892,700.816,90.269,0.0,791.086,-175.931,1743.639,0.0,1567.708
5.713774938951246,5526,1,8,6,0.04204,0.009944,0.898696,0.514245,1167.541,1277.0,1688.384,-108.542,-1796,-1277,-0.418879,0.898,0.0,0.0,0.898,1076.464,91.076,0.0,1167.541,-87.566,1775.951,0.0,1688.384
5.724788210936822,5531,1,8,6,0.044422,0.011223,0.929578,0.364525,1674.409,1511.0,2057.871,-109.969,-2167,-1511,-0.418879,0.929,0.0,0.0,0.929,1582.146,92.263,0.0,1674.409,130.727,1927.143,0.0,2057.871
5.724788210936822,5536,1,8,6,0.046759,0.012335,0.963881,0.295596,1964.865,1582.0,2438.783,-111.21,-2549,-1582,-0.418879,0.963,0.0,0.0,0.963,1871.198,93.666,0.0,1964.865,306.292,2132.491,0.0,2438.783
5.724788210936822,5541,1,8,6,0.049051,0.013822,0.986411,0.313037,1980.529,1646.0,2574.323,-112.869,-2687,-1632,-0.418879,0.986,0.0,0.0,0.986,1885.448,95.08,0.0,1980.529,267.623,2306.699,0.0,2574.323
5.736700607929379,5546,1,8,6,0.051293,0.0162,0.98261,0.456811,1568.379,1391.0,2437.817,-115.522,-2553,-1391,-0.523598,0.982,0.0,0.0,0.982,1472.236,96.143,0.0,1568.379,141.903,2295.913,0.0,2437.817
5.736700607929379,5551,1,8,6,0.053486,0.019802,0.943149,0.64765,924.161,1126.0,1948.876,-119.541,-2068,-1126,-0.628318,0.943,0.0,0.0,0.943,827.397,96.763,0.0,924.161,-161.47,2110.347,0.0,1948.876
5.747691349009983,5556,1,8,6,0.055625,0.023884,0.888762,0.756522,467.311,989.0,1402.097,-124.094,-1526,-989,-0.628318,0.888,0.0,0.0,0.888,370.27,97.041,0.0,467.311,-417.35,1819.448,0.0,1402.097
5.758454242954031,5565,1,8,6,0.059337,0.02908,0.847195,0.521554,1009.898,1191.0,1486.369,-129.89,-1616,-1191,-0.523598,0.847,0.0,0.0,0.847,911.793,98.104,0.0,1009.898,-144.881,1631.25,0.0,1486.369
5.758454242954031,5570,1,8,6,0.061317,0.030174,0.87201,0.327728,1623.239,1461.0,1923.492,-131.111,-2054,-1461,-0.314159,0.872,0.0,0.0,0.872,1523.991,99.247,0.0,1623.239,129.791,1793.701,0.0,1923.492
5.76929275598377,5575,1,8,6,0.063237,0.030839,0.907156,0.208101,2058.07,1634.0,2379.643,-131.852,-2511,-1634,-0.314159,0.907,0.0,0.0,0.907,1957.354,100.715,0.0,2058.07,339.256,2040.387,0.0,2379.643
5.76929275598377,5581,1,8,6,0.065095,0.031793,0.932451,0.211837,2119.954,1670.0,2629.387,-132.917,-2762,-1694,-0.314159,0.932,0.0,0.0,0.932,2017.719,102.235,0.0,2119.954,359.963,2269.424,0.0,2629.387
5.78087392100133,5586,1,8,6,0.06724,0.03429,0.922575,0.399086,1569.105,1361.0,2406.543,-135.702,-2542,-1361,-0.418879,0.922,0.0,0.0,0.922,1465.77,103.334,0.0,1569.105,166.484,2240.059,0.0,2406.543
5.78087392100133,5591,1,8,6,0.068954,0.037933,0.868564,0.647923,721.59,1038.0,1731.734,-139.764,-1871,-1038,-0.628318,0.868,0.0,0.0,0.868,617.793,103.797,0.0,721.59,-253.127,1984.861,0.0,1731.734
5.78087392100133,5596,1,8,6,0.0706,0.041756,0.807625,0.716083,360.309,947.0,1205.646,-144.026,-1349,-947,-0.628318,0.807,0.0,0.0,0.807,256.319,103.99,0.0,360.309,-469.352,1674.998,0.0,1205.646
5.791834773961455,5601,1,8,6,0.072176,0.044228,0.782532,0.566134,710.36,883.0,1443.243,-146.782,-1590,-1094,-0.523598,0.782,0.0,0.0,0.782,605.915,104.444,0.0,710.36,-138.111,1581.355,0.0,1443.243
5.791834773961455,5606,1,8,6,0.073681,0.045302,0.794604,0.328032,1411.825,1445.0,1678.431,-147.979,-1826,-1445,-0.314159,0.794,0.0,0.0,0.794,1306.401,105.424,0.0,1411.825,-26.539,1704.971,0.0,1678.431
5.802783821942285,5611,1,8,6,0.075113,0.04563,0.825541,0.164917,1956.56,1611.0,2200.571,-148.344,-2348,-1611,-0.209439,0.825,0.0,0.0,0.825,1849.748,106.811,0.0,1956.56,276.448,1924.122,0.0,2200.571
5.802783821942285,5616,1,8,6,0.076472,0.046379,0.842593,0.144251,2063.638,1676.0,2440.627,-149.18,-2589,-1676,-0.209439,0.842,0.0,0.0,0.842,1955.36,108.278,0.0,2063.638,310.11,2130.517,0.0,2440.627
5.813887681928463,5621,1,8,6,0.077755,0.047802,0.838683,0.236923,1794.47,1681.0,2278.338,-150.765,-2429,-1505,-0.314159,0.838,0.0,0.0,0.838,1684.928,109.541,0.0,1794.47,90.776,2187.562,0.0,2278.338
5.813887681928463,5626,1,8,6,0.078961,0.050239,0.804216,0.431244,1154.646,1168.0,2041.634,-153.481,-2195,-1168,-0.628318,0.804,0.0,0.0,0.804,1044.321,110.324,0.0,1154.646,-10.683,2052.317,0.0,2041.634
5.8247727759880945,5631,1,8,6,0.080089,0.053402,0.747226,0.595439,535.647,943.0,1455.661,-157.006,-1612,-943,-0.628318,0.747,0.0,0.0,0.747,425.004,110.643,0.0,535.647,-325.881,1781.543,0.0,1455.661
5.8247727759880945,5636,1,8,6,0.081138,0.056271,0.696279,0.595257,393.709,943.0,1077.84,-160.203,-1238,-943,-0.628318,0.696,0.0,0.0,0.696,282.861,110.847,0.0,393.709,-439.432,1517.272,0.0,1077.84
5.8363513560034335,5641,1,8,6,0.082107,0.057963,0.676013,0.422233,821.967,872.0,1442.764,-162.088,-1604,-1131,0.0,0.676,0.0,0.0,0.676,710.586,111.38,0.0,821.967,-40.026,1482.79,0.0,1442.764
5.8363513560034335,5646,1,8,6,0.082995,0.058455,0.687123,0.183924,1521.395,1444.0,1713.696,-162.636,-1876,-1444,0.0,0.687,0.0,0.0,0.687,1408.957,112.437,0.0,1521.395,61.916,1651.78,0.0,1713.696
5.8363513560034335,5651,1,8,6,0.083801,0.058599,0.705657,0.094854,1823.969,1516.0,2074.852,-162.796,-2237,-1516,0.0,0.705,0.0,0.0,0.705,1710.249,113.72,0.0,1823.969,246.375,1828.476,0.0,2074.852
5.847612612997182,5660,1,8,6,0.085043,0.060582,0.684899,0.208086,1451.008,1450.0,1918.833,-165.005,-2083,-1366,-0.418879,0.684,0.0,0.0,0.684,1335.074,115.934,0.0,1451.008,0.807,1918.026,0.0,1918.833
5.858488250989467,5665,1,8,6,0.085616,0.062099,0.65846,0.311093,1089.291,1181.0,1724.281,-166.695,-1890,-1181,-0.418879,0.658,0.0,0.0,0.658,972.627,116.663,0.0,1089.291,-73.367,1797.648,0.0,1724.281
5.858488250989467,5671,1,8,6,0.086104,0.063783,0.625,0.365172,844.729,1142.0,1398.705,-168.57,-1567,-1142,-0.418879,0.625,0.0,0.0,0.625,727.518,117.211,0.0,844.729,-237.816,1636.521,0.0,1398.705
5.869637629948556,5676,1,8,6,0.086578,0.065191,0.598832,0.293042,974.064,1183.0,1372.191,-170.138,-1542,-1183,-0.418879,0.598,0.0,0.0,0.598,856.211,117.853,0.0,974.064,-167.148,1539.339,0.0,1372.191
5.869637629948556,5681,1,8,6,0.086879,0.065469,0.599481,0.14823,1382.305,1166.0,1818.451,-170.447,-1988,-1431,0.0,0.599,0.0,0.0,0.599,1263.504,118.801,0.0,1382.305,173.044,1645.407,0.0,1818.451
5.881189610925503,5686,1,8,6,0.087094,0.065582,0.602317,0.053309,1657.174,1497.0,1879.812,-170.574,-2050,-1497,0.0,0.602,0.0,0.0,0.602,1537.22,119.954,0.0,1657.174,128.139,1751.672,0.0,1879.812
5.881189610925503,5691,1,8,6,0.087223,0.066175,0.589334,0.065876,1586.733,1462.0,1903.766,-171.234,-2075,-1462,0.0,0.589,0.0,0.0,0.589,1465.679,121.053,0.0,1586.733,99.786,1803.979,0.0,1903.766
5.881189610925503,5696,1,8,6,0.087266,0.066946,0.568965,0.074048,1507.86,1470.0,1854.575,-172.092,-2026,-1470,0.0,0.568,0.0,0.0,0.568,1385.767,122.092,0.0,1507.86,30.288,1824.287,0.0,1854.575
5.8923029659781605,5701,1,8,6,0.087223,0.067573,0.55021,0.097428,1390.833,1453.0,1741.364,-172.789,-1914,-1400,-0.209439,0.55,0.0,0.0,0.55,1267.789,123.043,0.0,1390.833,-49.733,1791.097,0.0,1741.364
5.8923029659781605,5706,1,8,6,0.087094,0.068147,0.5305,0.135306,1230.417,1324.0,1638.872,-173.429,-1812,-1324,-0.209439,0.53,0.0,0.0,0.53,1106.543,123.873,0.0,1230.417,-74.866,1713.739,0.0,1638.872
5.903283293941058,5711,1,8,6,0.086879,0.068506,0.51444,0.122121,1223.189,1315.0,1591.54,-173.828,-1765,-1315,-0.209439,0.514,0.0,0.0,0.514,1098.492,124.697,0.0,1223.189,-73.448,1664.989,0.0,1591.54
5.903283293941058,5716,1,8,6,0.086578,0.068545,0.504932,0.070488,1342.053,1359.0,1651.576,-173.871,-1825,-1359,0.0,0.504,0.0,0.0,0.504,1216.443,125.609,0.0,1342.053,-13.557,1665.133,0.0,1651.576
5.914262835984118,5721,1,8,6,0.086192,0.068602,0.492515,0.031996,1416.029,1359.0,1739.08,-173.935,-1913,-1422,0.0,0.492,0.0,0.0,0.492,1289.453,126.576,0.0,1416.029,45.623,1693.456,0.0,1739.08
5.914262835984118,5726,1,8,6,0.08572,0.068825,0.473061,0.006241,1434.616,1405.0,1724.448,-174.184,-1898,-1405,0.0,0.473,0.0,0.0,0.473,1307.096,127.519,0.0,1434.616,23.693,1700.755,0.0,1724.448
5.925138843944296,5731,1,8,6,0.085164,0.069102,0.449741,0.00364,1377.54,1387.0,1682.53,-174.492,-1857,-1387,0.0,0.449,0.0,0.0,0.449,1249.083,128.456,0.0,1377.54,-7.567,1690.098,0.0,1682.53
5.925138843944296,5736,1,8,6,0.084524,0.069269,0.427136,0.00282,1317.434,1346.0,1643.807,-174.678,-1818,-1346,0.0,0.427,0.0,0.0,0.427,1188.086,129.347,0.0,1317.434,-22.852,1666.66,0.0,1643.807
5.925138843944296,5741,1,8,6,0.083801,0.069299,0.406063,-0.002017,1272.829,1365.0,1549.173,-174.711,-1723,-1291,0.0,0.406,0.0,0.0,0.406,1142.624,130.204,0.0,1272.829,-73.736,1622.909,0.0,1549.173
5.9369636529590935,5750,1,8,6,0.082291,0.069285,0.36417,-0.011061,1182.49,1254.0,1492.847,-174.696,-1667,-1254,0.0,0.364,0.0,0.0,0.364,1050.648,131.842,0.0,1182.49,-57.207,1550.054,0.0,1492.847
5.9479470669757575,5755,1,8,6,0.081338,0.069413,0.333895,0.005874,1050.992,1179.0,1368.355,-174.838,-1543,-1179,0.0,0.333,0.0,0.0,0.333,918.46,132.531,0.0,1050.992,-102.406,1470.761,0.0,1368.355
5.9479470669757575,5761,1,8,6,0.080305,0.069493,0.302738,-0.005172,995.331,1125.0,1296.618,-174.927,-1471,-1095,0.0,0.302,0.0,0.0,0.302,862.15,133.18,0.0,995.331,-103.735,1400.353,0.0,1296.618
5.958862941944972,5766,1,8,6,0.078961,0.069506,0.264733,-0.024286,943.044,1042.0,1250.391,-174.942,-1425,-1042,0.0,0.264,0.0,0.0,0.264,809.256,133.787,0.0,943.044,-79.164,1329.555,0.0,1250.391
5.958862941944972,5771,1,8,6,0.077754,0.069396,0.234046,-0.018575,841.658,975.0,1136.011,-174.819,-1310,-975,0.0,0.234,0.0,0.0,0.234,707.34,134.318,0.0,841.658,-106.673,1242.684,0.0,1136.011
5.96969508996699,5776,1,8,6,0.076472,0.069254,0.202088,-0.013424,738.204,910.0,1007.492,-174.662,-1182,-910,0.0,0.202,0.0,0.0,0.202,603.434,134.77,0.0,738.204,-137.436,1144.928,0.0,1007.492
5.96969508996699,5781,1,8,6,0.075113,0.069023,0.170521,-0.025426,683.836,884.0,881.698,-174.405,-1056,-784,0.0,0.17,0.0,0.0,0.17,548.654,135.182,0.0,683.836,-160.13,1041.828,0.0,881.698
5.9809423049446195,5786,1,8,6,0.073681,0.068835,0.135699,-0.048068,650.118,771.0,879.408,-174.194,-1053,-771,0.0,0.135,0.0,0.0,0.135,514.55,135.567,0.0,650.118,-96.705,976.113,0.0,879.408
5.9809423049446195,5791,1,8,6,0.072176,0.068566,0.101071,-0.066079,603.944,718.0,812.878,-173.896,-986,-718,0.0,0.101,0.0,0.0,0.101,468.025,135.918,0.0,603.944,-91.244,904.122,0.0,812.878
5.9809423049446195,5796,1,8,6,0.0706,0.068382,0.062076,-0.067488,498.975,657.0,686.559,-173.691,-860,-657,0.0,0.062,0.0,0.0,0.062,362.784,136.191,0.0,498.975,-126.419,812.979,0.0,686.559
5.992022665916011,5801,1,8,6,0.068954,0.06813,0.023069,-0.082683,432.522,622.0,562.668,-173.41,-736,-559,0.0,0.023,0.0,0.0,0.023,296.109,136.413,0.0,432.522,-151.581,714.25,0.0,562.668
5.992022665916011,5806,1,8,6,0.067239,0.067767,-0.014777,-0.090382,348.267,494.0,499.997,-173.006,-673,-494,0.0,-0.014,0.0,0.0,-0.014,211.695,136.571,0.0,348.267,-116.586,616.583,0.0,499.997
6.003029137966223,5811,1,8,6,0.065459,0.067273,-0.050798,-0.098889,271.327,427.0,394.229,-172.456,-566,-427,0.0,-0.05,0.0,0.0,-0.05,134.654,136.672,0.0,271.327,-124.538,518.767,0.0,394.229
6.003029137966223,5816,1,8,6,0.063614,0.066655,-0.085155,-0.127683,255.837,400.0,328.672,-171.768,-500,-400,0.0,-0.085,0.0,0.0,-0.085,119.078,136.758,0.0,255.837,-115.33,444.002,0.0,328.672
6.013850346906111,5821,1,8,6,0.061706,0.066015,-0.120641,-0.140175,191.495,360.0,219.667,-171.055,-390,-281,0.104719,-0.12,0.0,0.0,-0.12,54.695,136.799,0.0,191.495,-134.803,354.47,0.0,219.667
6.013850346906111,5826,1,8,6,0.059737,0.065478,-0.160721,-0.145312,93.62,232.0,154.151,-170.457,-324,-232,0.209439,-0.16,0.0,0.0,-0.16,-43.147,136.767,0.0,93.62,-110.703,264.855,0.0,154.151
6.024939355906099,5831,1,8,6,0.05771,0.064832,-0.199409,-0.165127,40.706,171.0,76.031,-169.738,-245,-171,0.0,-0.199,0.0,0.0,-0.199,-95.989,136.695,0.0,40.706,-104.234,180.265,0.0,76.031
6.024939355906099,5840,1,8,6,0.053918,0.063443,-0.266696,-0.166921,-143.042,87.0,-229.277,-168.191,61,-22,0.0,-0.266,0.0,0.0,-0.266,-279.369,136.326,0.0,-143.042,-184.033,-45.243,0.0,-229.277
6.036333975964226,5845,1,8,6,0.051736,0.062354,-0.297316,-0.205682,-120.44,28.0,-235.767,-166.979,68,-28,0.0,-0.297,0.0,0.0,-0.297,-256.575,136.134,0.0,-120.44,-118.752,-117.015,0.0,-235.767
6.036333975964226,5851,1,8,6,0.049503,0.061083,-0.324229,-0.24927,-73.908,4.0,-225.673,-165.563,60,-4,0.314159,-0.324,0.0,0.0,-0.324,-209.884,135.976,0.0,-73.908,-62.326,-163.347,0.0,-225.673
6.047313619987108,5856,1,8,6,0.046759,0.059337,-0.35219,-0.293161,-29.43,16.0,-220.207,-163.619,56,-16,0.314159,-0.352,0.0,0.0,-0.352,-165.282,135.852,0.0,-29.43,-36.344,-183.863,0.0,-220.207
6.047313619987108,5861,1,8,6,0.044422,0.057904,-0.377503,-0.325493,-9.884,33.0,-237.703,-162.022,75,-26,0.314159,-0.377,0.0,0.0,-0.377,-145.627,135.743,0.0,-9.884,-34.307,-203.395,0.0,-237.703
6.05833672801964,5866,1,8,6,0.04204,0.056288,-0.398926,-0.343291,-20.15,41.0,-276.868,-160.222,116,-41,0.314159,-0.398,0.0,0.0,-0.398,-155.776,135.626,0.0,-20.15,-48.92,-227.948,0.0,-276.868
6.05833672801964,5871,1,8,6,0.039618,0.054383,-0.413425,-0.38037,43.001,62.0,-246.332,-158.099,88,-62,0.314159,-0.413,0.0,0.0,-0.413,-92.554,135.556,0.0,43.001,-15.198,-231.134,0.0,-246.332
6.0700166169553995,5876,1,8,6,0.037156,0.052254,-0.422764,-0.406083,88.815,89.0,-226.022,-155.728,70,-89,0.418879,-0.422,0.0,0.0,-0.422,-46.705,135.521,0.0,88.815,-0.147,-225.874,0.0,-226.022
6.0700166169553995,5881,1,8,6,0.034657,0.049932,-0.427709,-0.445243,184.655,80.0,-90.847,-153.14,-62,-144,0.418879,-0.427,0.0,0.0,-0.427,49.097,135.558,0.0,184.655,83.724,-174.571,0.0,-90.847
6.0700166169553995,5886,1,8,6,0.032124,0.047568,-0.43242,-0.466749,231.753,154.0,-69.505,-150.505,-81,-154,0.418879,-0.432,0.0,0.0,-0.432,96.123,135.63,0.0,231.753,62.203,-131.708,0.0,-69.505
6.081773248966783,5891,1,8,6,0.02956,0.045388,-0.44319,-0.458417,178.298,135.0,-81.087,-148.075,-66,-135,0.418879,-0.443,0.0,0.0,-0.443,42.635,135.662,0.0,178.298,34.638,-115.726,0.0,-81.087
6.081773248966783,5896,1,8,6,0.026966,0.043517,-0.46342,-0.416955,5.464,52.0,-192.801,-145.989,46,-52,0.418879,-0.463,0.0,0.0,-0.463,-130.1,135.565,0.0,5.464,-37.228,-155.573,0.0,-192.801
6.092991966987029,5901,1,8,6,0.024346,0.041848,-0.490043,-0.377297,-180.36,34.0,-436.227,-144.128,292,95,0.314159,-0.49,0.0,0.0,-0.49,-315.688,135.328,0.0,-180.36,-171.488,-264.738,0.0,-436.227
6.092991966987029,5906,1,8,6,0.021702,0.040197,-0.517867,-0.372453,-272.122,-124.0,-465.968,-142.288,323,124,0.314159,-0.517,0.0,0.0,-0.517,-407.156,135.034,0.0,-272.122,-118.497,-347.47,0.0,-465.968
6.1039354499662295,5911,1,8,6,0.019036,0.038247,-0.537919,-0.415205,-208.822,-95.0,-486.138,-140.114,346,95,0.314159,-0.537,0.0,0.0,-0.537,-343.599,134.776,0.0,-208.822,-91.057,-395.08,0.0,-486.138
6.1039354499662295,5916,1,8,6,0.016352,0.035901,-0.547398,-0.476734,-63.228,-40.0,-413.206,-137.498,275,40,0.418879,-0.547,0.0,0.0,-0.547,-197.857,134.628,0.0,-63.228,-18.582,-394.623,0.0,-413.206
6.1148430199828,5921,1,8,6,0.013651,0.033273,-0.549412,-0.52356,62.187,-58.0,-240.741,-134.567,106,-44,0.418879,-0.549,0.0,0.0,-0.549,-72.386,134.574,0.0,62.187,96.15,-336.891,0.0,-240.741
6.125844363006763,5930,1,8,6,0.008758,0.02858,-0.555026,-0.519384,34.658,15.0,-300.349,-129.333,171,-15,0.523598,-0.555,0.0,0.0,-0.555,-99.797,134.455,0.0,34.658,15.726,-316.075,0.0,-300.349
6.125844363006763,5935,1,8,6,0.006026,0.025937,-0.557496,-0.514008,12.597,32.0,-337.846,-126.384,211,-32,0.418879,-0.557,0.0,0.0,-0.557,-121.766,134.364,0.0,12.597,-15.521,-322.324,0.0,-337.846
6.125844363006763,5941,1,8,6,0.003289,0.023133,-0.555652,-0.534052,73.839,32.0,-267.836,-123.257,144,-57,0.418879,-0.555,0.0,0.0,-0.555,-60.479,134.318,0.0,73.839,33.471,-301.307,0.0,-267.836
6.137223355006427,5946,1,8,6,0.0,0.019745,-0.552869,-0.553331,135.612,80.0,-219.817,-119.477,100,-80,0.418879,-0.552,0.0,0.0,-0.552,1.292,134.319,0.0,135.612,44.49,-264.307,0.0,-219.817
6.137223355006427,5951,1,8,6,-0.002741,0.017108,-0.555783,-0.553039,126.631,81.0,-204.685,-116.535,88,-81,0.418879,-0.555,0.0,0.0,-0.555,-7.682,134.314,0.0,126.631,36.505,-241.19,0.0,-204.685
6.148102530976757,5956,1,8,6,-0.005479,0.014735,-0.566023,-0.544258,73.326,45.0,-210.873,-113.888,96,-45,0.418879,-0.566,0.0,0.0,-0.566,-60.941,134.268,0.0,73.326,22.661,-233.535,0.0,-210.873
6.148102530976757,5961,1,8,6,-0.008212,0.012612,-0.583099,-0.505229,-83.933,31.0,-384.468,-111.519,272,87,0.418879,-0.583,0.0,0.0,-0.583,-218.037,134.104,0.0,-83.933,-91.946,-292.522,0.0,-384.468
6.1593153309077024,5966,1,8,6,-0.010937,0.010599,-0.603037,-0.478127,-215.906,-133.0,-418.647,-109.273,309,133,0.418879,-0.603,0.0,0.0,-0.603,-349.748,133.842,0.0,-215.906,-66.324,-352.323,0.0,-418.647
6.1593153309077024,5971,1,8,6,-0.013651,0.008532,-0.621154,-0.458772,-321.169,-214.0,-514.335,-106.967,407,214,0.418879,-0.621,0.0,0.0,-0.621,-454.67,133.501,0.0,-321.169,-85.735,-428.6,0.0,-514.335
6.17150917800609,5976,1,8,6,-0.016352,0.006118,-0.629176,-0.470615,-310.801,-183.0,-588.542,-104.273,484,183,0.418879,-0.629,0.0,0.0,-0.629,-443.969,133.168,0.0,-310.801,-102.241,-486.301,0.0,-588.542
6.17150917800609,5981,1,8,6,-0.019036,0.003547,-0.632353,-0.508394,-214.176,-197.0,-510.157,-101.404,408,147,0.523598,-0.632,0.0,0.0,-0.632,-347.084,132.908,0.0,-214.176,-13.74,-496.416,0.0,-510.157
6.17150917800609,5986,1,8,6,-0.021702,0.000676,-0.6266,-0.548851,-84.953,-84.0,-473.617,-98.2,375,84,0.523598,-0.626,0.0,0.0,-0.626,-217.698,132.744,0.0,-84.953,-0.762,-472.855,0.0,-473.617
6.18305098998826,5991,1,8,6,-0.024346,-0.002342,-0.616109,-0.574813,17.028,-52.0,-373.566,-94.832,278,52,0.628318,-0.616,0.0,0.0,-0.616,-115.629,132.658,0.0,17.028,55.222,-428.788,0.0,-373.566
6.18305098998826,5996,1,8,6,-0.026966,-0.005272,-0.607449,-0.581269,59.299,-36.0,-303.496,-91.563,211,36,0.628318,-0.607,0.0,0.0,-0.607,-73.306,132.605,0.0,59.299,76.239,-379.736,0.0,-303.496
6.1940806459169835,6001,1,8,6,-0.02956,-0.008087,-0.601255,-0.571044,47.951,-51.0,-253.063,-88.422,164,36,0.628318,-0.601,0.0,0.0,-0.601,-84.59,132.541,0.0,47.951,79.161,-332.224,0.0,-253.063
6.1940806459169835,6006,1,8,6,-0.032125,-0.010533,-0.604576,-0.511194,-129.124,-196.0,-311.956,-85.693,226,196,0.628318,-0.604,0.0,0.0,-0.604,-261.47,132.345,0.0,-129.124,53.5,-365.456,0.0,-311.956
6.204999990994111,6011,1,8,6,-0.034657,-0.012409,-0.622944,-0.425317,-421.423,-326.0,-530.887,-83.599,447,326,0.523598,-0.622,0.0,0.0,-0.622,-553.354,131.93,0.0,-421.423,-76.338,-454.548,0.0,-530.887
6.204999990994111,6020,1,8,6,-0.039128,-0.015265,-0.66816,-0.358383,-736.675,-489.0,-901.295,-80.412,820,552,0.418879,-0.668,0.0,0.0,-0.668,-867.377,130.701,0.0,-736.675,-198.14,-703.155,0.0,-901.295
6.217033188906498,6025,1,8,6,-0.041559,-0.016873,-0.691214,-0.364574,-784.574,-635.0,-930.836,-78.618,852,635,0.418879,-0.691,0.0,0.0,-0.691,-914.59,130.015,0.0,-784.574,-119.659,-811.177,0.0,-930.836
6.217033188906498,6031,1,8,6,-0.043949,-0.018614,-0.70938,-0.38255,-785.796,-660.0,-982.389,-76.676,905,660,0.418879,-0.709,0.0,0.0,-0.709,-915.122,129.326,0.0,-785.796,-100.636,-881.752,0.0,-982.389
6.228248680010438,6036,1,8,6,-0.046759,-0.020874,-0.724779,-0.397134,-788.767,-691.0,-1014.314,-74.154,940,691,0.418879,-0.724,0.0,0.0,-0.724,-917.405,128.638,0.0,-788.767,-78.213,-936.1,0.0,-1014.314
6.228248680010438,6041,1,8,6,-0.049051,-0.022701,-0.737794,-0.382655,-866.496,-709.0,-1142.693,-72.117,1070,797,0.418879,-0.737,0.0,0.0,-0.737,-994.389,127.893,0.0,-866.496,-125.997,-1016.696,0.0,-1142.693
6.23992665996775,6046,1,8,6,-0.051293,-0.024364,-0.754029,-0.356731,-985.374,-845.0,-1218.216,-70.262,1147,845,0.418879,-0.754,0.0,0.0,-0.754,-1112.433,127.058,0.0,-985.374,-112.299,-1105.916,0.0,-1218.216
6.23992665996775,6051,1,8,6,-0.053486,-0.026069,-0.767673,-0.349047,-1045.974,-922.0,-1290.007,-68.36,1221,922,0.418879,-0.767,0.0,0.0,-0.767,-1172.153,126.179,0.0,-1045.974,-99.179,-1190.827,0.0,-1290.007
6.251069677993655,6056,1,8,6,-0.055625,-0.027979,-0.774087,-0.357998,-1039.744,-891.0,-1377.885,-66.229,1311,891,0.418879,-0.774,0.0,0.0,-0.774,-1165.05,125.305,0.0,-1039.744,-118.995,-1258.889,0.0,-1377.885
6.251069677993655,6061,1,8,6,-0.05771,-0.030131,-0.772209,-0.410419,-888.465,-916.0,-1225.764,-63.829,1161,753,0.523598,-0.772,0.0,0.0,-0.772,-1013.011,124.546,0.0,-888.465,22.027,-1247.792,0.0,-1225.764
6.251069677993655,6066,1,8,6,-0.059738,-0.032817,-0.75378,-0.501647,-581.953,-626.0,-1139.624,-60.833,1078,626,0.523598,-0.753,0.0,0.0,-0.753,-705.97,124.016,0.0,-581.953,35.237,-1174.861,0.0,-1139.624
6.262016307911836,6071,1,8,6,-0.061706,-0.035823,-0.724741,-0.568534,-313.692,-495.0,-889.039,-57.481,831,495,0.523598,-0.724,0.0,0.0,-0.724,-437.38,123.688,0.0,-313.692,145.046,-1034.085,0.0,-889.039
6.262016307911836,6076,1,8,6,-0.063614,-0.038785,-0.695205,-0.586824,-180.007,-429.0,-697.147,-54.178,642,429,0.523598,-0.695,0.0,0.0,-0.695,-303.468,123.46,0.0,-180.007,199.193,-896.341,0.0,-697.147
6.2730364699382335,6081,1,8,6,-0.065459,-0.041445,-0.672399,-0.573382,-153.994,-408.0,-563.728,-51.212,512,345,0.523598,-0.672,0.0,0.0,-0.672,-277.247,123.252,0.0,-153.994,203.204,-766.932,0.0,-563.728
6.2730364699382335,6086,1,8,6,-0.06724,-0.043797,-0.656398,-0.524298,-246.894,-400.0,-592.629,-48.59,544,400,0.418879,-0.656,0.0,0.0,-0.656,-369.88,122.986,0.0,-246.894,122.484,-715.113,0.0,-592.629
6.284174438915215,6091,1,8,6,-0.068954,-0.045729,-0.650277,-0.443314,-456.945,-464.0,-726.269,-46.436,679,464,0.314159,-0.65,0.0,0.0,-0.65,-579.497,122.551,0.0,-456.945,5.643,-731.912,0.0,-726.269
6.284174438915215,6096,1,8,6,-0.0706,-0.047493,-0.646994,-0.406086,-552.497,-465.0,-845.778,-44.471,801,465,0.314159,-0.646,0.0,0.0,-0.646,-674.543,122.045,0.0,-552.497,-69.998,-775.779,0.0,-845.778
6.295124567928724,6101,1,8,6,-0.072176,-0.049558,-0.6333,-0.439474,-421.073,-446.0,-740.79,-42.169,698,363,0.314159,-0.633,0.0,0.0,-0.633,-542.711,121.638,0.0,-421.073,19.941,-760.731,0.0,-740.79
6.295124567928724,6110,1,8,6,-0.074833,-0.054538,-0.568258,-0.591461,186.479,-69.0,-294.781,-36.619,258,69,0.418879,-0.568,0.0,0.0,-0.568,64.967,121.511,0.0,186.479,204.383,-499.164,0.0,-294.781
6.306455945945345,6115,1,8,6,-0.076206,-0.057535,-0.522801,-0.591055,312.767,33.0,-114.884,-33.281,81,-33,0.418879,-0.522,0.0,0.0,-0.522,191.112,121.655,0.0,312.767,223.814,-338.698,0.0,-114.884
6.306455945945345,6121,1,8,6,-0.077504,-0.060202,-0.484463,-0.538059,271.836,25.0,-18.077,-30.31,-12,-25,0.314159,-0.484,0.0,0.0,-0.484,150.068,121.768,0.0,271.836,197.469,-215.547,0.0,-18.077
6.317558521986939,6126,1,8,6,-0.078961,-0.062416,-0.463239,-0.401955,-49.958,-172.0,-135.658,-27.843,107,172,0.314159,-0.463,0.0,0.0,-0.463,-171.597,121.639,0.0,-49.958,97.633,-233.291,0.0,-135.658
6.317558521986939,6131,1,8,6,-0.080089,-0.063495,-0.464635,-0.274973,-409.814,-292.0,-422.367,-26.643,395,292,0.209439,-0.464,0.0,0.0,-0.464,-531.055,121.241,0.0,-409.814,-94.251,-328.115,0.0,-422.367
6.328584876959212,6136,1,8,6,-0.081138,-0.064331,-0.470578,-0.229268,-554.932,-347.0,-608.281,-25.711,582,347,0.209439,-0.47,0.0,0.0,-0.47,-675.666,120.734,0.0,-554.932,-166.345,-441.935,0.0,-608.281
6.328584876959212,6141,1,8,6,-0.082107,-0.065627,-0.461437,-0.258734,-447.26,-328.0,-594.781,-24.268,570,287,0.209439,-0.461,0.0,0.0,-0.461,-567.569,120.308,0.0,-447.26,-95.408,-499.372,0.0,-594.781
6.339643684914336,6146,1,8,6,-0.082995,-0.067386,-0.437042,-0.339778,-152.235,-141.0,-455.54,-22.309,433,141,0.314159,-0.437,0.0,0.0,-0.437,-272.34,120.104,0.0,-152.235,-8.988,-446.551,0.0,-455.54
6.339643684914336,6151,1,8,6,-0.083801,-0.069655,-0.396086,-0.426119,204.259,26.0,-167.9,-19.784,148,-26,0.314159,-0.396,0.0,0.0,-0.396,84.091,120.167,0.0,204.259,142.607,-310.507,0.0,-167.9
6.351255898945965,6156,1,8,6,-0.084524,-0.071912,-0.353147,-0.443536,373.444,81.0,80.519,-17.272,-97,-81,0.314159,-0.353,0.0,0.0,-0.353,253.087,120.357,0.0,373.444,233.955,-153.435,0.0,80.519
6.351255898945965,6161,1,8,6,-0.085164,-0.073683,-0.321469,-0.382399,291.087,98.0,99.471,-15.3,-114,-63,0.209439,-0.321,0.0,0.0,-0.321,170.602,120.485,0.0,291.087,154.47,-54.998,0.0,99.471
6.351255898945965,6166,1,8,6,-0.08572,-0.074861,-0.304069,-0.271398,28.938,-21.0,-22.07,-13.99,8,21,0.104719,-0.304,0.0,0.0,-0.304,-91.478,120.416,0.0,28.938,39.95,-62.021,0.0,-22.07
6.362381148966961,6171,1,8,6,-0.086192,-0.075587,-0.29692,-0.176927,-215.815,-166.0,-181.979,-13.182,168,166,0.104719,-0.296,0.0,0.0,-0.296,-335.98,120.164,0.0,-215.815,-39.852,-142.126,0.0,-181.979
6.362381148966961,6176,1,8,6,-0.086578,-0.076201,-0.290546,-0.14245,-294.803,-154.0,-320.043,-12.499,307,154,0.104719,-0.29,0.0,0.0,-0.29,-414.669,119.865,0.0,-294.803,-112.642,-207.4,0.0,-320.043
6.373384692938998,6181,1,8,6,-0.086879,-0.07727,-0.269038,-0.205727,-57.537,-148.0,-88.981,-11.309,77,-1,0.104719,-0.269,0.0,0.0,-0.269,-177.269,119.732,0.0,-57.537,72.37,-161.352,0.0,-88.981
6.373384692938998,6186,1,8,6,-0.087094,-0.078671,-0.235841,-0.26352,197.293,94.0,11.693,-9.751,-21,-94,0.104719,-0.235,0.0,0.0,-0.235,77.502,119.79,0.0,197.293,82.634,-70.941,0.0,11.693
6.384326344938017,6191,1,8,6,-0.087223,-0.080036,-0.201227,-0.281886,345.805,125.0,225.96,-8.232,-234,-125,0.209439,-0.201,0.0,0.0,-0.201,225.845,119.96,0.0,345.805,176.644,49.315,0.0,225.96
6.396065659006126,6200,1,8,6,-0.087238,-0.081688,-0.155413,-0.168488,156.753,98.0,216.057,-6.395,-222,-108,0.0,-0.155,0.0,0.0,-0.155,36.61,120.143,0.0,156.753,47.002,169.054,0.0,216.057
6.396065659006126,6205,1,8,6,-0.087126,-0.081801,-0.149107,-0.064406,-117.196,-83.0,47.844,-6.269,-54,83,0.0,-0.149,0.0,0.0,-0.149,-237.162,119.965,0.0,-117.196,-27.357,75.202,0.0,47.844
6.396065659006126,6211,1,8,6,-0.086929,-0.081772,-0.144376,-0.025137,-214.156,-83.0,-95.522,-6.302,89,83,0.0,-0.144,0.0,0.0,-0.144,-333.87,119.714,0.0,-214.156,-104.924,9.402,0.0,-95.522
6.408012459985912,6216,1,8,6,-0.086578,-0.082024,-0.127516,-0.055949,-80.825,-51.0,-23.548,-6.022,17,51,0.0,-0.127,0.0,0.0,-0.127,-200.389,119.563,0.0,-80.825,-23.86,0.311,0.0,-23.548
6.408012459985912,6221,1,8,6,-0.086192,-0.082592,-0.100796,-0.101683,122.049,-52.0,226.461,-5.39,-231,-80,0.0,-0.1,0.0,0.0,-0.1,2.483,119.565,0.0,122.049,139.239,87.221,0.0,226.461
6.419466983992606,6226,1,8,6,-0.08572,-0.083144,-0.072147,-0.106096,214.694,112.0,233.513,-4.777,-238,-112,0.0,-0.072,0.0,0.0,-0.072,95.057,119.636,0.0,214.694,82.155,151.357,0.0,233.513
6.419466983992606,6231,1,8,6,-0.085164,-0.083407,-0.049197,-0.057422,142.684,95.0,208.244,-4.483,-212,-95,0.0,-0.049,0.0,0.0,-0.049,23.03,119.654,0.0,142.684,38.147,170.097,0.0,208.244
6.431297382921912,6236,1,8,6,-0.084524,-0.083359,-0.032631,-0.01652,74.509,77.0,163.303,-4.537,-167,-77,0.0,-0.032,0.0,0.0,-0.032,-45.11,119.62,0.0,74.509,-1.992,165.295,0.0,163.303
6.431297382921912,6241,1,8,6,-0.083801,-0.083382,-0.011717,-0.005781,102.986,62.0,216.887,-4.511,-221,-95,0.0,-0.011,0.0,0.0,-0.011,-16.621,119.607,0.0,102.986,32.789,184.097,0.0,216.887
6.431297382921912,6246,1,8,6,-0.082995,-0.083485,0.01373,0.004486,145.51,98.0,247.06,-4.397,-251,-98,0.0,0.013,0.0,0.0,0.013,25.883,119.627,0.0,145.51,38.008,209.051,0.0,247.06
6.443202406982891,6251,1,8,6,-0.082107,-0.083645,0.043061,0.001177,236.99,165.0,322.582,-4.219,-326,-165,0.0,0.043,0.0,0.0,0.043,117.275,119.715,0.0,236.99,57.592,264.99,0.0,322.582
6.443202406982891,6256,1,8,6,-0.081138,-0.083711,0.072055,-0.007642,343.035,227.0,428.204,-4.145,-432,-227,0.0,0.072,0.0,0.0,0.072,223.153,119.882,0.0,343.035,92.828,335.375,0.0,428.204
6.454484969959594,6261,1,8,6,-0.080089,-0.083665,0.100134,-2.8e-05,400.55,258.0,524.145,-4.197,-528,-325,0.0,0.1,0.0,0.0,0.1,280.457,120.092,0.0,400.55,114.04,410.105,0.0,524.145
6.454484969959594,6266,1,8,6,-0.078961,-0.08359,0.129632,0.014342,443.136,356.0,534.017,-4.28,-538,-356,0.0,0.129,0.0,0.0,0.129,322.81,120.325,0.0,443.136,69.709,464.308,0.0,534.017
6.465478659956716,6271,1,8,6,-0.077754,-0.083551,0.162308,0.018578,523.07,435.0,603.938,-4.323,-608,-435,0.0,0.162,0.0,0.0,0.162,402.442,120.627,0.0,523.07,70.456,533.482,0.0,603.938
6.465478659956716,6276,1,8,6,-0.076472,-0.083555,0.198344,0.016528,630.095,457.0,763.248,-4.319,-767,-457,0.0,0.198,0.0,0.0,0.198,509.085,121.009,0.0,630.095,138.476,624.772,0.0,763.248
6.465478659956716,6281,1,8,6,-0.075113,-0.0835,0.234816,0.033253,685.808,502.0,869.572,-4.381,-873,-573,0.0,0.234,0.0,0.0,0.234,564.376,121.432,0.0,685.808,147.047,722.525,0.0,869.572
6.4768831440014765,6290,1,8,6,-0.072483,-0.083127,0.298039,0.05465,803.929,687.0,979.99,-4.795,-984,-687,0.0,0.298,0.0,0.0,0.298,681.489,122.44,0.0,803.929,93.543,886.446,0.0,979.99
6.4877763639669865,6295,1,8,6,-0.07092,-0.082818,0.33312,0.066605,869.24,710.0,1097.998,-5.139,-1103,-710,0.0,0.333,0.0,0.0,0.333,746.24,122.999,0.0,869.24,127.392,970.606,0.0,1097.998
6.4877763639669865,6301,1,8,6,-0.069288,-0.082527,0.370674,0.070937,962.896,785.0,1209.316,-5.463,-1214,-811,-0.104719,0.37,0.0,0.0,0.37,839.264,123.631,0.0,962.896,142.316,1066.999,0.0,1209.316
6.498841099906713,6306,1,8,6,-0.067239,-0.082115,0.416507,0.087374,1045.894,922.0,1272.304,-5.921,-1278,-922,-0.209439,0.416,0.0,0.0,0.416,921.571,124.323,0.0,1045.894,99.115,1173.189,0.0,1272.304
6.498841099906713,6311,1,8,6,-0.065459,-0.081607,0.45214,0.118332,1059.688,917.0,1357.044,-6.485,-1363,-917,-0.209439,0.452,0.0,0.0,0.452,934.664,125.024,0.0,1059.688,114.15,1242.893,0.0,1357.044
6.510330177959986,6316,1,8,6,-0.063614,-0.080957,0.485618,0.142494,1086.493,957.0,1418.332,-7.208,-1425,-957,-0.209439,0.485,0.0,0.0,0.485,960.748,125.744,0.0,1086.493,103.594,1314.737,0.0,1418.332
6.510330177959986,6321,1,8,6,-0.061706,-0.080242,0.518999,0.142333,1181.201,963.0,1598.904,-8.004,-1606,-1077,-0.209439,0.518,0.0,0.0,0.518,1054.665,126.535,0.0,1181.201,174.56,1424.343,0.0,1598.904
6.510330177959986,6326,1,8,6,-0.059737,-0.079424,0.551223,0.16797,1200.448,1047.0,1611.67,-8.913,-1620,-1047,-0.209439,0.551,0.0,0.0,0.551,1073.108,127.34,0.0,1200.448,122.758,1488.911,0.0,1611.67
6.521919006947428,6331,1,8,6,-0.05771,-0.078349,0.577906,0.220272,1129.465,1039.0,1604.117,-10.109,-1614,-1039,-0.314159,0.577,0.0,0.0,0.577,1001.374,128.091,0.0,1129.465,72.372,1531.745,0.0,1604.117
6.521919006947428,6336,1,8,6,-0.055625,-0.077,0.598493,0.255229,1089.952,1058.0,1576.901,-11.61,-1588,-1058,-0.314159,0.598,0.0,0.0,0.598,961.14,128.812,0.0,1089.952,25.561,1551.34,0.0,1576.901
6.533440554980189,6341,1,8,6,-0.053486,-0.075627,0.619965,0.272875,1101.391,1028.0,1643.216,-13.137,-1656,-1064,-0.314159,0.619,0.0,0.0,0.619,971.85,129.541,0.0,1101.391,58.713,1584.503,0.0,1643.216
6.533440554980189,6346,1,8,6,-0.051293,-0.074156,0.640159,0.302314,1076.216,1004.0,1655.381,-14.774,-1670,-1004,-0.314159,0.64,0.0,0.0,0.64,945.965,130.25,0.0,1076.216,57.772,1597.608,0.0,1655.381
6.545196669991128,6351,1,8,6,-0.04905,-0.072418,0.654304,0.356671,964.246,992.0,1557.828,-16.708,-1574,-992,-0.314159,0.654,0.0,0.0,0.654,833.37,130.875,0.0,964.246,-22.202,1580.031,0.0,1557.828
6.545196669991128,6356,1,8,6,-0.046759,-0.070547,0.666067,0.390867,901.992,916.0,1546.781,-18.791,-1565,-916,-0.314159,0.666,0.0,0.0,0.666,770.56,131.431,0.0,901.992,-11.206,1557.987,0.0,1546.781
6.545196669991128,6361,1,8,6,-0.044422,-0.068533,0.675112,0.411402,870.373,952.0,1456.507,-21.033,-1477,-886,-0.314159,0.675,0.0,0.0,0.675,738.388,131.985,0.0,870.373,-65.3,1521.808,0.0,1456.507
6.556968510965817,6366,1,8,6,-0.04204,-0.066353,0.680764,0.447685,785.097,864.0,1409.965,-23.459,-1433,-864,-0.418879,0.68,0.0,0.0,0.68,652.622,132.474,0.0,785.097,-63.122,1473.087,0.0,1409.965
6.556968510965817,6371,1,8,6,-0.039618,-0.064353,0.692591,0.433394,858.771,883.0,1447.542,-25.687,-1473,-883,-0.418879,0.692,0.0,0.0,0.692,725.752,133.019,0.0,858.771,-19.382,1466.925,0.0,1447.542
6.567933102021925,6380,1,8,6,-0.03516,-0.061277,0.73129,0.365313,1159.218,1020.0,1705.472,-29.112,-1734,-1057,-0.418879,0.731,0.0,0.0,0.731,1024.733,134.484,0.0,1159.218,111.374,1594.098,0.0,1705.472
6.579137427965179,6385,1,8,6,-0.032633,-0.059453,0.750948,0.373643,1191.733,1046.0,1778.972,-31.144,-1810,-1046,-0.418879,0.75,0.0,0.0,0.75,1056.456,135.277,0.0,1191.733,116.586,1662.386,0.0,1778.972
6.579137427965179,6391,1,8,6,-0.030075,-0.057351,0.763725,0.434812,1056.928,982.0,1740.483,-33.485,-1773,-982,-0.418879,0.763,0.0,0.0,0.763,920.957,135.97,0.0,1056.928,59.942,1680.54,0.0,1740.483
6.590211133938283,6396,1,8,6,-0.026966,-0.054338,0.766402,0.514765,841.082,918.0,1568.868,-36.842,-1605,-918,-0.523598,0.766,0.0,0.0,0.766,704.583,136.499,0.0,841.082,-61.533,1630.402,0.0,1568.868
6.590211133938283,6401,1,8,6,-0.024346,-0.051392,0.757282,0.578281,638.078,836.0,1363.928,-40.125,-1404,-736,-0.628318,0.757,0.0,0.0,0.757,501.203,136.874,0.0,638.078,-158.337,1522.266,0.0,1363.928
6.590211133938283,6406,1,8,6,-0.021702,-0.048268,0.743865,0.62303,475.466,645.0,1265.42,-43.606,-1309,-645,-0.628318,0.743,0.0,0.0,0.743,338.338,137.128,0.0,475.466,-135.626,1401.047,0.0,1265.42
6.601747569977306,6411,1,8,6,-0.019036,-0.045265,0.734401,0.615526,470.228,612.0,1206.798,-46.954,-1253,-612,-0.628318,0.734,0.0,0.0,0.734,332.85,137.378,0.0,470.228,-113.416,1320.215,0.0,1206.798
6.601747569977306,6416,1,8,6,-0.016351,-0.042665,0.736783,0.560497,631.348,704.0,1243.905,-49.852,-1293,-704,-0.628318,0.736,0.0,0.0,0.736,493.599,137.748,0.0,631.348,-58.121,1302.026,0.0,1243.905
6.612665676977485,6421,1,8,6,-0.013651,-0.040307,0.746366,0.520608,770.344,648.0,1454.661,-52.481,-1507,-744,-0.628318,0.746,0.0,0.0,0.746,632.122,138.222,0.0,770.344,97.875,1356.785,0.0,1454.661
6.612665676977485,6426,1,8,6,-0.010937,-0.0378,0.752156,0.543465,722.995,654.0,1410.394,-55.277,-1465,-654,-0.733038,0.752,0.0,0.0,0.752,584.334,138.66,0.0,722.995,55.196,1355.197,0.0,1410.394
6.623578549944796,6431,1,8,6,-0.008212,-0.034782,0.743969,0.614918,500.276,523.0,1286.571,-58.641,-1345,-523,-0.733038,0.743,0.0,0.0,0.743,361.344,138.931,0.0,500.276,-18.178,1304.75,0.0,1286.571
6.623578549944796,6436,1,8,6,-0.005479,-0.03122,0.720756,0.691664,220.451,421.0,1023.62,-62.614,-1086,-421,-0.733038,0.72,0.0,0.0,0.72,81.458,138.992,0.0,220.451,-160.438,1184.059,0.0,1023.62
6.634593360009603,6441,1,8,6,-0.00274,-0.027595,0.695913,0.728333,48.148,403.0,720.741,-66.658,-787,-321,-0.942477,0.695,0.0,0.0,0.695,-90.776,138.924,0.0,48.148,-283.881,1004.623,0.0,720.741
6.634593360009603,6446,1,8,6,0.0,-0.024406,0.68338,0.671637,171.826,467.0,684.592,-70.215,-754,-467,-0.733038,0.683,0.0,0.0,0.683,32.878,138.948,0.0,171.826,-236.138,920.73,0.0,684.592
6.646184607991017,6451,1,8,6,0.002741,-0.022399,0.703929,0.4873,745.966,725.0,1030.181,-72.454,-1102,-725,-0.628318,0.703,0.0,0.0,0.703,606.562,139.403,0.0,745.966,16.772,1013.408,0.0,1030.181
6.646184607991017,6456,1,8,6,0.005479,-0.021515,0.755856,0.304406,1404.412,964.0,1638.082,-73.44,-1711,-964,-0.418879,0.755,0.0,0.0,0.755,1264.06,140.351,0.0,1404.412,352.329,1285.752,0.0,1638.082
6.646184607991017,6461,1,8,6,0.008212,-0.020872,0.814396,0.224699,1792.741,1071.0,2237.872,-74.156,-2312,-1394,-0.418879,0.814,0.0,0.0,0.814,1651.151,141.589,0.0,1792.741,577.393,1660.479,0.0,2237.872
6.657198834931478,6470,1,8,6,0.013109,-0.017445,0.855561,0.473745,1212.677,1100.0,1924.34,-77.98,-2002,-1100,-0.733038,0.855,0.0,0.0,0.855,1069.084,143.593,0.0,1212.677,90.141,1834.198,0.0,1924.34
6.668091569910757,6475,1,8,6,0.015813,-0.014211,0.840688,0.591484,841.885,987.0,1622.617,-81.589,-1704,-987,-0.733038,0.84,0.0,0.0,0.84,697.769,144.116,0.0,841.885,-116.091,1738.708,0.0,1622.617
6.668091569910757,6481,1,8,6,0.018501,-0.011213,0.832025,0.610434,765.037,972.0,1467.692,-84.933,-1552,-957,-0.733038,0.832,0.0,0.0,0.832,620.454,144.583,0.0,765.037,-165.569,1633.262,0.0,1467.692
6.679300352931023,6486,1,8,6,0.021702,-0.008361,0.841788,0.521579,1041.84,1150.0,1569.711,-88.116,-1657,-1150,-0.628318,0.841,0.0,0.0,0.841,896.584,145.256,0.0,1041.84,-86.527,1656.238,0.0,1569.711
6.679300352931023,6491,1,8,6,0.024346,-0.00681,0.872391,0.37959,1526.133,1374.0,1921.002,-89.847,-2010,-1374,-0.523598,0.872,0.0,0.0,0.872,1379.841,146.291,0.0,1526.133,121.706,1799.296,0.0,1921.002
6.690560976974666,6496,1,8,6,0.026966,-0.005639,0.912967,0.301379,1860.023,1485.0,2306.667,-91.153,-2397,-1485,-0.523598,0.912,0.0,0.0,0.912,1712.447,147.575,0.0,1860.023,300.018,2006.649,0.0,2306.667
6.690560976974666,6501,1,8,6,0.02956,-0.004104,0.942633,0.332553,1857.078,1521.0,2447.289,-92.865,-2540,-1508,-0.523598,0.942,0.0,0.0,0.942,1708.222,148.856,0.0,1857.078,268.862,2178.426,0.0,2447.289
6.690560976974666,6506,1,8,6,0.032125,-0.001403,0.938792,0.501357,1374.595,1225.0,2259.522,-95.88,-2355,-1225,-0.628318,0.938,0.0,0.0,0.938,1224.82,149.775,0.0,1374.595,119.676,2139.846,0.0,2259.522
6.702020769007504,6511,1,8,6,0.034657,0.00247,0.901255,0.69848,717.969,962.0,1748.618,-100.202,-1848,-962,-0.733038,0.901,0.0,0.0,0.901,567.768,150.201,0.0,717.969,-195.224,1943.842,0.0,1748.618
6.702020769007504,6516,1,8,6,0.037156,0.006442,0.859984,0.75709,438.52,918.0,1311.765,-104.635,-1416,-918,-0.733038,0.859,0.0,0.0,0.859,288.103,150.417,0.0,438.52,-383.583,1695.348,0.0,1311.765
6.713086582021788,6521,1,8,6,0.039618,0.009376,0.846765,0.632122,751.867,869.0,1537.459,-107.908,-1645,-1082,-0.628318,0.846,0.0,0.0,0.846,600.999,150.867,0.0,751.867,-93.706,1631.165,0.0,1537.459
6.713086582021788,6526,1,8,6,0.042041,0.010873,0.872692,0.410448,1446.122,1432.0,1782.696,-109.579,-1892,-1432,-0.418879,0.872,0.0,0.0,0.872,1294.283,151.838,0.0,1446.122,11.297,1771.398,0.0,1782.696
6.723900617915206,6531,1,8,6,0.044422,0.011563,0.92004,0.265901,1984.801,1622.0,2299.384,-110.349,-2409,-1622,-0.314159,0.92,0.0,0.0,0.92,1831.589,153.212,0.0,1984.801,290.241,2009.142,0.0,2299.384
6.723900617915206,6536,1,8,6,0.046759,0.012609,0.956215,0.266473,2085.883,1667.0,2554.478,-111.515,-2665,-1667,-0.314159,0.956,0.0,0.0,0.956,1931.277,154.605,0.0,2085.883,335.106,2219.371,0.0,2554.478
6.73526280594524,6541,1,8,6,0.049051,0.014475,0.968107,0.363714,1848.175,1677.0,2442.975,-113.598,-2556,-1517,-0.523598,0.968,0.0,0.0,0.968,1692.3,155.875,0.0,1848.175,136.94,2306.035,0.0,2442.975
6.73526280594524,6546,1,8,6,0.051294,0.017551,0.944793,0.569697,1206.931,1192.0,2189.787,-117.029,-2306,-1192,-0.523598,0.944,0.0,0.0,0.944,1050.269,156.662,0.0,1206.931,11.945,2177.842,0.0,2189.787
6.73526280594524,6551,1,8,6,0.053486,0.021473,0.896354,0.734076,611.381,974.0,1636.839,-121.405,-1758,-974,-0.733038,0.896,0.0,0.0,0.896,454.377,157.003,0.0,611.381,-290.095,1926.934,0.0,1636.839
6.746789368917234,6560,1,8,6,0.057297,0.027407,0.836927,0.606664,802.469,952.0,1476.081,-128.025,-1604,-1088,-0.418879,0.836,0.0,0.0,0.836,644.737,157.732,0.0,802.469,-119.624,1595.705,0.0,1476.081
6.757945337914862,6565,1,8,6,0.059337,0.02895,0.85083,0.388782,1452.436,1425.0,1766.655,-129.745,-1896,-1425,-0.314159,0.85,0.0,0.0,0.85,1293.733,158.702,0.0,1452.436,21.949,1744.706,0.0,1766.655
6.757945337914862,6571,1,8,6,0.061317,0.029626,0.887358,0.220178,2028.215,1652.0,2302.841,-130.499,-2433,-1652,-0.314159,0.887,0.0,0.0,0.887,1868.105,160.109,0.0,2028.215,300.972,2001.868,0.0,2302.841
6.768766711000353,6576,1,8,6,0.063614,0.030829,0.917976,0.231242,2084.407,1650.0,2565.907,-131.841,-2697,-1650,-0.314159,0.917,0.0,0.0,0.917,1922.855,161.551,0.0,2084.407,347.525,2218.381,0.0,2565.907
6.768766711000353,6581,1,8,6,0.065459,0.033042,0.907691,0.382357,1633.589,1686.0,2154.025,-134.309,-2288,-1379,-0.523598,0.907,0.0,0.0,0.907,1470.934,162.654,0.0,1633.589,-41.928,2195.953,0.0,2154.025
6.779907705960795,6586,1,8,6,0.06724,0.036354,0.864789,0.58387,949.818,1093.0,1895.299,-138.003,-2033,-1093,-0.628318,0.864,0.0,0.0,0.864,786.573,163.244,0.0,949.818,-114.545,2009.845,0.0,1895.299
6.779907705960795,6591,1,8,6,0.068954,0.040022,0.810075,0.666836,564.615,974.0,1441.898,-142.093,-1583,-974,-0.628318,0.81,0.0,0.0,0.81,401.069,163.545,0.0,564.615,-327.507,1769.406,0.0,1441.898
6.7913448789622635,6596,1,8,6,0.0706,0.04279,0.778668,0.592602,684.919,1019.0,1343.928,-145.179,-1489,-1019,-0.628318,0.778,0.0,0.0,0.778,520.983,163.936,0.0,684.919,-267.264,1611.192,0.0,1343.928
6.7913448789622635,6601,1,8,6,0.072176,0.044414,0.777326,0.413057,1184.654,1037.0,1805.025,-146.99,-1952,-1343,-0.314159,0.777,0.0,0.0,0.777,1019.952,164.701,0.0,1184.654,118.123,1686.901,0.0,1805.025
6.7913448789622635,6606,1,8,6,0.073681,0.045003,0.802976,0.208753,1829.773,1619.0,2071.055,-147.646,-2218,-1619,-0.209439,0.802,0.0,0.0,0.802,1663.824,165.949,0.0,1829.773,168.618,1902.437,0.0,2071.055
6.802112443954684,6611,1,8,6,0.075113,0.045569,0.827243,0.154772,2050.28,1658.0,2423.723,-148.277,-2572,-1658,-0.209439,0.827,0.0,0.0,0.827,1882.919,167.361,0.0,2050.28,313.824,2109.899,0.0,2423.723
6.802112443954684,6616,1,8,6,0.076472,0.047005,0.825067,0.244985,1792.809,1596.0,2353.116,-149.877,-2502,-1596,-0.209439,0.825,0.0,0.0,0.825,1624.229,168.579,0.0,1792.809,157.447,2195.669,0.0,2353.116
6.813102962914854,6621,1,8,6,0.077755,0.049461,0.792217,0.428921,1186.571,1553.0,1714.319,-152.615,-1866,-1161,-0.523598,0.792,0.0,0.0,0.792,1017.228,169.342,0.0,1186.571,-293.142,2007.461,0.0,1714.319
6.813102962914854,6626,1,8,6,0.078961,0.052672,0.736082,0.587395,585.966,938.0,1467.706,-156.193,-1623,-938,-0.523598,0.736,0.0,0.0,0.736,416.323,169.642,0.0,585.966,-281.626,1749.333,0.0,1467.706
6.824040603940375,6631,1,8,6,0.080089,0.055373,0.692044,0.55197,562.145,981.0,1218.479,-159.202,-1377,-981,-0.523598,0.692,0.0,0.0,0.692,392.208,169.937,0.0,562.145,-335.083,1553.563,0.0,1218.479
6.824040603940375,6636,1,8,6,0.081138,0.056904,0.678549,0.378873,1009.66,1107.0,1454.484,-160.908,-1615,-1107,-0.523598,0.678,0.0,0.0,0.678,839.094,170.566,0.0,1009.66,-77.871,1532.356,0.0,1454.484
6.8350771989207715,6641,1,8,6,0.082107,0.057568,0.687084,0.201953,1529.952,1155.0,2025.917,-161.648,-2187,-1499,-0.209439,0.687,0.0,0.0,0.687,1358.367,171.585,0.0,1529.952,299.961,1725.955,0.0,2025.917
6.8350771989207715,6650,1,8,6,0.083646,0.058711,0.698188,0.138147,1742.187,1499.0,2195.577,-162.921,-2358,-1499,-0.209439,0.698,0.0,0.0,0.698,1568.116,174.07,0.0,1742.187,194.549,2001.028,0.0,2195.577
6.8468207999831066,6655,1,8,6,0.084386,0.060272,0.675211,0.268112,1314.802,1348.0,1927.196,-164.659,-2091,-1348,-0.418879,0.675,0.0,0.0,0.675,1139.876,174.925,0.0,1314.802,-26.558,1953.754,0.0,1927.196
6.8468207999831066,6661,1,8,6,0.085043,0.062351,0.635365,0.388107,867.769,1290.0,1398.292,-166.976,-1565,-1104,-0.523598,0.635,0.0,0.0,0.635,692.322,175.447,0.0,867.769,-337.784,1736.076,0.0,1398.292
6.8577944479184225,6666,1,8,6,0.08572,0.064715,0.588134,0.404754,689.295,1051.0,1244.616,-169.608,-1414,-1051,-0.418879,0.588,0.0,0.0,0.588,513.462,175.832,0.0,689.295,-289.364,1533.98,0.0,1244.616
6.8577944479184225,6671,1,8,6,0.086192,0.065678,0.574392,0.255587,1069.156,1213.0,1395.446,-170.68,-1566,-1213,0.0,0.574,0.0,0.0,0.574,892.654,176.501,0.0,1069.156,-115.074,1510.52,0.0,1395.446
6.868512663990259,6676,1,8,6,0.086578,0.065684,0.58502,0.090515,1562.152,1355.0,1805.327,-170.687,-1976,-1355,0.0,0.585,0.0,0.0,0.585,1384.612,177.54,0.0,1562.152,165.722,1639.605,0.0,1805.327
6.868512663990259,6681,1,8,6,0.086879,0.065872,0.588188,0.039555,1714.862,1435.0,2012.079,-170.896,-2182,-1542,0.0,0.588,0.0,0.0,0.588,1536.17,178.692,0.0,1714.862,223.89,1788.189,0.0,2012.079
6.879499110975303,6686,1,8,6,0.087094,0.066559,0.574966,0.058488,1625.915,1488.0,1945.665,-171.661,-2117,-1488,0.0,0.574,0.0,0.0,0.574,1446.138,179.776,0.0,1625.915,110.332,1835.333,0.0,1945.665
6.879499110975303,6691,1,8,6,0.087223,0.067397,0.55513,0.085576,1495.514,1453.0,1880.569,-172.594,-2053,-1453,-0.104719,0.555,0.0,0.0,0.555,1314.751,180.762,0.0,1495.514,34.011,1846.557,0.0,1880.569
6.890957620926201,6696,1,8,6,0.087266,0.068095,0.536788,0.127128,1328.672,1370.0,1776.226,-173.371,-1949,-1370,-0.209439,0.536,0.0,0.0,0.536,1147.049,181.623,0.0,1328.672,-33.062,1809.289,0.0,1776.226
6.890957620926201,6701,1,8,6,0.087223,0.06876,0.516962,0.154187,1198.153,1414.0,1533.501,-174.111,-1707,-1307,-0.209439,0.516,0.0,0.0,0.516,1015.768,182.385,0.0,1198.153,-172.677,1706.178,0.0,1533.501
6.890957620926201,6706,1,8,6,0.087094,0.069179,0.501604,0.120729,1249.632,1331.0,1609.384,-174.578,-1783,-1331,0.0,0.501,0.0,0.0,0.501,1066.447,183.185,0.0,1249.632,-65.093,1674.478,0.0,1609.384
6.902022821945138,6711,1,8,6,0.086879,0.069285,0.492622,0.051546,1419.126,1418.0,1708.905,-174.696,-1883,-1418,0.0,0.492,0.0,0.0,0.492,1235.015,184.111,0.0,1419.126,0.901,1708.004,0.0,1708.905
6.902022821945138,6716,1,8,6,0.086578,0.06943,0.480142,0.020168,1473.002,1446.0,1748.516,-174.857,-1923,-1446,0.0,0.48,0.0,0.0,0.48,1287.925,185.077,0.0,1473.002,21.601,1726.914,0.0,1748.516
6.91341223299969,6721,1,8,6,0.086192,0.0699,0.45615,0.023851,1396.387,1436.0,1674.874,-175.381,-1850,-1397,0.0,0.456,0.0,0.0,0.456,1210.436,185.95,0.0,1396.387,-31.69,1706.564,0.0,1674.874
6.91341223299969,6726,1,8,6,0.08572,0.070235,0.433593,0.020249,1344.18,1379.0,1653.619,-175.753,-1829,-1379,0.0,0.433,0.0,0.0,0.433,1157.361,186.818,0.0,1344.18,-27.855,1681.475,0.0,1653.619
6.924507126910612,6731,1,8,6,0.085164,0.07032,0.415639,0.012377,1316.797,1362.0,1617.121,-175.848,-1792,-1362,0.0,0.415,0.0,0.0,0.415,1129.132,187.665,0.0,1316.797,-36.162,1653.283,0.0,1617.121
6.924507126910612,6740,1,8,6,0.083952,0.070247,0.383745,0.011047,1232.836,1321.0,1505.528,-175.767,-1681,-1271,0.0,0.383,0.0,0.0,0.383,1043.556,189.28,0.0,1232.836,-70.53,1576.059,0.0,1505.528
6.937081868993118,6745,1,8,6,0.083163,0.07025,0.361557,-0.000263,1203.139,1240.0,1515.524,-175.77,-1691,-1240,0.0,0.361,0.0,0.0,0.361,1013.098,190.04,0.0,1203.139,-29.488,1545.013,0.0,1515.524
6.937081868993118,6751,1,8,6,0.082291,0.070359,0.334099,-0.009619,1153.181,1205.0,1466.826,-175.891,-1642,-1205,0.0,0.334,0.0,0.0,0.334,962.415,190.765,0.0,1153.181,-41.455,1508.281,0.0,1466.826
6.947888860013336,6756,1,8,6,0.081138,0.070421,0.300083,-0.01612,1076.798,1188.0,1360.519,-175.96,-1536,-1188,0.0,0.3,0.0,0.0,0.3,885.369,191.429,0.0,1076.798,-88.961,1449.48,0.0,1360.519
6.947888860013336,6761,1,8,6,0.080089,0.07042,0.27072,-0.021341,1009.815,1143.0,1271.225,-175.959,-1447,-1077,0.0,0.27,0.0,0.0,0.27,817.773,192.042,0.0,1009.815,-106.547,1377.772,0.0,1271.225
6.958817797945812,6766,1,8,6,0.078961,0.070386,0.240093,-0.022967,929.168,1046.0,1213.38,-175.921,-1389,-1046,0.0,0.24,0.0,0.0,0.24,736.573,192.595,0.0,929.168,-93.465,1306.845,0.0,1213.38
6.958817797945812,6771,1,8,6,0.077754,0.070258,0.209911,-0.023291,846.054,966.0,1126.822,-175.778,-1302,-966,0.0,0.209,0.0,0.0,0.209,652.969,193.084,0.0,846.054,-95.956,1222.779,0.0,1126.822
6.969532595947385,6776,1,8,6,0.076472,0.070204,0.175501,-0.019165,738.561,917.0,981.021,-175.718,-1156,-917,0.0,0.175,0.0,0.0,0.175,545.068,193.493,0.0,738.561,-142.75,1123.772,0.0,981.021
6.969532595947385,6781,1,8,6,0.075113,0.07012,0.139808,-0.020138,641.681,864.0,828.715,-175.626,-1004,-768,0.0,0.139,0.0,0.0,0.139,447.852,193.829,0.0,641.681,-177.854,1006.57,0.0,828.715
6.980865373974666,6786,1,8,6,0.073681,0.069912,0.105529,-0.058588,653.705,785.0,842.624,-175.394,-1018,-785,0.0,0.105,0.0,0.0,0.105,459.531,194.174,0.0,653.705,-105.035,947.659,0.0,842.624
6.980865373974666,6791,1,8,6,0.072176,0.069604,0.071998,-0.078824,616.797,715.0,799.077,-175.051,-974,-715,0.0,0.071,0.0,0.0,0.071,422.306,194.49,0.0,616.797,-78.562,877.639,0.0,799.077
6.980865373974666,6796,1,8,6,0.070599,0.069333,0.035466,-0.07278,497.81,657.0,659.046,-174.749,-833,-657,0.0,0.035,0.0,0.0,0.035,303.092,194.718,0.0,497.81,-127.351,786.398,0.0,659.046
6.991856056964025,6801,1,8,6,0.068954,0.069023,-0.001952,-0.070821,387.693,626.0,473.043,-174.404,-647,-510,0.0,-0.001,0.0,0.0,-0.001,192.83,194.862,0.0,387.693,-190.645,663.688,0.0,473.043
6.991856056964025,6806,1,8,6,0.067239,0.068577,-0.037466,-0.086808,333.125,476.0,464.974,-173.908,-638,-476,0.0,-0.037,0.0,0.0,-0.037,138.159,194.966,0.0,333.125,-114.299,579.273,0.0,464.974
7.0028664059937,6811,1,8,6,0.065459,0.068009,-0.071392,-0.116123,320.302,431.0,423.95,-173.275,-597,-431,0.0,-0.071,0.0,0.0,-0.071,125.245,195.056,0.0,320.302,-88.558,512.508,0.0,423.95
7.0028664059937,6816,1,8,6,0.063614,0.067394,-0.105838,-0.12311,243.456,395.0,307.612,-172.591,-480,-395,0.0,-0.105,0.0,0.0,-0.105,48.363,195.093,0.0,243.456,-121.234,428.847,0.0,307.612
7.013854451011866,6821,1,8,6,0.061706,0.066908,-0.145652,-0.118,117.609,335.0,138.343,-172.05,-310,-239,0.0,-0.145,0.0,0.0,-0.145,-77.425,195.034,0.0,117.609,-173.912,312.255,0.0,138.343
7.024744400987402,6830,1,8,6,0.05812,0.065812,-0.215365,-0.141132,-13.112,141.0,-11.227,-170.829,-159,-141,0.104719,-0.215,0.0,0.0,-0.215,-207.852,194.739,0.0,-13.112,-123.29,112.062,0.0,-11.227
7.024744400987402,6835,1,8,6,0.056047,0.064782,-0.244593,-0.175853,2.123,125.0,-50.884,-169.682,-118,-125,0.209439,-0.244,0.0,0.0,-0.244,-192.471,194.594,0.0,2.123,-98.301,47.417,0.0,-50.884
7.024744400987402,6840,1,8,6,0.053918,0.063828,-0.277471,-0.202568,-15.291,94.0,-97.601,-168.62,-71,-76,0.209439,-0.277,0.0,0.0,-0.277,-209.728,194.437,0.0,-15.291,-87.433,-10.168,0.0,-97.601
7.0364140199963,6846,1,8,6,0.051736,0.062821,-0.310377,-0.218356,-63.415,32.0,-152.052,-167.499,-15,-32,0.209439,-0.31,0.0,0.0,-0.31,-257.659,194.243,0.0,-63.415,-76.332,-75.719,0.0,-152.052
7.0364140199963,6851,1,8,6,0.04905,0.061543,-0.349795,-0.235153,-126.994,-9.0,-241.363,-166.076,75,9,0.209439,-0.349,0.0,0.0,-0.349,-320.997,194.002,0.0,-126.994,-94.395,-146.967,0.0,-241.363
7.047352075926028,6856,1,8,6,0.046759,0.060309,-0.379384,-0.252521,-161.479,-14.0,-339.544,-164.701,174,14,0.209439,-0.379,0.0,0.0,-0.379,-355.216,193.736,0.0,-161.479,-117.983,-221.56,0.0,-339.544
7.047352075926028,6861,1,8,6,0.044422,0.058975,-0.407484,-0.273588,-181.455,-46.0,-401.146,-163.215,237,40,0.209439,-0.407,0.0,0.0,-0.407,-374.91,193.455,0.0,-181.455,-108.364,-292.782,0.0,-401.146
7.058384369011037,6866,1,8,6,0.04204,0.05715,-0.423076,-0.343065,-30.744,51.0,-362.619,-161.182,201,-51,0.314159,-0.423,0.0,0.0,-0.423,-224.031,193.287,0.0,-30.744,-65.395,-297.223,0.0,-362.619
7.058384369011037,6871,1,8,6,0.039618,0.05492,-0.428462,-0.431387,201.484,136.0,-188.209,-158.697,29,-136,0.418879,-0.428,0.0,0.0,-0.428,8.191,193.293,0.0,201.484,52.387,-240.597,0.0,-188.209
7.069309061975218,6876,1,8,6,0.037156,0.052365,-0.425856,-0.490529,374.515,220.0,-23.122,-155.851,-132,-220,0.418879,-0.425,0.0,0.0,-0.425,181.085,193.429,0.0,374.515,123.612,-146.734,0.0,-23.122
7.069309061975218,6881,1,8,6,0.034657,0.049926,-0.427518,-0.486694,359.245,207.0,49.69,-153.132,-202,-218,0.523598,-0.427,0.0,0.0,-0.427,165.692,193.553,0.0,359.245,121.796,-72.105,0.0,49.69
7.080794308916666,6886,1,8,6,0.032124,0.047802,-0.438982,-0.456418,242.41,144.0,27.626,-150.766,-178,-144,0.418879,-0.438,0.0,0.0,-0.438,48.82,193.59,0.0,242.41,78.728,-51.102,0.0,27.626
7.080794308916666,6891,1,8,6,0.02956,0.04607,-0.462277,-0.409723,46.329,61.0,-101.868,-148.835,-46,-61,0.314159,-0.462,0.0,0.0,-0.462,-147.149,193.479,0.0,46.329,-11.736,-90.132,0.0,-101.868
7.080794308916666,6896,1,8,6,0.026966,0.044728,-0.497322,-0.33532,-260.464,-59.0,-375.969,-147.339,228,59,0.314159,-0.497,0.0,0.0,-0.497,-453.603,193.139,0.0,-260.464,-161.171,-214.797,0.0,-375.969
7.092140791937709,6901,1,8,6,0.024346,0.043376,-0.532833,-0.304021,-447.996,-104.0,-660.461,-145.832,514,224,0.314159,-0.532,0.0,0.0,-0.532,-640.674,192.677,0.0,-447.996,-275.197,-385.263,0.0,-660.461
7.092140791937709,6906,1,8,6,0.021702,0.041626,-0.557888,-0.36191,-356.473,-124.0,-645.705,-143.881,501,124,0.418879,-0.557,0.0,0.0,-0.557,-548.739,192.265,0.0,-356.473,-185.978,-459.726,0.0,-645.705
7.1031514320056885,6911,1,8,6,0.019036,0.039034,-0.559932,-0.489604,-4.8,7.0,-433.257,-140.991,292,-7,0.418879,-0.559,0.0,0.0,-0.559,-196.919,192.118,0.0,-4.8,-9.44,-423.816,0.0,-433.257
7.113883954938501,6920,1,8,6,0.014192,0.033463,-0.539596,-0.603443,371.105,150.0,-6.888,-134.779,-127,-158,0.523598,-0.539,0.0,0.0,-0.539,178.772,192.332,0.0,371.105,176.884,-183.772,0.0,-6.888
7.113883954938501,6925,1,8,6,0.011481,0.030867,-0.542816,-0.551183,215.777,99.0,-55.68,-131.883,-76,-99,0.418879,-0.542,0.0,0.0,-0.542,23.427,192.35,0.0,215.777,93.422,-149.102,0.0,-55.68
7.124777577933855,6930,1,8,6,0.008758,0.028595,-0.555448,-0.464329,-62.973,-9.0,-251.843,-129.349,122,9,0.314159,-0.555,0.0,0.0,-0.555,-255.132,192.159,0.0,-62.973,-43.178,-208.664,0.0,-251.843
7.124777577933855,6936,1,8,6,0.006026,0.026592,-0.575856,-0.405557,-285.039,-94.0,-474.502,-127.116,347,94,0.314159,-0.575,0.0,0.0,-0.575,-476.839,191.8,0.0,-285.039,-152.831,-321.671,0.0,-474.502
7.136319043929689,6941,1,8,6,0.00274,0.024071,-0.597251,-0.418059,-310.311,-119.0,-573.079,-124.303,448,149,0.418879,-0.597,0.0,0.0,-0.597,-501.735,191.423,0.0,-310.311,-153.049,-420.03,0.0,-573.079
7.136319043929689,6946,1,8,6,0.0,0.021516,-0.602471,-0.509517,-69.041,27.0,-474.448,-121.453,352,-27,0.418879,-0.602,0.0,0.0,-0.602,-260.27,191.228,0.0,-69.041,-76.833,-397.615,0.0,-474.448
7.136319043929689,6951,1,8,6,-0.002741,0.018506,-0.594925,-0.611189,236.801,129.0,-226.881,-118.095,108,-129,0.523598,-0.594,0.0,0.0,-0.594,45.539,191.262,0.0,236.801,86.241,-313.123,0.0,-226.881
7.147684750962071,6956,1,8,6,-0.005479,0.015483,-0.586958,-0.638026,334.362,139.0,-57.194,-114.722,-57,-139,0.523598,-0.586,0.0,0.0,-0.586,142.992,191.37,0.0,334.362,156.29,-213.484,0.0,-57.194
7.147684750962071,6961,1,8,6,-0.008212,0.01277,-0.58752,-0.614998,268.364,143.0,-50.067,-111.695,-61,-94,0.523598,-0.587,0.0,0.0,-0.587,76.937,191.427,0.0,268.364,100.291,-150.358,0.0,-50.067
7.158561488962732,6966,1,8,6,-0.010937,0.010531,-0.601136,-0.519579,-37.105,-68.0,-174.957,-109.197,65,68,0.418879,-0.601,0.0,0.0,-0.601,-228.361,191.256,0.0,-37.105,24.715,-199.673,0.0,-174.957
7.158561488962732,6971,1,8,6,-0.013651,0.008856,-0.630222,-0.408059,-431.264,-245.0,-494.443,-107.328,387,245,0.418879,-0.63,0.0,0.0,-0.63,-622.054,190.789,0.0,-431.264,-149.011,-345.431,0.0,-494.443
7.169586585019715,6976,1,8,6,-0.016352,0.007215,-0.659887,-0.373916,-610.529,-309.0,-750.102,-105.497,644,309,0.418879,-0.659,0.0,0.0,-0.659,-800.718,190.189,0.0,-610.529,-241.223,-508.878,0.0,-750.102
7.169586585019715,6981,1,8,6,-0.019036,0.005144,-0.677059,-0.411863,-552.914,-355.0,-771.248,-103.186,668,293,0.418879,-0.677,0.0,0.0,-0.677,-742.547,189.632,0.0,-552.914,-158.331,-612.916,0.0,-771.248
7.181092671002261,6986,1,8,6,-0.021702,0.002335,-0.673064,-0.526345,-221.489,-131.0,-668.766,-100.052,568,131,0.628318,-0.673,0.0,0.0,-0.673,-410.813,189.324,0.0,-221.489,-72.391,-596.375,0.0,-668.766
7.181092671002261,6991,1,8,6,-0.024346,-0.001103,-0.650814,-0.650969,189.758,59.0,-371.875,-96.215,275,-59,0.628318,-0.65,0.0,0.0,-0.65,0.433,189.324,0.0,189.758,104.606,-476.481,0.0,-371.875
7.181092671002261,6996,1,8,6,-0.026966,-0.004759,-0.621802,-0.700899,410.964,92.0,-54.635,-92.135,-37,-92,0.733038,-0.621,0.0,0.0,-0.621,221.473,189.49,0.0,410.964,255.171,-309.806,0.0,-54.635
7.192845925921574,7001,1,8,6,-0.02956,-0.007963,-0.604721,-0.652133,322.344,123.0,-46.593,-88.56,-41,-44,0.733038,-0.604,0.0,0.0,-0.604,132.754,189.59,0.0,322.344,159.475,-206.069,0.0,-46.593
7.203623502980918,7010,1,8,6,-0.034153,-0.011584,-0.631932,-0.367866,-550.566,-392.0,-529.244,-84.519,444,392,0.418879,-0.631,0.0,0.0,-0.631,-739.385,188.819,0.0,-550.566,-126.852,-402.391,0.0,-529.244
7.203623502980918,7015,1,8,6,-0.036659,-0.012796,-0.668162,-0.309606,-815.888,-472.0,-865.467,-83.167,782,472,0.314159,-0.668,0.0,0.0,-0.668,-1003.955,188.066,0.0,-815.888,-275.11,-590.356,0.0,-865.467
7.214684553910047,7020,1,8,6,-0.039128,-0.014256,-0.696438,-0.321837,-861.6,-552.0,-1000.348,-81.539,918,587,0.314159,-0.696,0.0,0.0,-0.696,-1048.881,187.28,0.0,-861.6,-247.68,-752.668,0.0,-1000.348
7.214684553910047,7026,1,8,6,-0.041559,-0.016198,-0.710104,-0.386647,-719.081,-534.0,-972.209,-79.371,892,534,0.523598,-0.71,0.0,0.0,-0.71,-905.679,186.598,0.0,-719.081,-148.065,-824.144,0.0,-972.209
7.226198578020558,7031,1,8,6,-0.044422,-0.019122,-0.708403,-0.483048,-444.87,-492.0,-750.183,-76.11,674,492,0.523598,-0.708,0.0,0.0,-0.708,-630.995,186.125,0.0,-444.87,37.703,-787.886,0.0,-750.183
7.226198578020558,7036,1,8,6,-0.046759,-0.021414,-0.709678,-0.466468,-495.373,-545.0,-732.865,-73.553,659,545,0.523598,-0.709,0.0,0.0,-0.709,-680.987,185.614,0.0,-495.373,39.701,-772.566,0.0,-732.865
7.226198578020558,7041,1,8,6,-0.049051,-0.02315,-0.72522,-0.375238,-795.071,-558.0,-1082.059,-71.616,1010,801,0.314159,-0.725,0.0,0.0,-0.725,-979.951,184.879,0.0,-795.071,-189.657,-892.401,0.0,-1082.059
7.237466838909313,7046,1,8,6,-0.051294,-0.024262,-0.756875,-0.280316,-1150.486,-947.0,-1215.133,-70.375,1144,947,0.314159,-0.756,0.0,0.0,-0.756,-1334.365,183.878,0.0,-1150.486,-162.789,-1052.344,0.0,-1215.133
7.237466838909313,7051,1,8,6,-0.053486,-0.025397,-0.786492,-0.252197,-1313.27,-1037.0,-1436.554,-69.109,1367,1037,0.314159,-0.786,0.0,0.0,-0.786,-1496.026,182.756,0.0,-1313.27,-221.016,-1215.538,0.0,-1436.554
7.248766071978025,7056,1,8,6,-0.055625,-0.027057,-0.799908,-0.291712,-1241.257,-989.0,-1533.759,-67.257,1466,989,0.314159,-0.799,0.0,0.0,-0.799,-1422.947,181.689,0.0,-1241.257,-201.806,-1331.953,0.0,-1533.759
7.248766071978025,7061,1,8,6,-0.05771,-0.029215,-0.797857,-0.401245,-929.658,-1000.0,-1241.595,-64.85,1176,789,0.523598,-0.797,0.0,0.0,-0.797,-1110.514,180.856,0.0,-929.658,56.273,-1297.868,0.0,-1241.595
7.260096619022079,7066,1,8,6,-0.059738,-0.03201,-0.776376,-0.527504,-516.509,-565.0,-1149.377,-61.733,1087,565,0.628318,-0.776,0.0,0.0,-0.776,-696.843,180.333,0.0,-516.509,38.792,-1188.169,0.0,-1149.377
7.260096619022079,7071,1,8,6,-0.061706,-0.035192,-0.742412,-0.611313,-187.017,-451.0,-810.975,-58.185,752,451,0.628318,-0.742,0.0,0.0,-0.742,-367.076,180.058,0.0,-187.017,211.185,-1022.16,0.0,-810.975
7.260096619022079,7076,1,8,6,-0.063614,-0.038184,-0.712042,-0.620434,-76.636,-421.0,-568.451,-54.848,513,421,0.628318,-0.712,0.0,0.0,-0.712,-256.502,179.866,0.0,-76.636,275.491,-843.942,0.0,-568.451
7.271839487948455,7081,1,8,6,-0.065459,-0.040731,-0.692379,-0.537589,-253.857,-374.0,-684.624,-52.008,632,429,0.523598,-0.692,0.0,0.0,-0.692,-433.41,179.553,0.0,-253.857,96.114,-780.738,0.0,-684.624
7.271839487948455,7086,1,8,6,-0.06724,-0.042644,-0.688664,-0.432494,-538.262,-566.0,-801.688,-49.875,751,566,0.314159,-0.688,0.0,0.0,-0.688,-717.277,179.015,0.0,-538.262,22.19,-823.878,0.0,-801.688
7.282748888945207,7091,1,8,6,-0.068954,-0.044213,-0.692725,-0.381704,-692.498,-585.0,-969.557,-48.126,921,585,0.314159,-0.692,0.0,0.0,-0.692,-870.86,178.362,0.0,-692.498,-85.998,-883.558,0.0,-969.557
7.293956657988019,7100,1,8,6,-0.071866,-0.048013,-0.667891,-0.483832,-337.967,-456.0,-726.792,-43.891,682,345,0.523598,-0.667,0.0,0.0,-0.667,-515.366,177.398,0.0,-337.967,94.426,-821.218,0.0,-726.792
7.293956657988019,7105,1,8,6,-0.073386,-0.050905,-0.629459,-0.580985,41.571,-77.0,-559.311,-40.667,518,77,0.523598,-0.629,0.0,0.0,-0.629,-135.725,177.297,0.0,41.571,94.857,-654.168,0.0,-559.311
7.304624974960461,7110,1,8,6,-0.074833,-0.054162,-0.57878,-0.64675,367.757,24.0,-176.817,-37.038,139,-24,0.523598,-0.578,0.0,0.0,-0.578,190.317,177.439,0.0,367.757,275.005,-451.822,0.0,-176.817
7.304624974960461,7116,1,8,6,-0.076206,-0.057291,-0.529608,-0.633945,469.802,70.0,77.984,-33.552,-111,-70,0.418879,-0.529,0.0,0.0,-0.529,292.142,177.659,0.0,469.802,319.842,-241.858,0.0,77.984
7.316145651973784,7121,1,8,6,-0.077755,-0.060096,-0.494452,-0.508641,217.419,87.0,-70.43,-30.428,40,51,0.314159,-0.494,0.0,0.0,-0.494,39.73,177.689,0.0,217.419,104.335,-174.766,0.0,-70.43
7.316145651973784,7126,1,8,6,-0.078961,-0.061379,-0.492278,-0.323223,-296.02,-281.0,-286.219,-28.998,257,281,0.209439,-0.492,0.0,0.0,-0.492,-473.355,177.334,0.0,-296.02,-12.016,-274.203,0.0,-286.219
7.316145651973784,7131,1,8,6,-0.080089,-0.062054,-0.504975,-0.223187,-612.263,-377.0,-608.724,-28.247,580,377,0.209439,-0.504,0.0,0.0,-0.504,-789.006,176.742,0.0,-612.263,-188.21,-420.514,0.0,-608.724
7.327154444996268,7136,1,8,6,-0.081138,-0.063087,-0.505427,-0.234845,-581.455,-365.0,-699.412,-27.097,672,365,0.209439,-0.505,0.0,0.0,-0.505,-757.629,176.174,0.0,-581.455,-173.164,-526.248,0.0,-699.412
7.327154444996268,7141,1,8,6,-0.082107,-0.064863,-0.48283,-0.326111,-262.967,-359.0,-400.662,-25.119,375,172,0.314159,-0.482,0.0,0.0,-0.482,-438.812,175.845,0.0,-262.967,76.826,-477.488,0.0,-400.662
7.338705512927845,7146,1,8,6,-0.082995,-0.067223,-0.441607,-0.437665,164.8,33.0,-224.146,-22.491,201,-33,0.314159,-0.441,0.0,0.0,-0.441,-11.037,175.837,0.0,164.8,105.44,-329.586,0.0,-224.146
7.338705512927845,7151,1,8,6,-0.083801,-0.069736,-0.393815,-0.475877,405.782,99.0,87.737,-19.693,-107,-99,0.314159,-0.393,0.0,0.0,-0.393,229.773,176.009,0.0,405.782,245.426,-157.688,0.0,87.737
7.349322497961111,7156,1,8,6,-0.084524,-0.071641,-0.360726,-0.40606,303.037,98.0,108.643,-17.573,-126,-98,0.209439,-0.36,0.0,0.0,-0.36,126.932,176.104,0.0,303.037,164.03,-55.386,0.0,108.643
7.349322497961111,7161,1,8,6,-0.085164,-0.072939,-0.342302,-0.305345,72.545,33.0,-11.297,-16.128,-4,21,0.209439,-0.342,0.0,0.0,-0.342,-103.481,176.027,0.0,72.545,31.636,-42.933,0.0,-11.297
7.360590430907905,7166,1,8,6,-0.08572,-0.073601,-0.339331,-0.184574,-257.616,-216.0,-171.269,-15.392,155,216,0.104719,-0.339,0.0,0.0,-0.339,-433.318,175.702,0.0,-257.616,-33.293,-137.976,0.0,-171.269
7.360590430907905,7171,1,8,6,-0.086192,-0.074032,-0.340463,-0.131793,-408.997,-233.0,-368.455,-14.912,353,233,0.104719,-0.34,0.0,0.0,-0.34,-584.278,175.28,0.0,-408.997,-140.797,-227.657,0.0,-368.455
7.360590430907905,7176,1,8,6,-0.086578,-0.074914,-0.326594,-0.182076,-229.673,-136.0,-328.135,-13.931,314,136,0.104719,-0.326,0.0,0.0,-0.326,-404.65,174.977,0.0,-229.673,-74.938,-253.196,0.0,-328.135
7.371944083017297,7181,1,8,6,-0.086879,-0.076262,-0.297276,-0.255361,57.527,-166.0,33.452,-12.431,-45,-80,0.104719,-0.297,0.0,0.0,-0.297,-117.361,174.889,0.0,57.527,178.822,-145.369,0.0,33.452
7.371944083017297,7186,1,8,6,-0.087094,-0.077882,-0.257931,-0.309886,320.473,130.0,123.069,-10.629,-133,-130,0.104719,-0.257,0.0,0.0,-0.257,145.475,174.998,0.0,320.473,152.378,-29.309,0.0,123.069
7.382664298987947,7195,1,8,6,-0.087264,-0.080152,-0.199134,-0.209271,203.536,80.0,231.532,-8.103,-239,-80,0.0,-0.199,0.0,0.0,-0.199,28.385,175.15,0.0,203.536,98.829,132.703,0.0,231.532
7.393981091910973,7200,1,8,6,-0.087238,-0.080562,-0.186934,-0.100925,-65.856,77.0,-53.261,-7.647,45,51,0.0,-0.186,0.0,0.0,-0.186,-240.826,174.97,0.0,-65.856,-114.285,61.024,0.0,-53.261
7.393981091910973,7206,1,8,6,-0.087126,-0.080649,-0.181379,-0.035198,-234.645,-117.0,-118.619,-7.551,111,117,0.0,-0.181,0.0,0.0,-0.181,-409.307,174.661,0.0,-234.645,-94.116,-24.502,0.0,-118.619
7.406111579970457,7211,1,8,6,-0.086879,-0.080915,-0.166971,-0.050761,-150.969,-87.0,-98.615,-7.255,91,87,0.0,-0.166,0.0,0.0,-0.166,-325.387,174.417,0.0,-150.969,-51.175,-47.439,0.0,-98.615
7.406111579970457,7216,1,8,6,-0.086578,-0.081457,-0.143376,-0.096281,42.452,-16.0,41.423,-6.652,-48,16,0.0,-0.143,0.0,0.0,-0.143,-131.865,174.318,0.0,42.452,46.762,-5.338,0.0,41.423
7.406111579970457,7221,1,8,6,-0.086192,-0.082106,-0.1144,-0.112267,168.342,14.0,198.636,-5.931,-204,-81,0.0,-0.114,0.0,0.0,-0.114,-5.971,174.314,0.0,168.342,123.474,75.162,0.0,198.636
7.417871145997196,7226,1,8,6,-0.08572,-0.082572,-0.088136,-0.098737,204.019,97.0,220.686,-5.412,-226,-97,0.0,-0.088,0.0,0.0,-0.088,29.682,174.336,0.0,204.019,85.615,135.071,0.0,220.686
7.417871145997196,7231,1,8,6,-0.085164,-0.082756,-0.067443,-0.052189,131.593,67.0,210.619,-5.208,-215,-67,0.0,-0.067,0.0,0.0,-0.067,-42.711,174.304,0.0,131.593,51.674,158.944,0.0,210.619
7.428776373970322,7236,1,8,6,-0.084524,-0.082774,-0.048999,-0.022345,99.617,78.0,189.235,-5.187,-194,-78,0.0,-0.048,0.0,0.0,-0.048,-74.631,174.248,0.0,99.617,17.293,171.942,0.0,189.235
7.428776373970322,7241,1,8,6,-0.083801,-0.082808,-0.027792,-0.006953,115.857,63.0,238.955,-5.149,-244,-113,0.0,-0.027,0.0,0.0,-0.027,-58.347,174.204,0.0,115.857,42.285,196.669,0.0,238.955
7.440217782976106,7246,1,8,6,-0.082995,-0.082898,-0.002722,-0.01542,209.787,147.0,291.244,-5.05,-296,-147,0.0,-0.002,0.0,0.0,-0.002,35.555,174.231,0.0,209.787,50.229,241.015,0.0,291.244
7.440217782976106,7251,1,8,6,-0.082107,-0.082964,0.024006,-0.01837,292.976,208.0,369.641,-4.976,-374,-208,0.0,0.024,0.0,0.0,0.024,118.655,174.32,0.0,292.976,67.981,301.66,0.0,369.641
7.4519183959346265,7256,1,8,6,-0.081138,-0.082921,0.049936,0.001344,310.48,227.0,413.964,-5.024,-418,-227,0.0,0.049,0.0,0.0,0.049,136.057,174.422,0.0,310.48,66.784,347.18,0.0,413.964
7.4519183959346265,7261,1,8,6,-0.080089,-0.082781,0.075394,0.01519,343.113,214.0,511.085,-5.179,-516,-298,0.0,0.075,0.0,0.0,0.075,168.569,174.544,0.0,343.113,103.29,407.794,0.0,511.085
7.4519183959346265,7266,1,8,6,-0.078961,-0.082734,0.105668,0.011219,439.201,360.0,536.567,-5.232,-541,-360,0.0,0.105,0.0,0.0,0.105,264.458,174.742,0.0,439.201,63.36,473.206,0.0,536.567
7.462843307992443,7271,1,8,6,-0.077754,-0.08268,0.137902,0.015187,518.602,408.0,632.248,-5.293,-637,-408,0.0,0.137,0.0,0.0,0.137,343.602,175.0,0.0,518.602,88.481,543.766,0.0,632.248
7.462843307992443,7276,1,8,6,-0.076472,-0.082544,0.170032,0.023366,585.974,469.0,709.13,-5.443,-714,-469,-0.104719,0.17,0.0,0.0,0.17,410.666,175.308,0.0,585.974,93.579,615.551,0.0,709.13
7.473802579916082,7285,1,8,6,-0.073973,-0.082355,0.234689,0.029869,749.625,609.0,915.907,-5.653,-921,-609,0.0,0.234,0.0,0.0,0.234,573.494,176.13,0.0,749.625,112.5,803.407,0.0,915.907
7.484296410926618,7290,1,8,6,-0.072483,-0.082072,0.268515,0.06474,747.127,652.0,939.977,-5.968,-945,-652,0.0,0.268,0.0,0.0,0.268,570.569,176.558,0.0,747.127,76.101,863.875,0.0,939.977
7.484296410926618,7296,1,8,6,-0.07092,-0.081631,0.299895,0.094426,752.305,657.0,988.902,-6.459,-995,-657,0.0,0.299,0.0,0.0,0.299,575.314,176.991,0.0,752.305,76.244,912.657,0.0,988.902
7.4962915709475055,7301,1,8,6,-0.068954,-0.081277,0.345064,0.073125,938.994,692.0,1237.525,-6.852,-1244,-811,-0.104719,0.345,0.0,0.0,0.345,761.431,177.562,0.0,938.994,197.595,1039.929,0.0,1237.525
7.4962915709475055,7306,1,8,6,-0.067239,-0.080984,0.38485,0.084438,1019.347,860.0,1266.555,-7.178,-1273,-860,-0.104719,0.384,0.0,0.0,0.384,841.154,178.193,0.0,1019.347,127.478,1139.077,0.0,1266.555
7.4962915709475055,7311,1,8,6,-0.065459,-0.080393,0.418165,0.139061,960.27,856.0,1273.311,-7.835,-1281,-856,-0.209439,0.418,0.0,0.0,0.418,781.49,178.779,0.0,960.27,83.416,1189.895,0.0,1273.311
7.507438487955369,7316,1,8,6,-0.063614,-0.079537,0.44584,0.159429,981.329,891.0,1314.129,-8.788,-1322,-891,-0.209439,0.445,0.0,0.0,0.445,801.948,179.381,0.0,981.329,72.263,1241.865,0.0,1314.129
7.507438487955369,7321,1,8,6,-0.061706,-0.078739,0.476912,0.165065,1053.208,910.0,1430.047,-9.676,-1439,-975,-0.209439,0.476,0.0,0.0,0.476,873.172,180.035,0.0,1053.208,114.566,1315.48,0.0,1430.047
7.518406891962513,7326,1,8,6,-0.059737,-0.078007,0.511558,0.172447,1130.258,999.0,1495.574,-10.489,-1506,-999,-0.209439,0.511,0.0,0.0,0.511,949.51,180.748,0.0,1130.258,105.006,1390.567,0.0,1495.574
7.518406891962513,7331,1,8,6,-0.05771,-0.077171,0.54492,0.190889,1172.776,1057.0,1557.228,-11.419,-1568,-1057,-0.209439,0.544,0.0,0.0,0.544,991.285,181.491,0.0,1172.776,92.621,1464.606,0.0,1557.228
7.529153891955502,7336,1,8,6,-0.055625,-0.07617,0.575251,0.207064,1213.187,1088.0,1633.396,-12.534,-1645,-1088,-0.209439,0.575,0.0,0.0,0.575,1030.923,182.264,0.0,1213.187,100.15,1533.246,0.0,1633.396
7.529153891955502,7341,1,8,6,-0.053486,-0.075072,0.604424,0.227387,1238.761,1082.0,1736.197,-13.755,-1749,-1100,-0.209439,0.604,0.0,0.0,0.604,1055.705,183.056,0.0,1238.761,125.409,1610.787,0.0,1736.197
7.540259789908305,7346,1,8,6,-0.051293,-0.073606,0.624755,0.283483,1139.335,1071.0,1688.432,-15.386,-1703,-1071,-0.209439,0.624,0.0,0.0,0.624,955.562,183.773,0.0,1139.335,54.668,1633.764,0.0,1688.432
7.540259789908305,7351,1,8,6,-0.04905,-0.071724,0.634856,0.366501,935.709,937.0,1591.796,-17.481,-1609,-937,-0.314159,0.634,0.0,0.0,0.634,751.393,184.315,0.0,935.709,-1.032,1592.828,0.0,1591.796
7.540259789908305,7356,1,8,6,-0.046759,-0.069655,0.641097,0.421596,799.378,926.0,1425.721,-19.783,-1445,-926,-0.523598,0.641,0.0,0.0,0.641,614.602,184.776,0.0,799.378,-101.297,1527.018,0.0,1425.721
7.5519518569344655,7361,1,8,6,-0.044422,-0.067532,0.647089,0.437238,772.801,908.0,1348.8,-22.147,-1370,-838,-0.418879,0.647,0.0,0.0,0.647,587.584,185.217,0.0,772.801,-108.159,1456.959,0.0,1348.8
7.5519518569344655,7366,1,8,6,-0.04204,-0.065501,0.656902,0.425143,834.628,923.0,1377.416,-24.408,-1401,-923,-0.418879,0.656,0.0,0.0,0.656,648.924,185.703,0.0,834.628,-70.697,1448.114,0.0,1377.416
7.563036869978532,7375,1,8,6,-0.037651,-0.062339,0.69126,0.374784,1073.091,1002.0,1574.828,-27.93,-1602,-1002,-0.418879,0.691,0.0,0.0,0.691,886.131,186.96,0.0,1073.091,56.873,1517.955,0.0,1574.828
7.574177805916406,7380,1,8,6,-0.03516,-0.060685,0.714704,0.34622,1219.488,1020.0,1778.863,-29.772,-1808,-1066,-0.418879,0.714,0.0,0.0,0.714,1031.754,187.733,0.0,1219.488,159.59,1619.273,0.0,1778.863
7.574177805916406,7386,1,8,6,-0.032633,-0.058872,0.73467,0.368129,1214.82,1065.0,1813.821,-31.791,-1845,-1065,-0.418879,0.734,0.0,0.0,0.734,1026.312,188.507,0.0,1214.82,119.856,1693.965,0.0,1813.821
7.585510912002064,7391,1,8,6,-0.02956,-0.056073,0.74236,0.475705,935.7,917.0,1673.782,-34.909,-1708,-917,-0.418879,0.742,0.0,0.0,0.742,746.633,189.066,0.0,935.7,14.96,1658.821,0.0,1673.782
7.585510912002064,7396,1,8,6,-0.026966,-0.052959,0.727785,0.5871,583.28,763.0,1397.248,-38.379,-1435,-763,-0.523598,0.727,0.0,0.0,0.727,393.917,189.362,0.0,583.28,-143.775,1541.024,0.0,1397.248
7.585510912002064,7401,1,8,6,-0.024346,-0.049785,0.712285,0.626571,429.544,762.0,1108.688,-41.916,-1150,-587,-0.628318,0.712,0.0,0.0,0.712,240.001,189.542,0.0,429.544,-265.964,1374.653,0.0,1108.688
7.597043823916465,7406,1,8,6,-0.021702,-0.046847,0.704054,0.615401,437.954,626.0,1145.754,-45.191,-1190,-626,-0.628318,0.704,0.0,0.0,0.704,248.226,189.728,0.0,437.954,-150.436,1296.19,0.0,1145.754
7.597043823916465,7411,1,8,6,-0.019036,-0.044339,0.708476,0.557399,613.062,692.0,1212.056,-47.986,-1260,-692,-0.628318,0.708,0.0,0.0,0.708,423.016,190.045,0.0,613.062,-63.15,1275.206,0.0,1212.056
7.608069537905976,7416,1,8,6,-0.016352,-0.04209,0.720688,0.507977,786.084,715.0,1372.082,-50.493,-1422,-715,-0.628318,0.72,0.0,0.0,0.72,595.591,190.492,0.0,786.084,56.867,1315.214,0.0,1372.082
7.608069537905976,7421,1,8,6,-0.013651,-0.039766,0.731223,0.505295,823.564,744.0,1421.824,-53.084,-1474,-744,-0.628318,0.731,0.0,0.0,0.731,632.597,190.967,0.0,823.564,63.651,1358.173,0.0,1421.824
7.619083763915114,7426,1,8,6,-0.010937,-0.037186,0.734974,0.534431,752.911,661.0,1445.949,-55.961,-1501,-661,-0.628318,0.734,0.0,0.0,0.734,561.522,191.388,0.0,752.911,73.528,1372.42,0.0,1445.949
7.619083763915114,7431,1,8,6,-0.008212,-0.034049,0.723444,0.623376,471.788,510.0,1277.716,-59.459,-1337,-510,-0.837758,0.723,0.0,0.0,0.723,280.19,191.598,0.0,471.788,-30.569,1308.285,0.0,1277.716
7.62999000295531,7436,1,8,6,-0.005479,-0.030296,0.694873,0.738437,69.527,390.0,867.69,-63.645,-931,-390,-0.837758,0.694,0.0,0.0,0.694,-121.979,191.506,0.0,69.527,-256.377,1124.068,0.0,867.69
7.62999000295531,7441,1,8,6,-0.00274,-0.026405,0.662609,0.764321,-93.492,355.0,545.633,-67.985,-613,-240,-0.942477,0.662,0.0,0.0,0.662,-284.793,191.301,0.0,-93.492,-358.794,904.427,0.0,545.633
7.641261660959572,7446,1,8,6,0.0,-0.023504,0.658142,0.6246,285.287,545.0,693.943,-71.22,-765,-545,-0.942477,0.658,0.0,0.0,0.658,93.915,191.371,0.0,285.287,-207.769,901.713,0.0,693.943
7.641261660959572,7451,1,8,6,0.002741,-0.022156,0.697149,0.388592,1055.979,868.0,1248.978,-72.724,-1321,-868,-0.418879,0.697,0.0,0.0,0.697,863.959,192.019,0.0,1055.979,150.383,1098.594,0.0,1248.978
7.641261660959572,7456,1,8,6,0.005479,-0.021487,0.755079,0.257038,1587.58,1074.0,1811.145,-73.471,-1884,-1074,-0.418879,0.755,0.0,0.0,0.755,1394.514,193.065,0.0,1587.58,410.864,1400.281,0.0,1811.145
7.652832528925501,7465,1,8,6,0.010393,-0.019062,0.824756,0.340939,1549.94,1198.0,2099.162,-76.176,-2175,-1198,-0.523598,0.824,0.0,0.0,0.824,1354.689,195.251,0.0,1549.94,281.552,1817.61,0.0,2099.162
7.663603944005445,7470,1,8,6,0.013109,-0.01652,0.829648,0.488015,1152.54,1068.0,1888.095,-79.012,-1967,-1068,-0.733038,0.829,0.0,0.0,0.829,956.571,195.968,0.0,1152.54,67.632,1820.462,0.0,1888.095
7.663603944005445,7476,1,8,6,0.015813,-0.013386,0.817585,0.610923,775.058,971.0,1545.601,-82.509,-1628,-971,-0.733038,0.817,0.0,0.0,0.817,578.653,196.404,0.0,775.058,-156.753,1702.355,0.0,1545.601
7.675036499975249,7481,1,8,6,0.019036,-0.00975,0.80605,0.606388,755.876,956.0,1440.47,-86.565,-1527,-957,-0.733038,0.806,0.0,0.0,0.806,559.053,196.823,0.0,755.876,-160.098,1600.568,0.0,1440.47
7.675036499975249,7486,1,8,6,0.021702,-0.007614,0.820869,0.4841,1140.485,1214.0,1607.651,-88.949,-1696,-1214,-0.628318,0.82,0.0,0.0,0.82,942.954,197.531,0.0,1140.485,-58.811,1666.463,0.0,1607.651
7.686194750946015,7491,1,8,6,0.024346,-0.006391,0.860661,0.329646,1685.487,1437.0,2056.163,-90.314,-2146,-1437,-0.523598,0.86,0.0,0.0,0.86,1486.841,198.646,0.0,1685.487,198.789,1857.373,0.0,2056.163
7.686194750946015,7496,1,8,6,0.026966,-0.005248,0.902046,0.295181,1899.143,1503.0,2384.053,-91.589,-2475,-1503,-0.523598,0.902,0.0,0.0,0.902,1699.222,199.92,0.0,1899.143,316.914,2067.139,0.0,2384.053
7.686194750946015,7501,1,8,6,0.02956,-0.003195,0.917162,0.383665,1694.831,1525.0,2290.177,-93.88,-2384,-1400,-0.628318,0.917,0.0,0.0,0.917,1493.79,201.041,0.0,1694.831,135.864,2154.313,0.0,2290.177
7.697800328955054,7506,1,8,6,0.032125,-7.4e-05,0.901583,0.568753,1133.663,1115.0,2064.444,-97.363,-2161,-1115,-0.733038,0.901,0.0,0.0,0.901,931.923,201.739,0.0,1133.663,14.93,2049.513,0.0,2064.444
7.697800328955054,7511,1,8,6,0.034657,0.003816,0.863545,0.703024,651.537,942.0,1623.232,-101.705,-1724,-942,-0.733038,0.863,0.0,0.0,0.863,449.46,202.077,0.0,651.537,-232.37,1855.602,0.0,1623.232
7.7090762259904295,7516,1,8,6,0.037156,0.007347,0.834637,0.693776,596.783,962.0,1384.764,-105.645,-1490,-962,-0.733038,0.834,0.0,0.0,0.834,394.41,202.372,0.0,596.783,-292.173,1676.938,0.0,1384.764
7.7090762259904295,7521,1,8,6,0.039618,0.009874,0.832835,0.567137,946.883,953.0,1667.86,-108.463,-1776,-1193,-0.523598,0.832,0.0,0.0,0.832,743.952,202.93,0.0,946.883,-4.893,1672.753,0.0,1667.86
7.720068382914178,7526,1,8,6,0.042041,0.01121,0.863254,0.359729,1613.857,1504.0,1933.853,-109.955,-2043,-1504,-0.418879,0.863,0.0,0.0,0.863,1409.868,203.988,0.0,1613.857,87.885,1845.968,0.0,1933.853
7.720068382914178,7531,1,8,6,0.044422,0.011894,0.910778,0.235021,2097.526,1698.0,2422.862,-110.718,-2533,-1698,-0.418879,0.91,0.0,0.0,0.91,1892.119,205.407,0.0,2097.526,319.621,2103.241,0.0,2422.862
7.720068382914178,7536,1,8,6,0.046759,0.013182,0.940173,0.279654,2056.195,1659.0,2604.005,-112.155,-2716,-1659,-0.418879,0.94,0.0,0.0,0.94,1849.453,206.741,0.0,2056.195,317.756,2286.249,0.0,2604.005
7.731976614915766,7541,1,8,6,0.049051,0.015563,0.937646,0.43324,1620.137,1657.0,2237.853,-114.812,-2352,-1372,-0.628318,0.937,0.0,0.0,0.937,1412.336,207.801,0.0,1620.137,-29.49,2267.344,0.0,2237.853
7.731976614915766,7546,1,8,6,0.051294,0.019129,0.900599,0.639258,940.104,1083.0,1960.98,-118.79,-2079,-1083,-0.628318,0.9,0.0,0.0,0.9,731.754,208.349,0.0,940.104,-114.316,2075.296,0.0,1960.98
7.743029700941406,7555,1,8,6,0.055202,0.025847,0.821935,0.700658,548.402,953.0,1289.944,-126.284,-1416,-953,-0.628318,0.821,0.0,0.0,0.821,339.574,208.827,0.0,548.402,-323.678,1613.622,0.0,1289.944
7.753777349018492,7560,1,8,6,0.057297,0.028162,0.815796,0.522346,1031.104,1007.0,1650.018,-128.866,-1778,-1219,-0.418879,0.815,0.0,0.0,0.815,821.66,209.444,0.0,1031.104,19.283,1630.735,0.0,1650.018
7.753777349018492,7566,1,8,6,0.059337,0.02922,0.843264,0.295546,1744.21,1560.0,2007.515,-130.047,-2137,-1560,-0.314159,0.843,0.0,0.0,0.843,1533.61,210.599,0.0,1744.21,147.368,1860.147,0.0,2007.515
7.764783755992539,7571,1,8,6,0.061706,0.029883,0.891066,0.205323,2132.121,1700.0,2463.55,-130.786,-2594,-1700,-0.314159,0.891,0.0,0.0,0.891,1920.081,212.039,0.0,2132.121,345.696,2117.853,0.0,2463.55
7.764783755992539,7576,1,8,6,0.063614,0.031277,0.905437,0.290147,1936.142,1624.0,2509.623,-132.341,-2641,-1624,-0.314159,0.905,0.0,0.0,0.905,1722.811,213.331,0.0,1936.142,249.714,2259.909,0.0,2509.623
7.776434344006702,7581,1,8,6,0.065459,0.034126,0.877334,0.485215,1312.087,1583.0,1903.004,-135.518,-2038,-1221,-0.523598,0.877,0.0,0.0,0.877,1097.932,214.154,0.0,1312.087,-216.729,2119.734,0.0,1903.004
7.776434344006702,7586,1,8,6,0.067239,0.037839,0.8232,0.6661,654.364,955.0,1622.447,-139.659,-1762,-955,-0.628318,0.823,0.0,0.0,0.823,439.88,214.484,0.0,654.364,-240.508,1862.956,0.0,1622.447
7.776434344006702,7591,1,8,6,0.068954,0.041188,0.77743,0.662627,536.174,965.0,1308.253,-143.393,-1451,-965,-0.628318,0.777,0.0,0.0,0.777,321.448,214.725,0.0,536.174,-343.06,1651.313,0.0,1308.253
7.787792818970047,7596,1,8,6,0.0706,0.043313,0.764014,0.515205,911.915,1094.0,1440.028,-145.762,-1585,-1094,-0.628318,0.764,0.0,0.0,0.764,696.667,215.248,0.0,911.915,-145.667,1585.696,0.0,1440.028
7.787792818970047,7601,1,8,6,0.072176,0.044304,0.780429,0.313044,1524.91,1140.0,2091.074,-146.866,-2237,-1509,-0.314159,0.78,0.0,0.0,0.78,1308.68,216.229,0.0,1524.91,307.928,1783.146,0.0,2091.074
7.798774095950648,7606,1,8,6,0.073681,0.044766,0.809627,0.160533,2035.055,1713.0,2279.276,-147.381,-2426,-1713,-0.314159,0.809,0.0,0.0,0.809,1817.462,217.592,0.0,2035.055,257.644,2021.631,0.0,2279.276
7.798774095950648,7611,1,8,6,0.075114,0.045714,0.823198,0.188361,1996.47,1620.0,2483.063,-148.438,-2631,-1620,-0.314159,0.823,0.0,0.0,0.823,1777.544,218.926,0.0,1996.47,301.176,2181.886,0.0,2483.063
7.809773196000606,7616,1,8,6,0.076472,0.047739,0.804524,0.347155,1500.52,1479.0,2181.477,-150.695,-2332,-1479,-0.314159,0.804,0.0,0.0,0.804,1280.633,219.886,0.0,1500.52,17.216,2164.261,0.0,2181.477
7.809773196000606,7621,1,8,6,0.077755,0.050669,0.758389,0.530012,859.822,1387.0,1468.466,-153.961,-1622,-1029,-0.628318,0.758,0.0,0.0,0.758,639.456,220.366,0.0,859.822,-421.741,1890.207,0.0,1468.466
7.821482282015495,7626,1,8,6,0.078961,0.053937,0.700649,0.635172,403.833,848.0,1249.158,-157.603,-1406,-848,-0.628318,0.7,0.0,0.0,0.7,183.334,220.498,0.0,403.833,-355.333,1604.492,0.0,1249.158
7.821482282015495,7631,1,8,6,0.080089,0.056329,0.665279,0.52498,613.629,998.0,1152.595,-160.267,-1312,-998,-0.628318,0.665,0.0,0.0,0.665,392.836,220.793,0.0,613.629,-307.496,1460.092,0.0,1152.595
7.821482282015495,7636,1,8,6,0.081138,0.057297,0.667556,0.307745,1229.018,1185.0,1558.11,-161.345,-1719,-1185,-0.314159,0.667,0.0,0.0,0.667,1007.47,221.548,0.0,1229.018,35.215,1522.895,0.0,1558.11
7.832774622016586,7645,1,8,6,0.082824,0.058059,0.693415,0.09394,1902.486,1559.0,2217.122,-162.195,-2379,-1559,-0.314159,0.693,0.0,0.0,0.693,1678.53,223.956,0.0,1902.486,274.788,1942.333,0.0,2217.122
7.8438438589219,7650,1,8,6,0.083646,0.059213,0.684148,0.188887,1611.726,1427.0,2142.389,-163.48,-2305,-1427,-0.314159,0.684,0.0,0.0,0.684,1386.73,224.996,0.0,1611.726,147.78,1994.608,0.0,2142.389
7.8438438589219,7655,1,8,6,0.084386,0.061146,0.65074,0.340098,1095.447,1255.0,1752.298,-165.633,-1917,-1255,-0.418879,0.65,0.0,0.0,0.65,869.798,225.648,0.0,1095.447,-127.642,1879.94,0.0,1752.298
7.8551340599078685,7661,1,8,6,0.085043,0.063302,0.60875,0.448329,675.165,1188.0,1205.656,-168.034,-1373,-1014,-0.418879,0.608,0.0,0.0,0.608,449.178,225.986,0.0,675.165,-410.267,1615.924,0.0,1205.656
7.8551340599078685,7666,1,8,6,0.08572,0.065327,0.571019,0.383956,750.154,1085.0,1208.943,-170.289,-1379,-1085,0.0,0.571,0.0,0.0,0.571,523.774,226.379,0.0,750.154,-267.876,1476.82,0.0,1208.943
7.866392027004622,7671,1,8,6,0.086192,0.06571,0.573497,0.192552,1293.827,1312.0,1521.127,-170.715,-1691,-1312,0.0,0.573,0.0,0.0,0.573,1066.648,227.179,0.0,1293.827,-14.537,1535.665,0.0,1521.127
7.866392027004622,7676,1,8,6,0.086578,0.065501,0.590147,0.077585,1663.428,1413.0,1879.293,-170.483,-2049,-1413,0.0,0.59,0.0,0.0,0.59,1435.172,228.255,0.0,1663.428,200.342,1678.95,0.0,1879.293
7.866392027004622,7681,1,8,6,0.086879,0.065993,0.584794,0.056523,1708.523,1491.0,1970.308,-171.031,-2141,-1524,0.0,0.584,0.0,0.0,0.584,1479.158,229.365,0.0,1708.523,174.018,1796.289,0.0,1970.308
7.877467411919497,7686,1,8,6,0.087094,0.066744,0.569782,0.068955,1632.734,1510.0,1950.034,-171.867,-2121,-1510,0.0,0.569,0.0,0.0,0.569,1402.317,230.417,0.0,1632.734,98.187,1851.847,0.0,1950.034
7.877467411919497,7691,1,8,6,0.087223,0.067573,0.550197,0.106851,1472.717,1418.0,1896.941,-172.79,-2069,-1418,-0.209439,0.55,0.0,0.0,0.55,1241.369,231.348,0.0,1472.717,43.773,1853.167,0.0,1896.941
7.888471444952302,7696,1,8,6,0.087266,0.068324,0.53038,0.165641,1253.382,1383.0,1677.507,-173.626,-1851,-1383,-0.209439,0.53,0.0,0.0,0.53,1021.268,232.114,0.0,1253.382,-103.693,1781.201,0.0,1677.507
7.888471444952302,7701,1,8,6,0.087223,0.068799,0.515875,0.156687,1238.595,1379.0,1598.077,-174.155,-1772,-1338,-0.209439,0.515,0.0,0.0,0.515,1005.727,232.868,0.0,1238.595,-112.323,1710.4,0.0,1598.077
7.8994819049257785,7706,1,8,6,0.087094,0.068975,0.507334,0.102032,1368.565,1421.0,1673.688,-174.35,-1848,-1421,-0.104719,0.507,0.0,0.0,0.507,1134.846,233.719,0.0,1368.565,-41.947,1715.635,0.0,1673.688
7.8994819049257785,7711,1,8,6,0.086879,0.069041,0.499457,0.046252,1503.644,1480.0,1763.759,-174.424,-1938,-1480,-0.104719,0.499,0.0,0.0,0.499,1268.972,234.671,0.0,1503.644,18.915,1744.844,0.0,1763.759
7.9103901269845665,7716,1,8,6,0.086578,0.06939,0.481262,0.02808,1504.496,1449.0,1809.56,-174.813,-1984,-1449,-0.104719,0.481,0.0,0.0,0.481,1268.909,235.586,0.0,1504.496,44.396,1765.163,0.0,1809.56
7.9103901269845665,7721,1,8,6,0.086192,0.069844,0.457744,0.024504,1449.57,1494.0,1713.156,-175.318,-1888,-1435,0.0,0.457,0.0,0.0,0.457,1213.073,236.496,0.0,1449.57,-35.543,1748.7,0.0,1713.156
7.9103901269845665,7726,1,8,6,0.08572,0.070103,0.437274,0.017134,1413.772,1433.0,1722.695,-175.607,-1898,-1433,0.0,0.437,0.0,0.0,0.437,1176.393,237.379,0.0,1413.772,-15.382,1738.077,0.0,1722.695
7.921968049020506,7735,1,8,6,0.084659,0.070186,0.405249,0.011655,1341.159,1397.0,1646.396,-175.698,-1822,-1397,0.0,0.405,0.0,0.0,0.405,1102.064,239.094,0.0,1341.159,-44.672,1691.068,0.0,1646.396
7.9329110339749604,7740,1,8,6,0.083952,0.070222,0.384458,0.008711,1291.974,1366.0,1591.704,-175.738,-1767,-1331,0.0,0.384,0.0,0.0,0.384,1052.09,239.884,0.0,1291.974,-59.22,1650.925,0.0,1591.704
7.9329110339749604,7745,1,8,6,0.083163,0.070293,0.360342,0.011224,1218.145,1286.0,1544.472,-175.818,-1720,-1286,0.0,0.36,0.0,0.0,0.36,977.528,240.617,0.0,1218.145,-54.283,1598.756,0.0,1544.472
7.944250877946615,7751,1,8,6,0.082291,0.070417,0.332469,0.005458,1156.936,1237.0,1479.561,-175.956,-1655,-1237,0.0,0.332,0.0,0.0,0.332,915.63,241.306,0.0,1156.936,-64.05,1543.611,0.0,1479.561
7.944250877946615,7756,1,8,6,0.081138,0.070532,0.296962,-0.005096,1087.705,1205.0,1385.215,-176.084,-1561,-1205,0.0,0.296,0.0,0.0,0.296,845.764,241.941,0.0,1087.705,-93.835,1479.05,0.0,1385.215
7.95549088192638,7761,1,8,6,0.080089,0.07048,0.269051,-0.025894,1068.411,1158.0,1357.255,-176.026,-1533,-1139,0.0,0.269,0.0,0.0,0.269,825.851,242.56,0.0,1068.411,-71.67,1428.926,0.0,1357.255
7.95549088192638,7766,1,8,6,0.078961,0.07041,0.239406,-0.029002,994.669,1087.0,1287.978,-175.948,-1463,-1087,0.0,0.239,0.0,0.0,0.239,751.545,243.124,0.0,994.669,-73.864,1361.843,0.0,1287.978
7.95549088192638,7771,1,8,6,0.077754,0.070337,0.207679,-0.02061,882.815,985.0,1200.241,-175.867,-1376,-985,0.0,0.207,0.0,0.0,0.207,639.212,243.603,0.0,882.815,-81.747,1281.988,0.0,1200.241
7.967377026914619,7776,1,8,6,0.076472,0.070254,0.174084,-0.020265,788.191,951.0,1063.523,-175.775,-1239,-951,0.0,0.174,0.0,0.0,0.174,544.179,244.011,0.0,788.191,-130.246,1193.77,0.0,1063.523
7.967377026914619,7781,1,8,6,0.075113,0.070096,0.14049,-0.043156,758.609,931.0,967.301,-175.598,-1142,-864,0.0,0.14,0.0,0.0,0.14,514.212,244.397,0.0,758.609,-137.912,1105.214,0.0,967.301
7.97809883300215,7786,1,8,6,0.073681,0.069945,0.104601,-0.045013,663.632,785.0,915.78,-175.431,-1091,-785,0.0,0.104,0.0,0.0,0.104,418.921,244.711,0.0,663.632,-97.093,1012.874,0.0,915.78
7.97809883300215,7791,1,8,6,0.072176,0.06974,0.068187,-0.056278,593.477,731.0,817.95,-175.203,-993,-731,0.0,0.068,0.0,0.0,0.068,348.504,244.972,0.0,593.477,-110.017,927.968,0.0,817.95
7.989118775934912,7796,1,8,6,0.0706,0.069352,0.034931,-0.073505,548.825,697.0,728.492,-174.77,-903,-697,0.0,0.034,0.0,0.0,0.034,303.624,245.2,0.0,548.825,-118.539,847.032,0.0,728.492
7.989118775934912,7801,1,8,6,0.068953,0.069001,-0.001328,-0.066785,428.619,657.0,545.552,-174.379,-719,-573,0.0,-0.001,0.0,0.0,-0.001,183.281,245.337,0.0,428.619,-182.704,728.256,0.0,545.552
8.00022355292458,7806,1,8,6,0.067239,0.068646,-0.039388,-0.07667,349.802,506.0,501.462,-173.985,-675,-506,0.0,-0.039,0.0,0.0,-0.039,104.388,245.413,0.0,349.802,-124.958,626.42,0.0,501.462
8.00022355292458,7811,1,8,6,0.065459,0.06811,-0.074234,-0.104255,329.535,457.0,445.075,-173.388,-618,-457,0.0,-0.074,0.0,0.0,-0.074,84.058,245.476,0.0,329.535,-101.971,547.047,0.0,445.075
8.00022355292458,7816,1,8,6,0.063614,0.067508,-0.10902,-0.124605,289.147,410.0,379.641,-172.717,-552,-410,0.0,-0.109,0.0,0.0,-0.109,43.638,245.509,0.0,289.147,-96.682,476.323,0.0,379.641
8.01199516991619,7825,1,8,6,0.060136,0.066612,-0.181328,-0.120593,75.272,232.0,136.892,-171.72,-308,-232,0.0,-0.181,0.0,0.0,-0.181,-170.059,245.331,0.0,75.272,-125.382,262.274,0.0,136.892
8.023261777008884,7830,1,8,6,0.05812,0.066039,-0.221723,-0.134147,-0.063,160.0,32.481,-171.082,-203,-160,0.104719,-0.221,0.0,0.0,-0.221,-245.21,245.147,0.0,-0.063,-128.05,160.532,0.0,32.481
8.023261777008884,7835,1,8,6,0.056047,0.065226,-0.257032,-0.151854,-49.57,126.0,-74.54,-170.177,-95,-126,0.104719,-0.257,0.0,0.0,-0.257,-294.497,244.926,0.0,-49.57,-140.456,65.915,0.0,-74.54
8.034582360996865,7841,1,8,6,0.053918,0.064316,-0.291151,-0.172098,-88.673,94.0,-174.953,-169.164,5,-33,0.104719,-0.291,0.0,0.0,-0.291,-333.348,244.675,0.0,-88.673,-146.138,-28.815,0.0,-174.953
8.034582360996865,7846,1,8,6,0.051293,0.06313,-0.331419,-0.194464,-139.085,10.0,-231.772,-167.843,63,-10,0.104719,-0.331,0.0,0.0,-0.331,-383.473,244.387,0.0,-139.085,-119.268,-112.503,0.0,-231.772
8.045182503992692,7851,1,8,6,0.04905,0.061959,-0.361443,-0.227456,-131.057,4.0,-289.822,-166.539,123,-4,0.209439,-0.361,0.0,0.0,-0.361,-375.164,244.106,0.0,-131.057,-108.046,-181.776,0.0,-289.822
8.045182503992692,7856,1,8,6,0.046759,0.060569,-0.386672,-0.273025,-74.343,-21.0,-255.602,-164.99,90,21,0.209439,-0.386,0.0,0.0,-0.386,-318.211,243.867,0.0,-74.343,-42.674,-212.928,0.0,-255.602
8.045182503992692,7861,1,8,6,0.044422,0.059045,-0.409446,-0.30229,-56.395,16.0,-302.815,-163.293,139,3,0.314159,-0.409,0.0,0.0,-0.409,-300.038,243.642,0.0,-56.395,-57.916,-244.898,0.0,-302.815
8.057005229988135,7866,1,8,6,0.04204,0.057379,-0.429493,-0.328233,-40.098,33.0,-325.482,-161.438,164,-33,0.314159,-0.429,0.0,0.0,-0.429,-283.529,243.43,0.0,-40.098,-58.479,-267.003,0.0,-325.482
8.057005229988135,7871,1,8,6,0.039618,0.055392,-0.441684,-0.385146,85.004,89.0,-256.431,-159.224,97,-89,0.314159,-0.441,0.0,0.0,-0.441,-158.307,243.311,0.0,85.004,-3.196,-253.234,0.0,-256.431
8.068139220937155,7876,1,8,6,0.037156,0.053117,-0.446903,-0.448682,248.296,144.0,-106.758,-156.688,-49,-144,0.418879,-0.446,0.0,0.0,-0.446,4.981,243.315,0.0,248.296,83.437,-190.195,0.0,-106.758
8.068139220937155,7881,1,8,6,0.034657,0.050773,-0.451257,-0.468471,291.55,163.0,-20.921,-154.077,-133,-181,0.418879,-0.451,0.0,0.0,-0.451,48.199,243.351,0.0,291.55,102.84,-123.762,0.0,-20.921
8.079128908924758,7886,1,8,6,0.032124,0.048604,-0.461425,-0.452018,216.993,145.0,-43.886,-151.659,-107,-145,0.418879,-0.461,0.0,0.0,-0.461,-26.338,243.331,0.0,216.993,57.594,-101.481,0.0,-43.886
8.079128908924758,7891,1,8,6,0.02956,0.046669,-0.479063,-0.437075,125.676,106.0,-87.509,-149.503,-61,-106,0.418879,-0.479,0.0,0.0,-0.479,-117.566,243.243,0.0,125.676,15.741,-103.25,0.0,-87.509
8.090089553967118,7896,1,8,6,0.026966,0.044981,-0.50441,-0.392,-71.733,33.0,-251.99,-147.621,104,-33,0.314159,-0.504,0.0,0.0,-0.504,-314.75,243.016,0.0,-71.733,-83.786,-168.203,0.0,-251.99
8.090089553967118,7901,1,8,6,0.024346,0.043466,-0.535361,-0.356403,-258.441,-31.0,-472.305,-145.932,326,132,0.314159,-0.535,0.0,0.0,-0.535,-501.081,242.64,0.0,-258.441,-181.952,-290.352,0.0,-472.305
8.090089553967118,7906,1,8,6,0.021702,0.04181,-0.563042,-0.367012,-306.657,-112.0,-534.986,-144.086,390,112,0.314159,-0.563,0.0,0.0,-0.563,-548.886,242.228,0.0,-306.657,-155.725,-379.26,0.0,-534.986
8.102130546001717,7911,1,8,6,0.019036,0.03967,-0.577763,-0.432003,-166.204,-68.0,-492.832,-141.701,351,68,0.314159,-0.577,0.0,0.0,-0.577,-408.127,241.922,0.0,-166.204,-78.563,-414.268,0.0,-492.832
8.113546996959485,7920,1,8,6,0.014192,0.034835,-0.578005,-0.562661,198.787,40.0,-160.198,-136.309,23,-117,0.523598,-0.578,0.0,0.0,-0.578,-42.963,241.75,0.0,198.787,127.029,-287.228,0.0,-160.198
8.113546996959485,7925,1,8,6,0.011481,0.032081,-0.57682,-0.556864,185.831,81.0,-165.415,-133.238,32,-81,0.418879,-0.576,0.0,0.0,-0.576,-55.877,241.708,0.0,185.831,83.865,-249.28,0.0,-165.415
8.125075550982729,7931,1,8,6,0.008758,0.029411,-0.578303,-0.528656,102.593,68.0,-208.144,-130.26,77,-68,0.418879,-0.578,0.0,0.0,-0.578,-139.01,241.604,0.0,102.593,27.674,-235.819,0.0,-208.144
8.125075550982729,7936,1,8,6,0.005479,0.02647,-0.587743,-0.494219,-20.456,32.0,-310.492,-126.979,183,-32,0.418879,-0.587,0.0,0.0,-0.587,-261.864,241.407,0.0,-20.456,-41.965,-268.527,0.0,-310.492
8.125075550982729,7941,1,8,6,0.00274,0.024049,-0.596648,-0.484575,-72.629,15.0,-384.309,-124.279,260,29,0.418879,-0.596,0.0,0.0,-0.596,-313.802,241.172,0.0,-72.629,-70.103,-314.205,0.0,-384.309
8.137101964908652,7946,1,8,6,0.0,0.021824,-0.611083,-0.490566,-96.528,-27.0,-403.742,-121.796,281,27,0.418879,-0.611,0.0,0.0,-0.611,-337.447,240.919,0.0,-96.528,-55.622,-348.119,0.0,-403.742
8.137101964908652,7951,1,8,6,-0.002741,0.019405,-0.620094,-0.530575,-9.922,14.0,-367.655,-119.097,248,-14,0.418879,-0.62,0.0,0.0,-0.62,-250.653,240.731,0.0,-9.922,-19.138,-348.517,0.0,-367.655
8.14791892899666,7956,1,8,6,-0.005479,0.016735,-0.622029,-0.588703,147.35,58.0,-223.633,-116.119,107,-58,0.523598,-0.622,0.0,0.0,-0.622,-93.311,240.661,0.0,147.35,71.48,-295.113,0.0,-223.633
8.14791892899666,7961,1,8,6,-0.008212,0.013906,-0.619321,-0.611089,217.595,76.0,-109.004,-112.962,-3,-87,0.523598,-0.619,0.0,0.0,-0.619,-23.048,240.644,0.0,217.595,113.276,-222.28,0.0,-109.004
8.158784277969971,7966,1,8,6,-0.010937,0.011341,-0.623799,-0.566589,80.335,-15.0,-139.127,-110.1,29,15,0.523598,-0.623,0.0,0.0,-0.623,-160.188,240.524,0.0,80.335,76.268,-215.396,0.0,-139.127
8.158784277969971,7971,1,8,6,-0.013651,0.009317,-0.643131,-0.47522,-229.977,-153.0,-356.527,-107.842,248,153,0.418879,-0.643,0.0,0.0,-0.643,-470.148,240.171,0.0,-229.977,-61.581,-294.946,0.0,-356.527
8.16964893694967,7976,1,8,6,-0.016352,0.007538,-0.668935,-0.418805,-460.716,-214.0,-627.778,-105.857,521,214,0.418879,-0.668,0.0,0.0,-0.668,-700.362,239.646,0.0,-460.716,-197.373,-430.405,0.0,-627.778
8.16964893694967,7981,1,8,6,-0.019036,0.00548,-0.686468,-0.425635,-491.234,-263.0,-732.527,-103.561,628,278,0.418879,-0.686,0.0,0.0,-0.686,-730.333,239.098,0.0,-491.234,-182.587,-549.939,0.0,-732.527
8.181062837014906,7986,1,8,6,-0.021702,0.003028,-0.692459,-0.474933,-370.415,-228.0,-712.413,-100.825,611,228,0.523598,-0.692,0.0,0.0,-0.692,-609.074,238.658,0.0,-370.415,-113.932,-598.481,0.0,-712.413
8.181062837014906,7991,1,8,6,-0.024346,1.2e-05,-0.682066,-0.584232,-35.481,-36.0,-536.528,-97.46,439,36,0.523598,-0.682,0.0,0.0,-0.682,-273.935,238.453,0.0,-35.481,0.414,-536.943,0.0,-536.528
8.181062837014906,7996,1,8,6,-0.026966,-0.003453,-0.658381,-0.67544,286.253,59.0,-220.72,-93.592,127,-59,0.733038,-0.658,0.0,0.0,-0.658,47.764,238.489,0.0,286.253,181.803,-402.523,0.0,-220.72
8.192856221925467,8001,1,8,6,-0.02956,-0.006845,-0.636023,-0.681607,366.22,76.0,-23.016,-89.807,-66,-126,0.733038,-0.636,0.0,0.0,-0.636,127.635,238.584,0.0,366.22,232.176,-255.192,0.0,-23.016
8.204665970988572,8010,1,8,6,-0.034153,-0.011247,-0.641376,-0.45902,-272.461,-245.0,-317.144,-84.895,232,245,0.418879,-0.641,0.0,0.0,-0.641,-510.597,238.135,0.0,-272.461,-21.969,-295.174,0.0,-317.144
8.204665970988572,8015,1,8,6,-0.036659,-0.012522,-0.675823,-0.334934,-717.069,-391.0,-748.433,-83.472,664,391,0.418879,-0.675,0.0,0.0,-0.675,-954.489,237.419,0.0,-717.069,-260.855,-487.577,0.0,-748.433
8.216283694957383,8021,1,8,6,-0.039128,-0.013722,-0.711381,-0.29531,-928.457,-485.0,-1073.861,-82.134,991,633,0.418879,-0.711,0.0,0.0,-0.711,-1164.999,236.541,0.0,-928.457,-354.766,-719.095,0.0,-1073.861
8.216283694957383,8026,1,8,6,-0.042041,-0.015613,-0.73996,-0.356846,-836.981,-570.0,-1040.786,-80.024,960,570,0.418879,-0.739,0.0,0.0,-0.739,-1072.719,235.737,0.0,-836.981,-213.585,-827.201,0.0,-1040.786
8.216283694957383,8031,1,8,6,-0.044422,-0.017983,-0.740285,-0.470695,-519.682,-478.0,-853.668,-77.38,776,478,0.523598,-0.74,0.0,0.0,-0.74,-754.853,235.171,0.0,-519.682,-33.345,-820.323,0.0,-853.668
8.228380513959564,8036,1,8,6,-0.046759,-0.0206,-0.732449,-0.505499,-400.764,-513.0,-680.661,-74.46,606,513,0.523598,-0.732,0.0,0.0,-0.732,-635.459,234.694,0.0,-400.764,89.788,-770.45,0.0,-680.661
8.228380513959564,8041,1,8,6,-0.049051,-0.022599,-0.740652,-0.434452,-623.307,-496.0,-933.932,-72.231,861,691,0.523598,-0.74,0.0,0.0,-0.74,-857.359,234.051,0.0,-623.307,-101.846,-832.086,0.0,-933.932
8.239697218989022,8046,1,8,6,-0.051294,-0.023905,-0.766866,-0.315119,-1031.789,-895.0,-1091.342,-70.773,1020,895,0.314159,-0.766,0.0,0.0,-0.766,-1264.892,233.103,0.0,-1031.789,-109.431,-981.911,0.0,-1091.342
8.239697218989022,8051,1,8,6,-0.053486,-0.024972,-0.798378,-0.265187,-1260.949,-979.0,-1371.831,-69.583,1302,979,0.314159,-0.798,0.0,0.0,-0.798,-1492.933,231.983,0.0,-1260.949,-225.559,-1146.271,0.0,-1371.831
8.251753645017743,8056,1,8,6,-0.055625,-0.026395,-0.81845,-0.287758,-1255.068,-997.0,-1485.101,-67.996,1417,997,0.314159,-0.818,0.0,0.0,-0.818,-1485.937,230.869,0.0,-1255.068,-206.455,-1278.646,0.0,-1485.101
8.251753645017743,8061,1,8,6,-0.05771,-0.028228,-0.825483,-0.339066,-1132.12,-1012.0,-1436.31,-65.951,1370,916,0.314159,-0.825,0.0,0.0,-0.825,-1361.967,229.847,0.0,-1132.12,-96.096,-1340.214,0.0,-1436.31
8.251753645017743,8066,1,8,6,-0.059738,-0.030672,-0.813843,-0.457968,-767.35,-704.0,-1341.62,-63.226,1278,704,0.523598,-0.813,0.0,0.0,-0.813,-996.45,229.1,0.0,-767.35,-50.68,-1290.94,0.0,-1341.62
8.263023500912823,8071,1,8,6,-0.061706,-0.033902,-0.778526,-0.606085,-254.097,-469.0,-941.451,-59.623,881,469,0.733038,-0.778,0.0,0.0,-0.778,-482.835,228.738,0.0,-254.097,171.921,-1113.373,0.0,-941.451
8.263023500912823,8076,1,8,6,-0.063614,-0.037298,-0.736847,-0.664034,24.707,-392.0,-556.219,-55.836,500,392,0.733038,-0.736,0.0,0.0,-0.736,-203.877,228.585,0.0,24.707,333.365,-889.584,0.0,-556.219
8.274559015990235,8081,1,8,6,-0.065459,-0.040203,-0.707168,-0.604119,-60.159,-309.0,-561.281,-52.597,508,364,0.523598,-0.707,0.0,0.0,-0.707,-288.536,228.376,0.0,-60.159,199.072,-760.353,0.0,-561.281
8.274559015990235,8086,1,8,6,-0.06724,-0.042386,-0.695909,-0.495686,-332.668,-466.0,-629.466,-50.163,579,466,0.418879,-0.695,0.0,0.0,-0.695,-560.625,227.956,0.0,-332.668,106.665,-736.131,0.0,-629.466
8.286598060978577,8091,1,8,6,-0.068954,-0.043962,-0.699772,-0.393654,-629.816,-557.0,-859.689,-48.406,811,557,0.418879,-0.699,0.0,0.0,-0.699,-857.13,227.313,0.0,-629.816,-58.253,-801.435,0.0,-859.689
8.286598060978577,8100,1,8,6,-0.071866,-0.046993,-0.696453,-0.378315,-664.884,-593.0,-971.175,-45.027,926,528,0.418879,-0.696,0.0,0.0,-0.696,-890.786,225.901,0.0,-664.884,-57.507,-913.667,0.0,-971.175
8.297855695942417,8105,1,8,6,-0.073386,-0.049358,-0.67279,-0.476659,-323.677,-280.0,-870.639,-42.392,828,280,0.418879,-0.672,0.0,0.0,-0.672,-549.167,225.489,0.0,-323.677,-34.942,-835.697,0.0,-870.639
8.297855695942417,8110,1,8,6,-0.074833,-0.052492,-0.62554,-0.62903,235.267,-22.0,-423.314,-38.899,384,22,0.523598,-0.625,0.0,0.0,-0.625,9.771,225.496,0.0,235.267,205.814,-629.129,0.0,-423.314
8.309238831978291,8116,1,8,6,-0.076206,-0.056169,-0.561052,-0.716433,660.89,117.0,107.07,-34.803,-141,-117,0.523598,-0.561,0.0,0.0,-0.561,435.066,225.824,0.0,660.89,435.112,-328.042,0.0,107.07
8.309238831978291,8121,1,8,6,-0.077755,-0.060088,-0.494651,-0.634229,616.935,161.0,269.511,-30.436,-299,-161,0.418879,-0.494,0.0,0.0,-0.494,390.817,226.117,0.0,616.935,364.748,-95.236,0.0,269.511
8.321023667929694,8126,1,8,6,-0.078961,-0.061966,-0.475854,-0.423434,79.23,-87.0,21.665,-28.345,-50,87,0.314159,-0.475,0.0,0.0,-0.475,-146.777,226.007,0.0,79.23,132.984,-111.319,0.0,21.665
8.321023667929694,8131,1,8,6,-0.080089,-0.062619,-0.489157,-0.237596,-478.892,-300.0,-407.692,-27.618,380,300,0.209439,-0.489,0.0,0.0,-0.489,-704.371,225.479,0.0,-478.892,-143.113,-264.579,0.0,-407.692
8.321023667929694,8136,1,8,6,-0.081138,-0.063091,-0.505319,-0.185947,-669.432,-336.0,-705.034,-27.092,677,336,0.209439,-0.505,0.0,0.0,-0.505,-894.241,224.808,0.0,-669.432,-266.746,-438.288,0.0,-705.034
8.332330166944303,8141,1,8,6,-0.082107,-0.064229,-0.500585,-0.233243,-524.309,-402.0,-604.703,-25.825,578,305,0.209439,-0.5,0.0,0.0,-0.5,-748.556,224.247,0.0,-524.309,-97.847,-506.855,0.0,-604.703
8.332330166944303,8146,1,8,6,-0.082995,-0.06606,-0.474177,-0.344623,-138.775,-88.0,-485.989,-23.786,462,88,0.314159,-0.474,0.0,0.0,-0.474,-362.75,223.974,0.0,-138.775,-40.62,-445.369,0.0,-485.989
8.343113549984992,8151,1,8,6,-0.083801,-0.068431,-0.430361,-0.452257,285.33,81.0,-129.401,-21.146,108,-81,0.314159,-0.43,0.0,0.0,-0.43,61.309,224.02,0.0,285.33,163.464,-292.866,0.0,-129.401
8.343113549984992,8156,1,8,6,-0.084524,-0.070916,-0.381037,-0.49623,546.803,148.0,238.937,-18.38,-257,-148,0.314159,-0.381,0.0,0.0,-0.381,322.54,224.262,0.0,546.803,319.042,-80.105,0.0,238.937
8.354104321915656,8161,1,8,6,-0.085164,-0.072986,-0.340983,-0.419369,443.909,184.0,261.81,-16.076,-277,-149,0.0,-0.34,0.0,0.0,-0.34,219.481,224.427,0.0,443.909,207.927,53.882,0.0,261.81
8.354104321915656,8166,1,8,6,-0.08572,-0.074064,-0.326365,-0.231598,-41.119,-76.0,13.513,-14.876,-28,76,0.0,-0.326,0.0,0.0,-0.326,-265.348,224.228,0.0,-41.119,27.904,-14.39,0.0,13.513
8.365412774961442,8171,1,8,6,-0.086192,-0.074379,-0.330754,-0.109878,-394.671,-202.0,-298.947,-14.526,284,202,0.0,-0.33,0.0,0.0,-0.33,-618.453,223.782,0.0,-394.671,-154.136,-144.81,0.0,-298.947
8.365412774961442,8176,1,8,6,-0.086578,-0.074908,-0.326747,-0.125315,-340.649,-184.0,-344.43,-13.937,330,184,0.0,-0.326,0.0,0.0,-0.326,-564.008,223.359,0.0,-340.649,-125.319,-219.11,0.0,-344.43
8.365412774961442,8181,1,8,6,-0.086879,-0.075926,-0.306673,-0.192439,-96.735,-172.0,-119.637,-12.805,106,39,0.0,-0.306,0.0,0.0,-0.306,-319.854,223.119,0.0,-96.735,60.211,-179.849,0.0,-119.637
8.37687104800716,8190,1,8,6,-0.087204,-0.07822,-0.251546,-0.265404,261.867,95.0,118.873,-10.252,-129,-95,0.209439,-0.251,0.0,0.0,-0.251,38.801,223.065,0.0,261.867,133.494,-14.621,0.0,118.873
8.388034168980084,8195,1,8,6,-0.087264,-0.079445,-0.218927,-0.258475,333.883,133.0,254.191,-8.89,-263,-133,0.0,-0.218,0.0,0.0,-0.218,110.734,223.148,0.0,333.883,160.706,93.484,0.0,254.191
8.388034168980084,8200,1,8,6,-0.087238,-0.080342,-0.193089,-0.20023,243.157,125.0,246.315,-7.892,-254,-112,0.0,-0.193,0.0,0.0,-0.193,19.993,223.163,0.0,243.157,94.526,151.789,0.0,246.315
8.399776759906672,8206,1,8,6,-0.087126,-0.080605,-0.18259,-0.075839,-75.964,-70.0,70.877,-7.599,-78,70,0.0,-0.182,0.0,0.0,-0.182,-298.903,222.938,0.0,-75.964,-4.771,75.648,0.0,70.877
8.399776759906672,8211,1,8,6,-0.086879,-0.08063,-0.174971,-0.030683,-181.367,-83.0,-56.067,-7.572,48,83,0.0,-0.174,0.0,0.0,-0.174,-404.003,222.635,0.0,-181.367,-78.694,22.626,0.0,-56.067
8.411654626019299,8216,1,8,6,-0.086578,-0.080951,-0.157554,-0.063499,-40.917,-21.0,8.001,-7.215,-15,21,0.0,-0.157,0.0,0.0,-0.157,-263.355,222.438,0.0,-40.917,-15.934,23.935,0.0,8.001
8.411654626019299,8221,1,8,6,-0.086192,-0.081244,-0.138518,-0.056836,-6.441,-51.0,78.529,-6.889,-85,16,0.0,-0.138,0.0,0.0,-0.138,-228.708,222.266,0.0,-6.441,35.646,42.882,0.0,78.529
8.411654626019299,8226,1,8,6,-0.08572,-0.081439,-0.119868,-0.047667,19.953,1.0,74.352,-6.672,-81,-1,0.0,-0.119,0.0,0.0,-0.119,-202.161,222.115,0.0,19.953,15.162,59.19,0.0,74.352
8.422940409975126,8231,1,8,6,-0.085164,-0.081665,-0.097988,-0.040987,62.391,14.0,125.778,-6.421,-132,-14,0.0,-0.097,0.0,0.0,-0.097,-159.603,221.995,0.0,62.391,38.713,87.065,0.0,125.778
8.422940409975126,8236,1,8,6,-0.084524,-0.081914,-0.073099,-0.036376,119.095,77.0,154.283,-6.144,-160,-77,0.0,-0.073,0.0,0.0,-0.073,-102.822,221.918,0.0,119.095,33.676,120.607,0.0,154.283
8.433669545920566,8241,1,8,6,-0.083801,-0.081944,-0.051987,0.006039,59.319,27.0,157.0,-6.11,-163,-32,0.0,-0.051,0.0,0.0,-0.051,-162.476,221.796,0.0,59.319,25.855,131.144,0.0,157.0
8.433669545920566,8246,1,8,6,-0.082995,-0.081942,-0.029484,0.019426,84.743,85.0,151.03,-6.113,-157,-85,0.0,-0.029,0.0,0.0,-0.029,-136.949,221.693,0.0,84.743,-0.204,151.235,0.0,151.03
8.44619516399689,8251,1,8,6,-0.082107,-0.082027,-0.002238,0.004955,201.534,112.0,275.679,-6.018,-281,-112,0.0,-0.002,0.0,0.0,-0.002,-20.144,221.678,0.0,201.534,71.627,204.052,0.0,275.679
8.44619516399689,8256,1,8,6,-0.081138,-0.082018,0.024651,0.018386,239.234,192.0,281.461,-6.028,-287,-192,0.0,0.024,0.0,0.0,0.024,17.542,221.691,0.0,239.234,37.787,243.674,0.0,281.461
8.44619516399689,8261,1,8,6,-0.080089,-0.081944,0.051946,0.012323,332.717,156.0,465.946,-6.111,-472,-262,0.0,0.051,0.0,0.0,0.051,110.945,221.771,0.0,332.717,141.373,324.572,0.0,465.946
8.458136465982534,8266,1,8,6,-0.07896,-0.081846,0.080807,0.0175,399.164,298.0,471.069,-6.219,-477,-298,0.0,0.08,0.0,0.0,0.08,177.259,221.904,0.0,399.164,80.931,390.137,0.0,471.069
8.458136465982534,8271,1,8,6,-0.077754,-0.081748,0.111831,0.02535,464.231,360.0,545.377,-6.328,-551,-360,0.0,0.111,0.0,0.0,0.111,242.144,222.086,0.0,464.231,83.384,461.992,0.0,545.377
8.469544789986685,8280,1,8,6,-0.075391,-0.081606,0.174022,0.028274,630.722,444.0,785.741,-6.486,-792,-505,0.0,0.174,0.0,0.0,0.174,408.095,222.627,0.0,630.722,149.378,636.363,0.0,785.741
8.481135739013553,8285,1,8,6,-0.073973,-0.081466,0.209794,0.032819,718.53,576.0,850.128,-6.642,-856,-576,0.0,0.209,0.0,0.0,0.209,495.531,222.999,0.0,718.53,114.024,736.103,0.0,850.128
8.481135739013553,8290,1,8,6,-0.072483,-0.081228,0.244882,0.059941,741.223,608.0,918.879,-6.906,-925,-608,0.0,0.244,0.0,0.0,0.244,517.835,223.387,0.0,741.223,106.578,812.301,0.0,918.879
8.481135739013553,8296,1,8,6,-0.07092,-0.08087,0.278579,0.075223,793.214,674.0,980.778,-7.305,-988,-674,0.0,0.278,0.0,0.0,0.278,569.398,223.816,0.0,793.214,95.371,885.406,0.0,980.778
8.492740290006623,8301,1,8,6,-0.068953,-0.080405,0.320631,0.085651,882.254,644.0,1191.704,-7.823,-1199,-794,0.0,0.32,0.0,0.0,0.32,657.944,224.309,0.0,882.254,190.603,1001.1,0.0,1191.704
8.492740290006623,8306,1,8,6,-0.067239,-0.080004,0.357413,0.115947,900.921,745.0,1184.094,-8.268,-1192,-745,0.0,0.357,0.0,0.0,0.357,676.104,224.816,0.0,900.921,124.737,1059.357,0.0,1184.094
8.504014233942144,8311,1,8,6,-0.065459,-0.079362,0.389281,0.139344,925.166,860.0,1178.479,-8.982,-1187,-860,-0.209439,0.389,0.0,0.0,0.389,699.824,225.341,0.0,925.166,52.133,1126.346,0.0,1178.479
8.504014233942144,8316,1,8,6,-0.063614,-0.078715,0.422817,0.137797,1023.997,853.0,1347.138,-9.703,-1356,-853,-0.209439,0.422,0.0,0.0,0.422,798.057,225.94,0.0,1023.997,136.797,1210.341,0.0,1347.138
8.515243312926032,8321,1,8,6,-0.061706,-0.078023,0.456867,0.147228,1093.579,913.0,1451.799,-10.472,-1462,-981,-0.209439,0.456,0.0,0.0,0.456,866.988,226.59,0.0,1093.579,144.463,1307.336,0.0,1451.799
8.515243312926032,8326,1,8,6,-0.059737,-0.077245,0.49022,0.168713,1127.487,973.0,1504.837,-11.337,-1516,-973,-0.209439,0.49,0.0,0.0,0.49,900.222,227.265,0.0,1127.487,123.59,1381.247,0.0,1504.837
8.515243312926032,8331,1,8,6,-0.05771,-0.0763,0.520542,0.201386,1121.571,1022.0,1524.33,-12.388,-1536,-1022,-0.209439,0.52,0.0,0.0,0.52,893.635,227.935,0.0,1121.571,79.657,1444.673,0.0,1524.33
8.527139748912305,8336,1,8,6,-0.055625,-0.075252,0.549553,0.236156,1106.105,1045.0,1528.581,-13.555,-1542,-1045,-0.209439,0.549,0.0,0.0,0.549,877.511,228.594,0.0,1106.105,48.884,1479.696,0.0,1528.581
8.527139748912305,8341,1,8,6,-0.053486,-0.073964,0.573387,0.265012,1092.691,1016.0,1575.991,-14.988,-1590,-1023,-0.209439,0.573,0.0,0.0,0.573,863.45,229.241,0.0,1092.691,61.353,1514.638,0.0,1575.991
8.53868005296681,8346,1,8,6,-0.051293,-0.072614,0.596972,0.277614,1124.114,1071.0,1601.846,-16.49,-1618,-1071,-0.314159,0.596,0.0,0.0,0.596,894.201,229.912,0.0,1124.114,42.491,1559.355,0.0,1601.846
8.53868005296681,8351,1,8,6,-0.04905,-0.071168,0.619303,0.306814,1105.512,1023.0,1650.54,-18.099,-1668,-1023,-0.314159,0.619,0.0,0.0,0.619,874.968,230.543,0.0,1105.512,66.01,1584.529,0.0,1650.54
8.550151694915257,8356,1,8,6,-0.046759,-0.069546,0.638026,0.338617,1069.517,1025.0,1642.715,-19.905,-1662,-1025,-0.418879,0.638,0.0,0.0,0.638,838.344,231.172,0.0,1069.517,35.613,1607.101,0.0,1642.715
8.550151694915257,8361,1,8,6,-0.044422,-0.067666,0.650846,0.377964,995.815,1036.0,1556.197,-21.998,-1578,-937,-0.418879,0.65,0.0,0.0,0.65,764.069,231.745,0.0,995.815,-32.147,1588.344,0.0,1556.197
8.561058318940923,8370,1,8,6,-0.040105,-0.063519,0.655584,0.462926,772.05,865.0,1412.384,-26.615,-1439,-865,-0.418879,0.655,0.0,0.0,0.655,539.441,232.609,0.0,772.05,-74.359,1486.743,0.0,1412.384
8.561058318940923,8375,1,8,6,-0.037651,-0.061304,0.662275,0.447403,834.702,883.0,1427.503,-29.082,-1456,-883,-0.418879,0.662,0.0,0.0,0.662,601.641,233.06,0.0,834.702,-38.638,1466.141,0.0,1427.503
8.572238244931214,8380,1,8,6,-0.035159,-0.0592,0.673145,0.41313,961.649,900.0,1547.806,-31.425,-1579,-890,-0.418879,0.673,0.0,0.0,0.673,728.042,233.606,0.0,961.649,49.319,1498.487,0.0,1547.806
8.572238244931214,8386,1,8,6,-0.032634,-0.057239,0.688957,0.401205,1039.92,1009.0,1586.477,-33.61,-1620,-1009,-0.418879,0.688,0.0,0.0,0.688,805.707,234.213,0.0,1039.92,24.736,1561.741,0.0,1586.477
8.583686280995607,8391,1,8,6,-0.02956,-0.054834,0.707687,0.424308,1028.27,908.0,1687.666,-36.289,-1723,-908,-0.418879,0.707,0.0,0.0,0.707,793.462,234.808,0.0,1028.27,96.216,1591.45,0.0,1687.666
8.583686280995607,8396,1,8,6,-0.026966,-0.052365,0.711159,0.494719,841.294,900.0,1513.593,-39.041,-1552,-900,-0.418879,0.711,0.0,0.0,0.711,606.031,235.262,0.0,841.294,-46.964,1560.557,0.0,1513.593
8.594341136980802,8401,1,8,6,-0.024346,-0.0495,0.704308,0.566314,621.935,809.0,1307.203,-42.234,-1349,-681,-0.628318,0.704,0.0,0.0,0.704,386.382,235.552,0.0,621.935,-149.651,1456.854,0.0,1307.203
8.594341136980802,8406,1,8,6,-0.021702,-0.046331,0.689615,0.635567,386.999,564.0,1179.919,-45.766,-1225,-564,-0.628318,0.689,0.0,0.0,0.689,151.333,235.665,0.0,386.999,-141.6,1321.519,0.0,1179.919
8.606311553972773,8411,1,8,6,-0.019036,-0.043231,0.677469,0.633649,358.454,546.0,1072.632,-49.221,-1121,-546,-0.628318,0.677,0.0,0.0,0.677,122.696,235.757,0.0,358.454,-150.036,1222.669,0.0,1072.632
8.606311553972773,8416,1,8,6,-0.016351,-0.040586,0.678555,0.580054,511.768,575.0,1146.167,-52.17,-1198,-575,-0.628318,0.678,0.0,0.0,0.678,275.803,235.964,0.0,511.768,-50.585,1196.752,0.0,1146.167
8.606311553972773,8421,1,8,6,-0.013651,-0.03818,0.686824,0.534229,663.55,606.0,1275.005,-54.852,-1329,-666,-0.628318,0.686,0.0,0.0,0.686,427.264,236.285,0.0,663.55,46.04,1228.964,0.0,1275.005
8.618097360013053,8426,1,8,6,-0.010937,-0.035729,0.694198,0.537716,674.763,612.0,1289.912,-57.585,-1347,-612,-0.628318,0.694,0.0,0.0,0.694,438.15,236.613,0.0,674.763,50.211,1239.7,0.0,1289.912
8.618097360013053,8431,1,8,6,-0.008212,-0.032987,0.6937,0.57777,561.459,554.0,1232.068,-60.643,-1292,-554,-0.628318,0.693,0.0,0.0,0.693,324.601,236.857,0.0,561.459,5.967,1226.101,0.0,1232.068
8.62941920896992,8436,1,8,6,-0.005479,-0.029766,0.680028,0.646196,331.659,488.0,1009.637,-64.236,-1073,-488,-0.837758,0.68,0.0,0.0,0.68,94.73,236.928,0.0,331.659,-125.072,1134.71,0.0,1009.637
8.62941920896992,8441,1,8,6,-0.002741,-0.026497,0.665181,0.663854,240.644,432.0,883.173,-67.882,-951,-432,-0.837758,0.665,0.0,0.0,0.665,3.713,236.931,0.0,240.644,-153.084,1036.258,0.0,883.173
8.640191084006801,8446,1,8,6,0.0,-0.023641,0.661952,0.605503,395.108,544.0,889.357,-71.068,-960,-544,-0.837758,0.661,0.0,0.0,0.661,158.059,237.049,0.0,395.108,-119.113,1008.47,0.0,889.357
8.640191084006801,8451,1,8,6,0.002741,-0.021754,0.685876,0.452891,889.896,817.0,1190.207,-73.173,-1263,-817,-0.523598,0.685,0.0,0.0,0.685,652.358,237.538,0.0,889.896,58.317,1131.89,0.0,1190.207
8.652077668928541,8460,1,8,6,0.007666,-0.019854,0.770582,0.269188,1643.408,1151.0,2031.518,-75.293,-2106,-1298,-0.523598,0.77,0.0,0.0,0.77,1403.902,239.506,0.0,1643.408,393.926,1637.592,0.0,2031.518
8.652077668928541,8465,1,8,6,0.010393,-0.018303,0.803517,0.324393,1582.059,1231.0,2066.83,-77.023,-2143,-1231,-0.523598,0.803,0.0,0.0,0.803,1341.547,240.512,0.0,1582.059,280.847,1785.982,0.0,2066.83
8.662997346022166,8470,1,8,6,0.013109,-0.016002,0.815144,0.443331,1282.369,1164.0,1919.463,-79.59,-1999,-1164,-0.628318,0.815,0.0,0.0,0.815,1041.076,241.292,0.0,1282.369,94.695,1824.767,0.0,1919.463
8.662997346022166,8476,1,8,6,0.015813,-0.01322,0.812953,0.530066,1033.973,1083.0,1744.44,-82.694,-1827,-1083,-0.628318,0.812,0.0,0.0,0.812,792.084,241.889,0.0,1033.973,-39.221,1783.662,0.0,1744.44
8.674217042978853,8481,1,8,6,0.019036,-0.009745,0.805903,0.567605,909.624,1069.0,1574.821,-86.571,-1661,-1020,-0.628318,0.805,0.0,0.0,0.805,667.234,242.389,0.0,909.624,-127.5,1702.322,0.0,1574.821
8.674217042978853,8486,1,8,6,0.021702,-0.00726,0.810972,0.513616,1075.61,1167.0,1642.206,-89.344,-1731,-1167,-0.628318,0.81,0.0,0.0,0.81,832.596,243.014,0.0,1075.61,-73.111,1715.318,0.0,1642.206
8.685974483960308,8491,1,8,6,0.024346,-0.005305,0.830252,0.423575,1382.563,1278.0,1884.391,-91.526,-1975,-1278,-0.628318,0.83,0.0,0.0,0.83,1138.695,243.868,0.0,1382.563,83.65,1800.74,0.0,1884.391
8.685974483960308,8496,1,8,6,0.026967,-0.00363,0.856743,0.362666,1628.322,1359.0,2166.687,-93.394,-2260,-1359,-0.523598,0.856,0.0,0.0,0.856,1383.416,244.905,0.0,1628.322,215.458,1951.228,0.0,2166.687
8.685974483960308,8501,1,8,6,0.02956,-0.001701,0.875345,0.392345,1598.318,1383.0,2233.675,-95.547,-2329,-1372,-0.628318,0.875,0.0,0.0,0.875,1352.398,245.92,0.0,1598.318,172.255,2061.42,0.0,2233.675
8.69716266694013,8506,1,8,6,0.032125,0.000936,0.873293,0.511624,1259.353,1196.0,2073.209,-98.49,-2171,-1196,-0.628318,0.873,0.0,0.0,0.873,1012.673,246.679,0.0,1259.353,50.682,2022.526,0.0,2073.209
8.708772675949149,8516,1,8,6,0.036659,0.006737,0.837815,0.643134,792.671,1064.0,1559.283,-104.964,-1664,-1064,-0.628318,0.837,0.0,0.0,0.837,545.107,247.564,0.0,792.671,-217.062,1776.345,0.0,1559.283
8.708772675949149,8521,1,8,6,0.039618,0.009613,0.840143,0.561584,1028.134,1055.0,1739.607,-108.172,-1847,-1197,-0.523598,0.84,0.0,0.0,0.84,779.963,248.17,0.0,1028.134,-21.492,1761.1,0.0,1739.607
8.71943855995778,8526,1,8,6,0.042041,0.011347,0.859413,0.425222,1464.816,1414.0,1909.687,-110.108,-2019,-1414,-0.418879,0.859,0.0,0.0,0.859,1215.733,249.082,0.0,1464.816,40.652,1869.034,0.0,1909.687
8.71943855995778,8531,1,8,6,0.044422,0.01267,0.889039,0.33401,1804.285,1564.0,2221.674,-111.584,-2333,-1564,-0.418879,0.889,0.0,0.0,0.889,1554.081,250.203,0.0,1804.285,192.228,2029.446,0.0,2221.674
8.731575815938413,8536,1,8,6,0.046759,0.014242,0.910487,0.334061,1865.405,1572.0,2412.385,-113.337,-2525,-1572,-0.418879,0.91,0.0,0.0,0.91,1613.991,251.414,0.0,1865.405,234.724,2177.661,0.0,2412.385
8.731575815938413,8541,1,8,6,0.049051,0.016429,0.913399,0.416415,1644.013,1566.0,2278.074,-115.778,-2393,-1444,-0.523598,0.913,0.0,0.0,0.913,1391.555,252.458,0.0,1644.013,62.411,2215.663,0.0,2278.074
8.731575815938413,8546,1,8,6,0.051294,0.019448,0.891675,0.572451,1146.957,1173.0,2068.72,-119.146,-2187,-1173,-0.628318,0.891,0.0,0.0,0.891,893.828,253.128,0.0,1146.957,-20.834,2089.554,0.0,2068.72
8.74258621793706,8555,1,8,6,0.055202,0.025709,0.825786,0.66346,708.351,1025.0,1469.729,-126.131,-1595,-1025,-0.628318,0.825,0.0,0.0,0.825,454.514,253.837,0.0,708.351,-253.318,1723.048,0.0,1469.729
8.75329594197683,8560,1,8,6,0.057298,0.028227,0.813972,0.535551,1034.0,1059.0,1693.695,-128.939,-1822,-1217,-0.418879,0.813,0.0,0.0,0.813,779.578,254.422,0.0,1034.0,-19.999,1713.694,0.0,1693.695
8.75329594197683,8566,1,8,6,0.059337,0.029665,0.830808,0.363043,1565.15,1495.0,1916.629,-130.543,-2047,-1495,-0.314159,0.83,0.0,0.0,0.83,1309.742,255.408,0.0,1565.15,56.12,1860.508,0.0,1916.629
8.764193598995917,8571,1,8,6,0.061706,0.030762,0.866443,0.271557,1922.339,1604.0,2306.804,-131.766,-2438,-1604,-0.314159,0.866,0.0,0.0,0.866,1665.681,256.657,0.0,1922.339,254.671,2052.132,0.0,2306.804
8.764193598995917,8576,1,8,6,0.063614,0.032137,0.881359,0.309959,1857.777,1586.0,2401.945,-133.3,-2535,-1586,-0.314159,0.881,0.0,0.0,0.881,1599.919,257.857,0.0,1857.777,217.422,2184.523,0.0,2401.945
8.775369736016728,8581,1,8,6,0.065459,0.034526,0.866119,0.429415,1481.544,1574.0,2062.816,-135.965,-2198,-1341,-0.523598,0.866,0.0,0.0,0.866,1222.769,258.774,0.0,1481.544,-73.964,2136.781,0.0,2062.816
8.775369736016728,8586,1,8,6,0.06724,0.03767,0.82795,0.580571,951.955,1111.0,1837.889,-139.47,-1977,-1111,-0.628318,0.827,0.0,0.0,0.827,692.661,259.294,0.0,951.955,-127.235,1965.124,0.0,1837.889
8.775369736016728,8591,1,8,6,0.068954,0.041037,0.781657,0.62144,708.238,1036.0,1517.888,-143.225,-1661,-1036,-0.628318,0.781,0.0,0.0,0.781,448.607,259.63,0.0,708.238,-262.209,1780.097,0.0,1517.888
8.787427732953802,8596,1,8,6,0.0706,0.043592,0.756206,0.541884,860.18,1112.0,1467.686,-146.073,-1613,-1112,-0.628318,0.756,0.0,0.0,0.756,600.1,260.08,0.0,860.18,-201.455,1669.141,0.0,1467.686
8.787427732953802,8601,1,8,6,0.072176,0.045192,0.755561,0.387147,1292.415,1112.0,1903.53,-147.856,-2051,-1379,-0.314159,0.755,0.0,0.0,0.755,1031.561,260.854,0.0,1292.415,144.332,1759.198,0.0,1903.53
8.79805347090587,8606,1,8,6,0.073681,0.046003,0.774989,0.239227,1762.112,1586.0,2066.809,-148.76,-2215,-1586,-0.314159,0.774,0.0,0.0,0.774,1500.132,261.979,0.0,1762.112,140.889,1925.919,0.0,2066.809
8.79805347090587,8611,1,8,6,0.075113,0.046859,0.79112,0.217425,1869.529,1585.0,2295.267,-149.715,-2444,-1585,-0.314159,0.791,0.0,0.0,0.791,1606.345,263.184,0.0,1869.529,227.623,2067.643,0.0,2295.267
8.808878575917333,8616,1,8,6,0.076472,0.048465,0.784182,0.298377,1624.457,1495.0,2217.729,-151.505,-2369,-1495,-0.314159,0.784,0.0,0.0,0.784,1360.252,264.204,0.0,1624.457,103.566,2114.163,0.0,2217.729
8.808878575917333,8621,1,8,6,0.077755,0.050783,0.755192,0.422812,1195.539,1475.0,1753.75,-154.088,-1907,-1197,-0.523598,0.755,0.0,0.0,0.755,930.663,264.876,0.0,1195.539,-223.568,1977.318,0.0,1753.75
8.820648261928,8626,1,8,6,0.078961,0.053646,0.708819,0.53126,762.415,1023.0,1565.958,-157.278,-1723,-1023,-0.523598,0.708,0.0,0.0,0.708,497.166,265.249,0.0,762.415,-208.467,1774.426,0.0,1565.958
8.820648261928,8631,1,8,6,0.080089,0.056284,0.666539,0.525303,661.005,992.0,1334.187,-160.217,-1494,-992,-0.523598,0.666,0.0,0.0,0.666,395.459,265.545,0.0,661.005,-264.795,1598.983,0.0,1334.187
8.831202287925407,8636,1,8,6,0.081138,0.05818,0.642813,0.414543,905.18,1070.0,1401.701,-162.33,-1564,-1070,-0.523598,0.642,0.0,0.0,0.642,639.155,266.025,0.0,905.18,-131.855,1533.556,0.0,1401.701
8.831202287925407,8645,1,8,6,0.082824,0.05976,0.645781,0.1638,1617.397,1444.0,1911.98,-164.09,-2076,-1444,-0.314159,0.645,0.0,0.0,0.645,1349.548,267.848,0.0,1617.397,138.717,1773.262,0.0,1911.98
8.842204483924434,8650,1,8,6,0.083646,0.060441,0.64975,0.15512,1653.847,1470.0,2019.591,-164.848,-2184,-1470,-0.314159,0.649,0.0,0.0,0.649,1384.963,268.883,0.0,1653.847,147.078,1872.513,0.0,2019.591
8.842204483924434,8656,1,8,6,0.084386,0.061668,0.636099,0.22254,1427.692,1355.0,1944.931,-166.215,-2111,-1355,-0.314159,0.636,0.0,0.0,0.636,1157.965,269.726,0.0,1427.692,58.153,1886.777,0.0,1944.931
8.853386054979637,8661,1,8,6,0.085164,0.063913,0.59505,0.304086,1085.059,1404.0,1472.491,-168.714,-1641,-1170,-0.418879,0.595,0.0,0.0,0.595,814.699,270.36,0.0,1085.059,-255.152,1727.643,0.0,1472.491
8.853386054979637,8666,1,8,6,0.08572,0.065632,0.562462,0.336208,904.346,1152.0,1398.393,-170.629,-1569,-1152,-0.418879,0.562,0.0,0.0,0.562,633.511,270.835,0.0,904.346,-198.122,1596.515,0.0,1398.393
8.864152544992976,8671,1,8,6,0.086192,0.066627,0.547804,0.231051,1158.411,1294.0,1462.735,-171.737,-1634,-1294,0.0,0.547,0.0,0.0,0.547,886.91,271.5,0.0,1158.411,-108.471,1571.206,0.0,1462.735
8.864152544992976,8676,1,8,6,0.086578,0.066789,0.554096,0.10978,1516.518,1351.0,1797.475,-171.917,-1969,-1351,0.0,0.554,0.0,0.0,0.554,1244.085,272.433,0.0,1516.518,132.415,1665.06,0.0,1797.475
8.875485713942908,8681,1,8,6,0.086879,0.066986,0.556993,0.052184,1686.957,1453.0,1980.62,-172.137,-2152,-1528,0.0,0.556,0.0,0.0,0.556,1413.463,273.493,0.0,1686.957,187.166,1793.454,0.0,1980.62
8.875485713942908,8686,1,8,6,0.087094,0.067399,0.551467,0.05364,1668.452,1536.0,1968.637,-172.596,-2141,-1536,0.0,0.551,0.0,0.0,0.551,1393.913,274.539,0.0,1668.452,105.962,1862.675,0.0,1968.637
8.875485713942908,8691,1,8,6,0.087223,0.068086,0.535829,0.083117,1543.081,1470.0,1938.937,-173.361,-2112,-1470,-0.209439,0.535,0.0,0.0,0.535,1267.591,275.489,0.0,1543.081,58.465,1880.472,0.0,1938.937
8.88719003496226,8696,1,8,6,0.087266,0.068883,0.51471,0.141318,1321.771,1417.0,1745.912,-174.249,-1920,-1417,-0.209439,0.514,0.0,0.0,0.514,1045.497,276.274,0.0,1321.771,-76.182,1822.095,0.0,1745.912
8.88719003496226,8701,1,8,6,0.087223,0.069571,0.494242,0.165251,1198.139,1400.0,1557.592,-175.015,-1732,-1347,0.0,0.494,0.0,0.0,0.494,921.174,276.965,0.0,1198.139,-161.488,1719.08,0.0,1557.592
8.89807445392944,8706,1,8,6,0.087094,0.069944,0.480185,0.110315,1313.379,1400.0,1626.513,-175.43,-1801,-1400,0.0,0.48,0.0,0.0,0.48,1035.637,277.741,0.0,1313.379,-69.296,1695.81,0.0,1626.513
8.89807445392944,8711,1,8,6,0.086879,0.069939,0.474308,0.048574,1470.656,1436.0,1750.848,-175.424,-1926,-1436,0.0,0.474,0.0,0.0,0.474,1192.054,278.602,0.0,1470.656,27.725,1723.123,0.0,1750.848
8.909582502907142,8716,1,8,6,0.086578,0.070123,0.460723,0.023254,1504.434,1476.0,1768.667,-175.629,-1944,-1476,0.0,0.46,0.0,0.0,0.46,1224.914,279.52,0.0,1504.434,22.747,1745.92,0.0,1768.667
8.909582502907142,8721,1,8,6,0.086192,0.070437,0.441114,0.021371,1455.682,1449.0,1750.871,-175.979,-1926,-1466,0.0,0.441,0.0,0.0,0.441,1175.28,280.402,0.0,1455.682,5.345,1745.525,0.0,1750.871
8.920543550979346,8726,1,8,6,0.08572,0.070698,0.42063,0.023876,1392.146,1410.0,1698.804,-176.268,-1875,-1410,0.0,0.42,0.0,0.0,0.42,1110.911,281.235,0.0,1392.146,-14.282,1713.087,0.0,1698.804
8.920543550979346,8735,1,8,6,0.084659,0.070666,0.3918,0.012374,1345.25,1387.0,1635.631,-176.233,-1811,-1387,0.0,0.391,0.0,0.0,0.391,1062.393,282.857,0.0,1345.25,-33.399,1669.031,0.0,1635.631
8.932020416948944,8740,1,8,6,0.083952,0.070643,0.372656,0.010919,1296.48,1351.0,1594.552,-176.207,-1770,-1334,0.0,0.372,0.0,0.0,0.372,1012.863,283.616,0.0,1296.48,-43.616,1638.168,0.0,1594.552
8.932020416948944,8746,1,8,6,0.083163,0.070667,0.349889,-0.000311,1264.918,1317.0,1563.373,-176.234,-1739,-1317,0.0,0.349,0.0,0.0,0.349,980.562,284.355,0.0,1264.918,-41.665,1605.038,0.0,1563.373
8.943454578984529,8751,1,8,6,0.082107,0.070803,0.316504,-0.017421,1220.049,1271.0,1524.857,-176.385,-1701,-1271,0.0,0.316,0.0,0.0,0.316,934.993,285.056,0.0,1220.049,-40.76,1565.618,0.0,1524.857
8.943454578984529,8756,1,8,6,0.081138,0.070921,0.286071,-0.01546,1129.979,1237.0,1420.211,-176.517,-1596,-1237,0.0,0.286,0.0,0.0,0.286,844.289,285.689,0.0,1129.979,-85.616,1505.827,0.0,1420.211
8.954826924018562,8761,1,8,6,0.080089,0.07094,0.25615,-0.012775,1039.247,1192.0,1302.135,-176.538,-1478,-1105,0.0,0.256,0.0,0.0,0.256,752.992,286.254,0.0,1039.247,-122.202,1424.338,0.0,1302.135
8.954826924018562,8766,1,8,6,0.078961,0.070825,0.227796,-0.017454,973.471,1091.0,1265.846,-176.41,-1442,-1091,0.0,0.227,0.0,0.0,0.227,686.701,286.769,0.0,973.471,-94.023,1359.869,0.0,1265.846
8.965384325943887,8771,1,8,6,0.077754,0.07075,0.196118,-0.022342,898.917,1011.0,1191.587,-176.327,-1367,-1011,0.0,0.196,0.0,0.0,0.196,611.689,287.228,0.0,898.917,-89.665,1281.253,0.0,1191.587
8.965384325943887,8776,1,8,6,0.076472,0.070719,0.161063,-0.024421,806.974,945.0,1088.674,-176.292,-1264,-945,0.0,0.161,0.0,0.0,0.161,519.356,287.617,0.0,806.974,-110.42,1199.094,0.0,1088.674
8.965384325943887,8781,1,8,6,0.075113,0.070651,0.124937,-0.023606,703.85,945.0,885.546,-176.217,-1061,-833,0.0,0.124,0.0,0.0,0.124,415.921,287.929,0.0,703.85,-192.919,1078.465,0.0,885.546
8.977001523016952,8786,1,8,6,0.073681,0.070488,0.089398,-0.047775,672.303,802.0,897.99,-176.035,-1074,-802,0.0,0.089,0.0,0.0,0.089,384.086,288.217,0.0,672.303,-103.756,1001.747,0.0,897.99
8.977001523016952,8791,1,8,6,0.072176,0.070131,0.057264,-0.080422,674.03,785.0,852.369,-175.637,-1028,-785,0.0,0.057,0.0,0.0,0.057,385.523,288.506,0.0,674.03,-88.775,941.144,0.0,852.369
8.988101006951183,8796,1,8,6,0.070599,0.069759,0.023539,-0.09135,610.441,718.0,787.864,-175.223,-963,-718,0.0,0.023,0.0,0.0,0.023,321.693,288.748,0.0,610.441,-86.046,873.91,0.0,787.864
8.988101006951183,8801,1,8,6,0.068953,0.069475,-0.014592,-0.070942,446.641,710.0,535.583,-174.907,-710,-556,0.0,-0.014,0.0,0.0,-0.014,157.779,288.861,0.0,446.641,-210.686,746.27,0.0,535.583
8.999104176997207,8806,1,8,6,0.067239,0.06922,-0.055466,-0.068768,326.136,506.0,491.6,-174.624,-666,-506,0.0,-0.055,0.0,0.0,-0.055,37.246,288.889,0.0,326.136,-143.891,635.491,0.0,491.6
8.999104176997207,8811,1,8,6,0.065459,0.068704,-0.09086,-0.105179,329.013,476.0,434.833,-174.049,-608,-476,0.104719,-0.09,0.0,0.0,-0.09,40.093,288.919,0.0,329.013,-117.589,552.423,0.0,434.833
9.010090246913023,8816,1,8,6,0.063614,0.068095,-0.125463,-0.118886,270.492,414.0,352.29,-173.371,-525,-414,0.104719,-0.125,0.0,0.0,-0.125,-18.413,288.906,0.0,270.492,-114.806,467.096,0.0,352.29
9.021275425911881,8825,1,8,6,0.060136,0.0672,-0.1978,-0.129549,97.587,245.0,153.102,-172.375,-325,-245,0.0,-0.197,0.0,0.0,-0.197,-191.102,288.69,0.0,97.587,-117.929,271.031,0.0,153.102
9.021275425911881,8830,1,8,6,0.05812,0.066513,-0.235014,-0.14942,48.846,197.0,63.965,-171.61,-235,-197,0.0,-0.235,0.0,0.0,-0.235,-239.663,288.51,0.0,48.846,-118.522,182.488,0.0,63.965
9.021275425911881,8836,1,8,6,0.056046,0.065763,-0.272063,-0.161016,-22.653,100.0,3.233,-170.775,-174,-100,0.0,-0.272,0.0,0.0,-0.272,-310.93,288.276,0.0,-22.653,-98.122,101.356,0.0,3.233
9.032443195930682,8841,1,8,6,0.053486,0.064856,-0.31837,-0.156979,-163.958,105.0,-247.666,-169.765,77,-10,0.0,-0.318,0.0,0.0,-0.318,-451.896,287.937,0.0,-163.958,-215.166,-32.499,0.0,-247.666
9.032443195930682,8846,1,8,6,0.051293,0.063963,-0.354747,-0.170511,-228.31,-45.0,-292.735,-168.77,123,45,0.0,-0.354,0.0,0.0,-0.354,-515.86,287.55,0.0,-228.31,-146.648,-146.087,0.0,-292.735
9.044077376020141,8851,1,8,6,0.04905,0.062883,-0.387309,-0.217143,-189.27,-40.0,-338.564,-167.568,170,40,0.0,-0.387,0.0,0.0,-0.387,-476.464,287.193,0.0,-189.27,-119.416,-219.147,0.0,-338.564
9.044077376020141,8856,1,8,6,0.046759,0.061416,-0.410401,-0.276623,-87.665,-21.0,-302.316,-165.934,136,21,0.314159,-0.41,0.0,0.0,-0.41,-374.578,286.912,0.0,-87.665,-53.332,-248.984,0.0,-302.316
9.054836714989506,8861,1,8,6,0.044421,0.059861,-0.432316,-0.305895,-67.332,-9.0,-323.394,-164.202,159,-8,0.314159,-0.432,0.0,0.0,-0.432,-353.979,286.647,0.0,-67.332,-46.665,-276.729,0.0,-323.394
9.054836714989506,8866,1,8,6,0.04204,0.058103,-0.44975,-0.358437,30.779,64.0,-297.472,-162.244,135,-64,0.314159,-0.449,0.0,0.0,-0.449,-255.675,286.455,0.0,30.779,-26.576,-270.895,0.0,-297.472
9.066168863908388,8871,1,8,6,0.039618,0.056027,-0.459465,-0.421254,179.382,114.0,-171.826,-159.931,11,-114,0.418879,-0.459,0.0,0.0,-0.459,-106.992,286.375,0.0,179.382,52.305,-224.132,0.0,-171.826
9.066168863908388,8876,1,8,6,0.037156,0.053701,-0.463279,-0.465315,292.079,164.0,-47.626,-157.34,-109,-164,0.418879,-0.463,0.0,0.0,-0.463,5.7,286.379,0.0,292.079,102.463,-150.089,0.0,-47.626
9.066168863908388,8881,1,8,6,0.034657,0.051477,-0.470958,-0.460332,256.604,173.0,-40.383,-154.861,-114,-173,0.418879,-0.47,0.0,0.0,-0.47,-29.752,286.356,0.0,256.604,66.883,-107.266,0.0,-40.383
9.078157156007364,8886,1,8,6,0.032124,0.049543,-0.487712,-0.420313,97.498,80.0,-119.935,-152.706,-32,-80,0.418879,-0.487,0.0,0.0,-0.487,-188.716,286.215,0.0,97.498,13.998,-133.934,0.0,-119.935
9.078157156007364,8891,1,8,6,0.02956,0.047781,-0.5102,-0.396139,-33.384,42.0,-241.875,-150.742,91,-42,0.314159,-0.51,0.0,0.0,-0.51,-319.369,285.984,0.0,-33.384,-60.307,-181.567,0.0,-241.875
9.08879488997627,8896,1,8,6,0.026966,0.04599,-0.532667,-0.401933,-80.344,6.0,-301.642,-148.746,152,-6,0.314159,-0.532,0.0,0.0,-0.532,-366.054,285.71,0.0,-80.344,-69.075,-232.567,0.0,-301.642
9.08879488997627,8901,1,8,6,0.024346,0.044137,-0.554168,-0.405033,-132.181,-12.0,-391.131,-146.681,244,67,0.314159,-0.554,0.0,0.0,-0.554,-417.578,285.397,0.0,-132.181,-96.144,-294.986,0.0,-391.131
9.099752936977893,8906,1,8,6,0.021702,0.042248,-0.575304,-0.404777,-192.438,-59.0,-465.05,-144.575,320,59,0.418879,-0.575,0.0,0.0,-0.575,-477.477,285.039,0.0,-192.438,-106.75,-358.299,0.0,-465.05
9.111165361013263,8915,1,8,6,0.01689,0.037908,-0.588516,-0.517646,86.209,36.0,-278.763,-139.736,139,-36,0.418879,-0.588,0.0,0.0,-0.588,-198.436,284.646,0.0,86.209,40.167,-318.93,0.0,-278.763
9.111165361013263,8920,1,8,6,0.014192,0.035274,-0.590296,-0.53562,131.438,44.0,-204.471,-136.799,67,-74,0.418879,-0.59,0.0,0.0,-0.59,-153.093,284.531,0.0,131.438,69.95,-274.422,0.0,-204.471
9.111165361013263,8926,1,8,6,0.01148,0.03277,-0.596102,-0.52322,80.306,50.0,-244.578,-134.006,110,-50,0.418879,-0.596,0.0,0.0,-0.596,-204.07,284.377,0.0,80.306,24.245,-268.824,0.0,-244.578
9.122253655921668,8931,1,8,6,0.008212,0.029677,-0.601026,-0.504661,14.353,33.0,-298.123,-130.556,167,-33,0.418879,-0.601,0.0,0.0,-0.601,-269.821,284.175,0.0,14.353,-14.917,-283.206,0.0,-298.123
9.122253655921668,8936,1,8,6,0.005479,0.027092,-0.605154,-0.508391,13.034,44.0,-321.429,-127.673,193,-44,0.523598,-0.605,0.0,0.0,-0.605,-270.937,283.972,0.0,13.034,-24.772,-296.656,0.0,-321.429
9.133448416017927,8941,1,8,6,0.00274,0.024417,-0.606954,-0.518207,35.292,15.0,-273.462,-124.689,148,-45,0.523598,-0.606,0.0,0.0,-0.606,-248.493,283.785,0.0,35.292,16.233,-289.696,0.0,-273.462
9.133448416017927,8946,1,8,6,0.0,0.021846,-0.611693,-0.531915,60.241,45.0,-269.848,-121.821,148,-45,0.523598,-0.611,0.0,0.0,-0.611,-223.376,283.618,0.0,60.241,12.193,-282.041,0.0,-269.848
9.144306547008455,8951,1,8,6,-0.002741,0.019503,-0.622844,-0.53247,30.379,40.0,-295.916,-119.207,176,-40,0.523598,-0.622,0.0,0.0,-0.622,-253.049,283.428,0.0,30.379,-7.696,-288.22,0.0,-295.916
9.144306547008455,8956,1,8,6,-0.005479,0.017147,-0.633549,-0.542084,27.132,1.0,-261.929,-116.578,145,-1,0.418879,-0.633,0.0,0.0,-0.633,-256.103,283.236,0.0,27.132,20.906,-282.835,0.0,-261.929
9.15553516196087,8961,1,8,6,-0.008212,0.014656,-0.640323,-0.545611,17.843,31.0,-296.511,-113.799,182,-10,0.418879,-0.64,0.0,0.0,-0.64,-265.193,283.037,0.0,17.843,-10.525,-285.986,0.0,-296.511
9.15553516196087,8966,1,8,6,-0.010937,0.012257,-0.649463,-0.518516,-83.888,-87.0,-318.856,-111.123,207,87,0.418879,-0.649,0.0,0.0,-0.649,-366.651,282.762,0.0,-83.888,2.488,-321.345,0.0,-318.856
9.15553516196087,8971,1,8,6,-0.013651,0.010027,-0.66301,-0.485091,-215.783,-133.0,-442.594,-108.634,333,133,0.418879,-0.663,0.0,0.0,-0.663,-498.172,282.388,0.0,-215.783,-66.226,-376.367,0.0,-442.594
9.166860205004923,8976,1,8,6,-0.016352,0.007673,-0.672713,-0.491432,-225.58,-133.0,-496.646,-106.008,390,133,0.523598,-0.672,0.0,0.0,-0.672,-507.588,282.008,0.0,-225.58,-74.064,-422.582,0.0,-496.646
9.166860205004923,8981,1,8,6,-0.019036,0.005171,-0.677819,-0.504363,-204.016,-163.0,-478.45,-103.216,375,131,0.523598,-0.677,0.0,0.0,-0.677,-485.674,281.657,0.0,-204.016,-32.813,-445.636,0.0,-478.45
9.177854374982417,8986,1,8,6,-0.021702,0.00257,-0.67965,-0.5266,-147.203,-116.0,-479.884,-100.314,379,116,0.523598,-0.679,0.0,0.0,-0.679,-428.539,281.336,0.0,-147.203,-24.962,-454.922,0.0,-479.884
9.177854374982417,8991,1,8,6,-0.024346,-0.00016,-0.677206,-0.54987,-75.47,-83.0,-434.558,-97.266,337,83,0.523598,-0.677,0.0,0.0,-0.677,-356.539,281.068,0.0,-75.47,6.023,-440.582,0.0,-434.558
9.188858766923659,8996,1,8,6,-0.026966,-0.002948,-0.672524,-0.571797,-1.179,-68.0,-350.391,-94.156,256,68,0.628318,-0.672,0.0,0.0,-0.672,-282.037,280.857,0.0,-1.179,53.456,-403.847,0.0,-350.391
9.20024047093466,9005,1,8,6,-0.031614,-0.007736,-0.668589,-0.53038,-106.639,-148.0,-354.799,-88.813,265,148,0.628318,-0.668,0.0,0.0,-0.668,-386.987,280.348,0.0,-106.639,33.088,-387.888,0.0,-354.799
9.20024047093466,9010,1,8,6,-0.034153,-0.009987,-0.676658,-0.476625,-280.163,-231.0,-476.784,-86.301,390,231,0.628318,-0.676,0.0,0.0,-0.676,-560.091,279.928,0.0,-280.163,-39.33,-437.453,0.0,-476.784
9.20024047093466,9016,1,8,6,-0.036659,-0.01209,-0.687924,-0.448797,-390.131,-293.0,-576.347,-83.954,492,293,0.523598,-0.687,0.0,0.0,-0.687,-669.555,279.423,0.0,-390.131,-77.705,-498.642,0.0,-576.347
9.21183145197574,9021,1,8,6,-0.039618,-0.014378,-0.706723,-0.43408,-484.549,-343.0,-688.149,-81.402,606,427,0.418879,-0.706,0.0,0.0,-0.706,-763.4,278.851,0.0,-484.549,-113.239,-574.91,0.0,-688.149
9.21183145197574,9026,1,8,6,-0.042041,-0.016101,-0.726308,-0.401279,-631.912,-521.0,-756.564,-79.48,677,521,0.418879,-0.726,0.0,0.0,-0.726,-910.081,278.168,0.0,-631.912,-88.73,-667.833,0.0,-756.564
9.223964183940552,9031,1,8,6,-0.044422,-0.01772,-0.747637,-0.368033,-785.519,-624.0,-908.544,-77.673,830,624,0.418879,-0.747,0.0,0.0,-0.747,-1062.89,277.371,0.0,-785.519,-129.215,-779.329,0.0,-908.544
9.223964183940552,9036,1,8,6,-0.046759,-0.01936,-0.767182,-0.355807,-875.343,-674.0,-1049.96,-75.844,974,674,0.418879,-0.767,0.0,0.0,-0.767,-1151.851,276.507,0.0,-875.343,-161.074,-888.885,0.0,-1049.96
9.235508420970291,9041,1,8,6,-0.049051,-0.02113,-0.781775,-0.35088,-930.9,-740.0,-1144.327,-73.869,1070,792,0.314159,-0.781,0.0,0.0,-0.781,-1206.503,275.602,0.0,-930.9,-152.72,-991.607,0.0,-1144.327
9.235508420970291,9046,1,8,6,-0.051294,-0.022891,-0.795284,-0.338281,-1004.963,-846.0,-1219.669,-71.905,1147,846,0.314159,-0.795,0.0,0.0,-0.795,-1279.606,274.643,0.0,-1004.963,-127.17,-1092.498,0.0,-1219.669
9.235508420970291,9051,1,8,6,-0.053486,-0.02474,-0.804894,-0.358619,-975.864,-845.0,-1262.154,-69.842,1192,845,0.314159,-0.804,0.0,0.0,-0.804,-1249.57,273.705,0.0,-975.864,-104.691,-1157.462,0.0,-1262.154
9.246975179994479,9056,1,8,6,-0.055625,-0.026808,-0.806877,-0.391781,-889.433,-825.0,-1237.053,-67.535,1169,825,0.418879,-0.806,0.0,0.0,-0.806,-1162.268,272.834,0.0,-889.433,-51.546,-1185.506,0.0,-1237.053
9.246975179994479,9061,1,8,6,-0.05771,-0.029104,-0.800965,-0.423798,-784.023,-831.0,-1124.963,-64.974,1059,747,0.523598,-0.8,0.0,0.0,-0.8,-1056.065,272.042,0.0,-784.023,37.581,-1162.544,0.0,-1124.963
9.258020045934245,9066,1,8,6,-0.059738,-0.031402,-0.793406,-0.450818,-687.923,-722.0,-1108.574,-62.411,1046,722,0.523598,-0.793,0.0,0.0,-0.793,-959.246,271.322,0.0,-687.923,27.261,-1135.835,0.0,-1108.574
9.258020045934245,9071,1,8,6,-0.061706,-0.033795,-0.781515,-0.460555,-628.014,-682.0,-1054.544,-59.742,994,682,0.523598,-0.781,0.0,0.0,-0.781,-898.688,270.674,0.0,-628.014,43.188,-1097.732,0.0,-1054.544
9.269079067977145,9076,1,8,6,-0.063614,-0.036258,-0.765959,-0.484894,-516.899,-590.0,-982.451,-56.995,925,590,0.523598,-0.765,0.0,0.0,-0.765,-786.983,270.084,0.0,-516.899,58.48,-1040.931,0.0,-982.451
9.269079067977145,9081,1,8,6,-0.065459,-0.038838,-0.745393,-0.527626,-340.121,-587.0,-719.5,-54.119,665,448,0.523598,-0.745,0.0,0.0,-0.745,-609.748,269.626,0.0,-340.121,197.502,-917.003,0.0,-719.5
9.280500155990012,9086,1,8,6,-0.06724,-0.041336,-0.725301,-0.525292,-290.816,-447.0,-713.464,-51.334,662,447,0.418879,-0.725,0.0,0.0,-0.725,-560.023,269.206,0.0,-290.816,124.946,-838.411,0.0,-713.464
9.280500155990012,9095,1,8,6,-0.070276,-0.045361,-0.697606,-0.47804,-346.501,-418.0,-685.891,-46.846,639,418,0.314159,-0.697,0.0,0.0,-0.697,-614.783,268.282,0.0,-346.501,57.198,-743.089,0.0,-685.891
9.292069510906003,9100,1,8,6,-0.071866,-0.047563,-0.680493,-0.479171,-295.84,-372.0,-639.581,-44.392,595,363,0.314159,-0.68,0.0,0.0,-0.68,-563.7,267.859,0.0,-295.84,60.927,-700.509,0.0,-639.581
9.292069510906003,9106,1,8,6,-0.073386,-0.049923,-0.656965,-0.487267,-207.652,-262.0,-589.066,-41.762,547,262,0.418879,-0.656,0.0,0.0,-0.656,-475.154,267.501,0.0,-207.652,43.477,-632.544,0.0,-589.066
9.303137311013415,9111,1,8,6,-0.075114,-0.052804,-0.624682,-0.479331,-139.785,-253.0,-482.618,-38.552,444,253,0.418879,-0.624,0.0,0.0,-0.624,-406.982,267.196,0.0,-139.785,90.571,-573.19,0.0,-482.618
9.303137311013415,9116,1,8,6,-0.076472,-0.055233,-0.594672,-0.492258,-19.779,-142.0,-394.153,-35.845,358,142,0.418879,-0.594,0.0,0.0,-0.594,-286.76,266.981,0.0,-19.779,97.776,-491.929,0.0,-394.153
9.314825312932953,9121,1,8,6,-0.077755,-0.057667,-0.562439,-0.491136,67.185,-142.0,-219.961,-33.133,186,59,0.418879,-0.562,0.0,0.0,-0.562,-199.646,266.831,0.0,67.185,167.348,-387.31,0.0,-219.961
9.314825312932953,9126,1,8,6,-0.078961,-0.059999,-0.530928,-0.464425,80.484,-87.0,-180.753,-30.536,150,87,0.209439,-0.53,0.0,0.0,-0.53,-186.207,266.692,0.0,80.484,133.987,-314.74,0.0,-180.753
9.326899671927094,9131,1,8,6,-0.080089,-0.06186,-0.510401,-0.406215,-25.245,-95.0,-226.264,-28.463,197,95,0.209439,-0.51,0.0,0.0,-0.51,-291.718,266.473,0.0,-25.245,55.803,-282.068,0.0,-226.264
9.326899671927094,9136,1,8,6,-0.081138,-0.063341,-0.498315,-0.355723,-133.084,-124.0,-299.557,-26.814,272,124,0.209439,-0.498,0.0,0.0,-0.498,-399.258,266.173,0.0,-133.084,-7.267,-292.29,0.0,-299.557
9.326899671927094,9141,1,8,6,-0.082107,-0.064707,-0.487183,-0.327035,-182.577,-131.0,-360.064,-25.292,334,172,0.209439,-0.487,0.0,0.0,-0.487,-448.414,265.837,0.0,-182.577,-41.261,-318.803,0.0,-360.064
9.338327814009972,9146,1,8,6,-0.082995,-0.06603,-0.475006,-0.318137,-173.724,-190.0,-304.439,-23.819,280,190,0.209439,-0.475,0.0,0.0,-0.475,-439.232,265.508,0.0,-173.724,13.02,-317.459,0.0,-304.439
9.338327814009972,9151,1,8,6,-0.083801,-0.067432,-0.458318,-0.306547,-159.769,-124.0,-344.231,-22.258,321,124,0.209439,-0.458,0.0,0.0,-0.458,-424.958,265.189,0.0,-159.769,-28.615,-315.616,0.0,-344.231
9.349614585982636,9156,1,8,6,-0.084524,-0.069072,-0.43267,-0.326172,-33.228,-82.0,-243.769,-20.433,223,82,0.209439,-0.432,0.0,0.0,-0.432,-298.194,264.965,0.0,-33.228,39.017,-282.786,0.0,-243.769
9.349614585982636,9161,1,8,6,-0.085164,-0.070808,-0.401967,-0.352759,127.085,-69.0,-30.074,-18.5,11,-62,0.209439,-0.401,0.0,0.0,-0.401,-137.78,264.866,0.0,127.085,156.868,-186.943,0.0,-30.074
9.360538754961453,9166,1,8,6,-0.08572,-0.07262,-0.366813,-0.349934,217.569,63.0,14.421,-16.484,-30,-63,0.209439,-0.366,0.0,0.0,-0.366,-47.261,264.83,0.0,217.569,123.655,-109.234,0.0,14.421
9.360538754961453,9171,1,8,6,-0.086192,-0.074029,-0.340556,-0.276534,85.434,-28.0,9.24,-14.916,-24,28,0.209439,-0.34,0.0,0.0,-0.34,-179.262,264.696,0.0,85.434,90.747,-81.507,0.0,9.24
9.360538754961453,9176,1,8,6,-0.086578,-0.075008,-0.323967,-0.217172,-34.556,-3.0,-117.014,-13.827,103,3,0.209439,-0.323,0.0,0.0,-0.323,-299.028,264.472,0.0,-34.556,-25.244,-91.769,0.0,-117.014
9.37208430992905,9185,1,8,6,-0.087058,-0.076484,-0.296068,-0.182362,-54.408,-70.0,-91.708,-12.184,79,70,0.0,-0.296,0.0,0.0,-0.296,-318.377,263.968,0.0,-54.408,12.473,-104.181,0.0,-91.708
9.383417614968494,9190,1,8,6,-0.087204,-0.077248,-0.278759,-0.160447,-67.553,-39.0,-131.888,-11.334,120,39,0.0,-0.278,0.0,0.0,-0.278,-331.273,263.72,0.0,-67.553,-22.842,-109.045,0.0,-131.888
9.383417614968494,9196,1,8,6,-0.087264,-0.07805,-0.258009,-0.1533,-29.687,-52.0,-82.573,-10.442,72,52,0.0,-0.258,0.0,0.0,-0.258,-293.186,263.499,0.0,-29.687,17.85,-100.423,0.0,-82.573
9.394866051967256,9201,1,8,6,-0.087223,-0.07896,-0.23135,-0.161236,67.035,-34.0,32.96,-9.429,-42,-10,0.0,-0.231,0.0,0.0,-0.231,-196.316,263.352,0.0,67.035,80.828,-47.867,0.0,32.96
9.394866051967256,9206,1,8,6,-0.087094,-0.079763,-0.20526,-0.154389,120.806,27.0,80.901,-8.536,-89,-27,0.0,-0.205,0.0,0.0,-0.205,-142.438,263.245,0.0,120.806,75.045,5.856,0.0,80.901
9.394866051967256,9211,1,8,6,-0.086879,-0.080247,-0.185694,-0.111444,55.188,-3.0,72.532,-7.998,-80,3,0.0,-0.185,0.0,0.0,-0.185,-207.901,263.089,0.0,55.188,46.55,25.982,0.0,72.532
9.406919101020321,9216,1,8,6,-0.086578,-0.080364,-0.173989,-0.055417,-69.16,-70.0,14.989,-7.868,-22,70,0.0,-0.173,0.0,0.0,-0.173,-332.001,262.84,0.0,-69.16,0.671,14.318,0.0,14.989
9.406919101020321,9221,1,8,6,-0.086192,-0.080453,-0.160684,-0.038239,-80.262,-57.0,-14.388,-7.769,6,83,0.0,-0.16,0.0,0.0,-0.16,-342.845,262.583,0.0,-80.262,-18.609,4.221,0.0,-14.388
9.417764585930854,9226,1,8,6,-0.08572,-0.080652,-0.141895,-0.037772,-29.181,-3.0,2.228,-7.547,-9,3,0.0,-0.141,0.0,0.0,-0.141,-291.546,262.364,0.0,-29.181,-20.945,23.173,0.0,2.228
9.417764585930854,9231,1,8,6,-0.085164,-0.080809,-0.121938,-0.017008,-31.659,-57.0,40.98,-7.373,-48,57,0.0,-0.121,0.0,0.0,-0.121,-293.803,262.144,0.0,-31.659,20.272,20.707,0.0,40.98
9.428682960919105,9236,1,8,6,-0.084524,-0.080959,-0.099834,-0.018285,33.635,-21.0,98.967,-7.206,-106,21,0.0,-0.099,0.0,0.0,-0.099,-228.337,261.973,0.0,33.635,43.708,55.258,0.0,98.967
9.428682960919105,9241,1,8,6,-0.083801,-0.081129,-0.074812,-0.031481,140.554,14.0,223.785,-7.017,-230,-63,0.0,-0.074,0.0,0.0,-0.074,-121.328,261.882,0.0,140.554,101.243,122.542,0.0,223.785
9.440330278943293,9246,1,8,6,-0.082995,-0.081169,-0.051131,-0.008969,143.738,67.0,223.845,-6.973,-230,-67,0.0,-0.051,0.0,0.0,-0.051,-118.055,261.793,0.0,143.738,61.39,162.454,0.0,223.845
9.440330278943293,9251,1,8,6,-0.082107,-0.081183,-0.025866,-0.000505,190.732,166.0,223.858,-6.957,-230,-166,0.0,-0.025,0.0,0.0,-0.025,-71.01,261.742,0.0,190.732,19.785,204.072,0.0,223.858
9.451751163927838,9256,1,8,6,-0.081138,-0.08124,0.00287,0.006094,252.71,161.0,322.202,-6.893,-329,-161,0.0,0.002,0.0,0.0,0.002,-9.025,261.735,0.0,252.71,73.368,248.834,0.0,322.202
9.451751163927838,9261,1,8,6,-0.080089,-0.081327,0.034677,6e-05,358.735,179.0,484.867,-6.797,-491,-267,0.0,0.034,0.0,0.0,0.034,96.926,261.808,0.0,358.735,143.788,341.079,0.0,484.867
9.451751163927838,9266,1,8,6,-0.07896,-0.081286,0.065114,0.010133,415.869,280.0,523.106,-6.842,-529,-280,0.0,0.065,0.0,0.0,0.065,153.945,261.923,0.0,415.869,108.695,414.41,0.0,523.106
9.463317614980042,9275,1,8,6,-0.076734,-0.081017,0.119913,0.032476,507.087,378.0,649.868,-7.142,-657,-378,0.0,0.119,0.0,0.0,0.119,244.825,262.262,0.0,507.087,103.269,546.599,0.0,649.868
9.474440000019968,9280,1,8,6,-0.075391,-0.080879,0.153669,0.026626,618.251,445.0,778.198,-7.295,-785,-523,0.0,0.153,0.0,0.0,0.153,355.722,262.528,0.0,618.251,138.6,639.597,0.0,778.198
9.474440000019968,9286,1,8,6,-0.073973,-0.080781,0.190628,0.02942,714.253,559.0,856.161,-7.403,-863,-559,0.0,0.19,0.0,0.0,0.19,451.384,262.868,0.0,714.253,124.202,731.958,0.0,856.161
9.486411768943071,9291,1,8,6,-0.072176,-0.080557,0.234686,0.050356,779.38,611.0,966.352,-7.653,-974,-611,0.0,0.234,0.0,0.0,0.234,516.125,263.255,0.0,779.38,134.704,831.647,0.0,966.352
9.486411768943071,9296,1,8,6,-0.070599,-0.080192,0.268593,0.066496,829.552,710.0,1004.912,-8.059,-1012,-710,-0.104719,0.268,0.0,0.0,0.268,565.871,263.68,0.0,829.552,95.641,909.27,0.0,1004.912
9.486411768943071,9301,1,8,6,-0.068953,-0.079735,0.301885,0.089457,858.926,697.0,1118.227,-8.567,-1126,-733,-0.104719,0.301,0.0,0.0,0.301,594.8,264.126,0.0,858.926,129.541,988.686,0.0,1118.227
9.497286919970065,9306,1,8,6,-0.067239,-0.079187,0.334539,0.108395,897.804,782.0,1158.738,-9.177,-1167,-782,-0.209439,0.334,0.0,0.0,0.334,633.203,264.601,0.0,897.804,92.643,1066.094,0.0,1158.738
9.497286919970065,9311,1,8,6,-0.065459,-0.078695,0.370605,0.121395,962.912,847.0,1234.948,-9.725,-1244,-847,-0.209439,0.37,0.0,0.0,0.37,697.788,265.124,0.0,962.912,92.73,1142.217,0.0,1234.948
9.508680900908075,9316,1,8,6,-0.063614,-0.078083,0.405142,0.14819,985.129,853.0,1315.066,-10.405,-1325,-853,-0.209439,0.405,0.0,0.0,0.405,719.465,265.664,0.0,985.129,105.703,1209.363,0.0,1315.066
9.508680900908075,9321,1,8,6,-0.061706,-0.077356,0.438205,0.146267,1083.704,937.0,1409.532,-11.213,-1420,-967,-0.209439,0.438,0.0,0.0,0.438,817.427,266.277,0.0,1083.704,117.363,1292.168,0.0,1409.532
9.519656175980344,9326,1,8,6,-0.059737,-0.076576,0.471478,0.15599,1150.304,1010.0,1490.821,-12.082,-1502,-1010,-0.209439,0.471,0.0,0.0,0.471,883.364,266.939,0.0,1150.304,112.243,1378.578,0.0,1490.821
9.519656175980344,9331,1,8,6,-0.05771,-0.075697,0.503651,0.175453,1186.583,1046.0,1571.925,-13.059,-1584,-1046,-0.209439,0.503,0.0,0.0,0.503,918.954,267.629,0.0,1186.583,112.467,1459.458,0.0,1571.925
9.530666947946884,9336,1,8,6,-0.055625,-0.07466,0.532981,0.213676,1162.352,1057.0,1598.483,-14.213,-1612,-1057,-0.209439,0.532,0.0,0.0,0.532,894.053,268.299,0.0,1162.352,84.282,1514.201,0.0,1598.483
9.530666947946884,9341,1,8,6,-0.053486,-0.073455,0.559132,0.238469,1166.804,1071.0,1638.411,-15.555,-1653,-1060,-0.314159,0.559,0.0,0.0,0.559,897.857,268.947,0.0,1166.804,76.643,1561.767,0.0,1638.411
9.530666947946884,9346,1,8,6,-0.051293,-0.072,0.579788,0.280447,1107.731,1028.0,1651.956,-17.174,-1669,-1028,-0.314159,0.579,0.0,0.0,0.579,838.155,269.576,0.0,1107.731,63.785,1588.171,0.0,1651.956
9.542391332914121,9351,1,8,6,-0.04905,-0.070287,0.594619,0.34976,955.697,952.0,1568.642,-19.081,-1587,-952,-0.314159,0.594,0.0,0.0,0.594,685.607,270.09,0.0,955.697,2.957,1565.684,0.0,1568.642
9.542391332914121,9356,1,8,6,-0.046759,-0.068332,0.604055,0.388772,873.333,941.0,1475.22,-21.256,-1496,-941,-0.314159,0.604,0.0,0.0,0.604,602.79,270.542,0.0,873.333,-54.133,1529.353,0.0,1475.22
9.553126659011468,9365,1,8,6,-0.04252,-0.064757,0.622643,0.410618,865.108,911.0,1441.839,-25.237,-1467,-911,-0.418879,0.622,0.0,0.0,0.622,593.668,271.44,0.0,865.108,-36.713,1478.552,0.0,1441.839
9.56404499092605,9370,1,8,6,-0.040105,-0.062849,0.636817,0.3942,951.279,910.0,1531.811,-27.362,-1559,-910,-0.418879,0.636,0.0,0.0,0.636,679.329,271.949,0.0,951.279,33.023,1498.787,0.0,1531.811
9.56404499092605,9376,1,8,6,-0.037651,-0.060924,0.651643,0.396796,986.058,936.0,1569.116,-29.506,-1598,-936,-0.418879,0.651,0.0,0.0,0.651,713.571,272.487,0.0,986.058,40.047,1529.069,0.0,1569.116
9.57510990893934,9381,1,8,6,-0.034657,-0.05849,0.667315,0.425105,951.183,955.0,1526.137,-32.217,-1558,-919,-0.418879,0.667,0.0,0.0,0.667,678.187,272.995,0.0,951.183,-3.053,1529.19,0.0,1526.137
9.57510990893934,9386,1,8,6,-0.032124,-0.056237,0.675157,0.470987,845.1,835.0,1508.636,-34.726,-1543,-835,-0.418879,0.675,0.0,0.0,0.675,571.676,273.424,0.0,845.1,8.08,1500.556,0.0,1508.636
9.58692121191416,9391,1,8,6,-0.02956,-0.05387,0.680688,0.485936,819.137,845.0,1469.854,-37.363,-1507,-845,-0.418879,0.68,0.0,0.0,0.68,545.304,273.833,0.0,819.137,-20.689,1490.543,0.0,1469.854
9.58692121191416,9396,1,8,6,-0.026966,-0.051487,0.686596,0.502476,789.755,808.0,1460.047,-40.019,-1500,-808,-0.523598,0.686,0.0,0.0,0.686,515.535,274.22,0.0,789.755,-14.595,1474.643,0.0,1460.047
9.58692121191416,9401,1,8,6,-0.024346,-0.048787,0.684366,0.546787,659.728,800.0,1291.32,-43.027,-1334,-708,-0.523598,0.684,0.0,0.0,0.684,385.219,274.509,0.0,659.728,-112.217,1403.537,0.0,1291.32
9.598249670001678,9406,1,8,6,-0.021702,-0.045908,0.677769,0.575592,560.819,618.0,1293.162,-46.237,-1339,-618,-0.523598,0.677,0.0,0.0,0.677,286.095,274.723,0.0,560.819,-45.744,1338.906,0.0,1293.162
9.598249670001678,9411,1,8,6,-0.019036,-0.043071,0.672986,0.581682,530.567,631.0,1211.961,-49.399,-1261,-631,-0.628318,0.672,0.0,0.0,0.672,255.651,274.915,0.0,530.567,-80.346,1292.308,0.0,1211.961
9.609672060934827,9416,1,8,6,-0.016351,-0.040336,0.671573,0.587219,511.282,593.0,1178.441,-52.448,-1230,-593,-0.628318,0.671,0.0,0.0,0.671,236.19,275.092,0.0,511.282,-65.373,1243.815,0.0,1178.441
9.609672060934827,9421,1,8,6,-0.013651,-0.037502,0.667825,0.601734,460.284,570.0,1098.559,-55.609,-1154,-516,-0.628318,0.667,0.0,0.0,0.667,185.053,275.231,0.0,460.284,-87.772,1186.332,0.0,1098.559
9.621393844950944,9426,1,8,6,-0.010937,-0.034574,0.661855,0.608301,425.293,474.0,1106.983,-58.873,-1165,-474,-0.733038,0.661,0.0,0.0,0.661,149.949,275.343,0.0,425.293,-38.965,1145.948,0.0,1106.983
9.621393844950944,9431,1,8,6,-0.008212,-0.031662,0.656604,0.603325,424.633,475.0,1081.702,-62.121,-1143,-475,-0.733038,0.656,0.0,0.0,0.656,149.182,275.451,0.0,424.633,-40.293,1121.995,0.0,1081.702
9.621393844950944,9436,1,8,6,-0.005479,-0.028695,0.650049,0.616646,369.05,466.0,993.977,-65.431,-1059,-466,-0.733038,0.65,0.0,0.0,0.65,93.529,275.521,0.0,369.05,-77.559,1071.537,0.0,993.977
9.632889420958236,9441,1,8,6,-0.00274,-0.02577,0.644844,0.598631,405.015,484.0,971.209,-68.692,-1039,-501,-0.733038,0.644,0.0,0.0,0.644,129.396,275.618,0.0,405.015,-63.187,1034.397,0.0,971.209
9.632889420958236,9446,1,8,6,0.0,-0.023311,0.652726,0.53167,614.831,679.0,1025.118,-71.436,-1096,-679,-0.733038,0.652,0.0,0.0,0.652,338.958,275.872,0.0,614.831,-51.334,1076.453,0.0,1025.118
9.643493916955777,9455,1,8,6,0.004932,-0.020391,0.709075,0.343752,1300.107,1009.0,1626.129,-74.693,-1700,-1009,-0.523598,0.709,0.0,0.0,0.709,1022.904,277.202,0.0,1300.107,232.885,1393.243,0.0,1626.129
9.654768969980069,9460,1,8,6,0.007666,-0.01894,0.745014,0.321757,1463.209,1071.0,1908.885,-76.312,-1985,-1198,-0.523598,0.745,0.0,0.0,0.745,1185.118,278.091,0.0,1463.209,313.767,1595.117,0.0,1908.885
9.654768969980069,9466,1,8,6,0.010393,-0.017166,0.771664,0.366445,1413.559,1164.0,1906.241,-78.292,-1984,-1164,-0.523598,0.771,0.0,0.0,0.771,1134.613,278.946,0.0,1413.559,199.647,1706.593,0.0,1906.241
9.666759271989577,9471,1,8,6,0.013651,-0.014502,0.788326,0.435384,1267.926,1164.0,1841.539,-81.263,-1922,-1164,-0.628318,0.788,0.0,0.0,0.788,988.238,279.687,0.0,1267.926,83.14,1758.398,0.0,1841.539
9.666759271989577,9476,1,8,6,0.016352,-0.011928,0.791868,0.496161,1108.288,1099.0,1758.577,-84.135,-1842,-1099,-0.628318,0.791,0.0,0.0,0.791,827.98,280.308,0.0,1108.288,7.43,1751.146,0.0,1758.577
9.666759271989577,9481,1,8,6,0.019036,-0.009422,0.796866,0.514706,1070.948,1116.0,1694.351,-86.932,-1781,-1101,-0.628318,0.796,0.0,0.0,0.796,790.047,280.9,0.0,1070.948,-36.041,1730.393,0.0,1694.351
9.677526840008795,9486,1,8,6,0.021702,-0.007268,0.811176,0.464,1253.721,1247.0,1797.384,-89.336,-1886,-1247,-0.628318,0.811,0.0,0.0,0.811,972.092,281.629,0.0,1253.721,5.377,1792.006,0.0,1797.384
9.677526840008795,9491,1,8,6,0.024346,-0.005315,0.830544,0.417421,1439.244,1295.0,1992.842,-91.514,-2084,-1295,-0.628318,0.83,0.0,0.0,0.83,1156.747,282.497,0.0,1439.244,115.395,1877.447,0.0,1992.842
9.688521399977617,9496,1,8,6,0.026966,-0.003196,0.844584,0.44049,1414.808,1299.0,2028.624,-93.879,-2122,-1299,-0.628318,0.844,0.0,0.0,0.844,1131.462,283.346,0.0,1414.808,92.646,1935.977,0.0,2028.624
9.688521399977617,9501,1,8,6,0.02956,-0.000716,0.847762,0.493727,1275.388,1284.0,1922.925,-96.646,-2019,-1207,-0.628318,0.847,0.0,0.0,0.847,991.298,284.089,0.0,1275.388,-6.889,1929.815,0.0,1922.925
9.699907353962772,9506,1,8,6,0.032125,0.00207,0.841523,0.545486,1113.614,1161.0,1850.557,-99.756,-1950,-1161,-0.628318,0.841,0.0,0.0,0.841,828.903,284.711,0.0,1113.614,-37.908,1888.465,0.0,1850.557
9.699907353962772,9511,1,8,6,0.034657,0.004867,0.834115,0.570163,1024.331,1119.0,1752.775,-102.878,-1855,-1119,-0.628318,0.834,0.0,0.0,0.834,739.066,285.265,0.0,1024.331,-75.734,1828.509,0.0,1752.775
9.699907353962772,9516,1,8,6,0.037156,0.007464,0.831375,0.546342,1083.958,1158.0,1739.935,-105.775,-1845,-1158,-0.628318,0.831,0.0,0.0,0.831,798.094,285.864,0.0,1083.958,-59.232,1799.168,0.0,1739.935
9.712079604971223,9521,1,8,6,0.039618,0.009521,0.842715,0.478441,1306.568,1188.0,1954.346,-108.07,-2062,-1331,-0.523598,0.842,0.0,0.0,0.842,1019.967,286.6,0.0,1306.568,94.854,1859.491,0.0,1954.346
9.712079604971223,9526,1,8,6,0.042041,0.011209,0.863286,0.400747,1582.681,1450.0,2081.385,-109.954,-2191,-1450,-0.418879,0.863,0.0,0.0,0.863,1295.11,287.571,0.0,1582.681,106.145,1975.239,0.0,2081.385
9.723438620916568,9531,1,8,6,0.044422,0.012937,0.881578,0.3757,1705.092,1498.0,2259.553,-111.881,-2371,-1498,-0.418879,0.881,0.0,0.0,0.881,1416.458,288.633,0.0,1705.092,165.673,2093.879,0.0,2259.553
9.723438620916568,9536,1,8,6,0.046759,0.015217,0.883181,0.434187,1546.758,1433.0,2227.354,-114.426,-2341,-1433,-0.523598,0.883,0.0,0.0,0.883,1257.182,289.576,0.0,1546.758,91.007,2136.347,0.0,2227.354
9.734755104989745,9545,1,8,6,0.050849,0.020539,0.848671,0.589311,1017.074,1162.0,1820.656,-120.363,-1941,-1162,-0.628318,0.848,0.0,0.0,0.848,726.206,290.868,0.0,1017.074,-115.94,1936.597,0.0,1820.656
9.734755104989745,9550,1,8,6,0.053051,0.023549,0.826078,0.575347,993.44,1158.0,1721.359,-123.72,-1845,-1158,-0.628318,0.826,0.0,0.0,0.826,702.045,291.394,0.0,993.44,-131.647,1853.007,0.0,1721.359
9.74661119596567,9556,1,8,6,0.055202,0.025898,0.820495,0.511967,1155.923,1241.0,1758.86,-126.342,-1885,-1241,-0.523598,0.82,0.0,0.0,0.82,863.878,292.045,0.0,1155.923,-68.061,1826.921,0.0,1758.86
9.74661119596567,9561,1,8,6,0.05771,0.028193,0.826489,0.425371,1416.017,1230.0,2067.325,-128.901,-2196,-1421,-0.523598,0.826,0.0,0.0,0.826,1123.129,292.887,0.0,1416.017,148.813,1918.511,0.0,2067.325
9.757643298013136,9566,1,8,6,0.059738,0.029705,0.840899,0.355926,1651.832,1495.0,2151.788,-130.588,-2282,-1495,-0.314159,0.84,0.0,0.0,0.84,1357.926,293.905,0.0,1651.832,125.465,2026.322,0.0,2151.788
9.757643298013136,9571,1,8,6,0.061706,0.031536,0.844778,0.392986,1559.871,1429.0,2176.468,-132.63,-2309,-1429,-0.314159,0.844,0.0,0.0,0.844,1265.016,294.854,0.0,1559.871,104.697,2071.771,0.0,2176.468
9.768984489957802,9576,1,8,6,0.063614,0.033906,0.831817,0.458583,1340.693,1362.0,2031.781,-135.273,-2167,-1362,-0.523598,0.831,0.0,0.0,0.831,1045.054,295.638,0.0,1340.693,-17.045,2048.827,0.0,2031.781
9.768984489957802,9581,1,8,6,0.065459,0.036704,0.805137,0.529735,1067.34,1314.0,1722.589,-138.393,-1860,-1158,-0.523598,0.805,0.0,0.0,0.805,771.123,296.216,0.0,1067.34,-197.327,1919.916,0.0,1722.589
9.78105868701823,9586,1,8,6,0.06724,0.039491,0.776969,0.554198,920.443,1129.0,1637.097,-141.5,-1778,-1129,-0.523598,0.776,0.0,0.0,0.776,623.758,296.684,0.0,920.443,-166.845,1803.943,0.0,1637.097
9.78105868701823,9591,1,8,6,0.068954,0.041749,0.761725,0.475072,1099.914,1240.0,1652.916,-144.018,-1796,-1240,-0.523598,0.761,0.0,0.0,0.761,802.627,297.286,0.0,1099.914,-112.068,1764.984,0.0,1652.916
9.78105868701823,9596,1,8,6,0.0706,0.043301,0.764371,0.373786,1391.745,1315.0,1879.593,-145.748,-2025,-1315,-0.523598,0.764,0.0,0.0,0.764,1093.638,298.106,0.0,1391.745,61.395,1818.197,0.0,1879.593
9.792508689919487,9601,1,8,6,0.072176,0.044504,0.774819,0.292591,1649.355,1378.0,2177.936,-147.089,-2325,-1509,-0.314159,0.774,0.0,0.0,0.774,1350.236,299.119,0.0,1649.355,217.084,1960.852,0.0,2177.936
9.792508689919487,9606,1,8,6,0.073681,0.04569,0.783751,0.26922,1740.886,1547.0,2227.172,-148.411,-2375,-1547,-0.314159,0.783,0.0,0.0,0.783,1440.686,300.2,0.0,1740.886,155.109,2072.063,0.0,2227.172
9.80376916192472,9611,1,8,6,0.075114,0.047525,0.772491,0.352532,1476.965,1374.0,2154.2,-150.456,-2304,-1374,-0.418879,0.772,0.0,0.0,0.772,1175.883,301.081,0.0,1476.965,82.372,2071.827,0.0,2154.2
9.80376916192472,9616,1,8,6,0.076472,0.050065,0.73939,0.454685,1098.831,1285.0,1815.411,-153.288,-1968,-1285,-0.523598,0.739,0.0,0.0,0.739,797.174,301.657,0.0,1098.831,-148.934,1964.346,0.0,1815.411
9.814864003914408,9621,1,8,6,0.077755,0.052787,0.699087,0.507624,838.156,1211.0,1469.739,-156.321,-1626,-1040,-0.523598,0.699,0.0,0.0,0.699,536.097,302.059,0.0,838.156,-298.274,1768.014,0.0,1469.739
9.814864003914408,9626,1,8,6,0.078961,0.055372,0.660482,0.500389,750.656,1041.0,1390.917,-159.201,-1550,-1041,-0.523598,0.66,0.0,0.0,0.66,448.261,302.395,0.0,750.656,-232.274,1623.192,0.0,1390.917
9.826204762910493,9635,1,8,6,0.080934,0.058002,0.642105,0.270369,1344.577,1256.0,1716.703,-162.131,-1878,-1256,-0.418879,0.642,0.0,0.0,0.642,1040.86,303.716,0.0,1344.577,70.862,1645.841,0.0,1716.703
9.826204762910493,9640,1,8,6,0.08192,0.058734,0.649202,0.20295,1554.159,1311.0,1967.039,-162.946,-2129,-1426,-0.314159,0.649,0.0,0.0,0.649,1249.506,304.653,0.0,1554.159,194.527,1772.512,0.0,1967.039
9.837267271010205,9646,1,8,6,0.082824,0.0596,0.650258,0.200329,1565.402,1410.0,1968.246,-163.912,-2132,-1410,-0.314159,0.65,0.0,0.0,0.65,1259.8,305.602,0.0,1565.402,124.322,1843.924,0.0,1968.246
9.837267271010205,9651,1,8,6,0.083801,0.061101,0.6356,0.269394,1331.749,1294.0,1858.055,-165.583,-2023,-1294,-0.314159,0.635,0.0,0.0,0.635,1025.377,306.371,0.0,1331.749,30.199,1827.855,0.0,1858.055
9.848445757990703,9656,1,8,6,0.084524,0.06282,0.607722,0.336135,1067.385,1223.0,1612.583,-167.498,-1780,-1223,-0.418879,0.607,0.0,0.0,0.607,760.443,306.941,0.0,1067.385,-124.492,1737.075,0.0,1612.583
9.848445757990703,9661,1,8,6,0.085164,0.064497,0.578695,0.341523,971.521,1206.0,1430.246,-169.365,-1599,-1134,-0.314159,0.578,0.0,0.0,0.578,664.082,307.439,0.0,971.521,-187.582,1617.829,0.0,1430.246
9.859567567007616,9666,1,8,6,0.08572,0.065673,0.561314,0.276152,1106.49,1262.0,1466.742,-170.675,-1637,-1262,-0.314159,0.561,0.0,0.0,0.561,798.451,308.038,0.0,1106.49,-124.407,1591.15,0.0,1466.742
9.859567567007616,9671,1,8,6,0.086192,0.066169,0.560639,0.15128,1455.105,1413.0,1688.159,-171.227,-1859,-1413,0.0,0.56,0.0,0.0,0.56,1146.207,308.898,0.0,1455.105,33.684,1654.475,0.0,1688.159
9.87021875299979,9676,1,8,6,0.086578,0.066418,0.564482,0.075256,1679.758,1449.0,1961.386,-171.504,-2132,-1449,0.0,0.564,0.0,0.0,0.564,1369.832,309.925,0.0,1679.758,184.606,1776.779,0.0,1961.386
9.87021875299979,9681,1,8,6,0.086879,0.06688,0.55996,0.062902,1702.732,1541.0,1997.211,-172.019,-2169,-1537,0.0,0.559,0.0,0.0,0.559,1391.763,310.969,0.0,1702.732,129.386,1867.825,0.0,1997.211
9.87021875299979,9686,1,8,6,0.087094,0.067615,0.545397,0.104568,1546.216,1466.0,1944.862,-172.837,-2117,-1466,0.0,0.545,0.0,0.0,0.545,1234.32,311.895,0.0,1546.216,64.172,1880.689,0.0,1944.862
9.882201906992123,9691,1,8,6,0.087223,0.068547,0.522911,0.15063,1355.065,1408.0,1794.438,-173.875,-1968,-1408,-0.209439,0.522,0.0,0.0,0.522,1042.388,312.677,0.0,1355.065,-42.347,1836.785,0.0,1794.438
9.882201906992123,9696,1,8,6,0.087266,0.069356,0.501478,0.155767,1281.395,1401.0,1679.755,-174.775,-1854,-1401,0.0,0.501,0.0,0.0,0.501,967.991,313.403,0.0,1281.395,-95.683,1775.439,0.0,1679.755
9.893388025928289,9701,1,8,6,0.087223,0.069832,0.486936,0.113452,1359.942,1400.0,1723.091,-175.305,-1898,-1433,0.0,0.486,0.0,0.0,0.486,1045.754,314.187,0.0,1359.942,-32.046,1755.138,0.0,1723.091
9.893388025928289,9706,1,8,6,0.087094,0.069922,0.480803,0.054929,1507.495,1512.0,1780.642,-175.405,-1956,-1512,0.0,0.48,0.0,0.0,0.48,1192.447,315.048,0.0,1507.495,-3.603,1784.246,0.0,1780.642
9.904518233961426,9711,1,8,6,0.086879,0.070058,0.470982,0.026825,1559.619,1503.0,1854.796,-175.556,-2030,-1503,0.0,0.47,0.0,0.0,0.47,1243.639,315.98,0.0,1559.619,45.295,1809.5,0.0,1854.796
9.904518233961426,9716,1,8,6,0.086578,0.070329,0.454973,0.020657,1532.977,1503.0,1848.29,-175.858,-2024,-1503,0.0,0.454,0.0,0.0,0.454,1216.085,316.892,0.0,1532.977,23.982,1824.308,0.0,1848.29
9.915391164948232,9725,1,8,6,0.085821,0.070774,0.421328,0.028144,1419.541,1446.0,1757.676,-176.353,-1934,-1446,0.0,0.421,0.0,0.0,0.421,1100.916,318.624,0.0,1419.541,-21.167,1778.843,0.0,1757.676
9.915391164948232,9730,1,8,6,0.085282,0.070829,0.404691,0.015012,1410.541,1460.0,1718.612,-176.414,-1895,-1460,0.0,0.404,0.0,0.0,0.404,1091.099,319.442,0.0,1410.541,-39.566,1758.179,0.0,1718.612
9.92720884096343,9735,1,8,6,0.084659,0.070835,0.387062,-0.00047,1405.347,1433.0,1716.614,-176.421,-1893,-1433,0.0,0.387,0.0,0.0,0.387,1085.091,320.256,0.0,1405.347,-22.121,1738.736,0.0,1716.614
9.92720884096343,9741,1,8,6,0.083952,0.070907,0.365272,-0.000416,1344.955,1397.0,1667.365,-176.501,-1843,-1384,0.0,0.365,0.0,0.0,0.365,1023.927,321.027,0.0,1344.955,-41.635,1709.001,0.0,1667.365
9.93813294894062,9746,1,8,6,0.082995,0.071099,0.333088,-0.008241,1277.47,1347.0,1603.67,-176.715,-1780,-1347,0.0,0.333,0.0,0.0,0.333,955.726,321.744,0.0,1277.47,-55.623,1659.293,0.0,1603.67
9.93813294894062,9751,1,8,6,0.082107,0.07116,0.306508,-0.012062,1214.41,1286.0,1547.797,-176.783,-1724,-1286,0.0,0.306,0.0,0.0,0.306,891.997,322.413,0.0,1214.41,-57.271,1605.069,0.0,1547.797
9.948909347993322,9756,1,8,6,0.081138,0.071149,0.279689,-0.017289,1154.579,1250.0,1474.38,-176.77,-1651,-1250,0.0,0.279,0.0,0.0,0.279,831.542,323.037,0.0,1154.579,-76.336,1550.716,0.0,1474.38
9.948909347993322,9761,1,8,6,0.080089,0.071088,0.252027,-0.006377,1047.114,1237.0,1302.277,-176.702,-1478,-1112,0.0,0.252,0.0,0.0,0.252,723.534,323.579,0.0,1047.114,-151.908,1454.185,0.0,1302.277
9.960018521989696,9766,1,8,6,0.07896,0.071057,0.22129,-0.009938,971.508,1105.0,1277.749,-176.668,-1454,-1105,0.0,0.221,0.0,0.0,0.221,647.443,324.065,0.0,971.508,-106.793,1384.542,0.0,1277.749
9.960018521989696,9771,1,8,6,0.077754,0.070945,0.190653,-0.033469,952.079,1041.0,1250.868,-176.544,-1427,-1041,0.0,0.19,0.0,0.0,0.19,627.543,324.535,0.0,952.079,-71.136,1322.004,0.0,1250.868
9.971358529990539,9776,1,8,6,0.076472,0.070888,0.156338,-0.022377,825.314,989.0,1098.726,-176.48,-1275,-989,0.0,0.156,0.0,0.0,0.156,500.403,324.911,0.0,825.314,-130.948,1229.674,0.0,1098.726
9.971358529990539,9781,1,8,6,0.075113,0.070917,0.117512,-0.02603,727.133,945.0,941.369,-176.512,-1117,-851,0.0,0.117,0.0,0.0,0.117,401.92,325.212,0.0,727.133,-174.293,1115.662,0.0,941.369
9.971358529990539,9786,1,8,6,0.073681,0.070841,0.079526,-0.041305,663.797,817.0,903.496,-176.427,-1079,-817,0.0,0.079,0.0,0.0,0.079,338.331,325.466,0.0,663.797,-122.562,1026.058,0.0,903.496
9.982538787997328,9791,1,8,6,0.072176,0.070547,0.045597,-0.068745,645.867,768.0,852.64,-176.101,-1028,-768,0.0,0.045,0.0,0.0,0.045,320.16,325.706,0.0,645.867,-97.706,950.346,0.0,852.64
9.982538787997328,9796,1,8,6,0.070599,0.07023,0.01035,-0.077611,572.176,718.0,753.5,-175.747,-929,-718,0.0,0.01,0.0,0.0,0.01,246.292,325.884,0.0,572.176,-116.658,870.159,0.0,753.5
9.993261338910088,9801,1,8,6,0.068954,0.069992,-0.029087,-0.067104,432.408,689.0,532.72,-175.483,-708,-560,0.0,-0.029,0.0,0.0,-0.029,106.444,325.964,0.0,432.408,-205.272,737.993,0.0,532.72
9.993261338910088,9806,1,8,6,0.067239,0.069722,-0.069506,-0.075744,343.443,515.0,496.209,-175.182,-671,-515,0.0,-0.069,0.0,0.0,-0.069,17.466,325.977,0.0,343.443,-137.244,633.454,0.0,496.209
10.004431293928064,9815,1,8,6,0.063988,0.068801,-0.134767,-0.125412,299.771,423.0,385.387,-174.157,-559,-423,0.0,-0.134,0.0,0.0,-0.134,-26.194,325.965,0.0,299.771,-98.583,483.97,0.0,385.387
10.015345064923167,9820,1,8,6,0.062093,0.068345,-0.175076,-0.117604,164.923,391.0,187.023,-173.65,-360,-282,0.0,-0.175,0.0,0.0,-0.175,-160.92,325.844,0.0,164.923,-180.86,367.884,0.0,187.023
10.015345064923167,9825,1,8,6,0.060136,0.06793,-0.218231,-0.112768,30.327,183.0,129.656,-173.187,-302,-183,0.0,-0.218,0.0,0.0,-0.218,-295.295,325.623,0.0,30.327,-122.138,251.794,0.0,129.656
10.015345064923167,9831,1,8,6,0.05812,0.06733,-0.257897,-0.137047,-13.011,166.0,13.634,-172.52,-186,-166,0.0,-0.257,0.0,0.0,-0.257,-338.379,325.368,0.0,-13.011,-143.209,156.843,0.0,13.634
10.027078254963271,9836,1,8,6,0.055625,0.06644,-0.302818,-0.140829,-128.539,94.0,-145.434,-171.529,-26,-94,0.0,-0.302,0.0,0.0,-0.302,-453.568,325.028,0.0,-128.539,-178.031,32.597,0.0,-145.434
10.027078254963271,9841,1,8,6,0.053485,0.065642,-0.34038,-0.146988,-216.874,39.0,-306.133,-170.64,135,27,0.0,-0.34,0.0,0.0,-0.34,-541.496,324.622,0.0,-216.874,-204.699,-101.433,0.0,-306.133
10.038568138959818,9846,1,8,6,0.051293,0.064507,-0.369972,-0.217371,-102.979,15.0,-237.943,-169.376,68,-15,0.209439,-0.369,0.0,0.0,-0.369,-427.281,324.301,0.0,-102.979,-94.383,-143.559,0.0,-237.943
10.038568138959818,9851,1,8,6,0.04905,0.063082,-0.392878,-0.275562,-4.43,28.0,-182.015,-167.789,14,-28,0.314159,-0.392,0.0,0.0,-0.392,-328.486,324.055,0.0,-4.43,-25.944,-156.071,0.0,-182.015
10.049363086931407,9856,1,8,6,0.046759,0.061664,-0.417332,-0.289114,-35.223,16.0,-224.983,-166.21,58,-16,0.314159,-0.417,0.0,0.0,-0.417,-359.009,323.785,0.0,-35.223,-40.978,-184.004,0.0,-224.983
10.049363086931407,9861,1,8,6,0.044421,0.060298,-0.444556,-0.302993,-72.887,16.0,-299.498,-164.689,134,-8,0.314159,-0.444,0.0,0.0,-0.444,-396.375,323.488,0.0,-72.887,-71.109,-228.388,0.0,-299.498
10.06047262600623,9866,1,8,6,0.04204,0.058783,-0.468784,-0.320552,-91.871,-26.0,-326.918,-163.001,163,26,0.314159,-0.468,0.0,0.0,-0.468,-415.048,323.177,0.0,-91.871,-52.697,-274.22,0.0,-326.918
10.06047262600623,9871,1,8,6,0.039618,0.056891,-0.483668,-0.373935,15.694,55.0,-301.137,-160.894,140,-55,0.314159,-0.483,0.0,0.0,-0.483,-307.252,322.947,0.0,15.694,-31.444,-269.693,0.0,-301.137
10.06047262600623,9876,1,8,6,0.037156,0.054687,-0.490884,-0.421046,127.253,81.0,-204.334,-158.438,45,-81,0.314159,-0.49,0.0,0.0,-0.49,-195.547,322.8,0.0,127.253,37.002,-241.337,0.0,-204.334
10.072063661995344,9881,1,8,6,0.034657,0.052347,-0.49531,-0.451493,200.02,128.0,-142.331,-155.83,-13,-125,0.418879,-0.495,0.0,0.0,-0.495,-122.687,322.708,0.0,200.02,57.616,-199.948,0.0,-142.331
10.072063661995344,9886,1,8,6,0.032124,0.050075,-0.502612,-0.473061,239.906,163.0,-86.288,-153.299,-67,-163,0.418879,-0.502,0.0,0.0,-0.502,-82.742,322.648,0.0,239.906,61.524,-147.812,0.0,-86.288
10.083441710914485,9891,1,8,6,0.02956,0.047825,-0.511436,-0.483563,244.547,154.0,-32.959,-150.792,-117,-154,0.418879,-0.511,0.0,0.0,-0.511,-78.042,322.59,0.0,244.547,72.437,-105.397,0.0,-32.959
10.083441710914485,9896,1,8,6,0.026966,0.04592,-0.530704,-0.435273,55.182,62.0,-134.353,-148.668,-14,-62,0.314159,-0.53,0.0,0.0,-0.53,-267.206,322.389,0.0,55.182,-5.453,-128.9,0.0,-134.353
10.094957576948218,9905,1,8,6,0.022232,0.043239,-0.588179,-0.333195,-392.524,-169.0,-578.414,-145.679,432,169,0.314159,-0.588,0.0,0.0,-0.588,-713.954,321.43,0.0,-392.524,-178.819,-399.594,0.0,-578.414
10.1061513669556,9910,1,8,6,0.019571,0.041326,-0.60914,-0.395178,-278.112,-125.0,-585.262,-143.546,441,125,0.418879,-0.609,0.0,0.0,-0.609,-599.093,320.981,0.0,-278.112,-122.489,-462.773,0.0,-585.262
10.1061513669556,9915,1,8,6,0.01689,0.038776,-0.612822,-0.484106,-39.692,-40.0,-445.149,-140.704,304,40,0.418879,-0.612,0.0,0.0,-0.612,-360.403,320.71,0.0,-39.692,0.246,-445.395,0.0,-445.149
10.1061513669556,9921,1,8,6,0.014192,0.03581,-0.605309,-0.555282,180.531,7.0,-214.92,-137.396,77,-106,0.523598,-0.605,0.0,0.0,-0.605,-140.073,320.605,0.0,180.531,138.825,-353.745,0.0,-214.92
10.118624283000827,9926,1,8,6,0.010937,0.031988,-0.589435,-0.608644,374.432,195.0,-84.892,-133.134,-48,-195,0.523598,-0.589,0.0,0.0,-0.589,53.786,320.645,0.0,374.432,143.546,-228.438,0.0,-84.892
10.118624283000827,9931,1,8,6,0.008212,0.028865,-0.578282,-0.600593,383.165,202.0,9.165,-129.651,-138,-202,0.523598,-0.578,0.0,0.0,-0.578,62.472,320.692,0.0,383.165,144.932,-135.766,0.0,9.165
10.130013105925173,9936,1,8,6,0.005479,0.026321,-0.583594,-0.530789,172.727,117.0,-78.694,-126.814,-48,-117,0.523598,-0.583,0.0,0.0,-0.583,-147.854,320.581,0.0,172.727,44.581,-123.275,0.0,-78.694
10.130013105925173,9941,1,8,6,0.00274,0.024215,-0.601285,-0.452233,-97.075,93.0,-373.046,-124.463,248,50,0.418879,-0.601,0.0,0.0,-0.601,-417.344,320.268,0.0,-97.075,-152.06,-220.986,0.0,-373.046
10.14141988591291,9946,1,8,6,0.0,0.022535,-0.631003,-0.396189,-337.702,-150.0,-504.903,-122.59,382,150,0.418879,-0.631,0.0,0.0,-0.631,-657.477,319.775,0.0,-337.702,-150.161,-354.741,0.0,-504.903
10.14141988591291,9951,1,8,6,-0.002741,0.020532,-0.651653,-0.429046,-303.99,-119.0,-586.419,-120.355,466,119,0.418879,-0.651,0.0,0.0,-0.651,-623.298,319.308,0.0,-303.99,-147.992,-438.427,0.0,-586.419
10.14141988591291,9956,1,8,6,-0.005479,0.017903,-0.654722,-0.530633,-28.403,-21.0,-428.603,-117.422,311,21,0.418879,-0.654,0.0,0.0,-0.654,-347.45,319.047,0.0,-28.403,-5.922,-422.68,0.0,-428.603
10.153085944941267,9961,1,8,6,-0.008212,0.014705,-0.641722,-0.632129,292.168,-21.0,-15.557,-113.854,-98,-171,0.523598,-0.641,0.0,0.0,-0.641,-26.858,319.027,0.0,292.168,250.534,-266.092,0.0,-15.557
10.153085944941267,9966,1,8,6,-0.010937,0.011568,-0.63017,-0.645051,360.727,125.0,22.816,-110.354,-133,-125,0.523598,-0.63,0.0,0.0,-0.63,41.668,319.058,0.0,360.727,188.581,-165.765,0.0,22.816
10.164041601936333,9971,1,8,6,-0.013651,0.009063,-0.636025,-0.547588,71.249,-1.0,-109.345,-107.559,1,1,0.523598,-0.636,0.0,0.0,-0.636,-247.623,318.872,0.0,71.249,57.799,-167.144,0.0,-109.345
10.164041601936333,9976,1,8,6,-0.016352,0.007408,-0.665304,-0.430736,-338.39,-148.0,-440.372,-105.712,334,148,0.418879,-0.665,0.0,0.0,-0.665,-656.789,318.398,0.0,-338.39,-152.312,-288.059,0.0,-440.372
10.175445650005713,9981,1,8,6,-0.019036,0.005939,-0.699344,-0.352666,-653.026,-198.0,-886.038,-104.073,781,435,0.418879,-0.699,0.0,0.0,-0.699,-970.697,317.67,0.0,-653.026,-364.021,-522.016,0.0,-886.038
10.175445650005713,9986,1,8,6,-0.021702,0.004162,-0.724225,-0.372048,-669.165,-324.0,-924.318,-102.091,822,324,0.418879,-0.724,0.0,0.0,-0.724,-986.096,316.931,0.0,-669.165,-276.132,-648.186,0.0,-924.318
10.186172127956524,9995,1,8,6,-0.026445,-0.00143,-0.700422,-0.687019,278.951,27.0,-272.238,-95.85,176,-27,0.628318,-0.7,0.0,0.0,-0.7,-37.526,316.478,0.0,278.951,201.561,-473.799,0.0,-272.238
10.186172127956524,10000,1,8,6,-0.029044,-0.005194,-0.667807,-0.751406,550.729,74.0,150.421,-91.65,-242,-203,0.733038,-0.667,0.0,0.0,-0.667,234.075,316.653,0.0,550.729,381.383,-230.961,0.0,150.421
10.197918921010569,10005,1,8,6,-0.031614,-0.008471,-0.648024,-0.678753,402.758,77.0,141.855,-87.993,-229,-77,0.733038,-0.648,0.0,0.0,-0.648,86.04,316.718,0.0,402.758,260.606,-118.751,0.0,141.855
10.197918921010569,10011,1,8,6,-0.034153,-0.010514,-0.66189,-0.492335,-158.393,-180.0,-168.17,-85.713,82,180,0.523598,-0.661,0.0,0.0,-0.661,-474.754,316.36,0.0,-158.393,17.285,-185.455,0.0,-168.17
10.209080648957752,10016,1,8,6,-0.037156,-0.011678,-0.713392,-0.305449,-826.737,-438.0,-737.366,-84.415,652,438,0.0,-0.713,0.0,0.0,-0.713,-1142.242,315.504,0.0,-826.737,-310.99,-426.375,0.0,-737.366
10.209080648957752,10021,1,8,6,-0.039618,-0.012426,-0.761365,-0.229418,-1175.065,-503.0,-1307.046,-83.58,1223,748,0.0,-0.761,0.0,0.0,-0.761,-1489.452,314.387,0.0,-1175.065,-537.652,-769.394,0.0,-1307.046
10.220399577985518,10026,1,8,6,-0.042041,-0.013951,-0.786508,-0.305207,-1034.266,-653.0,-1226.85,-81.878,1144,653,0.0,-0.786,0.0,0.0,-0.786,-1347.642,313.376,0.0,-1034.266,-305.013,-921.837,0.0,-1226.85
10.220399577985518,10031,1,8,6,-0.044422,-0.016684,-0.77667,-0.500354,-460.889,-422.0,-907.339,-78.83,828,422,0.0,-0.776,0.0,0.0,-0.776,-773.685,312.796,0.0,-460.889,-31.111,-876.228,0.0,-907.339
10.220399577985518,10036,1,8,6,-0.046759,-0.019941,-0.750911,-0.596099,-121.003,-394.0,-515.722,-75.195,440,394,0.523598,-0.75,0.0,0.0,-0.75,-433.474,312.47,0.0,-121.003,218.397,-734.12,0.0,-515.722
10.232414896949194,10041,1,8,6,-0.049051,-0.022326,-0.748297,-0.509992,-355.282,-380.0,-700.293,-72.535,627,527,0.523598,-0.748,0.0,0.0,-0.748,-667.253,311.97,0.0,-355.282,19.773,-720.067,0.0,-700.293
10.232414896949194,10046,1,8,6,-0.051294,-0.023614,-0.775023,-0.335333,-920.084,-864.0,-927.592,-71.098,856,864,0.314159,-0.775,0.0,0.0,-0.775,-1231.131,311.047,0.0,-920.084,-44.867,-882.725,0.0,-927.592
10.244028871995397,10051,1,8,6,-0.053486,-0.024273,-0.817969,-0.222532,-1357.427,-1032.0,-1355.588,-70.363,1285,1032,0.314159,-0.817,0.0,0.0,-0.817,-1667.224,309.796,0.0,-1357.427,-260.342,-1095.246,0.0,-1355.588
10.244028871995397,10056,1,8,6,-0.055625,-0.025311,-0.848809,-0.202197,-1502.074,-1081.0,-1652.17,-69.205,1582,1081,0.314159,-0.848,0.0,0.0,-0.848,-1810.513,308.438,0.0,-1502.074,-336.859,-1315.311,0.0,-1652.17
10.255116040934809,10061,1,8,6,-0.05771,-0.026994,-0.860038,-0.277353,-1324.303,-1127.0,-1576.806,-67.327,1509,1006,0.314159,-0.86,0.0,0.0,-0.86,-1631.518,307.215,0.0,-1324.303,-157.842,-1418.963,0.0,-1576.806
10.255116040934809,10066,1,8,6,-0.059738,-0.029591,-0.844107,-0.465562,-753.474,-668.0,-1393.807,-64.431,1329,668,0.523598,-0.844,0.0,0.0,-0.844,-1059.925,306.45,0.0,-753.474,-68.379,-1325.427,0.0,-1393.807
10.255116040934809,10071,1,8,6,-0.061707,-0.033009,-0.803526,-0.652049,-118.005,-415.0,-858.605,-60.619,797,415,0.628318,-0.803,0.0,0.0,-0.803,-424.137,306.132,0.0,-118.005,237.595,-1096.201,0.0,-858.605
10.267048444016837,10076,1,8,6,-0.063614,-0.036649,-0.755013,-0.722606,215.324,-336.0,-362.175,-56.559,305,336,0.628318,-0.755,0.0,0.0,-0.755,-90.739,306.064,0.0,215.324,441.059,-803.235,0.0,-362.175
10.267048444016837,10081,1,8,6,-0.065459,-0.039624,-0.723394,-0.632173,50.454,-217.0,-439.695,-53.243,386,300,0.523598,-0.723,0.0,0.0,-0.723,-255.417,305.872,0.0,50.454,213.963,-653.659,0.0,-439.695
10.278106467914768,10090,1,8,6,-0.068616,-0.042504,-0.731148,-0.29475,-917.552,-705.0,-1025.963,-50.032,975,705,0.418879,-0.731,0.0,0.0,-0.731,-1221.913,304.36,0.0,-917.552,-170.042,-855.921,0.0,-1025.963
10.288582061999477,10095,1,8,6,-0.070276,-0.043796,-0.741444,-0.287098,-968.76,-704.0,-1199.718,-48.591,1151,704,0.314159,-0.741,0.0,0.0,-0.741,-1272.166,303.406,0.0,-968.76,-211.808,-987.91,0.0,-1199.718
10.288582061999477,10101,1,8,6,-0.071866,-0.045911,-0.726763,-0.374791,-682.858,-704.0,-960.233,-46.234,913,492,0.418879,-0.726,0.0,0.0,-0.726,-985.522,302.664,0.0,-682.858,16.913,-977.146,0.0,-960.233
10.300080153974704,10106,1,8,6,-0.073681,-0.049345,-0.681403,-0.539639,-94.571,-170.0,-750.23,-42.406,707,170,0.523598,-0.681,0.0,0.0,-0.681,-396.938,302.366,0.0,-94.571,60.342,-810.572,0.0,-750.23
10.300080153974704,10111,1,8,6,-0.075114,-0.053086,-0.616779,-0.681842,484.68,109.0,-238.53,-38.237,200,-109,0.523598,-0.616,0.0,0.0,-0.616,182.176,302.503,0.0,484.68,300.544,-539.074,0.0,-238.53
10.311498965020292,10116,1,8,6,-0.076472,-0.056876,-0.54869,-0.718192,777.463,202.0,225.811,-34.015,-259,-202,0.523598,-0.548,0.0,0.0,-0.548,474.603,302.859,0.0,777.463,460.37,-234.559,0.0,225.811
10.311498965020292,10121,1,8,6,-0.077755,-0.059751,-0.504109,-0.598017,566.0,227.0,208.957,-30.812,-239,-106,0.523598,-0.504,0.0,0.0,-0.504,262.943,303.056,0.0,566.0,271.2,-62.242,0.0,208.957
10.311498965020292,10126,1,8,6,-0.078961,-0.061128,-0.499321,-0.362263,-80.993,-150.0,-74.872,-29.278,45,150,0.209439,-0.499,0.0,0.0,-0.499,-383.762,302.768,0.0,-80.993,55.205,-130.077,0.0,-74.872
10.323084754985757,10131,1,8,6,-0.080089,-0.06155,-0.519081,-0.18016,-646.921,-373.0,-548.719,-28.808,519,373,0.0,-0.519,0.0,0.0,-0.519,-948.978,302.057,0.0,-646.921,-219.137,-329.582,0.0,-548.719
10.323084754985757,10136,1,8,6,-0.081138,-0.062121,-0.532487,-0.172951,-705.397,-395.0,-737.3,-28.173,709,395,0.0,-0.532,0.0,0.0,-0.532,-1006.699,301.302,0.0,-705.397,-248.318,-488.982,0.0,-737.3
10.33441461995244,10141,1,8,6,-0.082107,-0.063526,-0.52025,-0.266072,-410.93,-402.0,-501.282,-26.607,474,219,0.0,-0.52,0.0,0.0,-0.52,-711.698,300.768,0.0,-410.93,-7.144,-494.138,0.0,-501.282
10.33441461995244,10146,1,8,6,-0.082995,-0.065729,-0.483453,-0.396101,55.999,7.0,-344.265,-24.155,320,-7,0.0,-0.483,0.0,0.0,-0.483,-244.585,300.585,0.0,55.999,39.199,-383.465,0.0,-344.265
10.345653287949972,10151,1,8,6,-0.083801,-0.068303,-0.433954,-0.476132,418.77,111.0,47.593,-21.289,-68,-111,0.314159,-0.433,0.0,0.0,-0.433,118.096,300.673,0.0,418.77,246.216,-198.622,0.0,47.593
10.345653287949972,10156,1,8,6,-0.084524,-0.070756,-0.385512,-0.47497,551.336,196.0,273.584,-18.558,-292,-196,0.314159,-0.385,0.0,0.0,-0.385,250.481,300.854,0.0,551.336,284.269,-10.684,0.0,273.584
10.345653287949972,10161,1,8,6,-0.085164,-0.07257,-0.35265,-0.376367,367.313,215.0,189.837,-16.54,-206,-112,0.0,-0.352,0.0,0.0,-0.352,66.408,300.904,0.0,367.313,121.85,67.986,0.0,189.837
10.357216660981067,10166,1,8,6,-0.08572,-0.073424,-0.3443,-0.205608,-87.723,-117.0,10.646,-15.589,-26,117,0.0,-0.344,0.0,0.0,-0.344,-388.336,300.612,0.0,-87.723,23.42,-12.774,0.0,10.646
10.357216660981067,10171,1,8,6,-0.086192,-0.073651,-0.351128,-0.109477,-376.516,-184.0,-284.309,-15.336,268,184,0.0,-0.351,0.0,0.0,-0.351,-676.622,300.105,0.0,-376.516,-154.013,-130.296,0.0,-284.309
10.368159212986939,10180,1,8,6,-0.086825,-0.074845,-0.335458,-0.167923,-169.814,-154.0,-212.37,-14.008,198,100,0.0,-0.335,0.0,0.0,-0.335,-469.097,299.282,0.0,-169.814,-12.651,-199.718,0.0,-212.37
10.379779979935847,10185,1,8,6,-0.087058,-0.075948,-0.311071,-0.216963,35.582,-3.0,-110.528,-12.78,97,3,0.104719,-0.311,0.0,0.0,-0.311,-263.502,299.084,0.0,35.582,30.865,-141.393,0.0,-110.528
10.379779979935847,10191,1,8,6,-0.087204,-0.077195,-0.280243,-0.268833,267.112,76.0,131.308,-11.393,-142,-76,0.209439,-0.28,0.0,0.0,-0.28,-31.948,299.06,0.0,267.112,152.889,-21.58,0.0,131.308
10.391882326919585,10196,1,8,6,-0.087266,-0.07861,-0.242364,-0.235917,280.995,76.0,244.916,-9.819,-254,-76,0.0,-0.242,0.0,0.0,-0.242,-18.051,299.046,0.0,280.995,163.996,80.92,0.0,244.916
10.391882326919585,10201,1,8,6,-0.087223,-0.079018,-0.22975,-0.113888,-25.61,112.0,-93.884,-9.365,84,93,0.0,-0.229,0.0,0.0,-0.229,-324.413,298.803,0.0,-25.61,-110.088,16.203,0.0,-93.884
10.391882326919585,10206,1,8,6,-0.087094,-0.079016,-0.22617,-0.038616,-226.739,-140.0,-115.277,-9.367,105,140,0.0,-0.226,0.0,0.0,-0.226,-525.148,298.409,0.0,-226.739,-69.391,-45.886,0.0,-115.277
10.402893394930288,10211,1,8,6,-0.086879,-0.079139,-0.216719,-0.044969,-182.849,-131.0,-110.688,-9.231,101,131,0.0,-0.216,0.0,0.0,-0.216,-480.899,298.049,0.0,-182.849,-41.479,-69.208,0.0,-110.688
10.402893394930288,10216,1,8,6,-0.086578,-0.079497,-0.198267,-0.054554,-104.647,-118.0,-49.217,-8.832,40,118,0.0,-0.198,0.0,0.0,-0.198,-402.394,297.747,0.0,-104.647,10.682,-59.899,0.0,-49.217
10.413978578988463,10221,1,8,6,-0.086192,-0.079862,-0.177235,-0.068397,-7.227,-100.0,62.803,-8.426,-71,8,0.0,-0.177,0.0,0.0,-0.177,-304.746,297.518,0.0,-7.227,74.217,-11.414,0.0,62.803
10.413978578988463,10226,1,8,6,-0.08572,-0.080086,-0.157752,-0.071706,56.409,10.0,56.153,-8.177,-64,-10,0.0,-0.157,0.0,0.0,-0.157,-240.928,297.338,0.0,56.409,37.127,19.025,0.0,56.153
10.42507568700239,10231,1,8,6,-0.085164,-0.080256,-0.137429,-0.045071,38.542,-38.0,104.266,-7.988,-112,38,0.0,-0.137,0.0,0.0,-0.137,-258.602,297.144,0.0,38.542,61.233,43.033,0.0,104.266
10.42507568700239,10236,1,8,6,-0.084524,-0.080286,-0.11866,-0.013021,1.133,-16.0,69.751,-7.954,-77,16,0.0,-0.118,0.0,0.0,-0.118,-295.788,296.922,0.0,1.133,13.707,56.044,0.0,69.751
10.42507568700239,10241,1,8,6,-0.083801,-0.080392,-0.095436,-0.000352,30.488,-34.0,137.865,-7.836,-145,-14,0.0,-0.095,0.0,0.0,-0.095,-266.234,296.722,0.0,30.488,51.59,86.275,0.0,137.865
10.437111629988067,10246,1,8,6,-0.082995,-0.080489,-0.070168,0.011517,67.836,14.0,155.277,-7.729,-163,-14,0.0,-0.07,0.0,0.0,-0.07,-228.721,296.557,0.0,67.836,43.068,112.208,0.0,155.277
10.437111629988067,10251,1,8,6,-0.082107,-0.080508,-0.04477,0.012592,135.82,125.0,161.694,-7.708,-169,-125,0.0,-0.044,0.0,0.0,-0.044,-160.616,296.437,0.0,135.82,8.656,153.038,0.0,161.694
10.448126995936036,10256,1,8,6,-0.081138,-0.080553,-0.016383,-0.001958,256.015,113.0,336.338,-7.658,-343,-113,0.0,-0.016,0.0,0.0,-0.016,-40.391,296.406,0.0,256.015,114.412,221.925,0.0,336.338
10.448126995936036,10261,1,8,6,-0.080089,-0.080575,0.013617,0.002556,327.4,160.0,445.789,-7.633,-453,-275,0.0,0.013,0.0,0.0,0.013,30.97,296.43,0.0,327.4,133.92,311.869,0.0,445.789
10.459707255940884,10270,1,8,6,-0.078002,-0.080469,0.069077,0.040391,376.867,298.0,482.781,-7.751,-490,-298,0.0,0.069,0.0,0.0,0.069,80.319,296.547,0.0,376.867,63.093,419.688,0.0,482.781
10.471726613934152,10275,1,8,6,-0.076734,-0.080397,0.10256,0.032925,491.671,364.0,598.965,-7.831,-606,-364,0.0,0.102,0.0,0.0,0.102,194.978,296.693,0.0,491.671,102.137,496.828,0.0,598.965
10.471726613934152,10281,1,8,6,-0.075391,-0.080413,0.14063,0.026799,615.661,378.0,807.565,-7.813,-815,-497,0.0,0.14,0.0,0.0,0.14,318.727,296.933,0.0,615.661,190.129,617.436,0.0,807.565
10.471726613934152,10286,1,8,6,-0.073681,-0.080284,0.184879,0.044536,690.187,540.0,829.818,-7.957,-837,-540,0.0,0.184,0.0,0.0,0.184,392.959,297.228,0.0,690.187,120.149,709.668,0.0,829.818
10.483206352917477,10291,1,8,6,-0.072176,-0.08003,0.21991,0.062695,737.761,594.0,912.69,-8.24,-920,-594,0.0,0.219,0.0,0.0,0.219,440.203,297.558,0.0,737.761,115.009,797.68,0.0,912.69
10.483206352917477,10296,1,8,6,-0.070599,-0.07961,0.252306,0.08589,763.872,626.0,982.641,-8.706,-991,-626,0.0,0.252,0.0,0.0,0.252,465.964,297.907,0.0,763.872,110.297,872.343,0.0,982.641
10.494303963962011,10301,1,8,6,-0.068953,-0.079154,0.285625,0.109863,790.41,626.0,1086.003,-9.214,-1095,-697,-0.209439,0.285,0.0,0.0,0.285,492.133,298.276,0.0,790.41,131.528,954.474,0.0,1086.003
10.494303963962011,10306,1,8,6,-0.067239,-0.078653,0.31959,0.112606,878.266,763.0,1130.634,-9.771,-1140,-763,-0.209439,0.319,0.0,0.0,0.319,579.555,298.711,0.0,878.266,92.213,1038.421,0.0,1130.634
10.505594925954938,10311,1,8,6,-0.065459,-0.078181,0.356206,0.116899,969.271,829.0,1239.228,-10.296,-1249,-829,-0.209439,0.356,0.0,0.0,0.356,670.057,299.214,0.0,969.271,112.217,1127.011,0.0,1239.228
10.505594925954938,10316,1,8,6,-0.063614,-0.077581,0.39108,0.133332,1021.451,883.0,1317.576,-10.964,-1328,-883,-0.209439,0.391,0.0,0.0,0.391,721.696,299.755,0.0,1021.451,110.761,1206.815,0.0,1317.576
10.505594925954938,10321,1,8,6,-0.061706,-0.076957,0.427025,0.129052,1134.705,901.0,1512.559,-11.658,-1524,-1003,-0.209439,0.427,0.0,0.0,0.427,834.324,300.381,0.0,1134.705,186.964,1325.595,0.0,1512.559
10.517411411972716,10326,1,8,6,-0.059737,-0.076152,0.45962,0.158047,1145.416,1010.0,1504.179,-12.553,-1516,-1010,-0.209439,0.459,0.0,0.0,0.459,844.401,301.014,0.0,1145.416,108.333,1395.846,0.0,1504.179
10.517411411972716,10331,1,8,6,-0.05771,-0.075131,0.487798,0.20808,1084.81,991.0,1512.02,-13.689,-1525,-991,-0.209439,0.487,0.0,0.0,0.487,783.208,301.601,0.0,1084.81,75.048,1436.972,0.0,1512.02
10.529099264997058,10336,1,8,6,-0.055625,-0.073962,0.513435,0.230807,1093.532,1004.0,1554.165,-14.99,-1569,-1004,-0.209439,0.513,0.0,0.0,0.513,791.359,302.172,0.0,1093.532,71.625,1482.539,0.0,1554.165
10.529099264997058,10341,1,8,6,-0.053485,-0.072808,0.541029,0.240181,1145.178,1064.0,1595.917,-16.275,-1612,-1034,-0.314159,0.541,0.0,0.0,0.541,842.373,302.804,0.0,1145.178,64.942,1530.974,0.0,1595.917
10.540145313949324,10346,1,8,6,-0.051293,-0.071642,0.569745,0.2537,1188.396,1077.0,1693.581,-17.573,-1711,-1077,-0.314159,0.569,0.0,0.0,0.569,884.927,303.468,0.0,1188.396,89.117,1604.464,0.0,1693.581
10.540145313949324,10351,1,8,6,-0.04905,-0.070166,0.591237,0.288418,1151.997,1077.0,1701.834,-19.215,-1721,-1077,-0.314159,0.591,0.0,0.0,0.591,847.893,304.104,0.0,1151.997,59.998,1641.836,0.0,1701.834
10.55144124198705,10360,1,8,6,-0.044892,-0.066677,0.609964,0.423295,827.72,971.0,1443.969,-23.099,-1467,-874,-0.418879,0.609,0.0,0.0,0.609,522.673,305.046,0.0,827.72,-114.623,1558.592,0.0,1443.969
10.55144124198705,10365,1,8,6,-0.04252,-0.064283,0.609374,0.467144,703.588,810.0,1394.467,-25.764,-1420,-810,-0.418879,0.609,0.0,0.0,0.609,398.243,305.345,0.0,703.588,-85.129,1479.596,0.0,1394.467
10.562564651947469,10371,1,8,6,-0.040105,-0.061959,0.611918,0.47405,691.667,808.0,1327.466,-28.352,-1355,-808,-0.418879,0.611,0.0,0.0,0.611,386.031,305.636,0.0,691.667,-93.065,1420.532,0.0,1327.466
10.562564651947469,10376,1,8,6,-0.037155,-0.059629,0.629246,0.432916,855.772,863.0,1421.016,-30.948,-1451,-863,-0.418879,0.629,0.0,0.0,0.629,549.724,306.048,0.0,855.772,-5.781,1426.798,0.0,1421.016
10.574068565969355,10381,1,8,6,-0.034657,-0.057971,0.65279,0.386458,1052.337,881.0,1651.443,-32.795,-1684,-1000,-0.418879,0.652,0.0,0.0,0.652,745.729,306.607,0.0,1052.337,137.069,1514.374,0.0,1651.443
10.574068565969355,10386,1,8,6,-0.032124,-0.056326,0.677653,0.369077,1171.267,1001.0,1735.993,-34.627,-1770,-1001,-0.418879,0.677,0.0,0.0,0.677,864.011,307.255,0.0,1171.267,136.213,1599.779,0.0,1735.993
10.58550765295513,10391,1,8,6,-0.02956,-0.054311,0.693039,0.431152,1041.091,937.0,1716.996,-36.872,-1753,-937,-0.418879,0.693,0.0,0.0,0.693,733.285,307.805,0.0,1041.091,83.272,1633.723,0.0,1716.996
10.58550765295513,10396,1,8,6,-0.026966,-0.051585,0.689318,0.537004,734.605,826.0,1492.875,-39.91,-1532,-826,-0.523598,0.689,0.0,0.0,0.689,426.479,308.125,0.0,734.605,-73.115,1565.991,0.0,1492.875
10.58550765295513,10401,1,8,6,-0.024346,-0.048238,0.668979,0.651392,357.404,754.0,1042.207,-43.64,-1085,-513,-0.628318,0.668,0.0,0.0,0.668,49.241,308.162,0.0,357.404,-317.276,1359.483,0.0,1042.207
10.59695856901817,10406,1,8,6,-0.021701,-0.044752,0.645405,0.699413,156.826,443.0,959.48,-47.526,-1007,-443,-0.628318,0.645,0.0,0.0,0.645,-151.222,308.049,0.0,156.826,-228.938,1188.418,0.0,959.48
10.608188768965192,10416,1,8,6,-0.01689,-0.039834,0.642435,0.550742,565.01,569.0,1133.96,-53.009,-1186,-569,-0.628318,0.642,0.0,0.0,0.642,256.741,308.269,0.0,565.01,-3.191,1137.152,0.0,1133.96
10.608188768965192,10421,1,8,6,-0.013651,-0.037153,0.658052,0.501089,748.106,587.0,1351.878,-55.998,-1407,-697,-0.628318,0.658,0.0,0.0,0.658,439.495,308.611,0.0,748.106,128.885,1222.993,0.0,1351.878
10.619655750924721,10426,1,8,6,-0.010937,-0.034975,0.673084,0.488554,825.669,697.0,1387.764,-58.426,-1446,-697,-0.628318,0.673,0.0,0.0,0.673,516.684,308.984,0.0,825.669,102.935,1284.829,0.0,1387.764
10.619655750924721,10431,1,8,6,-0.008212,-0.032284,0.674013,0.56254,621.342,554.0,1326.73,-61.428,-1388,-554,-0.733038,0.674,0.0,0.0,0.674,312.124,309.218,0.0,621.342,53.874,1272.856,0.0,1326.73
10.631389061920345,10436,1,8,6,-0.005479,-0.028895,0.655648,0.679308,242.92,453.0,977.658,-65.208,-1042,-453,-0.837758,0.655,0.0,0.0,0.655,-66.248,309.168,0.0,242.92,-168.063,1145.722,0.0,977.658
10.631389061920345,10441,1,8,6,-0.00274,-0.025295,0.631515,0.726144,44.009,400.0,675.933,-69.223,-745,-320,-0.837758,0.631,0.0,0.0,0.631,-264.96,308.969,0.0,44.009,-284.792,960.725,0.0,675.933
10.642239753971808,10450,1,8,6,0.002193,-0.021152,0.653667,0.421607,959.257,815.0,1214.803,-73.845,-1288,-815,-0.523598,0.653,0.0,0.0,0.653,649.769,309.487,0.0,959.257,115.406,1099.397,0.0,1214.803
10.642239753971808,10455,1,8,6,0.004932,-0.020297,0.706429,0.268999,1535.211,1057.0,1769.782,-74.799,-1844,-1057,-0.523598,0.706,0.0,0.0,0.706,1224.804,310.406,0.0,1535.211,382.568,1387.213,0.0,1769.782
10.65337599592749,10461,1,8,6,0.007666,-0.019317,0.755555,0.238442,1759.412,1169.0,2166.517,-75.892,-2242,-1342,-0.523598,0.755,0.0,0.0,0.755,1447.915,311.496,0.0,1759.412,472.33,1694.187,0.0,2166.517
10.65337599592749,10466,1,8,6,0.010937,-0.017344,0.79191,0.333727,1595.371,1228.0,2125.962,-78.093,-2204,-1228,-0.523598,0.791,0.0,0.0,0.791,1282.912,312.459,0.0,1595.371,293.896,1832.065,0.0,2125.962
10.665028018993326,10471,1,8,6,0.013651,-0.014628,0.79185,0.491268,1154.72,1068.0,1896.678,-81.123,-1977,-1068,-0.628318,0.791,0.0,0.0,0.791,841.629,313.09,0.0,1154.72,69.375,1827.302,0.0,1896.678
10.665028018993326,10476,1,8,6,0.016352,-0.011397,0.776999,0.593665,826.809,1004.0,1585.287,-84.728,-1670,-1004,-0.733038,0.776,0.0,0.0,0.776,513.334,313.475,0.0,826.809,-141.752,1727.04,0.0,1585.287
10.676647753920406,10481,1,8,6,0.019036,-0.00841,0.768532,0.603499,775.913,972.0,1468.468,-88.061,-1556,-973,-0.733038,0.768,0.0,0.0,0.768,462.091,313.821,0.0,775.913,-156.869,1625.337,0.0,1468.468
10.676647753920406,10486,1,8,6,0.021702,-0.006062,0.777409,0.511225,1059.695,1134.0,1593.026,-90.681,-1683,-1134,-0.628318,0.777,0.0,0.0,0.777,745.314,314.38,0.0,1059.695,-59.443,1652.469,0.0,1593.026
10.676647753920406,10491,1,8,6,0.024346,-0.004532,0.808619,0.369962,1543.542,1363.0,1951.361,-92.388,-2043,-1363,-0.523598,0.808,0.0,0.0,0.808,1228.24,315.301,0.0,1543.542,144.433,1806.927,0.0,1951.361
10.688488791929558,10496,1,8,6,0.026967,-0.003241,0.845835,0.321747,1783.848,1413.0,2298.713,-93.829,-2392,-1413,-0.523598,0.845,0.0,0.0,0.845,1467.446,316.402,0.0,1783.848,296.679,2002.034,0.0,2298.713
10.688488791929558,10501,1,8,6,0.02956,-0.001202,0.86137,0.397404,1616.483,1459.0,2211.809,-96.104,-2307,-1354,-0.523598,0.861,0.0,0.0,0.861,1299.106,317.376,0.0,1616.483,125.986,2085.822,0.0,2211.809
10.700004793936387,10506,1,8,6,0.032125,0.001804,0.848977,0.550267,1154.392,1123.0,2038.466,-99.459,-2137,-1123,-0.628318,0.848,0.0,0.0,0.848,836.387,318.004,0.0,1154.392,25.113,2013.353,0.0,2038.466
10.700004793936387,10511,1,8,6,0.034657,0.005378,0.819829,0.659127,768.307,994.0,1681.452,-103.447,-1784,-994,-0.733038,0.819,0.0,0.0,0.819,449.965,318.341,0.0,768.307,-180.554,1862.006,0.0,1681.452
10.711977705941536,10516,1,8,6,0.037156,0.008686,0.79715,0.661176,699.354,1002.0,1470.111,-107.138,-1577,-1002,-0.733038,0.797,0.0,0.0,0.797,380.727,318.627,0.0,699.354,-242.116,1712.228,0.0,1470.111
10.711977705941536,10521,1,8,6,0.039618,0.011244,0.794459,0.567174,955.482,985.0,1672.386,-109.993,-1782,-1170,-0.628318,0.794,0.0,0.0,0.794,636.395,319.086,0.0,955.482,-23.614,1696.0,0.0,1672.386
10.711977705941536,10526,1,8,6,0.042041,0.012735,0.820553,0.384298,1541.517,1472.0,1912.074,-111.656,-2023,-1472,-0.418879,0.82,0.0,0.0,0.82,1221.515,320.002,0.0,1541.517,55.614,1856.46,0.0,1912.074
10.723197577986866,10531,1,8,6,0.044422,0.013663,0.861252,0.274244,1964.857,1631.0,2340.925,-112.692,-2453,-1631,-0.314159,0.861,0.0,0.0,0.861,1643.622,321.235,0.0,1964.857,267.086,2073.839,0.0,2340.925
10.734644152922556,10540,1,8,6,0.048596,0.016844,0.889057,0.434163,1597.165,1578.0,2275.483,-116.241,-2391,-1409,-0.523598,0.889,0.0,0.0,0.889,1273.703,323.461,0.0,1597.165,15.332,2260.151,0.0,2275.483
10.734644152922556,10545,1,8,6,0.050849,0.020167,0.859104,0.615934,1004.849,1100.0,2012.122,-119.948,-2132,-1100,-0.733038,0.859,0.0,0.0,0.859,680.876,323.972,0.0,1004.849,-76.12,2088.242,0.0,2012.122
10.746196702006273,10550,1,8,6,0.053052,0.02398,0.814001,0.725786,571.158,948.0,1553.07,-124.202,-1677,-948,-0.733038,0.814,0.0,0.0,0.814,247.001,324.156,0.0,571.158,-301.473,1854.543,0.0,1553.07
10.746196702006273,10556,1,8,6,0.055202,0.027448,0.777112,0.700174,539.738,959.0,1317.618,-128.07,-1445,-959,-0.733038,0.777,0.0,0.0,0.777,215.425,324.313,0.0,539.738,-335.408,1653.026,0.0,1317.618
10.746196702006273,10561,1,8,6,0.05771,0.029416,0.792242,0.511167,1111.935,948.0,1867.609,-130.265,-1997,-1320,-0.523598,0.792,0.0,0.0,0.792,787.009,324.925,0.0,1111.935,131.148,1736.461,0.0,1867.609
10.757286609965377,10566,1,8,6,0.059738,0.030308,0.824034,0.299284,1795.329,1594.0,2107.566,-131.26,-2238,-1594,-0.314159,0.824,0.0,0.0,0.824,1469.302,326.027,0.0,1795.329,161.063,1946.502,0.0,2107.566
10.757286609965377,10571,1,8,6,0.061706,0.031176,0.854848,0.253599,2010.787,1621.0,2461.067,-132.228,-2593,-1621,-0.314159,0.854,0.0,0.0,0.854,1683.497,327.29,0.0,2010.787,311.83,2149.236,0.0,2461.067
10.768244897946715,10576,1,8,6,0.063614,0.033135,0.853415,0.363268,1700.731,1536.0,2346.359,-134.413,-2480,-1536,-0.314159,0.853,0.0,0.0,0.853,1372.411,328.319,0.0,1700.731,131.785,2214.574,0.0,2346.359
10.768244897946715,10581,1,8,6,0.065459,0.036069,0.822926,0.521688,1172.417,1490.0,1796.349,-137.685,-1934,-1149,-0.628318,0.822,0.0,0.0,0.822,843.465,328.952,0.0,1172.417,-254.066,2050.415,0.0,1796.349
10.779205444967374,10586,1,8,6,0.06724,0.039642,0.772746,0.662169,638.798,974.0,1544.604,-141.669,-1686,-974,-0.628318,0.772,0.0,0.0,0.772,309.613,329.184,0.0,638.798,-268.161,1812.765,0.0,1544.604
10.779205444967374,10591,1,8,6,0.068954,0.042728,0.734329,0.634533,608.823,992.0,1319.966,-145.109,-1465,-992,-0.628318,0.734,0.0,0.0,0.734,279.429,329.394,0.0,608.823,-306.541,1626.507,0.0,1319.966
10.790242066956125,10596,1,8,6,0.0706,0.044647,0.72666,0.465177,1062.095,1159.0,1533.816,-147.249,-1681,-1159,-0.523598,0.726,0.0,0.0,0.726,732.151,329.943,0.0,1062.095,-77.524,1611.34,0.0,1533.816
10.790242066956125,10601,1,8,6,0.072176,0.045576,0.744798,0.284605,1619.45,1188.0,2175.342,-148.285,-2323,-1550,-0.314159,0.744,0.0,0.0,0.744,1288.54,330.909,0.0,1619.45,345.16,1830.182,0.0,2175.342
10.802018368965946,10606,1,8,6,0.073681,0.046119,0.77174,0.172252,2010.735,1669.0,2319.537,-148.89,-2468,-1669,-0.314159,0.771,0.0,0.0,0.771,1678.566,332.168,0.0,2010.735,273.388,2046.149,0.0,2319.537
10.802018368965946,10611,1,8,6,0.075114,0.047344,0.777534,0.237516,1845.309,1552.0,2386.609,-150.256,-2536,-1552,-0.314159,0.777,0.0,0.0,0.777,1512.049,333.259,0.0,1845.309,234.647,2151.961,0.0,2386.609
10.802018368965946,10616,1,8,6,0.076472,0.04967,0.750439,0.395287,1328.43,1374.0,2053.621,-152.848,-2206,-1374,-0.418879,0.75,0.0,0.0,0.75,994.425,334.005,0.0,1328.43,-36.455,2090.076,0.0,2053.621
10.813082249020226,10621,1,8,6,0.077755,0.052714,0.701126,0.551404,753.54,1307.0,1361.616,-156.24,-1517,-943,-0.628318,0.701,0.0,0.0,0.701,419.22,334.319,0.0,753.54,-442.767,1804.384,0.0,1361.616
10.823922217008658,10630,1,8,6,0.079869,0.058006,0.612183,0.532071,558.853,944.0,1072.121,-162.135,-1234,-944,-0.628318,0.612,0.0,0.0,0.612,224.313,334.54,0.0,558.853,-308.117,1380.238,0.0,1072.121
10.823922217008658,10635,1,8,6,0.080934,0.059215,0.60813,0.3174,1149.192,1131.0,1441.547,-163.483,-1605,-1131,-0.523598,0.608,0.0,0.0,0.608,814.041,335.15,0.0,1149.192,14.554,1426.993,0.0,1441.547
10.835311749950051,10640,1,8,6,0.08192,0.059612,0.624624,0.142766,1685.364,1209.0,2053.534,-163.924,-2217,-1474,-0.209439,0.624,0.0,0.0,0.624,1349.202,336.162,0.0,1685.364,381.091,1672.442,0.0,2053.534
10.835311749950051,10646,1,8,6,0.082824,0.060057,0.637469,0.09349,1860.45,1525.0,2129.485,-164.42,-2293,-1525,-0.209439,0.637,0.0,0.0,0.637,1523.141,337.309,0.0,1860.45,268.36,1861.125,0.0,2129.485
10.84624206298031,10651,1,8,6,0.083801,0.061519,0.623884,0.193014,1544.65,1382.0,2029.493,-166.049,-2195,-1382,-0.314159,0.623,0.0,0.0,0.623,1206.436,338.214,0.0,1544.65,130.12,1899.373,0.0,2029.493
10.84624206298031,10656,1,8,6,0.084524,0.063545,0.587427,0.335744,1043.454,1213.0,1648.247,-168.305,-1816,-1213,-0.314159,0.587,0.0,0.0,0.587,704.711,338.743,0.0,1043.454,-135.636,1783.883,0.0,1648.247
10.84624206298031,10661,1,8,6,0.085164,0.065508,0.550387,0.389732,788.914,1213.0,1232.509,-170.49,-1403,-1063,-0.314159,0.55,0.0,0.0,0.55,449.834,339.08,0.0,788.914,-339.268,1571.777,0.0,1232.509
10.857279689982533,10666,1,8,6,0.08572,0.066607,0.535166,0.300125,997.689,1228.0,1338.275,-171.715,-1509,-1228,0.0,0.535,0.0,0.0,0.535,658.115,339.574,0.0,997.689,-184.248,1522.523,0.0,1338.275
10.857279689982533,10671,1,8,6,0.086192,0.066733,0.54485,0.125375,1514.984,1412.0,1707.956,-171.854,-1879,-1412,0.0,0.544,0.0,0.0,0.544,1174.529,340.454,0.0,1514.984,82.387,1625.569,0.0,1707.956
10.86824597697705,10676,1,8,6,0.086578,0.06675,0.555179,0.044195,1772.281,1510.0,1985.724,-171.874,-2157,-1510,0.0,0.555,0.0,0.0,0.555,1430.753,341.528,0.0,1772.281,209.825,1775.899,0.0,1985.724
10.86824597697705,10681,1,8,6,0.086879,0.067401,0.545383,0.03878,1761.079,1537.0,2070.064,-172.598,-2242,-1599,0.0,0.545,0.0,0.0,0.545,1418.488,342.591,0.0,1761.079,179.263,1890.8,0.0,2070.064
10.879219737951644,10686,1,8,6,0.087094,0.068381,0.523965,0.082416,1579.857,1494.0,1962.211,-173.689,-2135,-1494,0.0,0.523,0.0,0.0,0.523,1236.338,343.519,0.0,1579.857,68.685,1893.525,0.0,1962.211
10.879219737951644,10691,1,8,6,0.087223,0.069364,0.500035,0.150598,1322.676,1384.0,1780.879,-174.784,-1955,-1384,-0.209439,0.5,0.0,0.0,0.5,978.423,344.253,0.0,1322.676,-49.058,1829.938,0.0,1780.879
10.890169739956036,10696,1,8,6,0.087266,0.070056,0.481888,0.167614,1224.882,1390.0,1616.353,-175.554,-1791,-1390,-0.209439,0.481,0.0,0.0,0.481,879.969,344.913,0.0,1224.882,-132.093,1748.447,0.0,1616.353
10.890169739956036,10701,1,8,6,0.087223,0.070053,0.480751,0.085169,1453.342,1338.0,1890.129,-175.551,-2065,-1526,0.0,0.48,0.0,0.0,0.48,1107.629,345.712,0.0,1453.342,92.273,1797.855,0.0,1890.129
10.90194604091812,10706,1,8,6,0.087094,0.069993,0.478829,0.040374,1574.308,1525.0,1861.356,-175.484,-2036,-1525,0.0,0.478,0.0,0.0,0.478,1227.674,346.633,0.0,1574.308,39.446,1821.91,0.0,1861.356
10.90194604091812,10711,1,8,6,0.086879,0.07034,0.463075,0.038109,1537.43,1498.0,1864.382,-175.87,-2040,-1498,0.0,0.463,0.0,0.0,0.463,1189.905,347.525,0.0,1537.43,31.544,1832.837,0.0,1864.382
10.913005826994777,10720,1,8,6,0.086276,0.071113,0.424564,0.015673,1494.172,1509.0,1806.983,-176.73,-1983,-1495,0.0,0.424,0.0,0.0,0.424,1144.894,349.278,0.0,1494.172,-11.861,1818.844,0.0,1806.983
10.913005826994777,10725,1,8,6,0.085821,0.071203,0.409321,0.005621,1480.486,1505.0,1790.827,-176.83,-1967,-1505,0.0,0.409,0.0,0.0,0.409,1130.36,350.126,0.0,1480.486,-19.61,1810.438,0.0,1790.827
10.923823312972672,10730,1,8,6,0.085282,0.07121,0.394024,0.002868,1446.185,1463.0,1775.731,-176.838,-1952,-1463,0.0,0.394,0.0,0.0,0.394,1095.237,350.947,0.0,1446.185,-13.451,1789.183,0.0,1775.731
10.923823312972672,10736,1,8,6,0.084659,0.07126,0.375183,0.010937,1371.603,1439.0,1696.429,-176.894,-1873,-1439,0.0,0.375,0.0,0.0,0.375,1019.887,351.715,0.0,1371.603,-53.917,1750.346,0.0,1696.429
10.934685852960683,10741,1,8,6,0.083801,0.071438,0.346159,0.011244,1290.18,1419.0,1580.5,-177.092,-1757,-1345,-0.104719,0.346,0.0,0.0,0.346,937.761,352.419,0.0,1290.18,-103.055,1683.556,0.0,1580.5
10.934685852960683,10746,1,8,6,0.082995,0.071593,0.319254,-0.002966,1255.313,1331.0,1579.425,-177.265,-1756,-1331,0.0,0.319,0.0,0.0,0.319,902.217,353.095,0.0,1255.313,-60.549,1639.974,0.0,1579.425
10.946165166911669,10751,1,8,6,0.082107,0.071721,0.290802,-0.01255,1203.121,1268.0,1536.61,-177.407,-1714,-1268,0.0,0.29,0.0,0.0,0.29,849.388,353.732,0.0,1203.121,-51.902,1588.513,0.0,1536.61
10.946165166911669,10756,1,8,6,0.081138,0.071727,0.263503,-0.020218,1148.749,1250.0,1453.205,-177.414,-1630,-1250,0.0,0.263,0.0,0.0,0.263,794.42,354.328,0.0,1148.749,-81.0,1534.205,0.0,1453.205
10.946165166911669,10761,1,8,6,0.080089,0.07171,0.23459,-0.018317,1063.002,1230.0,1314.73,-177.395,-1492,-1139,0.0,0.234,0.0,0.0,0.234,708.142,354.859,0.0,1063.002,-133.598,1448.328,0.0,1314.73
10.958023410988972,10766,1,8,6,0.078961,0.071701,0.20328,-0.00155,928.816,1059.0,1247.0,-177.384,-1424,-1059,0.0,0.203,0.0,0.0,0.203,573.526,355.289,0.0,928.816,-104.146,1351.147,0.0,1247.0
10.958023410988972,10771,1,8,6,0.077754,0.071596,0.172422,-0.012993,874.843,1007.0,1164.652,-177.269,-1341,-1007,0.0,0.172,0.0,0.0,0.172,519.164,355.679,0.0,874.843,-105.725,1270.377,0.0,1164.652
10.968775162938982,10776,1,8,6,0.076471,0.071453,0.140507,-0.023894,816.35,959.0,1075.263,-177.109,-1252,-959,0.0,0.14,0.0,0.0,0.14,460.325,356.024,0.0,816.35,-114.12,1189.383,0.0,1075.263
10.968775162938982,10781,1,8,6,0.075113,0.071397,0.104067,-0.027536,724.79,927.0,922.811,-177.046,-1099,-864,0.0,0.104,0.0,0.0,0.104,368.489,356.3,0.0,724.79,-161.767,1084.579,0.0,922.811
10.979905933956616,10786,1,8,6,0.073681,0.071238,0.068394,-0.052879,696.123,817.0,909.479,-176.87,-1086,-817,0.0,0.068,0.0,0.0,0.068,339.568,356.555,0.0,696.123,-96.7,1006.18,0.0,909.479
10.979905933956616,10791,1,8,6,0.072176,0.071012,0.032579,-0.064532,628.664,750.0,830.602,-176.618,-1007,-750,0.0,0.032,0.0,0.0,0.032,271.912,356.751,0.0,628.664,-97.068,927.671,0.0,830.602
10.9910071719205,10796,1,8,6,0.070599,0.070657,-0.001606,-0.070377,549.452,684.0,738.283,-176.223,-914,-684,0.0,-0.001,0.0,0.0,-0.001,192.556,356.896,0.0,549.452,-107.638,845.921,0.0,738.283
10.9910071719205,10801,1,8,6,0.068953,0.070417,-0.040983,-0.060078,410.402,683.0,491.404,-175.956,-667,-520,0.0,-0.04,0.0,0.0,-0.04,53.466,356.936,0.0,410.402,-218.077,709.482,0.0,491.404
11.001757971942425,10810,1,8,6,0.06582,0.069703,-0.108732,-0.099319,330.547,461.0,439.986,-175.162,-615,-461,0.0,-0.108,0.0,0.0,-0.108,-26.355,356.903,0.0,330.547,-104.361,544.347,0.0,439.986
11.001757971942425,10815,1,8,6,0.063988,0.069211,-0.146236,-0.106684,246.075,396.0,336.325,-174.613,-510,-396,0.0,-0.146,0.0,0.0,-0.146,-110.745,356.82,0.0,246.075,-119.939,456.265,0.0,336.325
11.012748962966725,10820,1,8,6,0.062092,0.06865,-0.183598,-0.105033,136.673,342.0,184.198,-173.988,-358,-281,0.104719,-0.183,0.0,0.0,-0.183,-219.981,356.655,0.0,136.673,-164.26,348.459,0.0,184.198
11.012748962966725,10826,1,8,6,0.060136,0.068164,-0.224789,-0.105194,21.539,197.0,86.28,-173.448,-259,-197,0.104719,-0.224,0.0,0.0,-0.224,-334.864,356.403,0.0,21.539,-140.368,226.649,0.0,86.28
11.024024587939493,10831,1,8,6,0.05771,0.067406,-0.271495,-0.129785,-40.68,130.0,-15.273,-172.604,-157,-130,0.0,-0.271,0.0,0.0,-0.271,-396.786,356.105,0.0,-40.68,-136.544,121.27,0.0,-15.273
11.024024587939493,10836,1,8,6,0.055625,0.066581,-0.306757,-0.156858,-63.923,95.0,-91.607,-171.685,-80,-95,0.0,-0.306,0.0,0.0,-0.306,-419.714,355.791,0.0,-63.923,-127.139,35.531,0.0,-91.607
11.034818039974198,10841,1,8,6,0.053486,0.065668,-0.34111,-0.182775,-87.878,64.0,-165.32,-170.669,-5,-20,0.0,-0.341,0.0,0.0,-0.341,-443.336,355.458,0.0,-87.878,-121.502,-43.817,0.0,-165.32
11.034818039974198,10846,1,8,6,0.051293,0.064768,-0.377276,-0.20055,-139.745,-2.0,-231.614,-169.666,61,2,0.0,-0.377,0.0,0.0,-0.377,-494.832,355.087,0.0,-139.745,-110.196,-121.417,0.0,-231.614
11.045830633956939,10851,1,8,6,0.04905,0.063719,-0.410737,-0.210686,-205.473,-80.0,-306.373,-168.499,137,80,0.209439,-0.41,0.0,0.0,-0.41,-560.14,354.667,0.0,-205.473,-100.378,-205.995,0.0,-306.373
11.045830633956939,10856,1,8,6,0.046759,0.062546,-0.442043,-0.233429,-229.888,-69.0,-412.886,-167.193,245,69,0.209439,-0.442,0.0,0.0,-0.442,-584.117,354.229,0.0,-229.888,-128.71,-284.175,0.0,-412.886
11.045830633956939,10861,1,8,6,0.044422,0.061094,-0.466829,-0.278912,-172.333,-82.0,-403.011,-165.575,237,57,0.314159,-0.466,0.0,0.0,-0.466,-526.168,353.834,0.0,-172.333,-72.266,-330.744,0.0,-403.011
11.057404232909903,10866,1,8,6,0.04204,0.059252,-0.481918,-0.351971,-10.291,51.0,-369.208,-163.523,205,-51,0.314159,-0.481,0.0,0.0,-0.481,-363.853,353.561,0.0,-10.291,-49.033,-320.175,0.0,-369.208
11.057404232909903,10871,1,8,6,0.039617,0.057025,-0.4874,-0.421321,168.401,100.0,-216.627,-161.042,55,-100,0.418879,-0.487,0.0,0.0,-0.487,-185.021,353.423,0.0,168.401,54.721,-271.349,0.0,-216.627
11.068334474926814,10876,1,8,6,0.037156,0.054634,-0.489395,-0.474433,311.498,173.0,-76.694,-158.379,-81,-173,0.418879,-0.489,0.0,0.0,-0.489,-41.892,353.391,0.0,311.498,110.799,-187.493,0.0,-76.694
11.068334474926814,10881,1,8,6,0.034657,0.052323,-0.494656,-0.491593,344.808,181.0,23.278,-155.804,-179,-190,0.418879,-0.494,0.0,0.0,-0.494,-8.577,353.385,0.0,344.808,131.046,-107.768,0.0,23.278
11.079219156992622,10886,1,8,6,0.032124,0.050309,-0.509166,-0.459207,213.396,125.0,-19.925,-153.559,-133,-125,0.418879,-0.509,0.0,0.0,-0.509,-139.884,353.28,0.0,213.396,70.717,-90.642,0.0,-19.925
11.079219156992622,10891,1,8,6,0.02956,0.048553,-0.531808,-0.406566,2.34,25.0,-151.934,-151.602,0,-25,0.418879,-0.531,0.0,0.0,-0.531,-350.677,353.017,0.0,2.34,-18.127,-133.806,0.0,-151.934
11.090220727957785,10900,1,8,6,0.024872,0.045859,-0.587654,-0.344939,-327.535,-95.0,-541.884,-148.6,393,142,0.314159,-0.587,0.0,0.0,-0.587,-679.603,352.068,0.0,-327.535,-186.028,-355.856,0.0,-541.884
11.090220727957785,10905,1,8,6,0.022232,0.044106,-0.612452,-0.376893,-307.992,-124.0,-587.712,-146.645,441,124,0.314159,-0.612,0.0,0.0,-0.612,-659.565,351.573,0.0,-307.992,-147.193,-440.518,0.0,-587.712
11.101680101943202,10910,1,8,6,0.019571,0.041699,-0.619605,-0.46583,-79.32,-41.0,-465.203,-143.963,321,41,0.523598,-0.619,0.0,0.0,-0.619,-430.57,351.25,0.0,-79.32,-30.656,-434.547,0.0,-465.203
11.101680101943202,10916,1,8,6,0.01689,0.038886,-0.615902,-0.549367,164.81,59.0,-276.545,-140.826,135,-59,0.523598,-0.615,0.0,0.0,-0.615,-186.299,351.11,0.0,164.81,84.648,-361.193,0.0,-276.545
11.112893017940223,10921,1,8,6,0.013651,0.035269,-0.605311,-0.589807,307.666,81.0,-64.054,-136.793,-72,-190,0.523598,-0.605,0.0,0.0,-0.605,-43.41,351.077,0.0,307.666,181.333,-245.387,0.0,-64.054
11.112893017940223,10926,1,8,6,0.010936,0.032303,-0.598274,-0.579755,299.183,146.0,-63.84,-133.486,-69,-146,0.523598,-0.598,0.0,0.0,-0.598,-51.855,351.038,0.0,299.183,122.546,-186.386,0.0,-63.84
11.123911001021042,10931,1,8,6,0.008212,0.029795,-0.604332,-0.530418,143.923,99.0,-142.054,-130.688,11,-99,0.418879,-0.604,0.0,0.0,-0.604,-206.96,350.883,0.0,143.923,35.938,-177.993,0.0,-142.054
11.123911001021042,10936,1,8,6,0.005479,0.027546,-0.617879,-0.47556,-47.909,21.0,-282.956,-128.179,154,-21,0.418879,-0.617,0.0,0.0,-0.617,-398.494,350.584,0.0,-47.909,-55.127,-227.829,0.0,-282.956
11.135209757019766,10941,1,8,6,0.00274,0.025576,-0.639392,-0.453471,-170.383,9.0,-462.316,-125.982,336,83,0.418879,-0.639,0.0,0.0,-0.639,-520.577,350.194,0.0,-170.383,-143.506,-318.809,0.0,-462.316
11.135209757019766,10946,1,8,6,0.0,0.023554,-0.659551,-0.464346,-196.79,-66.0,-481.955,-123.727,358,66,0.418879,-0.659,0.0,0.0,-0.659,-546.574,349.784,0.0,-196.79,-104.632,-377.323,0.0,-481.955
11.146193515975028,10951,1,8,6,-0.002741,0.021088,-0.66723,-0.528049,-40.215,10.0,-421.179,-120.975,300,-10,0.418879,-0.667,0.0,0.0,-0.667,-389.707,349.492,0.0,-40.215,-40.172,-381.007,0.0,-421.179
11.146193515975028,10956,1,8,6,-0.005479,0.018233,-0.663972,-0.593638,152.407,45.0,-234.348,-117.791,116,-45,0.523598,-0.663,0.0,0.0,-0.663,-196.937,349.344,0.0,152.407,85.925,-320.274,0.0,-234.348
11.146193515975028,10961,1,8,6,-0.008212,0.015332,-0.65926,-0.60965,210.333,66.0,-130.226,-114.553,15,-94,0.523598,-0.659,0.0,0.0,-0.659,-138.906,349.24,0.0,210.333,115.466,-245.693,0.0,-130.226
11.157231229008175,10966,1,8,6,-0.010937,0.01262,-0.659636,-0.570649,99.89,27.0,-176.434,-111.528,64,-27,0.523598,-0.659,0.0,0.0,-0.659,-249.162,349.053,0.0,99.89,58.312,-234.746,0.0,-176.434
11.157231229008175,10971,1,8,6,-0.013651,0.01034,-0.671782,-0.504335,-120.136,-99.0,-299.567,-108.984,190,99,0.418879,-0.671,0.0,0.0,-0.671,-468.851,348.714,0.0,-120.136,-16.909,-282.658,0.0,-299.567
11.16819542599842,10976,1,8,6,-0.016352,0.008311,-0.69057,-0.43807,-358.815,-165.0,-548.957,-106.719,442,165,0.418879,-0.69,0.0,0.0,-0.69,-707.0,348.184,0.0,-358.815,-155.052,-393.904,0.0,-548.957
11.16819542599842,10981,1,8,6,-0.019036,0.006304,-0.709545,-0.402477,-512.25,-213.0,-789.177,-104.48,684,310,0.418879,-0.709,0.0,0.0,-0.709,-859.79,347.539,0.0,-512.25,-239.4,-549.777,0.0,-789.177
11.179242450976744,10986,1,8,6,-0.021702,0.003949,-0.718269,-0.466426,-358.15,-196.0,-712.951,-101.853,611,196,0.523598,-0.718,0.0,0.0,-0.718,-705.161,347.01,0.0,-358.15,-129.72,-583.231,0.0,-712.951
11.191082524950616,10995,1,8,6,-0.026444,-0.001835,-0.689054,-0.681841,326.547,59.0,-148.78,-95.397,53,-59,0.733038,-0.689,0.0,0.0,-0.689,-20.196,346.743,0.0,326.547,214.037,-362.817,0.0,-148.78
11.191082524950616,11000,1,8,6,-0.029044,-0.00502,-0.672677,-0.662777,319.002,92.0,-64.546,-91.844,-27,-59,0.733038,-0.672,0.0,0.0,-0.672,-27.72,346.722,0.0,319.002,181.601,-246.148,0.0,-64.546
11.191082524950616,11006,1,8,6,-0.031614,-0.007665,-0.670589,-0.576959,84.36,-36.0,-127.587,-88.892,38,36,0.523598,-0.67,0.0,0.0,-0.67,-262.164,346.525,0.0,84.36,96.288,-223.875,0.0,-127.587
11.202178974985145,11011,1,8,6,-0.034657,-0.009754,-0.69729,-0.431231,-398.996,-310.0,-421.657,-86.561,335,310,0.523598,-0.697,0.0,0.0,-0.697,-744.962,345.966,0.0,-398.996,-71.197,-350.46,0.0,-421.657
11.202178974985145,11016,1,8,6,-0.037156,-0.011097,-0.729636,-0.332699,-766.288,-407.0,-834.934,-85.062,749,407,0.418879,-0.729,0.0,0.0,-0.729,-1111.421,345.132,0.0,-766.288,-287.43,-547.503,0.0,-834.934
11.21318123396486,11021,1,8,6,-0.039618,-0.012715,-0.753272,-0.33471,-827.72,-487.0,-999.24,-83.257,915,555,0.418879,-0.753,0.0,0.0,-0.753,-1171.974,344.253,0.0,-827.72,-272.576,-726.664,0.0,-999.24
11.21318123396486,11026,1,8,6,-0.042041,-0.014922,-0.759321,-0.419324,-608.451,-458.0,-883.311,-80.795,802,458,0.523598,-0.759,0.0,0.0,-0.759,-951.991,343.539,0.0,-608.451,-120.361,-762.95,0.0,-883.311
11.224188545020297,11031,1,8,6,-0.044422,-0.017639,-0.749914,-0.502915,-348.576,-391.0,-688.861,-77.763,611,391,0.523598,-0.749,0.0,0.0,-0.749,-691.597,343.021,0.0,-348.576,33.938,-722.8,0.0,-688.861
11.224188545020297,11036,1,8,6,-0.046759,-0.020049,-0.747892,-0.478669,-411.367,-482.0,-648.88,-75.075,573,482,0.523598,-0.747,0.0,0.0,-0.747,-753.823,342.455,0.0,-411.367,56.505,-705.386,0.0,-648.88
11.23523959191516,11041,1,8,6,-0.049051,-0.021642,-0.767445,-0.375182,-756.705,-509.0,-1030.318,-73.298,957,744,0.314159,-0.767,0.0,0.0,-0.767,-1098.338,341.632,0.0,-756.705,-198.164,-832.153,0.0,-1030.318
11.23523959191516,11046,1,8,6,-0.051294,-0.022702,-0.80056,-0.278856,-1120.236,-904.0,-1174.028,-72.115,1101,904,0.314159,-0.8,0.0,0.0,-0.8,-1460.772,340.536,0.0,-1120.236,-172.988,-1001.039,0.0,-1174.028
11.246999332914129,11051,1,8,6,-0.053486,-0.023798,-0.831266,-0.242429,-1309.444,-1014.0,-1417.63,-70.893,1346,1014,0.314159,-0.831,0.0,0.0,-0.831,-1648.744,339.3,0.0,-1309.444,-236.355,-1181.275,0.0,-1417.63
11.246999332914129,11056,1,8,6,-0.055625,-0.025371,-0.84711,-0.276169,-1260.533,-984.0,-1534.533,-69.138,1465,984,0.314159,-0.847,0.0,0.0,-0.847,-1598.634,338.1,0.0,-1260.533,-221.226,-1313.307,0.0,-1534.533
11.246999332914129,11061,1,8,6,-0.05771,-0.027484,-0.846318,-0.371587,-992.104,-1012.0,-1290.826,-66.781,1224,801,0.523598,-0.846,0.0,0.0,-0.846,-1329.246,337.141,0.0,-992.104,15.916,-1306.742,0.0,-1290.826
11.258799460949376,11066,1,8,6,-0.059738,-0.030299,-0.824273,-0.51959,-516.609,-601.0,-1113.544,-63.641,1049,601,0.523598,-0.824,0.0,0.0,-0.824,-853.111,336.501,0.0,-516.609,67.512,-1181.056,0.0,-1113.544
11.258799460949376,11071,1,8,6,-0.061706,-0.033547,-0.788462,-0.609025,-166.299,-458.0,-756.176,-60.019,696,458,0.628318,-0.788,0.0,0.0,-0.788,-502.424,336.125,0.0,-166.299,233.36,-989.537,0.0,-756.176
11.269575615995564,11076,1,8,6,-0.063614,-0.036464,-0.760206,-0.589902,-141.081,-421.0,-617.474,-56.766,560,421,0.628318,-0.76,0.0,0.0,-0.76,-476.848,335.767,0.0,-141.081,223.934,-841.409,0.0,-617.474
11.281324737006798,11085,1,8,6,-0.066889,-0.040101,-0.750059,-0.388747,-677.233,-641.0,-912.49,-52.711,859,641,0.314159,-0.75,0.0,0.0,-0.75,-1011.674,334.441,0.0,-677.233,-28.986,-883.504,0.0,-912.49
11.281324737006798,11090,1,8,6,-0.068616,-0.041759,-0.752009,-0.35852,-768.152,-649.0,-1040.649,-50.862,989,649,0.314159,-0.752,0.0,0.0,-0.752,-1101.767,333.614,0.0,-768.152,-95.322,-945.327,0.0,-1040.649
11.281324737006798,11096,1,8,6,-0.070276,-0.043764,-0.742328,-0.399285,-627.628,-576.0,-997.657,-48.627,949,576,0.314159,-0.742,0.0,0.0,-0.742,-960.519,332.891,0.0,-627.628,-41.302,-956.354,0.0,-997.657
11.292266962002032,11101,1,8,6,-0.072176,-0.04666,-0.714438,-0.473033,-343.551,-530.0,-708.706,-45.398,663,345,0.418879,-0.714,0.0,0.0,-0.714,-675.936,332.384,0.0,-343.551,149.158,-857.865,0.0,-708.706
11.292266962002032,11106,1,8,6,-0.073681,-0.049709,-0.671216,-0.580483,78.143,-87.0,-539.941,-42.0,497,87,0.523598,-0.671,0.0,0.0,-0.671,-254.05,332.194,0.0,78.143,132.115,-672.056,0.0,-539.941
11.303286133916117,11111,1,8,6,-0.075114,-0.053016,-0.618732,-0.656611,438.335,43.0,-119.146,-38.315,80,-43,0.523598,-0.618,0.0,0.0,-0.618,106.061,332.273,0.0,438.335,316.268,-435.414,0.0,-119.146
11.303286133916117,11116,1,8,6,-0.076472,-0.055941,-0.574857,-0.608153,425.572,51.0,53.105,-35.056,-88,-51,0.523598,-0.574,0.0,0.0,-0.574,93.229,332.343,0.0,425.572,299.658,-246.552,0.0,53.105
11.314158731955104,11121,1,8,6,-0.077755,-0.057994,-0.55329,-0.470544,100.481,78.0,-214.214,-32.769,181,105,0.209439,-0.553,0.0,0.0,-0.553,-231.688,332.169,0.0,100.481,17.985,-232.199,0.0,-214.214
11.314158731955104,11126,1,8,6,-0.078961,-0.059134,-0.555131,-0.317667,-333.228,-281.0,-370.395,-31.499,338,281,0.209439,-0.555,0.0,0.0,-0.555,-664.899,331.671,0.0,-333.228,-41.782,-328.612,0.0,-370.395
11.32530925993342,11131,1,8,6,-0.080089,-0.060107,-0.559481,-0.269298,-481.449,-299.0,-570.733,-30.415,540,299,0.209439,-0.559,0.0,0.0,-0.559,-812.511,331.061,0.0,-481.449,-145.959,-424.773,0.0,-570.733
11.32530925993342,11136,1,8,6,-0.081138,-0.061495,-0.549998,-0.29841,-373.912,-300.0,-520.954,-28.869,492,300,0.209439,-0.549,0.0,0.0,-0.549,-704.446,330.533,0.0,-373.912,-59.13,-461.824,0.0,-520.954
11.336776999989524,11141,1,8,6,-0.082107,-0.063331,-0.525714,-0.354458,-149.344,-252.0,-322.827,-26.824,296,88,0.314159,-0.525,0.0,0.0,-0.525,-479.517,330.173,0.0,-149.344,82.124,-404.951,0.0,-322.827
11.336776999989524,11146,1,8,6,-0.082995,-0.065483,-0.490339,-0.4268,152.13,44.0,-214.046,-24.429,189,-44,0.314159,-0.49,0.0,0.0,-0.49,-177.909,330.04,0.0,152.13,86.504,-300.551,0.0,-214.046
11.336776999989524,11151,1,8,6,-0.083801,-0.067785,-0.448456,-0.454489,346.944,99.0,33.601,-21.866,-55,-99,0.209439,-0.448,0.0,0.0,-0.448,16.892,330.052,0.0,346.944,198.355,-164.754,0.0,33.601
11.348199032014236,11156,1,8,6,-0.084524,-0.069741,-0.413938,-0.406735,309.868,111.0,96.403,-19.688,-116,-111,0.209439,-0.413,0.0,0.0,-0.413,-20.168,330.037,0.0,309.868,159.094,-62.69,0.0,96.403
11.348199032014236,11161,1,8,6,-0.085164,-0.071139,-0.392706,-0.303033,78.762,93.0,-83.553,-18.132,65,21,0.209439,-0.392,0.0,0.0,-0.392,-251.086,329.849,0.0,78.762,-11.389,-72.163,0.0,-83.553
11.359020076924935,11166,1,8,6,-0.08572,-0.071977,-0.384813,-0.203845,-177.24,-153.0,-158.621,-17.199,141,153,0.209439,-0.384,0.0,0.0,-0.384,-506.709,329.469,0.0,-177.24,-19.392,-139.228,0.0,-158.621
11.370130049996078,11175,1,8,6,-0.086507,-0.073547,-0.362891,-0.191026,-152.577,-124.0,-229.043,-15.452,213,124,0.104719,-0.362,0.0,0.0,-0.362,-481.223,328.646,0.0,-152.577,-22.861,-206.181,0.0,-229.043
11.370130049996078,11180,1,8,6,-0.086825,-0.074782,-0.337211,-0.236557,46.605,-70.0,-49.369,-14.078,35,-9,0.209439,-0.337,0.0,0.0,-0.337,-281.829,328.435,0.0,46.605,93.284,-142.653,0.0,-49.369
11.382042376906611,11186,1,8,6,-0.087058,-0.076094,-0.306981,-0.261074,199.8,45.0,73.4,-12.618,-86,-45,0.209439,-0.306,0.0,0.0,-0.306,-128.537,328.338,0.0,199.8,123.84,-50.439,0.0,73.4
11.382042376906611,11191,1,8,6,-0.087223,-0.077554,-0.270717,-0.23052,215.701,63.0,153.484,-10.993,-164,-63,0.104719,-0.27,0.0,0.0,-0.27,-112.552,328.253,0.0,215.701,122.161,31.323,0.0,153.484
11.382042376906611,11196,1,8,6,-0.087266,-0.078227,-0.253084,-0.161413,71.381,14.0,97.085,-10.245,-107,-14,0.0,-0.253,0.0,0.0,-0.253,-256.679,328.061,0.0,71.381,45.905,51.18,0.0,97.085
11.392953187925741,11201,1,8,6,-0.087223,-0.078355,-0.248294,-0.069681,-172.43,-34.0,-134.091,-10.102,123,135,0.0,-0.248,0.0,0.0,-0.248,-500.117,327.686,0.0,-172.43,-110.744,-23.346,0.0,-134.091
11.392953187925741,11206,1,8,6,-0.087094,-0.078359,-0.244571,-0.04113,-242.376,-135.0,-162.849,-10.098,152,135,0.0,-0.244,0.0,0.0,-0.244,-569.636,327.259,0.0,-242.376,-85.901,-76.948,0.0,-162.849
11.404043009970337,11211,1,8,6,-0.086879,-0.078593,-0.231997,-0.051102,-179.627,-101.0,-169.529,-9.838,159,101,0.0,-0.231,0.0,0.0,-0.231,-506.506,326.879,0.0,-179.627,-62.901,-106.627,0.0,-169.529
11.404043009970337,11216,1,8,6,-0.086578,-0.079052,-0.210718,-0.072661,-59.97,-118.0,-34.495,-9.327,25,118,0.0,-0.21,0.0,0.0,-0.21,-386.559,326.589,0.0,-59.97,46.423,-80.919,0.0,-34.495
11.414893031935208,11221,1,8,6,-0.086192,-0.079543,-0.186168,-0.092624,64.471,-70.0,99.404,-8.781,-108,34,0.0,-0.186,0.0,0.0,-0.186,-261.921,326.392,0.0,64.471,107.577,-8.173,0.0,99.404
11.414893031935208,11226,1,8,6,-0.08572,-0.079917,-0.162498,-0.070874,69.653,14.0,82.509,-8.365,-90,-14,0.0,-0.162,0.0,0.0,-0.162,-256.547,326.2,0.0,69.653,44.522,37.987,0.0,82.509
11.426197863998823,11231,1,8,6,-0.085164,-0.079936,-0.146383,-0.021398,-24.02,-70.0,72.784,-8.344,-81,70,0.0,-0.146,0.0,0.0,-0.146,-349.958,325.937,0.0,-24.02,36.783,36.0,0.0,72.784
11.426197863998823,11236,1,8,6,-0.084524,-0.07991,-0.129206,-0.011196,-4.738,-34.0,81.288,-8.373,-89,34,0.0,-0.129,0.0,0.0,-0.129,-330.428,325.69,0.0,-4.738,23.409,57.879,0.0,81.288
11.426197863998823,11241,1,8,6,-0.083801,-0.08,-0.106413,-0.002449,34.38,-22.0,131.519,-8.272,-139,-14,0.0,-0.106,0.0,0.0,-0.106,-291.099,325.48,0.0,34.38,45.104,86.414,0.0,131.519
11.437997724977322,11246,1,8,6,-0.082995,-0.080054,-0.082347,0.008811,70.044,32.0,143.413,-8.213,-151,-32,0.0,-0.082,0.0,0.0,-0.082,-255.244,325.288,0.0,70.044,30.435,112.977,0.0,143.413
11.437997724977322,11251,1,8,6,-0.082107,-0.080086,-0.056593,0.00069,164.772,98.0,220.852,-8.178,-229,-98,0.0,-0.056,0.0,0.0,-0.056,-160.395,325.168,0.0,164.772,53.418,167.434,0.0,220.852
11.449070575996302,11256,1,8,6,-0.081138,-0.080111,-0.028745,-0.003922,255.611,173.0,291.253,-8.149,-299,-173,0.0,-0.028,0.0,0.0,-0.028,-69.505,325.116,0.0,255.611,66.088,225.164,0.0,291.253
11.460200249915943,11265,1,8,6,-0.079192,-0.080046,0.023897,0.028755,311.467,244.0,396.998,-8.222,-405,-244,0.0,0.023,0.0,0.0,0.023,-13.6,325.067,0.0,311.467,53.974,343.024,0.0,396.998
11.460200249915943,11270,1,8,6,-0.078002,-0.080044,0.057186,0.02872,404.833,293.0,503.192,-8.224,-511,-293,0.0,0.057,0.0,0.0,0.057,79.705,325.127,0.0,404.833,89.466,413.726,0.0,503.192
11.4719410429243,11276,1,8,6,-0.076734,-0.080055,0.092981,0.028368,506.18,378.0,597.776,-8.212,-605,-378,0.0,0.092,0.0,0.0,0.092,180.916,325.263,0.0,506.18,102.544,495.232,0.0,597.776
11.4719410429243,11281,1,8,6,-0.075113,-0.079958,0.135665,0.026588,630.906,395.0,803.748,-8.319,-812,-480,0.0,0.135,0.0,0.0,0.135,305.413,325.492,0.0,630.906,188.725,615.022,0.0,803.748
11.4719410429243,11286,1,8,6,-0.073681,-0.079683,0.168044,0.04816,661.421,558.0,780.616,-8.626,-789,-558,0.0,0.168,0.0,0.0,0.168,335.676,325.744,0.0,661.421,82.736,697.879,0.0,780.616
11.483081253012642,11291,1,8,6,-0.072176,-0.079262,0.198406,0.07773,663.891,546.0,847.487,-9.094,-856,-546,0.0,0.198,0.0,0.0,0.198,337.893,325.998,0.0,663.891,94.313,753.174,0.0,847.487
11.483081253012642,11296,1,8,6,-0.070599,-0.078873,0.23165,0.081336,747.192,612.0,940.816,-9.527,-950,-612,0.0,0.231,0.0,0.0,0.231,420.878,326.313,0.0,747.192,108.154,832.662,0.0,940.816
11.493992419913411,11301,1,8,6,-0.068953,-0.07866,0.271791,0.07288,883.68,647.0,1144.252,-9.763,-1154,-763,0.0,0.271,0.0,0.0,0.271,556.948,326.731,0.0,883.68,189.344,954.908,0.0,1144.252
11.493992419913411,11306,1,8,6,-0.067239,-0.078364,0.311482,0.089664,948.287,787.0,1174.092,-10.093,-1184,-787,0.0,0.311,0.0,0.0,0.311,621.09,327.197,0.0,948.287,129.03,1045.062,0.0,1174.092
11.504827518947423,11311,1,8,6,-0.065459,-0.077755,0.344303,0.123393,946.207,835.0,1203.032,-10.77,-1213,-835,-0.209439,0.344,0.0,0.0,0.344,618.546,327.661,0.0,946.207,88.966,1114.065,0.0,1203.032
11.504827518947423,11316,1,8,6,-0.063614,-0.077001,0.374828,0.140272,984.911,853.0,1289.053,-11.609,-1300,-853,-0.209439,0.374,0.0,0.0,0.374,656.758,328.153,0.0,984.911,105.529,1183.523,0.0,1289.053
11.516065782983787,11321,1,8,6,-0.061706,-0.076293,0.408432,0.144281,1068.33,872.0,1440.806,-12.397,-1453,-973,-0.209439,0.408,0.0,0.0,0.408,739.621,328.708,0.0,1068.33,157.064,1283.742,0.0,1440.806
11.516065782983787,11326,1,8,6,-0.059737,-0.075578,0.443542,0.164105,1111.719,973.0,1463.963,-13.192,-1477,-973,-0.209439,0.443,0.0,0.0,0.443,782.423,329.295,0.0,1111.719,110.975,1352.988,0.0,1463.963
11.516065782983787,11331,1,8,6,-0.05771,-0.07476,0.477423,0.192566,1127.47,998.0,1526.245,-14.102,-1540,-998,-0.209439,0.477,0.0,0.0,0.477,797.599,329.87,0.0,1127.47,103.575,1422.669,0.0,1526.245
11.527225943980739,11336,1,8,6,-0.055625,-0.073779,0.508303,0.188596,1225.723,1064.0,1647.22,-15.194,-1662,-1064,-0.209439,0.508,0.0,0.0,0.508,895.181,330.542,0.0,1225.723,129.378,1517.841,0.0,1647.22
11.527225943980739,11341,1,8,6,-0.053485,-0.072617,0.535671,0.220756,1212.963,1101.0,1668.179,-16.487,-1684,-1096,-0.314159,0.535,0.0,0.0,0.535,881.76,331.203,0.0,1212.963,89.571,1578.607,0.0,1668.179
11.538705911953002,11346,1,8,6,-0.051293,-0.071131,0.555454,0.297623,1053.673,1010.0,1599.43,-18.141,-1617,-1010,-0.314159,0.555,0.0,0.0,0.555,721.928,331.745,0.0,1053.673,34.938,1564.491,0.0,1599.43
11.549976533977315,11355,1,8,6,-0.047221,-0.068132,0.585502,0.352464,985.234,981.0,1554.822,-21.479,-1576,-981,-0.314159,0.585,0.0,0.0,0.585,652.505,332.728,0.0,985.234,3.387,1551.434,0.0,1554.822
11.549976533977315,11360,1,8,6,-0.044892,-0.066407,0.602416,0.370166,983.516,971.0,1566.648,-23.399,-1590,-966,-0.418879,0.602,0.0,0.0,0.602,650.299,333.216,0.0,983.516,10.012,1556.635,0.0,1566.648
11.560762297944166,11366,1,8,6,-0.04252,-0.064443,0.613839,0.405674,916.516,920.0,1533.518,-25.587,-1559,-920,-0.418879,0.613,0.0,0.0,0.613,582.861,333.655,0.0,916.516,-2.786,1536.305,0.0,1533.518
11.560762297944166,11371,1,8,6,-0.039618,-0.061771,0.620286,0.427764,873.12,910.0,1485.286,-28.562,-1513,-910,-0.418879,0.62,0.0,0.0,0.62,539.06,334.059,0.0,873.12,-29.503,1514.79,0.0,1485.286
11.560762297944166,11376,1,8,6,-0.037156,-0.059577,0.627811,0.435279,873.553,881.0,1499.777,-31.005,-1530,-881,-0.418879,0.627,0.0,0.0,0.627,539.089,334.464,0.0,873.553,-5.957,1505.734,0.0,1499.777
11.572125797974877,11381,1,8,6,-0.034657,-0.057379,0.636231,0.456342,838.532,900.0,1427.884,-33.454,-1461,-844,-0.418879,0.636,0.0,0.0,0.636,503.69,334.841,0.0,838.532,-49.173,1477.058,0.0,1427.884
11.572125797974877,11386,1,8,6,-0.032124,-0.055165,0.645139,0.474634,812.613,817.0,1460.484,-35.921,-1496,-817,-0.418879,0.645,0.0,0.0,0.645,477.413,335.199,0.0,812.613,-3.509,1463.993,0.0,1460.484
11.583204493974335,11391,1,8,6,-0.02956,-0.052915,0.653937,0.466184,861.303,855.0,1482.792,-38.428,-1521,-855,-0.418879,0.653,0.0,0.0,0.653,525.709,335.594,0.0,861.303,5.042,1477.749,0.0,1482.792
11.583204493974335,11396,1,8,6,-0.026966,-0.050666,0.663589,0.487511,828.983,818.0,1484.631,-40.934,-1525,-818,-0.523598,0.663,0.0,0.0,0.663,493.019,335.964,0.0,828.983,8.786,1475.844,0.0,1484.631
11.594229980953969,11401,1,8,6,-0.024346,-0.047984,0.661876,0.545003,663.452,783.0,1316.394,-43.923,-1360,-692,-0.523598,0.661,0.0,0.0,0.661,327.243,336.209,0.0,663.452,-95.637,1412.032,0.0,1316.394
11.594229980953969,11406,1,8,6,-0.021702,-0.044982,0.651856,0.596185,492.204,582.0,1253.35,-47.269,-1300,-582,-0.628318,0.651,0.0,0.0,0.651,155.878,336.326,0.0,492.204,-71.836,1325.186,0.0,1253.35
11.60516869102139,11411,1,8,6,-0.019036,-0.041888,0.639847,0.611755,415.043,539.0,1151.222,-50.719,-1201,-539,-0.628318,0.639,0.0,0.0,0.639,78.658,336.385,0.0,415.043,-99.164,1250.387,0.0,1151.222
11.60516869102139,11416,1,8,6,-0.016351,-0.038966,0.63322,0.608296,406.225,498.0,1122.87,-53.976,-1176,-498,-0.628318,0.633,0.0,0.0,0.633,69.787,336.437,0.0,406.225,-73.419,1196.29,0.0,1122.87
11.61702271795366,11421,1,8,6,-0.013651,-0.036073,0.627833,0.617806,364.534,503.0,1016.85,-57.202,-1074,-444,-0.733038,0.627,0.0,0.0,0.627,28.075,336.458,0.0,364.534,-110.772,1127.622,0.0,1016.85
11.61702271795366,11426,1,8,6,-0.010937,-0.033215,0.623787,0.617462,354.18,457.0,1001.068,-60.389,-1061,-457,-0.733038,0.623,0.0,0.0,0.623,17.709,336.471,0.0,354.18,-82.255,1083.323,0.0,1001.068
11.61702271795366,11431,1,8,6,-0.008212,-0.030397,0.621191,0.596306,406.2,474.0,1000.594,-63.532,-1064,-474,-0.733038,0.621,0.0,0.0,0.621,69.676,336.523,0.0,406.2,-54.239,1054.834,0.0,1000.594
11.627899648970924,11436,1,8,6,-0.005479,-0.027706,0.62237,0.574432,470.851,484.0,1039.909,-66.533,-1106,-484,-0.733038,0.622,0.0,0.0,0.622,134.226,336.624,0.0,470.851,-10.518,1050.428,0.0,1039.909
11.639050628989935,11445,1,8,6,-0.000548,-0.023483,0.642184,0.501637,730.645,703.0,1165.055,-71.244,-1236,-703,-0.628318,0.642,0.0,0.0,0.642,393.533,337.112,0.0,730.645,22.116,1142.938,0.0,1165.055
11.639050628989935,11450,1,8,6,0.002193,-0.021516,0.663861,0.438712,968.003,866.0,1324.676,-73.439,-1398,-866,-0.628318,0.663,0.0,0.0,0.663,630.418,337.584,0.0,968.003,81.602,1243.074,0.0,1324.676
11.65084765094798,11456,1,8,6,0.004932,-0.019929,0.696136,0.370082,1251.224,976.0,1623.545,-75.209,-1698,-976,-0.523598,0.696,0.0,0.0,0.696,912.951,338.272,0.0,1251.224,220.179,1403.366,0.0,1623.545
11.65084765094798,11461,1,8,6,0.008212,-0.018063,0.735751,0.356493,1400.989,1022.0,1901.008,-77.29,-1978,-1182,-0.523598,0.735,0.0,0.0,0.735,1061.921,339.068,0.0,1400.989,303.191,1597.816,0.0,1901.008
11.65084765094798,11466,1,8,6,0.010937,-0.016143,0.758263,0.388687,1374.658,1164.0,1864.32,-79.433,-1943,-1164,-0.523598,0.758,0.0,0.0,0.758,1034.813,339.844,0.0,1374.658,168.526,1695.793,0.0,1864.32
11.662558009964414,11476,1,8,6,0.015813,-0.011926,0.776708,0.480102,1171.609,1132.0,1791.992,-84.138,-1876,-1132,-0.523598,0.776,0.0,0.0,0.776,830.497,341.112,0.0,1171.609,31.687,1760.304,0.0,1791.992
11.673510227934457,11481,1,8,6,0.019036,-0.009157,0.789453,0.471931,1230.865,1148.0,1871.534,-87.227,-1958,-1181,-0.628318,0.789,0.0,0.0,0.789,889.061,341.803,0.0,1230.865,66.291,1805.242,0.0,1871.534
11.673510227934457,11486,1,8,6,0.021702,-0.006982,0.803167,0.457954,1309.126,1230.0,1927.564,-89.655,-2017,-1230,-0.628318,0.803,0.0,0.0,0.803,966.597,342.528,0.0,1309.126,63.3,1864.263,0.0,1927.564
11.68454039201606,11491,1,8,6,0.024346,-0.004673,0.812569,0.480438,1273.193,1215.0,1935.557,-92.231,-2027,-1215,-0.628318,0.812,0.0,0.0,0.812,929.967,343.226,0.0,1273.193,46.554,1889.002,0.0,1935.557
11.68454039201606,11496,1,8,6,0.026967,-0.002165,0.8157,0.504357,1215.64,1218.0,1886.404,-95.03,-1981,-1218,-0.628318,0.815,0.0,0.0,0.815,871.76,343.879,0.0,1215.64,-1.887,1888.292,0.0,1886.404
11.696514317998663,11501,1,8,6,0.02956,0.000468,0.814591,0.518772,1172.795,1188.0,1864.984,-97.968,-1962,-1179,-0.628318,0.814,0.0,0.0,0.814,828.294,344.501,0.0,1172.795,-12.163,1877.147,0.0,1864.984
11.696514317998663,11506,1,8,6,0.032125,0.003049,0.814126,0.541762,1107.692,1134.0,1825.682,-100.848,-1926,-1134,-0.628318,0.814,0.0,0.0,0.814,762.619,345.073,0.0,1107.692,-21.045,1846.728,0.0,1825.682
11.696514317998663,11511,1,8,6,0.034658,0.005613,0.813241,0.544142,1099.113,1168.0,1767.193,-103.71,-1870,-1168,-0.523598,0.813,0.0,0.0,0.813,753.475,345.638,0.0,1099.113,-55.109,1822.303,0.0,1767.193
11.707495743990876,11516,1,8,6,0.037156,0.007959,0.817504,0.503963,1224.187,1211.0,1847.675,-106.328,-1954,-1211,-0.523598,0.817,0.0,0.0,0.817,877.915,346.271,0.0,1224.187,10.55,1837.125,0.0,1847.675
11.707495743990876,11521,1,8,6,0.039618,0.009984,0.829745,0.447535,1417.263,1232.0,2080.599,-108.587,-2189,-1387,-0.523598,0.829,0.0,0.0,0.829,1070.189,347.074,0.0,1417.263,148.211,1932.388,0.0,2080.599
11.718433783971705,11526,1,8,6,0.042041,0.011878,0.844558,0.423325,1527.411,1388.0,2113.864,-110.7,-2224,-1388,-0.523598,0.844,0.0,0.0,0.844,1179.452,347.959,0.0,1527.411,111.529,2002.335,0.0,2113.864
11.729394495952874,11535,1,8,6,0.046296,0.015939,0.849996,0.493128,1348.798,1324.0,2054.874,-115.23,-2170,-1324,-0.523598,0.849,0.0,0.0,0.849,999.231,349.567,0.0,1348.798,19.838,2035.035,0.0,2054.874
11.729394495952874,11540,1,8,6,0.048596,0.018515,0.842285,0.519308,1254.581,1312.0,1959.103,-118.105,-2077,-1258,-0.523598,0.842,0.0,0.0,0.842,904.335,350.245,0.0,1254.581,-45.934,2005.038,0.0,1959.103
11.741371340001933,11545,1,8,6,0.050849,0.021132,0.832073,0.529453,1198.217,1276.0,1911.031,-121.025,-2032,-1276,-0.523598,0.832,0.0,0.0,0.832,847.336,350.881,0.0,1198.217,-62.225,1973.256,0.0,1911.031
11.741371340001933,11551,1,8,6,0.053052,0.023765,0.820026,0.540027,1135.47,1216.0,1850.164,-123.962,-1974,-1216,-0.523598,0.82,0.0,0.0,0.82,783.998,351.471,0.0,1135.47,-64.423,1914.588,0.0,1850.164
11.741371340001933,11556,1,8,6,0.055625,0.026687,0.810268,0.508207,1197.875,1271.0,1829.361,-127.222,-1956,-1271,-0.523598,0.81,0.0,0.0,0.81,845.769,352.105,0.0,1197.875,-58.499,1887.861,0.0,1829.361
11.752398095908575,11561,1,8,6,0.05771,0.028753,0.810794,0.447114,1371.172,1256.0,2035.748,-129.526,-2165,-1366,-0.418879,0.81,0.0,0.0,0.81,1018.303,352.869,0.0,1371.172,92.138,1943.61,0.0,2035.748
11.752398095908575,11566,1,8,6,0.059738,0.030586,0.816248,0.421774,1458.226,1382.0,2048.941,-131.57,-2180,-1382,-0.418879,0.816,0.0,0.0,0.816,1104.528,353.698,0.0,1458.226,60.981,1987.96,0.0,2048.941
11.763448009965941,11571,1,8,6,0.061707,0.032656,0.813402,0.438859,1403.206,1334.0,2064.277,-133.879,-2198,-1334,-0.418879,0.813,0.0,0.0,0.813,1048.721,354.484,0.0,1403.206,55.365,2008.912,0.0,2064.277
11.763448009965941,11576,1,8,6,0.063614,0.035064,0.799406,0.468889,1280.627,1352.0,1919.552,-136.564,-2056,-1352,-0.418879,0.799,0.0,0.0,0.799,925.449,355.178,0.0,1280.627,-57.097,1976.649,0.0,1919.552
11.774785283021629,11581,1,8,6,0.065459,0.037547,0.781531,0.493755,1161.554,1277.0,1817.9,-139.333,-1957,-1231,-0.523598,0.781,0.0,0.0,0.781,805.771,355.782,0.0,1161.554,-92.356,1910.257,0.0,1817.9
11.774785283021629,11586,1,8,6,0.06724,0.039937,0.764486,0.486441,1134.891,1213.0,1801.74,-141.997,-1943,-1213,-0.523598,0.764,0.0,0.0,0.764,778.524,356.366,0.0,1134.891,-62.487,1864.227,0.0,1801.74
11.785374420927837,11591,1,8,6,0.068954,0.042153,0.750436,0.457085,1178.364,1270.0,1761.961,-144.468,-1906,-1270,-0.523598,0.75,0.0,0.0,0.75,821.381,356.982,0.0,1178.364,-73.308,1835.269,0.0,1761.961
11.785374420927837,11596,1,8,6,0.0706,0.044075,0.742697,0.408838,1292.491,1287.0,1845.668,-146.611,-1992,-1287,-0.418879,0.742,0.0,0.0,0.742,934.807,357.683,0.0,1292.491,4.392,1841.275,0.0,1845.668
11.785374420927837,11601,1,8,6,0.072176,0.045775,0.739223,0.360045,1420.176,1298.0,2001.2,-148.506,-2149,-1400,-0.418879,0.739,0.0,0.0,0.739,1061.696,358.48,0.0,1420.176,97.741,1903.458,0.0,2001.2
11.796971680014394,11606,1,8,6,0.073681,0.04728,0.739239,0.332304,1498.721,1395.0,2034.192,-150.184,-2184,-1395,-0.418879,0.739,0.0,0.0,0.739,1139.418,359.302,0.0,1498.721,82.976,1951.215,0.0,2034.192
11.796971680014394,11611,1,8,6,0.075114,0.049081,0.728915,0.364568,1380.237,1347.0,1978.966,-152.191,-2131,-1347,-0.418879,0.728,0.0,0.0,0.728,1020.169,360.067,0.0,1380.237,26.589,1952.376,0.0,1978.966
11.807899617939256,11616,1,8,6,0.076472,0.051139,0.709309,0.402537,1219.673,1304.0,1833.214,-154.485,-1987,-1304,-0.523598,0.709,0.0,0.0,0.709,858.961,360.711,0.0,1219.673,-67.461,1900.675,0.0,1833.214
11.819189523928799,11625,1,8,6,0.078726,0.055069,0.662399,0.423582,1030.471,1149.0,1639.926,-158.863,-1798,-1149,-0.523598,0.662,0.0,0.0,0.662,668.688,361.783,0.0,1030.471,-94.822,1734.749,0.0,1639.926
11.819189523928799,11630,1,8,6,0.07987,0.057075,0.638238,0.390676,1055.477,1173.0,1589.112,-161.099,-1750,-1173,-0.523598,0.638,0.0,0.0,0.638,693.174,362.303,0.0,1055.477,-94.017,1683.13,0.0,1589.112
11.830278111970983,11635,1,8,6,0.080934,0.058729,0.621755,0.343456,1142.125,1192.0,1622.015,-162.941,-1784,-1192,-0.523598,0.621,0.0,0.0,0.621,779.237,362.887,0.0,1142.125,-39.899,1661.915,0.0,1622.015
11.830278111970983,11641,1,8,6,0.08192,0.060083,0.611429,0.29776,1241.821,1222.0,1690.47,-164.449,-1854,-1253,-0.314159,0.611,0.0,0.0,0.611,878.271,363.549,0.0,1241.821,15.856,1674.613,0.0,1690.47
11.841891967924312,11646,1,8,6,0.082995,0.061392,0.604873,0.254334,1345.794,1318.0,1736.599,-165.908,-1902,-1318,-0.314159,0.604,0.0,0.0,0.604,981.509,364.285,0.0,1345.794,22.235,1714.363,0.0,1736.599
11.841891967924312,11651,1,8,6,0.083801,0.0625,0.59643,0.25084,1332.662,1290.0,1761.28,-167.141,-1928,-1290,-0.314159,0.596,0.0,0.0,0.596,967.65,365.011,0.0,1332.662,34.129,1727.15,0.0,1761.28
11.841891967924312,11656,1,8,6,0.084524,0.063771,0.581107,0.250717,1290.795,1308.0,1707.906,-168.556,-1876,-1308,-0.314159,0.581,0.0,0.0,0.581,925.09,365.705,0.0,1290.795,-13.763,1721.67,0.0,1707.906
11.853028726996854,11661,1,8,6,0.085164,0.064987,0.564975,0.242753,1268.604,1299.0,1680.995,-169.91,-1850,-1285,-0.314159,0.564,0.0,0.0,0.564,902.222,366.381,0.0,1268.604,-24.316,1705.312,0.0,1680.995
11.853028726996854,11666,1,8,6,0.08572,0.065962,0.553235,0.220199,1299.582,1347.0,1668.329,-170.996,-1839,-1347,-0.209439,0.553,0.0,0.0,0.553,932.501,367.081,0.0,1299.582,-37.933,1706.263,0.0,1668.329
11.863771314965561,11671,1,8,6,0.086192,0.066804,0.542862,0.179902,1384.128,1383.0,1717.7,-171.933,-1889,-1383,-0.209439,0.542,0.0,0.0,0.542,1016.285,367.843,0.0,1384.128,0.903,1716.796,0.0,1717.7
11.863771314965561,11676,1,8,6,0.086578,0.067394,0.537135,0.133531,1498.784,1425.0,1820.954,-172.591,-1993,-1425,-0.209439,0.537,0.0,0.0,0.537,1130.093,368.69,0.0,1498.784,59.027,1761.926,0.0,1820.954
11.874743120977655,11681,1,8,6,0.086879,0.067826,0.533472,0.089152,1613.72,1445.0,1983.353,-173.072,-2156,-1546,-0.209439,0.533,0.0,0.0,0.533,1244.096,369.624,0.0,1613.72,134.976,1848.377,0.0,1983.353
11.874743120977655,11686,1,8,6,0.087094,0.068284,0.526663,0.0878,1599.361,1520.0,1941.454,-173.582,-2115,-1520,-0.104719,0.526,0.0,0.0,0.526,1228.815,370.545,0.0,1599.361,63.488,1877.965,0.0,1941.454
11.886260800994933,11691,1,8,6,0.087223,0.069043,0.509031,0.122161,1454.593,1463.0,1849.892,-174.427,-2024,-1463,-0.209439,0.509,0.0,0.0,0.509,1083.235,371.358,0.0,1454.593,-6.725,1856.617,0.0,1849.892
11.886260800994933,11696,1,8,6,0.087266,0.069733,0.490915,0.123354,1401.271,1470.0,1769.825,-175.195,-1945,-1470,-0.209439,0.49,0.0,0.0,0.49,1029.17,372.1,0.0,1401.271,-54.982,1824.808,0.0,1769.825
11.886260800994933,11701,1,8,6,0.087223,0.070134,0.478492,0.080982,1485.963,1449.0,1869.903,-175.641,-2045,-1519,0.0,0.478,0.0,0.0,0.478,1113.028,372.935,0.0,1485.963,29.571,1840.332,0.0,1869.903
11.897305427934043,11706,1,8,6,0.087094,0.070361,0.468514,0.052641,1538.253,1533.0,1852.825,-175.894,-2028,-1533,0.0,0.468,0.0,0.0,0.468,1164.444,373.808,0.0,1538.253,4.202,1848.622,0.0,1852.825
11.908123604021966,11715,1,8,6,0.086645,0.070792,0.443871,0.022781,1554.629,1529.0,1873.963,-176.374,-2050,-1529,0.0,0.443,0.0,0.0,0.443,1179.05,375.578,0.0,1554.629,20.503,1853.46,0.0,1873.963
11.908123604021966,11720,1,8,6,0.086276,0.070801,0.433295,0.005524,1574.237,1543.0,1895.23,-176.383,-2071,-1561,0.0,0.433,0.0,0.0,0.433,1197.76,376.476,0.0,1574.237,24.99,1870.24,0.0,1895.23
11.919182108016685,11725,1,8,6,0.085821,0.070863,0.41883,0.021899,1488.718,1484.0,1845.252,-176.452,-2021,-1484,0.0,0.418,0.0,0.0,0.418,1111.407,377.31,0.0,1488.718,3.774,1841.477,0.0,1845.252
11.919182108016685,11731,1,8,6,0.085282,0.071099,0.397116,0.046711,1359.185,1446.0,1716.816,-176.715,-1893,-1446,0.0,0.397,0.0,0.0,0.397,981.136,378.049,0.0,1359.185,-69.451,1786.268,0.0,1716.816
11.93040635494981,11736,1,8,6,0.084524,0.071117,0.375414,0.010482,1400.625,1446.0,1727.127,-176.735,-1903,-1446,0.0,0.375,0.0,0.0,0.375,1021.809,378.815,0.0,1400.625,-36.3,1763.427,0.0,1727.127
11.93040635494981,11741,1,8,6,0.083801,0.07104,0.35731,-0.007425,1400.843,1425.0,1729.514,-176.649,-1906,-1446,0.0,0.357,0.0,0.0,0.357,1021.261,379.581,0.0,1400.843,-19.325,1748.84,0.0,1729.514
11.942182677914388,11746,1,8,6,0.082995,0.071077,0.333686,-0.00068,1316.511,1348.0,1668.564,-176.691,-1845,-1348,0.0,0.333,0.0,0.0,0.333,936.227,380.283,0.0,1316.511,-25.19,1693.755,0.0,1668.564
11.942182677914388,11751,1,8,6,0.082107,0.071094,0.308359,-0.007412,1265.108,1334.0,1600.13,-176.709,-1776,-1334,0.0,0.308,0.0,0.0,0.308,884.161,380.947,0.0,1265.108,-55.113,1655.243,0.0,1600.13
11.942182677914388,11756,1,8,6,0.081138,0.071081,0.281593,-0.011185,1201.343,1300.0,1520.139,-176.695,-1696,-1300,0.0,0.281,0.0,0.0,0.281,819.781,381.561,0.0,1201.343,-78.925,1599.065,0.0,1520.139
11.953100285958499,11761,1,8,6,0.080089,0.071116,0.251229,-0.006187,1102.87,1283.0,1362.852,-176.734,-1539,-1175,0.0,0.251,0.0,0.0,0.251,720.767,382.102,0.0,1102.87,-144.103,1506.956,0.0,1362.852
11.953100285958499,11766,1,8,6,0.07896,0.071058,0.221275,-0.010297,1030.995,1153.0,1339.451,-176.669,-1516,-1153,0.0,0.221,0.0,0.0,0.221,648.406,382.588,0.0,1030.995,-97.603,1437.055,0.0,1339.451
11.964262535911985,11771,1,8,6,0.077754,0.070937,0.190879,-0.023657,983.743,1101.0,1269.04,-176.535,-1445,-1101,0.0,0.19,0.0,0.0,0.19,600.704,383.039,0.0,983.743,-93.805,1362.845,0.0,1269.04
11.964262535911985,11776,1,8,6,0.076472,0.070871,0.156804,-0.024284,890.469,1026.0,1171.579,-176.462,-1348,-1026,0.0,0.156,0.0,0.0,0.156,507.049,383.419,0.0,890.469,-108.424,1280.004,0.0,1171.579
11.97559527901467,11781,1,8,6,0.075113,0.070813,0.120392,-0.02921,802.621,1011.0,1007.34,-176.397,-1183,-914,0.0,0.12,0.0,0.0,0.12,418.887,383.733,0.0,802.621,-166.703,1174.043,0.0,1007.34
11.97559527901467,11786,1,8,6,0.073681,0.070686,0.083853,-0.049825,758.303,892.0,993.962,-176.255,-1170,-892,0.0,0.083,0.0,0.0,0.083,374.299,384.003,0.0,758.303,-106.957,1100.919,0.0,993.962
11.97559527901467,11791,1,8,6,0.072176,0.07043,0.048886,-0.05411,672.611,798.0,907.894,-175.97,-1083,-798,0.0,0.048,0.0,0.0,0.048,288.391,384.22,0.0,672.611,-100.31,1008.204,0.0,907.894
11.987401196965948,11796,1,8,6,0.070599,0.070199,0.011223,-0.059368,582.024,746.0,783.623,-175.713,-959,-746,0.0,0.011,0.0,0.0,0.011,197.656,384.368,0.0,582.024,-131.18,914.803,0.0,783.623
11.998519739951007,11805,1,8,6,0.067587,0.069779,-0.061371,-0.072014,414.264,573.0,568.029,-175.246,-743,-573,0.0,-0.061,0.0,0.0,-0.061,29.8,384.463,0.0,414.264,-126.988,695.018,0.0,568.029
11.998519739951007,11810,1,8,6,0.06582,0.069366,-0.099292,-0.108423,410.049,523.0,533.076,-174.786,-707,-523,0.0,-0.099,0.0,0.0,-0.099,25.566,384.482,0.0,410.049,-90.36,623.436,0.0,533.076
12.010053182952106,11815,1,8,6,0.063988,0.068854,-0.136242,-0.121883,344.245,476.0,442.671,-174.216,-616,-476,0.0,-0.136,0.0,0.0,-0.136,-40.206,384.452,0.0,344.245,-105.403,548.074,0.0,442.671
12.010053182952106,11821,1,8,6,0.062092,0.068437,-0.177637,-0.101056,169.862,427.0,208.601,-173.751,-382,-298,0.0,-0.177,0.0,0.0,-0.177,-214.428,384.291,0.0,169.862,-205.709,414.311,0.0,208.601
12.021576185012236,11826,1,8,6,0.059737,0.067927,-0.229305,-0.114024,61.261,232.0,166.0,-173.184,-339,-232,0.0,-0.229,0.0,0.0,-0.229,-322.787,384.048,0.0,61.261,-136.59,302.591,0.0,166.0
12.021576185012236,11831,1,8,6,0.05771,0.067356,-0.270088,-0.139321,17.627,201.0,54.966,-172.548,-227,-201,0.0,-0.27,0.0,0.0,-0.27,-366.147,383.774,0.0,17.627,-146.698,201.664,0.0,54.966
12.021576185012236,11836,1,8,6,0.055625,0.066552,-0.30596,-0.162876,-17.162,131.0,-3.569,-171.653,-168,-131,0.0,-0.305,0.0,0.0,-0.305,-400.636,383.473,0.0,-17.162,-118.53,114.96,0.0,-3.569
12.033103358000517,11841,1,8,6,0.053485,0.065775,-0.344114,-0.17576,-88.27,126.0,-164.089,-170.788,-6,-28,0.0,-0.344,0.0,0.0,-0.344,-471.39,383.12,0.0,-88.27,-171.416,7.327,0.0,-164.089
12.033103358000517,11846,1,8,6,0.051293,0.064942,-0.382178,-0.189415,-157.02,15.0,-221.419,-169.861,51,-15,0.0,-0.382,0.0,0.0,-0.382,-539.735,382.715,0.0,-157.02,-137.616,-83.803,0.0,-221.419
12.044068692950532,11851,1,8,6,0.04905,0.063912,-0.41612,-0.210115,-194.531,-63.0,-276.632,-168.714,107,63,0.0,-0.416,0.0,0.0,-0.416,-576.814,382.282,0.0,-194.531,-105.225,-171.406,0.0,-276.632
12.044068692950532,11856,1,8,6,0.046759,0.062744,-0.447577,-0.244108,-187.858,-40.0,-358.986,-167.413,191,40,0.0,-0.447,0.0,0.0,-0.447,-569.714,381.855,0.0,-187.858,-118.286,-240.699,0.0,-358.986
12.054925186908804,11861,1,8,6,0.044421,0.061373,-0.474643,-0.275302,-176.719,-68.0,-385.141,-165.886,219,51,0.314159,-0.474,0.0,0.0,-0.474,-558.156,381.437,0.0,-176.719,-86.975,-298.166,0.0,-385.141
12.054925186908804,11866,1,8,6,0.04204,0.059701,-0.494497,-0.327862,-85.493,-14.0,-376.935,-164.024,212,14,0.314159,-0.494,0.0,0.0,-0.494,-466.58,381.087,0.0,-85.493,-57.194,-319.741,0.0,-376.935
12.066059461911209,11871,1,8,6,0.039618,0.057618,-0.50401,-0.394369,73.862,92.0,-311.692,-161.703,149,-92,0.314159,-0.504,0.0,0.0,-0.504,-306.994,380.856,0.0,73.862,-14.509,-297.182,0.0,-311.692
12.066059461911209,11876,1,8,6,0.037155,0.055142,-0.503627,-0.460704,260.586,129.0,-121.185,-158.945,-37,-129,0.418879,-0.503,0.0,0.0,-0.503,-120.183,380.77,0.0,260.586,105.269,-226.454,0.0,-121.185
12.066059461911209,11881,1,8,6,0.034657,0.052609,-0.502675,-0.498861,370.083,154.0,57.776,-156.123,-213,-218,0.418879,-0.502,0.0,0.0,-0.502,-10.678,380.762,0.0,370.083,172.867,-115.09,0.0,57.776
12.078340367996134,11886,1,8,6,0.032124,0.050311,-0.509239,-0.483292,308.057,173.0,41.738,-153.562,-195,-173,0.418879,-0.509,0.0,0.0,-0.509,-72.65,380.707,0.0,308.057,108.045,-66.307,0.0,41.738
12.089382558944635,11895,1,8,6,0.027487,0.047374,-0.556838,-0.366131,-153.914,-22.0,-290.784,-150.289,140,22,0.314159,-0.556,0.0,0.0,-0.556,-533.978,380.063,0.0,-153.914,-105.531,-185.253,0.0,-290.784
12.089382558944635,11900,1,8,6,0.024872,0.045955,-0.590336,-0.341279,-317.818,-32.0,-557.674,-148.707,408,168,0.209439,-0.59,0.0,0.0,-0.59,-697.359,379.54,0.0,-317.818,-228.654,-329.02,0.0,-557.674
12.10049345693551,11905,1,8,6,0.022232,0.044318,-0.618407,-0.350403,-371.432,-151.0,-608.633,-146.882,461,151,0.314159,-0.618,0.0,0.0,-0.618,-750.41,378.978,0.0,-371.432,-176.345,-432.287,0.0,-608.633
12.10049345693551,11911,1,8,6,0.019571,0.042213,-0.633995,-0.430825,-190.327,-87.0,-547.406,-144.536,402,87,0.418879,-0.633,0.0,0.0,-0.633,-568.877,378.549,0.0,-190.327,-82.661,-464.744,0.0,-547.406
12.10049345693551,11916,1,8,6,0.016351,0.038861,-0.630277,-0.535693,113.514,33.0,-338.3,-140.798,197,-33,0.418879,-0.63,0.0,0.0,-0.63,-264.836,378.35,0.0,113.514,64.411,-402.712,0.0,-338.3
12.112685912987217,11921,1,8,6,0.013651,0.035722,-0.618,-0.598801,324.553,40.0,-32.002,-137.298,-105,-202,0.523598,-0.618,0.0,0.0,-0.618,-53.757,378.31,0.0,324.553,227.642,-259.645,0.0,-32.002
12.112685912987217,11926,1,8,6,0.010937,0.032613,-0.606952,-0.602796,366.663,184.0,-29.379,-133.831,-104,-184,0.523598,-0.606,0.0,0.0,-0.606,-11.638,378.301,0.0,366.663,146.13,-175.51,0.0,-29.379
12.123878945945762,11931,1,8,6,0.008212,0.029942,-0.608449,-0.537288,178.903,110.0,-106.71,-130.852,-24,-110,0.418879,-0.608,0.0,0.0,-0.608,-199.249,378.152,0.0,178.903,55.122,-161.833,0.0,-106.71
12.123878945945762,11936,1,8,6,0.005479,0.02773,-0.623029,-0.470098,-50.375,45.0,-298.623,-128.384,170,-45,0.418879,-0.623,0.0,0.0,-0.623,-428.206,377.831,0.0,-50.375,-76.3,-222.323,0.0,-298.623
12.135594176943414,11941,1,8,6,0.00274,0.0257,-0.642869,-0.437053,-198.887,9.0,-496.595,-126.12,370,113,0.418879,-0.642,0.0,0.0,-0.642,-576.286,377.399,0.0,-198.887,-166.309,-330.285,0.0,-496.595
12.135594176943414,11946,1,8,6,0.0,0.023528,-0.658799,-0.458696,-183.31,-47.0,-481.007,-123.697,357,47,0.523598,-0.658,0.0,0.0,-0.658,-560.289,376.978,0.0,-183.31,-109.048,-371.958,0.0,-481.007
12.135594176943414,11951,1,8,6,-0.002741,0.021053,-0.666259,-0.535608,10.881,45.0,-388.846,-120.936,267,-45,0.523598,-0.666,0.0,0.0,-0.666,-365.823,376.704,0.0,10.881,-27.294,-361.551,0.0,-388.846
12.14751185500063,11956,1,8,6,-0.005479,0.018334,-0.666805,-0.580093,133.729,45.0,-246.167,-117.903,128,-45,0.523598,-0.666,0.0,0.0,-0.666,-242.793,376.522,0.0,133.729,70.983,-317.15,0.0,-246.167
12.14751185500063,11961,1,8,6,-0.008212,0.015456,-0.662723,-0.626679,275.522,76.0,-54.224,-114.692,-60,-143,0.523598,-0.662,0.0,0.0,-0.662,-100.924,376.446,0.0,275.522,159.617,-213.842,0.0,-54.224
12.158481029910035,11966,1,8,6,-0.010937,0.012669,-0.660996,-0.604279,217.522,63.0,-47.691,-111.582,-63,-63,0.418879,-0.66,0.0,0.0,-0.66,-158.809,376.332,0.0,217.522,123.618,-171.309,0.0,-47.691
12.158481029910035,11971,1,8,6,-0.013651,0.010498,-0.676201,-0.4978,-123.565,-101.0,-252.86,-109.16,143,101,0.418879,-0.676,0.0,0.0,-0.676,-499.522,375.957,0.0,-123.565,-18.052,-234.808,0.0,-252.86
12.169275210006163,11976,1,8,6,-0.016352,0.008753,-0.702954,-0.406988,-453.368,-196.0,-590.055,-107.213,482,196,0.418879,-0.702,0.0,0.0,-0.702,-828.704,375.335,0.0,-453.368,-205.895,-384.16,0.0,-590.055
12.180083726998419,11985,1,8,6,-0.021171,0.005206,-0.738566,-0.433717,-479.628,-276.0,-804.985,-103.255,701,276,0.418879,-0.738,0.0,0.0,-0.738,-853.576,373.948,0.0,-479.628,-162.902,-642.082,0.0,-804.985
12.180083726998419,11990,1,8,6,-0.023819,0.002242,-0.729749,-0.56238,-95.036,-68.0,-614.341,-99.948,514,68,0.628318,-0.729,0.0,0.0,-0.729,-468.633,373.597,0.0,-95.036,-21.628,-592.713,0.0,-614.341
12.191759955952875,11995,1,8,6,-0.026445,-0.001298,-0.704093,-0.67504,292.189,44.0,-247.431,-95.996,151,-44,0.628318,-0.704,0.0,0.0,-0.704,-81.346,373.536,0.0,292.189,198.551,-445.983,0.0,-247.431
12.191759955952875,12001,1,8,6,-0.029044,-0.004802,-0.678755,-0.714029,472.378,59.0,93.671,-92.086,-185,-155,0.733038,-0.678,0.0,0.0,-0.678,98.767,373.61,0.0,472.378,330.702,-237.03,0.0,93.671
12.191759955952875,12006,1,8,6,-0.032125,-0.008381,-0.664836,-0.628427,271.588,44.0,14.453,-88.094,-102,-44,0.733038,-0.664,0.0,0.0,-0.664,-101.945,373.534,0.0,271.588,182.071,-167.617,0.0,14.453
12.202813757001422,12011,1,8,6,-0.034658,-0.010232,-0.683931,-0.446017,-293.124,-245.0,-316.778,-86.028,230,245,0.523598,-0.683,0.0,0.0,-0.683,-666.159,373.034,0.0,-293.124,-38.499,-278.278,0.0,-316.778
12.202813757001422,12016,1,8,6,-0.037156,-0.01123,-0.725942,-0.308688,-796.154,-406.0,-814.471,-84.915,729,406,0.314159,-0.725,0.0,0.0,-0.725,-1168.312,372.158,0.0,-796.154,-312.123,-502.347,0.0,-814.471
12.213920196983963,12021,1,8,6,-0.039618,-0.012571,-0.757323,-0.308605,-885.195,-483.0,-1033.783,-83.419,950,584,0.314159,-0.757,0.0,0.0,-0.757,-1256.412,371.216,0.0,-885.195,-321.756,-712.027,0.0,-1033.783
12.213920196983963,12026,1,8,6,-0.042041,-0.014568,-0.769237,-0.380411,-718.312,-507.0,-955.777,-81.19,874,507,0.418879,-0.769,0.0,0.0,-0.769,-1088.712,370.399,0.0,-718.312,-169.05,-786.726,0.0,-955.777
12.22482125996612,12031,1,8,6,-0.044422,-0.01714,-0.76389,-0.474802,-439.652,-443.0,-764.262,-78.32,685,443,0.418879,-0.763,0.0,0.0,-0.763,-809.445,369.792,0.0,-439.652,2.677,-766.94,0.0,-764.262
12.22482125996612,12036,1,8,6,-0.04676,-0.019694,-0.75784,-0.504763,-339.354,-439.0,-636.503,-75.471,561,439,0.523598,-0.757,0.0,0.0,-0.757,-708.615,369.261,0.0,-339.354,79.716,-716.22,0.0,-636.503
12.236885577905923,12041,1,8,6,-0.049051,-0.021697,-0.765903,-0.446796,-524.91,-461.0,-801.676,-73.237,728,607,0.418879,-0.765,0.0,0.0,-0.765,-893.501,368.591,0.0,-524.91,-51.128,-750.548,0.0,-801.676
12.236885577905923,12046,1,8,6,-0.051294,-0.022958,-0.793411,-0.318892,-961.06,-845.0,-991.938,-71.83,920,845,0.209439,-0.793,0.0,0.0,-0.793,-1328.655,367.594,0.0,-961.06,-92.848,-899.089,0.0,-991.938
12.236885577905923,12051,1,8,6,-0.053486,-0.023813,-0.830842,-0.215124,-1357.708,-1010.0,-1400.012,-70.876,1329,1010,0.209439,-0.83,0.0,0.0,-0.83,-1724.009,366.301,0.0,-1357.708,-278.166,-1121.845,0.0,-1400.012
12.24815632100217,12056,1,8,6,-0.055625,-0.025034,-0.856558,-0.236558,-1370.949,-1033.0,-1559.163,-69.514,1489,1033,0.209439,-0.856,0.0,0.0,-0.856,-1735.998,365.048,0.0,-1370.949,-270.359,-1288.803,0.0,-1559.163
12.24815632100217,12061,1,8,6,-0.05771,-0.026944,-0.861446,-0.339805,-1096.64,-1060.0,-1339.805,-67.383,1272,885,0.523598,-0.861,0.0,0.0,-0.861,-1460.593,363.953,0.0,-1096.64,-29.312,-1310.492,0.0,-1339.805
12.259294882998802,12066,1,8,6,-0.059738,-0.029578,-0.844466,-0.487269,-636.948,-619.0,-1222.802,-64.445,1158,619,0.523598,-0.844,0.0,0.0,-0.844,-1000.152,363.203,0.0,-636.948,-14.359,-1208.443,0.0,-1222.802
12.272103903931566,12075,1,8,6,-0.063237,-0.034885,-0.79386,-0.586927,-217.169,-469.0,-726.575,-58.526,668,469,0.523598,-0.793,0.0,0.0,-0.793,-579.412,362.243,0.0,-217.169,201.464,-928.04,0.0,-726.575
12.272103903931566,12080,1,8,6,-0.065095,-0.037506,-0.772507,-0.548756,-264.727,-450.0,-685.267,-55.604,629,484,0.523598,-0.772,0.0,0.0,-0.772,-626.5,361.773,0.0,-264.727,148.218,-833.485,0.0,-685.267
12.272103903931566,12085,1,8,6,-0.066889,-0.039687,-0.761655,-0.46593,-466.878,-549.0,-752.735,-53.172,699,549,0.418879,-0.761,0.0,0.0,-0.761,-828.031,361.152,0.0,-466.878,65.697,-818.432,0.0,-752.735
12.283177141915075,12091,1,8,6,-0.068616,-0.041362,-0.763127,-0.387316,-691.91,-623.0,-930.346,-51.305,879,623,0.314159,-0.763,0.0,0.0,-0.763,-1052.271,360.36,0.0,-691.91,-55.128,-875.217,0.0,-930.346
12.283177141915075,12096,1,8,6,-0.0706,-0.043283,-0.764883,-0.372147,-740.124,-613.0,-1038.506,-49.164,989,613,0.314159,-0.764,0.0,0.0,-0.764,-1099.659,359.535,0.0,-740.124,-101.699,-936.806,0.0,-1038.506
12.294789045932703,12101,1,8,6,-0.072176,-0.045461,-0.74802,-0.439713,-504.371,-604.0,-806.153,-46.735,759,427,0.418879,-0.748,0.0,0.0,-0.748,-863.259,358.887,0.0,-504.371,79.702,-885.856,0.0,-806.153
12.294789045932703,12106,1,8,6,-0.073681,-0.048289,-0.710968,-0.550701,-90.195,-188.0,-663.048,-43.582,619,188,0.418879,-0.71,0.0,0.0,-0.71,-448.747,358.551,0.0,-90.195,78.243,-741.292,0.0,-663.048
12.305822855909355,12111,1,8,6,-0.075114,-0.051419,-0.663456,-0.606439,198.782,-95.0,-333.207,-40.095,293,95,0.418879,-0.663,0.0,0.0,-0.663,-159.649,358.431,0.0,198.782,235.025,-568.233,0.0,-333.207
12.305822855909355,12116,1,8,6,-0.076472,-0.054345,-0.619547,-0.585425,262.818,-32.0,-172.486,-36.834,135,32,0.418879,-0.619,0.0,0.0,-0.619,-95.541,358.359,0.0,262.818,235.854,-408.341,0.0,-172.486
12.305822855909355,12121,1,8,6,-0.077755,-0.056905,-0.583787,-0.524715,192.835,6.0,-161.098,-33.982,127,69,0.418879,-0.583,0.0,0.0,-0.583,-165.4,358.235,0.0,192.835,149.468,-310.566,0.0,-161.098
12.317279308917932,12126,1,8,6,-0.078961,-0.058833,-0.563578,-0.420145,-43.677,-132.0,-220.886,-31.835,189,132,0.314159,-0.563,0.0,0.0,-0.563,-401.611,357.934,0.0,-43.677,70.658,-291.544,0.0,-220.886
12.317279308917932,12131,1,8,6,-0.080089,-0.060285,-0.554507,-0.324351,-286.983,-237.0,-387.712,-30.217,357,237,0.314159,-0.554,0.0,0.0,-0.554,-644.435,357.451,0.0,-286.983,-39.987,-347.724,0.0,-387.712
12.328771497006528,12136,1,8,6,-0.081138,-0.06155,-0.548474,-0.29876,-342.271,-226.0,-496.574,-28.809,467,226,0.209439,-0.548,0.0,0.0,-0.548,-699.198,356.926,0.0,-342.271,-93.017,-403.556,0.0,-496.574
12.328771497006528,12141,1,8,6,-0.082107,-0.063,-0.535002,-0.320625,-243.777,-263.0,-382.696,-27.194,355,150,0.209439,-0.535,0.0,0.0,-0.535,-600.254,356.476,0.0,-243.777,15.377,-398.074,0.0,-382.696
12.34059612895362,12146,1,8,6,-0.082995,-0.064845,-0.508187,-0.375806,-14.457,-76.0,-289.73,-25.138,264,76,0.314159,-0.508,0.0,0.0,-0.508,-370.666,356.209,0.0,-14.457,49.234,-338.965,0.0,-289.73
12.34059612895362,12151,1,8,6,-0.083801,-0.066917,-0.472755,-0.411552,184.712,26.0,-100.088,-22.832,77,-26,0.314159,-0.472,0.0,0.0,-0.472,-171.367,356.08,0.0,184.712,126.97,-227.059,0.0,-100.088
12.352022161940113,12156,1,8,6,-0.084524,-0.068859,-0.43862,-0.403065,256.45,33.0,64.973,-20.669,-85,-33,0.314159,-0.438,0.0,0.0,-0.438,-99.555,356.006,0.0,256.45,178.76,-113.786,0.0,64.973
12.352022161940113,12165,1,8,6,-0.085616,-0.071523,-0.394588,-0.267613,0.043,-21.0,-54.994,-17.704,37,21,0.0,-0.394,0.0,0.0,-0.394,-355.53,355.574,0.0,0.043,16.835,-71.83,0.0,-54.994
12.363225964945741,12170,1,8,6,-0.086104,-0.072483,-0.381395,-0.21009,-124.44,-106.0,-121.401,-16.636,104,106,0.0,-0.381,0.0,0.0,-0.381,-479.654,355.214,0.0,-124.44,-14.752,-106.649,0.0,-121.401
12.363225964945741,12175,1,8,6,-0.086507,-0.07332,-0.369257,-0.182675,-167.608,-70.0,-226.189,-15.705,210,70,0.0,-0.369,0.0,0.0,-0.369,-522.431,354.822,0.0,-167.608,-78.086,-148.103,0.0,-226.189
12.37422134494409,12181,1,8,6,-0.086825,-0.07421,-0.353232,-0.18413,-119.019,-136.0,-132.258,-14.714,117,69,0.104719,-0.353,0.0,0.0,-0.353,-473.485,354.466,0.0,-119.019,13.584,-145.842,0.0,-132.258
12.37422134494409,12186,1,8,6,-0.087094,-0.075433,-0.326496,-0.198301,-4.749,-34.0,-93.763,-13.353,80,34,0.104719,-0.326,0.0,0.0,-0.326,-358.946,354.197,0.0,-4.749,23.4,-117.164,0.0,-93.763
12.385336647974327,12191,1,8,6,-0.087223,-0.076594,-0.297598,-0.199588,79.563,-3.0,-0.491,-12.061,-11,3,0.104719,-0.297,0.0,0.0,-0.297,-274.427,353.991,0.0,79.563,66.05,-66.542,0.0,-0.491
12.385336647974327,12196,1,8,6,-0.087266,-0.077487,-0.273822,-0.174371,75.32,-3.0,35.316,-11.069,-46,3,0.0,-0.273,0.0,0.0,-0.273,-278.462,353.782,0.0,75.32,62.656,-27.339,0.0,35.316
12.397013893001713,12201,1,8,6,-0.087223,-0.078045,-0.256981,-0.123987,-18.88,-16.0,-32.511,-10.447,22,88,0.0,-0.256,0.0,0.0,-0.256,-372.383,353.503,0.0,-18.88,-2.304,-30.207,0.0,-32.511
12.397013893001713,12206,1,8,6,-0.087094,-0.078365,-0.244401,-0.083681,-96.85,-101.0,-29.945,-10.091,19,101,0.0,-0.244,0.0,0.0,-0.244,-450.015,353.165,0.0,-96.85,3.319,-33.265,0.0,-29.945
12.397013893001713,12211,1,8,6,-0.086879,-0.078613,-0.231449,-0.066113,-110.122,-82.0,-64.413,-9.816,54,82,0.0,-0.231,0.0,0.0,-0.231,-462.94,352.818,0.0,-110.122,-22.497,-41.915,0.0,-64.413
12.408104980015196,12216,1,8,6,-0.086578,-0.078815,-0.217353,-0.062436,-81.273,-118.0,-1.232,-9.591,-8,118,0.0,-0.217,0.0,0.0,-0.217,-433.766,352.493,0.0,-81.273,29.38,-30.613,0.0,-1.232
12.408104980015196,12221,1,8,6,-0.086191,-0.078923,-0.203529,-0.050533,-76.216,-82.0,-18.926,-9.471,9,70,0.0,-0.203,0.0,0.0,-0.203,-428.388,352.171,0.0,-76.216,4.626,-23.553,0.0,-18.926
12.419098489917815,12226,1,8,6,-0.08572,-0.07909,-0.185642,-0.048192,-32.978,-52.0,8.092,-9.285,-17,52,0.0,-0.185,0.0,0.0,-0.185,-384.861,351.883,0.0,-32.978,15.217,-7.124,0.0,8.092
12.419098489917815,12231,1,8,6,-0.085164,-0.079231,-0.166128,-0.028032,-35.076,-82.0,44.994,-9.128,-54,82,0.0,-0.166,0.0,0.0,-0.166,-386.669,351.593,0.0,-35.076,37.538,7.455,0.0,44.994
12.431034173932858,12236,1,8,6,-0.084524,-0.079346,-0.145004,-0.01131,-23.018,-22.0,18.202,-9.001,-27,22,0.0,-0.145,0.0,0.0,-0.145,-374.341,351.322,0.0,-23.018,-0.814,19.017,0.0,18.202
12.431034173932858,12241,1,8,6,-0.083801,-0.079471,-0.121227,-0.009934,39.466,-57.0,139.819,-8.861,-148,-14,0.0,-0.121,0.0,0.0,-0.121,-311.622,351.089,0.0,39.466,77.173,62.645,0.0,139.819
12.431034173932858,12246,1,8,6,-0.082995,-0.079584,-0.095513,-0.011151,114.698,45.0,166.211,-8.736,-174,-45,0.0,-0.095,0.0,0.0,-0.095,-236.213,350.912,0.0,114.698,55.759,110.452,0.0,166.211
12.442578322952613,12251,1,8,6,-0.082107,-0.079616,-0.069729,0.001469,151.405,112.0,183.073,-8.699,-191,-112,0.0,-0.069,0.0,0.0,-0.069,-199.357,350.762,0.0,151.405,31.524,151.549,0.0,183.073
12.453586373012513,12260,1,8,6,-0.080305,-0.079715,-0.01652,0.002661,296.923,148.0,407.606,-8.59,-416,-226,0.0,-0.016,0.0,0.0,-0.016,-53.709,350.632,0.0,296.923,119.139,288.467,0.0,407.606
12.453586373012513,12265,1,8,6,-0.079192,-0.079752,0.015662,0.020643,336.674,232.0,426.958,-8.549,-435,-232,0.0,0.015,0.0,0.0,0.015,-13.948,350.622,0.0,336.674,83.739,343.219,0.0,426.958
12.46463798894547,12271,1,8,6,-0.078002,-0.079705,0.047703,0.024659,415.194,328.0,485.731,-8.6,-494,-328,0.0,0.047,0.0,0.0,0.047,64.523,350.671,0.0,415.194,69.755,415.975,0.0,485.731
12.46463798894547,12276,1,8,6,-0.076471,-0.079594,0.087422,0.026256,522.065,377.0,613.407,-8.725,-622,-377,0.0,0.087,0.0,0.0,0.087,171.265,350.799,0.0,522.065,116.052,497.355,0.0,613.407
12.475839932914823,12281,1,8,6,-0.075113,-0.079453,0.121507,0.047027,559.5,396.0,712.005,-8.881,-720,-444,0.0,0.121,0.0,0.0,0.121,208.544,350.955,0.0,559.5,130.8,581.204,0.0,712.005
12.475839932914823,12286,1,8,6,-0.073681,-0.079225,0.155238,0.043229,664.816,534.0,787.218,-9.134,-796,-534,-0.104719,0.155,0.0,0.0,0.155,313.625,351.191,0.0,664.816,104.653,682.565,0.0,787.218
12.475839932914823,12291,1,8,6,-0.072176,-0.079007,0.191267,0.056679,728.321,576.0,892.333,-9.377,-901,-576,-0.104719,0.191,0.0,0.0,0.191,376.847,351.473,0.0,728.321,121.857,770.476,0.0,892.333
12.487292282981798,12296,1,8,6,-0.070599,-0.078727,0.227563,0.065365,805.969,626.0,1014.264,-9.689,-1023,-626,-0.104719,0.227,0.0,0.0,0.227,454.155,351.814,0.0,805.969,143.975,870.289,0.0,1014.264
12.487292282981798,12301,1,8,6,-0.068953,-0.078276,0.261044,0.086906,839.768,666.0,1100.671,-10.19,-1110,-733,-0.104719,0.261,0.0,0.0,0.261,487.588,352.179,0.0,839.768,139.014,961.656,0.0,1100.671
12.498103022924624,12306,1,8,6,-0.067239,-0.077751,0.294322,0.104509,884.054,751.0,1141.748,-10.775,-1152,-751,-0.104719,0.294,0.0,0.0,0.294,531.475,352.578,0.0,884.054,106.443,1035.304,0.0,1141.748
12.498103022924624,12311,1,8,6,-0.065459,-0.077173,0.327994,0.119107,937.899,799.0,1230.086,-11.417,-1241,-799,-0.209439,0.327,0.0,0.0,0.327,584.881,353.017,0.0,937.899,111.119,1118.967,0.0,1230.086
12.509260513004847,12316,1,8,6,-0.063614,-0.07652,0.361362,0.127993,1006.942,866.0,1315.494,-12.144,-1327,-866,-0.209439,0.361,0.0,0.0,0.361,653.434,353.507,0.0,1006.942,112.753,1202.74,0.0,1315.494
12.509260513004847,12321,1,8,6,-0.061706,-0.075762,0.39356,0.147924,1041.802,901.0,1389.666,-12.988,-1402,-926,-0.209439,0.393,0.0,0.0,0.393,687.779,354.023,0.0,1041.802,112.642,1277.024,0.0,1389.666
12.52018466591835,12326,1,8,6,-0.059737,-0.074997,0.427263,0.166394,1084.982,973.0,1439.09,-13.839,-1452,-973,-0.209439,0.427,0.0,0.0,0.427,730.431,354.55,0.0,1084.982,89.585,1349.504,0.0,1439.09
12.52018466591835,12331,1,8,6,-0.05771,-0.074124,0.459593,0.172508,1158.99,1064.0,1501.888,-14.81,-1516,-1064,-0.209439,0.459,0.0,0.0,0.459,803.837,355.153,0.0,1158.99,75.992,1425.896,0.0,1501.888
12.531985800014809,12336,1,8,6,-0.055625,-0.073199,0.492068,0.185042,1215.469,1035.0,1654.032,-15.84,-1669,-1035,-0.209439,0.492,0.0,0.0,0.492,859.671,355.798,0.0,1215.469,144.375,1509.656,0.0,1654.032
12.531985800014809,12341,1,8,6,-0.053486,-0.072066,0.520242,0.22427,1185.14,1096.0,1633.512,-17.101,-1650,-1040,-0.209439,0.52,0.0,0.0,0.52,828.72,356.419,0.0,1185.14,71.312,1562.2,0.0,1633.512
12.543089101905935,12350,1,8,6,-0.049503,-0.069442,0.5583,0.322249,1018.446,959.0,1648.547,-20.021,-1668,-959,-0.418879,0.558,0.0,0.0,0.558,660.942,357.503,0.0,1018.446,47.557,1600.99,0.0,1648.547
12.543089101905935,12355,1,8,6,-0.047221,-0.067646,0.571909,0.367101,931.396,978.0,1544.158,-22.02,-1566,-978,-0.418879,0.571,0.0,0.0,0.571,573.462,357.933,0.0,931.396,-37.282,1581.441,0.0,1544.158
12.554289147956297,12361,1,8,6,-0.044893,-0.065605,0.579946,0.415473,818.804,920.0,1444.044,-24.293,-1468,-883,-0.418879,0.579,0.0,0.0,0.579,460.523,358.28,0.0,818.804,-80.956,1525.0,0.0,1444.044
12.554289147956297,12366,1,8,6,-0.04204,-0.06295,0.585465,0.460769,707.691,818.0,1355.548,-27.25,-1382,-818,-0.418879,0.585,0.0,0.0,0.585,349.149,358.542,0.0,707.691,-88.246,1443.794,0.0,1355.548
12.565149641013704,12371,1,8,6,-0.039617,-0.060747,0.591642,0.440188,782.929,872.0,1344.139,-29.702,-1373,-872,-0.418879,0.591,0.0,0.0,0.591,424.069,358.86,0.0,782.929,-71.256,1415.395,0.0,1344.139
12.565149641013704,12376,1,8,6,-0.037155,-0.058985,0.611226,0.391292,975.138,889.0,1530.363,-31.665,-1562,-889,-0.418879,0.611,0.0,0.0,0.611,615.816,359.322,0.0,975.138,68.911,1461.452,0.0,1530.363
12.576913950964808,12381,1,8,6,-0.034657,-0.05722,0.631762,0.386914,1045.412,936.0,1608.943,-33.631,-1642,-981,-0.418879,0.631,0.0,0.0,0.631,685.575,359.836,0.0,1045.412,87.529,1521.413,0.0,1608.943
12.576913950964808,12386,1,8,6,-0.032124,-0.055257,0.647731,0.419511,999.329,891.0,1626.148,-35.818,-1661,-891,-0.418879,0.647,0.0,0.0,0.647,639.014,360.315,0.0,999.329,86.663,1539.484,0.0,1626.148
12.576913950964808,12391,1,8,6,-0.02956,-0.052838,0.651785,0.488549,817.721,826.0,1510.38,-38.514,-1548,-826,-0.418879,0.651,0.0,0.0,0.651,457.062,360.658,0.0,817.721,-6.622,1517.003,0.0,1510.38
12.587766341981478,12396,1,8,6,-0.026966,-0.050036,0.645966,0.541692,652.846,727.0,1400.966,-41.636,-1442,-727,-0.523598,0.645,0.0,0.0,0.645,291.968,360.877,0.0,652.846,-59.322,1460.289,0.0,1400.966
12.587766341981478,12401,1,8,6,-0.024346,-0.046976,0.63365,0.601369,451.33,718.0,1112.582,-45.046,-1157,-534,-0.628318,0.633,0.0,0.0,0.633,90.384,360.945,0.0,451.33,-213.335,1325.918,0.0,1112.582
12.59900651697535,12406,1,8,6,-0.021701,-0.043716,0.616409,0.644359,282.629,498.0,1032.225,-48.68,-1080,-498,-0.628318,0.616,0.0,0.0,0.616,-78.257,360.886,0.0,282.629,-172.296,1204.522,0.0,1032.225
12.59900651697535,12411,1,8,6,-0.019036,-0.040786,0.608991,0.612658,350.61,503.0,1007.906,-51.947,-1059,-503,-0.628318,0.608,0.0,0.0,0.608,-10.268,360.879,0.0,350.61,-121.911,1129.817,0.0,1007.906
12.610008678981103,12416,1,8,6,-0.016351,-0.038181,0.611234,0.553992,521.271,552.0,1100.226,-54.851,-1155,-552,-0.628318,0.611,0.0,0.0,0.611,160.276,360.994,0.0,521.271,-24.582,1124.809,0.0,1100.226
12.610008678981103,12421,1,8,6,-0.013651,-0.035803,0.620252,0.521028,639.031,522.0,1272.926,-57.504,-1330,-607,-0.733038,0.62,0.0,0.0,0.62,277.828,361.203,0.0,639.031,93.625,1179.301,0.0,1272.926
12.621775631909259,12426,1,8,6,-0.010936,-0.03323,0.62422,0.54504,583.075,537.0,1209.987,-60.372,-1270,-537,-0.733038,0.624,0.0,0.0,0.624,221.705,361.369,0.0,583.075,36.86,1173.127,0.0,1209.987
12.621775631909259,12431,1,8,6,-0.008211,-0.030202,0.615737,0.611283,373.85,457.0,1039.524,-63.749,-1103,-457,-0.837758,0.615,0.0,0.0,0.615,12.472,361.378,0.0,373.85,-66.519,1106.043,0.0,1039.524
12.632976079010405,12440,1,8,6,-0.003288,-0.02478,0.601778,0.597952,372.034,418.0,951.69,-69.797,-1021,-527,-0.837758,0.601,0.0,0.0,0.601,10.712,361.321,0.0,372.034,-36.772,988.462,0.0,951.69
12.632976079010405,12445,1,8,6,-0.000547,-0.022603,0.61757,0.492078,712.961,720.0,1056.857,-72.225,-1129,-720,-0.523598,0.617,0.0,0.0,0.617,351.376,361.585,0.0,712.961,-5.63,1062.488,0.0,1056.857
12.644310378935188,12451,2,8,6,0.0,-0.021003,0.588095,0.375562,957.125,834.0,1257.154,-74.011,-1331,-834,-0.523598,0.588,0.0,0.0,0.588,595.092,362.033,0.0,957.125,98.5,1158.653,0.0,1257.154
12.644310378935188,12456,2,8,6,0.006579,-0.01963,0.733868,0.301519,1573.519,1106.0,1815.445,-75.543,-1890,-1106,-0.523598,0.733,0.0,0.0,0.733,1210.578,362.941,0.0,1573.519,374.015,1441.429,0.0,1815.445
12.655216815997846,12461,2,8,6,0.01206,-0.0185,0.855707,0.269661,2005.1,1167.0,2537.544,-76.803,-2614,-1502,-0.523598,0.855,0.0,0.0,0.855,1640.928,364.171,0.0,2005.1,670.48,1867.064,0.0,2537.544
12.655216815997846,12466,2,8,6,0.017538,-0.016526,0.953811,0.398262,1920.874,1388.0,2513.972,-79.006,-2592,-1388,-0.523598,0.953,0.0,0.0,0.953,1555.536,365.338,0.0,1920.874,426.299,2087.672,0.0,2513.972
12.667067589005455,12471,2,8,6,0.023012,-0.012712,1.000283,0.660464,1317.545,1164.0,2219.944,-83.261,-2303,-1164,-0.837758,1.0,0.0,0.0,1.0,951.493,366.052,0.0,1317.545,122.836,2097.108,0.0,2219.944
12.667067589005455,12476,2,8,6,0.02848,-0.007896,1.018567,0.835266,879.679,1054.0,1848.642,-88.634,-1937,-1054,-0.942477,1.018,0.0,0.0,1.018,513.242,366.437,0.0,879.679,-139.456,1988.098,0.0,1848.642
12.667067589005455,12481,2,8,6,0.033941,-0.003305,1.042911,0.887045,803.188,991.0,1736.714,-93.758,-1830,-961,-1.047197,1.042,0.0,0.0,1.042,436.424,366.764,0.0,803.188,-150.248,1886.963,0.0,1736.714
12.67823637300171,12486,2,8,6,0.039394,0.000768,1.081513,0.858742,990.99,1084.0,1815.153,-98.304,-1913,-1084,-0.942477,1.081,0.0,0.0,1.081,623.757,367.232,0.0,990.99,-74.408,1889.561,0.0,1815.153
12.67823637300171,12491,2,8,6,0.044837,0.004281,1.135558,0.771612,1387.046,1300.0,2066.919,-102.223,-2169,-1300,-0.942477,1.135,0.0,0.0,1.135,1019.05,367.996,0.0,1387.046,69.637,1997.282,0.0,2066.919
12.689058527932502,12496,2,8,6,0.050269,0.007365,1.2013,0.684204,1816.95,1454.0,2499.705,-105.665,-2605,-1454,-0.837758,1.201,0.0,0.0,1.201,1447.867,369.082,0.0,1816.95,290.359,2209.345,0.0,2499.705
12.689058527932502,12501,2,8,6,0.055688,0.010605,1.26232,0.69141,1968.828,1511.0,2810.764,-109.28,-2920,-1610,-0.837758,1.262,0.0,0.0,1.262,1598.547,370.281,0.0,1968.828,366.263,2444.501,0.0,2810.764
12.700056704925373,12506,2,8,6,0.061094,0.014639,1.300751,0.820769,1715.201,1439.0,2730.133,-113.78,-2843,-1439,-0.837758,1.3,0.0,0.0,1.3,1343.95,371.251,0.0,1715.201,220.961,2509.172,0.0,2730.133
12.700056704925373,12511,2,8,6,0.066485,0.019886,1.304768,1.027893,1147.082,1217.0,2347.377,-119.634,-2467,-1217,-1.047197,1.304,0.0,0.0,1.304,775.249,371.832,0.0,1147.082,-55.934,2403.311,0.0,2347.377
12.71105937694665,12516,2,8,6,0.071859,0.025731,1.291576,1.134559,811.81,1117.0,1984.615,-126.155,-2110,-1117,-1.047197,1.291,0.0,0.0,1.291,439.648,372.162,0.0,811.81,-244.151,2228.767,0.0,1984.615
12.71105937694665,12521,2,8,6,0.077216,0.031113,1.290875,1.109228,881.153,1077.0,1968.788,-132.158,-2100,-1121,-1.047197,1.29,0.0,0.0,1.29,508.609,372.543,0.0,881.153,-156.677,2125.465,0.0,1968.788
12.722016689949669,12530,2,8,6,0.086809,0.039314,1.329839,0.924424,1509.175,1444.0,2275.664,-141.304,-2416,-1444,-0.942477,1.329,0.0,0.0,1.329,1135.16,374.014,0.0,1509.175,52.14,2223.524,0.0,2275.664
12.722016689949669,12535,2,8,6,0.092109,0.043364,1.364853,0.848618,1820.557,1529.0,2619.505,-145.818,-2765,-1529,-0.942477,1.364,0.0,0.0,1.364,1445.458,375.099,0.0,1820.557,233.246,2386.259,0.0,2619.505
12.732836219016463,12541,2,8,6,0.097386,0.047597,1.394096,0.842239,1921.461,1545.0,2877.767,-150.537,-3028,-1608,-1.047197,1.394,0.0,0.0,1.394,1545.199,376.262,0.0,1921.461,301.169,2576.597,0.0,2877.767
12.732836219016463,12546,2,8,6,0.103687,0.053487,1.405596,0.994696,1527.645,1331.0,2721.278,-157.101,-2878,-1331,-1.151917,1.405,0.0,0.0,1.405,1150.519,377.125,0.0,1527.645,157.316,2563.963,0.0,2721.278
12.743790361913852,12551,2,8,6,0.108909,0.059868,1.373167,1.226913,786.942,1081.0,2106.628,-164.209,-2270,-1081,-1.256637,1.373,0.0,0.0,1.373,409.509,377.432,0.0,786.942,-235.246,2341.874,0.0,2106.628
12.743790361913852,12556,2,8,6,0.114105,0.066583,1.330607,1.308519,439.325,1052.0,1540.111,-171.688,-1711,-1052,-1.256637,1.33,0.0,0.0,1.33,61.845,377.479,0.0,439.325,-490.139,2030.251,0.0,1540.111
12.754777058959007,12561,2,8,6,0.119273,0.071272,1.344006,1.057879,1179.235,1032.0,2219.297,-176.908,-2396,-1494,-1.256637,1.344,0.0,0.0,1.344,801.155,378.08,0.0,1179.235,117.788,2101.509,0.0,2219.297
12.754777058959007,12566,2,8,6,0.124411,0.073534,1.424555,0.727203,2332.131,1970.0,2762.388,-179.425,-2941,-1970,-0.837758,1.424,0.0,0.0,1.424,1952.587,379.544,0.0,2332.131,289.705,2472.683,0.0,2762.388
12.765757930930704,12571,2,8,6,0.129518,0.075964,1.499524,0.675408,2688.799,2013.0,3362.953,-182.129,-3545,-2013,-0.837758,1.499,0.0,0.0,1.499,2307.524,381.275,0.0,2688.799,540.639,2822.314,0.0,3362.953
12.765757930930704,12576,2,8,6,0.134594,0.080802,1.506163,0.888739,2111.359,1849.0,3130.661,-187.511,-3318,-1849,-0.837758,1.506,0.0,0.0,1.506,1728.787,382.571,0.0,2111.359,209.887,2920.773,0.0,3130.661
12.765757930930704,12581,2,8,6,0.139636,0.087788,1.451753,1.187277,1123.662,1743.0,2102.793,-195.278,-2298,-1141,-1.570796,1.451,0.0,0.0,1.451,740.535,383.127,0.0,1123.662,-495.47,2598.264,0.0,2102.793
12.777315213927068,12586,2,8,6,0.144644,0.096034,1.361071,1.446684,143.23,720.0,1688.515,-204.441,-1892,-720,-1.570796,1.361,0.0,0.0,1.361,-239.716,382.947,0.0,143.23,-461.415,2149.931,0.0,1688.515
12.777315213927068,12591,2,8,6,0.149616,0.103407,1.293839,1.436274,-16.169,721.0,1192.774,-212.628,-1405,-721,-1.570796,1.293,0.0,0.0,1.293,-398.817,382.648,0.0,-16.169,-589.735,1782.509,0.0,1192.774
12.788360652979463,12596,2,8,6,0.154551,0.10874,1.282703,1.224797,544.907,895.0,1362.164,-218.545,-1580,-895,-1.466076,1.282,0.0,0.0,1.282,162.137,382.77,0.0,544.907,-280.073,1642.238,0.0,1362.164
12.788360652979463,12601,2,8,6,0.159448,0.112258,1.321319,0.928224,1484.232,947.0,2336.248,-222.446,-2558,-1527,-0.942477,1.321,0.0,0.0,1.321,1100.667,383.564,0.0,1484.232,429.785,1906.463,0.0,2336.248
12.799330417998135,12606,2,8,6,0.164306,0.114887,1.383745,0.667417,2390.788,1902.0,2697.919,-225.36,-2923,-1902,-0.837758,1.383,0.0,0.0,1.383,2005.719,385.068,0.0,2390.788,391.03,2306.889,0.0,2697.919
12.799330417998135,12611,2,8,6,0.169123,0.11825,1.424456,0.705796,2398.823,1822.0,3030.946,-229.088,-3260,-1822,-0.837758,1.424,0.0,0.0,1.424,2012.245,386.577,0.0,2398.823,461.458,2569.488,0.0,3030.946
12.810256203985773,12620,2,8,6,0.177688,0.129012,1.36295,1.222074,782.224,1404.0,1683.922,-241.004,-1924,-1035,-1.361356,1.362,0.0,0.0,1.362,394.453,387.77,0.0,782.224,-497.42,2181.342,0.0,1683.922
12.810256203985773,12625,2,8,6,0.182386,0.13553,1.311963,1.304598,408.408,992.0,1405.382,-248.214,-1653,-992,-1.361356,1.311,0.0,0.0,1.311,20.622,387.785,0.0,408.408,-466.873,1872.256,0.0,1405.382
12.821748676011339,12631,2,8,6,0.187038,0.140775,1.295386,1.159435,768.736,1172.0,1401.455,-254.011,-1655,-1172,-1.361356,1.295,0.0,0.0,1.295,380.663,388.072,0.0,768.736,-322.611,1724.066,0.0,1401.455
12.821748676011339,12636,2,8,6,0.19256,0.144802,1.337242,0.842887,1773.303,1528.0,2107.152,-258.458,-2365,-1528,-1.047197,1.337,0.0,0.0,1.337,1384.192,389.11,0.0,1773.303,196.242,1910.909,0.0,2107.152
12.832902544992976,12641,2,8,6,0.19711,0.147044,1.401838,0.598546,2640.013,1596.0,3275.422,-260.934,-3536,-2218,-0.733038,1.401,0.0,0.0,1.401,2249.216,390.797,0.0,2640.013,835.21,2440.211,0.0,3275.422
12.832902544992976,12646,2,8,6,0.20161,0.14989,1.448159,0.595945,2778.785,2111.0,3265.175,-264.075,-3529,-2111,-0.733038,1.448,0.0,0.0,1.448,2386.198,392.586,0.0,2778.785,534.228,2730.946,0.0,3265.175
12.844074178021401,12651,2,8,6,0.206061,0.155227,1.42337,0.918244,1808.001,1681.0,2766.849,-269.961,-3036,-1681,-0.942477,1.423,0.0,0.0,1.423,1414.353,393.647,0.0,1808.001,101.601,2665.247,0.0,2766.849
12.844074178021401,12656,2,8,6,0.210462,0.1623,1.348525,1.209747,782.516,1410.0,1795.815,-277.754,-2073,-1410,-1.361356,1.348,0.0,0.0,1.348,388.577,393.939,0.0,782.516,-501.986,2297.801,0.0,1795.815
12.855014443979599,12661,2,8,6,0.21481,0.16839,1.299748,1.179407,731.146,1338.0,1500.649,-284.457,-1785,-1302,-1.361356,1.299,0.0,0.0,1.299,336.955,394.191,0.0,731.146,-485.482,1986.132,0.0,1500.649
12.855014443979599,12666,2,8,6,0.219105,0.1719,1.321755,0.901468,1571.877,1781.0,1905.686,-288.316,-2194,-1781,-0.942477,1.321,0.0,0.0,1.321,1176.803,395.074,0.0,1571.877,-167.297,2072.984,0.0,1905.686
12.866081981919706,12671,2,8,6,0.223346,0.173495,1.395837,0.615616,2581.331,2276.0,2617.072,-290.07,-2907,-2276,-0.628318,1.395,0.0,0.0,1.395,2184.618,396.712,0.0,2581.331,244.265,2372.807,0.0,2617.072
12.866081981919706,12676,2,8,6,0.227532,0.17522,1.464735,0.484507,3143.409,2449.0,3309.731,-291.966,-3601,-2449,-0.523598,1.464,0.0,0.0,1.464,2744.638,398.771,0.0,3143.409,555.527,2754.203,0.0,3309.731
12.866081981919706,12681,2,8,6,0.231662,0.178022,1.501943,0.501542,3201.994,2540.0,3624.722,-295.043,-3919,-2571,-0.523598,1.501,0.0,0.0,1.501,2801.121,400.872,0.0,3201.994,529.595,3095.127,0.0,3624.722
12.87778147496283,12686,2,8,6,0.235735,0.182361,1.494488,0.740479,2513.682,2117.0,3437.491,-299.807,-3737,-2117,-0.942477,1.494,0.0,0.0,1.494,2111.226,402.455,0.0,2513.682,317.345,3120.145,0.0,3437.491
12.87778147496283,12691,2,8,6,0.23975,0.189015,1.420579,1.153916,1149.652,1519.0,2467.479,-307.104,-2774,-1519,-1.151917,1.42,0.0,0.0,1.42,746.657,402.994,0.0,1149.652,-295.478,2762.957,0.0,2467.479
12.888748185010627,12696,2,8,6,0.243705,0.196324,1.326662,1.353264,328.451,1384.0,1361.2,-315.11,-1676,-1384,-1.151917,1.326,0.0,0.0,1.326,-74.486,402.938,0.0,328.451,-844.438,2205.638,0.0,1361.2
12.888748185010627,12701,2,8,6,0.247601,0.201696,1.285341,1.161913,748.794,1242.0,1545.565,-320.985,-1866,-1507,-1.151917,1.285,0.0,0.0,1.285,345.597,403.197,0.0,748.794,-394.564,1940.129,0.0,1545.565
12.89963431993965,12710,2,8,6,0.254458,0.204427,1.400854,0.38092,3262.526,2631.0,3151.486,-323.97,-3475,-2631,-0.418879,1.4,0.0,0.0,1.4,2855.813,406.712,0.0,3262.526,505.22,2646.265,0.0,3151.486
12.9103640220128,12715,2,8,6,0.25818,0.206334,1.451672,0.398886,3356.723,2649.0,3569.504,-326.053,-3895,-2649,-0.418879,1.451,0.0,0.0,1.451,2947.799,408.923,0.0,3356.723,566.178,3003.326,0.0,3569.504
12.9103640220128,12721,2,8,6,0.261838,0.210162,1.446912,0.561771,2889.184,2717.0,3233.669,-330.232,-3563,-2441,-0.733038,1.446,0.0,0.0,1.446,2478.393,410.79,0.0,2889.184,137.747,3095.922,0.0,3233.669
12.922052519978024,12726,2,8,6,0.266142,0.215883,1.407256,0.808336,2089.025,2031.0,3007.157,-336.472,-3343,-2031,-0.942477,1.407,0.0,0.0,1.407,1676.977,412.047,0.0,2089.025,46.42,2960.736,0.0,3007.157
12.922052519978024,12731,2,8,6,0.269657,0.221746,1.341508,1.063213,1191.858,1681.0,2219.734,-342.858,-2562,-1681,-1.256637,1.341,0.0,0.0,1.341,779.225,412.632,0.0,1191.858,-391.313,2611.047,0.0,2219.734
12.922052519978024,12736,2,8,6,0.273105,0.227214,1.28496,1.093344,949.56,1699.0,1639.944,-348.806,-1988,-1699,-1.256637,1.284,0.0,0.0,1.284,536.525,413.034,0.0,949.56,-599.552,2239.496,0.0,1639.944
12.933283580932766,12741,2,8,6,0.276486,0.230596,1.284937,0.837147,1667.786,1653.0,2253.375,-352.481,-2605,-2114,-0.942477,1.284,0.0,0.0,1.284,1253.811,413.975,0.0,1667.786,11.828,2241.546,0.0,2253.375
12.933283580932766,12746,2,8,6,0.279799,0.231652,1.348122,0.457584,2909.352,2667.0,2777.425,-353.628,-3131,-2667,-0.523598,1.348,0.0,0.0,1.348,2493.507,415.845,0.0,2909.352,193.882,2583.543,0.0,2777.425
12.944080711924471,12751,2,8,6,0.283043,0.232697,1.409676,0.336502,3422.983,2816.0,3414.057,-354.764,-3768,-2816,-0.523598,1.409,0.0,0.0,1.409,3004.884,418.098,0.0,3422.983,485.586,2928.47,0.0,3414.057
12.944080711924471,12756,2,8,6,0.286217,0.235832,1.410785,0.474713,3041.067,2721.0,3325.358,-358.165,-3683,-2721,-0.523598,1.41,0.0,0.0,1.41,2621.003,420.064,0.0,3041.067,256.054,3069.304,0.0,3325.358
12.954854513984174,12761,2,8,6,0.28932,0.240069,1.379041,0.631413,2514.993,2732.0,2788.143,-362.76,-3150,-2376,-0.942477,1.379,0.0,0.0,1.379,2093.358,421.634,0.0,2514.993,-173.605,2961.748,0.0,2788.143
12.954854513984174,12766,2,8,6,0.292352,0.244527,1.339086,0.780225,1987.617,2141.0,2672.555,-367.59,-3040,-2141,-1.047197,1.339,0.0,0.0,1.339,1564.808,422.808,0.0,1987.617,-122.706,2795.262,0.0,2672.555
12.96587221196387,12771,2,8,6,0.295312,0.248667,1.306062,0.831076,1753.766,2076.0,2356.796,-372.069,-2728,-2076,-1.047197,1.306,0.0,0.0,1.306,1329.961,423.805,0.0,1753.766,-257.786,2614.582,0.0,2356.796
12.96587221196387,12776,2,8,6,0.298199,0.251996,1.29366,0.787563,1841.939,2145.0,2234.193,-375.669,-2609,-2145,-0.942477,1.293,0.0,0.0,1.293,1417.071,424.868,0.0,1841.939,-242.448,2476.641,0.0,2234.193
12.96587221196387,12781,2,8,6,0.301012,0.254503,1.302258,0.627925,2314.362,2130.0,2710.855,-378.376,-3089,-2437,-0.628318,1.302,0.0,0.0,1.302,1888.132,426.23,0.0,2314.362,147.49,2563.365,0.0,2710.855
12.977548977010883,12786,2,8,6,0.303751,0.256312,1.328286,0.459742,2859.976,2603.0,2966.275,-380.33,-3346,-2603,-0.523598,1.328,0.0,0.0,1.328,2431.922,428.054,0.0,2859.976,205.581,2760.694,0.0,2966.275
12.977548977010883,12791,2,8,6,0.306415,0.258726,1.33528,0.502482,2761.635,2505.0,3062.719,-382.935,-3445,-2505,-0.523598,1.335,0.0,0.0,1.335,2331.832,429.803,0.0,2761.635,205.308,2857.411,0.0,3062.719
12.988521142979153,12800,2,8,6,0.311019,0.266172,1.255733,0.753492,1838.483,2226.0,2228.026,-390.958,-2618,-2060,-0.733038,1.255,0.0,0.0,1.255,1406.276,432.206,0.0,1838.483,-310.013,2538.039,0.0,2228.026
12.999655624968,12805,2,8,6,0.31347,0.269751,1.224128,0.707687,1879.325,2122.0,2247.268,-394.81,-2642,-2122,-0.733038,1.224,0.0,0.0,1.224,1446.034,433.29,0.0,1879.325,-194.139,2441.408,0.0,2247.268
12.999655624968,12811,2,8,6,0.315844,0.272368,1.217326,0.605651,2147.272,2246.0,2350.041,-397.623,-2747,-2246,-0.628318,1.217,0.0,0.0,1.217,1712.691,434.58,0.0,2147.272,-78.981,2429.023,0.0,2350.041
13.010681989020668,12816,2,8,6,0.318589,0.275034,1.219545,0.537311,2346.267,2294.0,2505.368,-400.487,-2905,-2294,-0.523598,1.219,0.0,0.0,1.219,1910.254,436.013,0.0,2346.267,41.814,2463.554,0.0,2505.368
13.010681989020668,12821,2,8,6,0.32079,0.277225,1.219814,0.454196,2581.35,2340.0,2782.146,-402.84,-3184,-2452,-0.523598,1.219,0.0,0.0,1.219,2143.729,437.621,0.0,2581.35,193.08,2589.066,0.0,2782.146
13.010681989020668,12826,2,8,6,0.322912,0.27936,1.219474,0.413779,2695.259,2452.0,2904.969,-405.13,-3310,-2452,-0.523598,1.219,0.0,0.0,1.219,2255.946,439.313,0.0,2695.259,194.607,2710.361,0.0,2904.969
13.02243096102029,12831,2,8,6,0.324955,0.282511,1.188423,0.567872,2178.159,2102.0,2704.122,-408.508,-3112,-2102,-0.523598,1.188,0.0,0.0,1.188,1737.543,440.616,0.0,2178.159,60.927,2643.194,0.0,2704.122
13.02243096102029,12836,2,8,6,0.326917,0.286882,1.120974,0.758973,1454.98,1916.0,2006.893,-413.19,-2420,-1916,-0.733038,1.12,0.0,0.0,1.12,1013.603,441.376,0.0,1454.98,-368.815,2375.709,0.0,2006.893
13.033543962985277,12841,2,8,6,0.328799,0.291311,1.049656,0.821718,1080.083,1777.0,1453.8,-417.926,-1871,-1509,-0.837758,1.049,0.0,0.0,1.049,638.227,441.855,0.0,1080.083,-557.533,2011.333,0.0,1453.8
13.033543962985277,12846,2,8,6,0.330599,0.29499,0.997047,0.749239,1136.237,1563.0,1478.036,-421.857,-1899,-1563,-0.837758,0.997,0.0,0.0,0.997,693.862,442.375,0.0,1136.237,-341.409,1819.446,0.0,1478.036
13.044473588932306,12851,2,8,6,0.332318,0.297228,0.982528,0.559141,1628.748,1775.0,1692.307,-424.245,-2116,-1775,-0.733038,0.982,0.0,0.0,0.982,1185.484,443.264,0.0,1628.748,-117.0,1809.308,0.0,1692.307
13.044473588932306,12856,2,8,6,0.333955,0.298905,0.981392,0.436165,1971.046,1845.0,1987.018,-426.034,-2413,-1845,-0.418879,0.981,0.0,0.0,0.981,1526.637,444.409,0.0,1971.046,100.837,1886.181,0.0,1987.018
13.055335238925181,12861,2,8,6,0.33551,0.300634,0.976515,0.363108,2163.236,1922.0,2208.298,-427.877,-2636,-2025,-0.418879,0.976,0.0,0.0,0.976,1717.538,445.697,0.0,2163.236,192.989,2015.309,0.0,2208.298
13.055335238925181,12866,2,8,6,0.336981,0.302454,0.966755,0.330357,2228.947,2046.0,2260.877,-429.817,-2690,-2046,-0.523598,0.966,0.0,0.0,0.966,1781.913,447.034,0.0,2228.947,146.357,2114.519,0.0,2260.877
13.066852048970759,12871,2,8,6,0.33837,0.304791,0.940221,0.401379,1956.882,1896.0,2147.308,-432.304,-2579,-1896,-0.523598,0.94,0.0,0.0,0.94,1508.759,448.122,0.0,1956.882,48.706,2098.602,0.0,2147.308
13.066852048970759,12876,2,8,6,0.339675,0.307657,0.896495,0.503617,1549.006,1802.0,1748.969,-435.354,-2184,-1802,-0.628318,0.896,0.0,0.0,0.896,1100.058,448.947,0.0,1549.006,-202.394,1951.363,0.0,1748.969
13.066852048970759,12881,2,8,6,0.340896,0.310167,0.860423,0.50315,1450.064,1761.0,1541.555,-438.022,-1979,-1694,-0.628318,0.86,0.0,0.0,0.86,1000.366,449.698,0.0,1450.064,-248.748,1790.303,0.0,1541.555
13.078565442934632,12890,2,8,6,0.342882,0.312425,0.85282,0.241911,2162.54,2044.0,2006.257,-440.42,-2446,-2044,0.0,0.852,0.0,0.0,0.852,1710.544,451.995,0.0,2162.54,94.832,1911.424,0.0,2006.257
13.089679160970263,12895,2,8,6,0.343868,0.313364,0.854097,0.197687,2291.323,2074.0,2199.734,-441.418,-2641,-2074,0.0,0.854,0.0,0.0,0.854,1837.948,453.374,0.0,2291.323,173.858,2025.875,0.0,2199.734
13.089679160970263,12901,2,8,6,0.344768,0.314718,0.841402,0.211096,2219.561,2141.0,2134.328,-442.854,-2577,-2088,0.0,0.841,0.0,0.0,0.841,1764.857,454.703,0.0,2219.561,62.849,2071.478,0.0,2134.328
13.100859351921827,12906,2,8,6,0.345736,0.316474,0.819343,0.229941,2106.268,2036.0,2141.779,-444.717,-2586,-2036,-0.418879,0.819,0.0,0.0,0.819,1650.326,455.941,0.0,2106.268,56.214,2085.565,0.0,2141.779
13.100859351921827,12911,2,8,6,0.346449,0.318021,0.795964,0.278921,1904.746,1949.0,2001.721,-446.358,-2448,-1949,-0.418879,0.795,0.0,0.0,0.795,1447.719,457.026,0.0,1904.746,-35.402,2037.124,0.0,2001.721
13.100859351921827,12916,2,8,6,0.347076,0.319636,0.768328,0.303134,1760.546,1945.0,1796.409,-448.068,-2244,-1945,-0.418879,0.768,0.0,0.0,0.768,1302.542,458.003,0.0,1760.546,-147.562,1943.972,0.0,1796.409
13.112455151975155,12921,2,8,6,0.347618,0.320846,0.749604,0.266896,1810.599,1898.0,1824.885,-449.35,-2274,-1953,-0.314159,0.749,0.0,0.0,0.749,1351.582,459.017,0.0,1810.599,-69.92,1894.805,0.0,1824.885
13.112455151975155,12926,2,8,6,0.348074,0.321382,0.747355,0.171433,2072.807,2081.0,1935.111,-449.918,-2385,-2081,0.0,0.747,0.0,0.0,0.747,1612.58,460.227,0.0,2072.807,-6.553,1941.665,0.0,1935.111
13.12388979899697,12931,2,8,6,0.348444,0.321748,0.74749,0.130453,2189.225,2118.0,2044.399,-450.305,-2494,-2118,0.0,0.747,0.0,0.0,0.747,1727.702,461.522,0.0,2189.225,56.98,1987.419,0.0,2044.399
13.12388979899697,12936,2,8,6,0.348728,0.322476,0.735063,0.127657,2163.535,2097.0,2069.503,-451.075,-2520,-2097,0.0,0.735,0.0,0.0,0.735,1700.736,462.798,0.0,2163.535,53.227,2016.275,0.0,2069.503
13.135027712909505,12941,2,8,6,0.348926,0.323321,0.716943,0.111889,2158.219,2137.0,2048.162,-451.969,-2500,-2125,0.0,0.716,0.0,0.0,0.716,1694.15,464.069,0.0,2158.219,16.975,2031.187,0.0,2048.162
13.135027712909505,12946,2,8,6,0.349038,0.323957,0.702269,0.108786,2127.067,2114.0,2043.734,-452.642,-2496,-2114,-0.209439,0.702,0.0,0.0,0.702,1661.751,465.315,0.0,2127.067,10.453,2033.28,0.0,2043.734
13.147201742976904,12951,2,8,6,0.349064,0.324653,0.683489,0.129825,2016.736,2059.0,1961.717,-453.379,-2415,-2059,-0.209439,0.683,0.0,0.0,0.683,1550.258,466.478,0.0,2016.736,-33.81,1995.528,0.0,1961.717
13.147201742976904,12956,2,8,6,0.349003,0.325386,0.661271,0.132817,1947.258,2049.0,1861.043,-454.154,-2315,-2049,-0.104719,0.661,0.0,0.0,0.661,1479.671,467.587,0.0,1947.258,-81.392,1942.436,0.0,1861.043
13.147201742976904,12961,2,8,6,0.348857,0.325881,0.64332,0.098033,1995.494,2041.0,1883.019,-454.677,-2337,-2058,0.0,0.643,0.0,0.0,0.643,1526.805,468.689,0.0,1995.494,-36.404,1919.423,0.0,1883.019
13.158748526941054,12966,2,8,6,0.348624,0.326033,0.632556,0.045576,2113.464,2105.0,1949.776,-454.838,-2404,-2105,0.0,0.632,0.0,0.0,0.632,1643.542,469.922,0.0,2113.464,6.771,1943.004,0.0,1949.776
13.158748526941054,12971,2,8,6,0.348306,0.326295,0.616295,0.040155,2084.321,2068.0,1952.18,-455.115,-2407,-2068,0.0,0.616,0.0,0.0,0.616,1613.189,471.132,0.0,2084.321,13.057,1939.123,0.0,1952.18
13.170087475911714,12980,2,8,6,0.347516,0.326899,0.577281,0.016826,2042.765,2031.0,1914.78,-455.753,-2370,-2058,0.0,0.577,0.0,0.0,0.577,1569.273,473.492,0.0,2042.765,9.412,1905.368,0.0,1914.78
13.170087475911714,12985,2,8,6,0.346957,0.32699,0.559087,0.016194,1994.731,2021.0,1856.078,-455.849,-2311,-2021,0.0,0.559,0.0,0.0,0.559,1520.099,474.632,0.0,1994.731,-21.014,1877.092,0.0,1856.078
13.182369344984181,12991,2,8,6,0.346313,0.327112,0.537624,0.035474,1881.71,1967.0,1749.513,-455.978,-2205,-1967,0.0,0.537,0.0,0.0,0.537,1406.019,475.691,0.0,1881.71,-68.231,1817.745,0.0,1749.513
13.182369344984181,12996,2,8,6,0.345427,0.327219,0.509815,0.024208,1836.412,1911.0,1710.37,-456.091,-2166,-1911,0.0,0.509,0.0,0.0,0.509,1359.699,476.712,0.0,1836.412,-59.67,1770.041,0.0,1710.37
13.193729100981727,13001,2,8,6,0.344595,0.327226,0.486323,-0.005997,1856.246,1911.0,1698.657,-456.098,-2154,-1902,0.0,0.486,0.0,0.0,0.486,1378.499,477.746,0.0,1856.246,-43.802,1742.459,0.0,1698.657
13.193729100981727,13006,2,8,6,0.343677,0.327431,0.454889,0.003381,1742.914,1810.0,1618.427,-456.315,-2074,-1810,0.0,0.454,0.0,0.0,0.454,1264.221,478.692,0.0,1742.914,-53.668,1672.095,0.0,1618.427
13.205220466013998,13011,2,8,6,0.342675,0.327559,0.423248,-0.013236,1701.767,1791.0,1550.212,-456.451,-2006,-1791,0.0,0.423,0.0,0.0,0.423,1222.158,479.609,0.0,1701.767,-71.385,1621.598,0.0,1550.212
13.205220466013998,13016,2,8,6,0.341589,0.327595,0.391817,-0.019175,1631.251,1736.0,1474.37,-456.489,-1930,-1736,0.0,0.391,0.0,0.0,0.391,1150.778,480.472,0.0,1631.251,-83.799,1558.169,0.0,1474.37
13.216990359011106,13021,2,8,6,0.340418,0.327664,0.35711,-0.020214,1537.773,1717.0,1322.85,-456.561,-1779,-1624,0.0,0.357,0.0,0.0,0.357,1056.508,481.264,0.0,1537.773,-143.381,1466.232,0.0,1322.85
13.216990359011106,13026,2,8,6,0.339163,0.327752,0.319496,-0.016904,1423.895,1560.0,1263.556,-456.655,-1720,-1560,0.0,0.319,0.0,0.0,0.319,941.924,481.971,0.0,1423.895,-108.883,1372.439,0.0,1263.556
13.216990359011106,13031,2,8,6,0.337824,0.327721,0.282894,-0.031975,1364.268,1496.0,1181.991,-456.622,-1638,-1496,0.0,0.282,0.0,0.0,0.282,881.635,482.632,0.0,1364.268,-105.385,1287.377,0.0,1181.991
13.228564178920351,13036,2,8,6,0.336403,0.327659,0.244827,-0.035778,1268.919,1422.0,1073.453,-456.556,-1530,-1422,0.0,0.244,0.0,0.0,0.244,785.698,483.221,0.0,1268.919,-122.464,1195.917,0.0,1073.453
13.228564178920351,13041,2,8,6,0.334898,0.327664,0.202537,-0.031315,1138.5,1395.0,859.305,-456.562,-1315,-1294,0.0,0.202,0.0,0.0,0.202,654.787,483.712,0.0,1138.5,-205.199,1064.505,0.0,859.305
13.239677018951625,13046,2,8,6,0.33331,0.327593,0.160065,-0.037462,1037.205,1210.0,807.779,-456.487,-1264,-1210,0.0,0.16,0.0,0.0,0.16,553.077,484.127,0.0,1037.205,-138.235,946.015,0.0,807.779
13.239677018951625,13051,2,8,6,0.33164,0.327315,0.121117,-0.071368,1023.477,1174.0,742.314,-456.192,-1198,-1174,0.0,0.121,0.0,0.0,0.121,538.96,484.516,0.0,1023.477,-120.418,862.733,0.0,742.314
13.251634126994759,13056,2,8,6,0.329889,0.326989,0.081185,-0.08608,953.21,1101.0,654.555,-455.848,-1110,-1101,0.0,0.081,0.0,0.0,0.081,468.342,484.867,0.0,953.21,-118.231,772.787,0.0,654.555
13.251634126994759,13061,2,8,6,0.328056,0.326787,0.035529,-0.089256,834.529,1072.0,460.171,-455.635,-915,-972,0.0,0.035,0.0,0.0,0.035,349.399,485.129,0.0,834.529,-189.976,650.148,0.0,460.171
13.263450362021104,13070,2,8,6,0.324553,0.32631,-0.049214,-0.125214,698.265,872.0,295.19,-455.131,-750,-872,0.0,-0.049,0.0,0.0,-0.049,212.801,485.463,0.0,698.265,-138.987,434.178,0.0,295.19
13.263450362021104,13075,2,8,6,0.322494,0.32578,-0.091994,-0.135971,608.691,761.0,213.725,-454.57,-668,-761,0.0,-0.091,0.0,0.0,-0.091,123.135,485.555,0.0,608.691,-121.847,335.572,0.0,213.725
13.275326106930152,13080,2,8,6,0.320356,0.325261,-0.137321,-0.138861,489.871,751.0,-4.84,-454.021,-449,-654,0.104719,-0.137,0.0,0.0,-0.137,4.312,485.558,0.0,489.871,-208.902,204.062,0.0,-4.84
13.275326106930152,13086,2,8,6,0.318139,0.324644,-0.182142,-0.163627,433.68,607.0,-40.497,-453.369,-412,-607,0.104719,-0.182,0.0,0.0,-0.182,-51.839,485.519,0.0,433.68,-138.655,98.157,0.0,-40.497
13.287698172964156,13091,2,8,6,0.315375,0.32365,-0.231684,-0.194666,381.793,549.0,-136.588,-452.317,-315,-549,0.209439,-0.231,0.0,0.0,-0.231,-103.648,485.442,0.0,381.793,-133.765,-2.822,0.0,-136.588
13.287698172964156,13096,2,8,6,0.312986,0.322621,-0.269761,-0.222082,351.84,505.0,-209.882,-451.229,-241,-505,0.209439,-0.269,0.0,0.0,-0.269,-133.501,485.342,0.0,351.84,-122.527,-87.354,0.0,-209.882
13.287698172964156,13101,2,8,6,0.31052,0.321534,-0.308394,-0.246742,312.589,483.0,-311.324,-450.079,-138,-439,0.209439,-0.308,0.0,0.0,-0.308,-172.623,485.212,0.0,312.589,-136.328,-174.995,0.0,-311.324
13.29847279295791,13106,2,8,6,0.307977,0.320265,-0.344056,-0.273241,286.781,414.0,-350.352,-448.735,-98,-414,0.314159,-0.344,0.0,0.0,-0.344,-198.282,485.063,0.0,286.781,-101.775,-248.576,0.0,-350.352
13.29847279295791,13111,2,8,6,0.305358,0.31882,-0.376938,-0.31939,323.808,408.0,-359.686,-447.204,-87,-408,0.314159,-0.376,0.0,0.0,-0.376,-161.134,484.943,0.0,323.808,-67.352,-292.333,0.0,-359.686
13.309504969976842,13116,2,8,6,0.302664,0.317341,-0.41094,-0.316598,220.586,365.0,-488.545,-445.636,42,-365,0.314159,-0.41,0.0,0.0,-0.41,-264.158,484.744,0.0,220.586,-115.53,-373.014,0.0,-488.545
13.309504969976842,13121,2,8,6,0.299895,0.315855,-0.446861,-0.332582,164.522,336.0,-599.186,-444.06,155,-275,0.314159,-0.446,0.0,0.0,-0.446,-319.981,484.504,0.0,164.522,-137.181,-462.005,0.0,-599.186
13.320596609963104,13126,2,8,6,0.297053,0.314156,-0.478889,-0.362511,158.402,257.0,-597.098,-442.258,154,-257,0.314159,-0.478,0.0,0.0,-0.478,-325.857,484.26,0.0,158.402,-78.877,-518.22,0.0,-597.098
13.320596609963104,13131,2,8,6,0.294136,0.312249,-0.507163,-0.392502,162.969,235.0,-618.264,-440.234,178,-235,0.418879,-0.507,0.0,0.0,-0.507,-321.05,484.019,0.0,162.969,-57.624,-560.64,0.0,-618.264
13.320596609963104,13136,2,8,6,0.291148,0.310372,-0.538265,-0.398392,92.08,199.0,-706.816,-438.239,268,-199,0.314159,-0.538,0.0,0.0,-0.538,-391.645,483.726,0.0,92.08,-85.535,-621.28,0.0,-706.816
13.332442121929489,13141,2,8,6,0.288087,0.308518,-0.572048,-0.405448,16.91,190.0,-843.98,-436.269,407,-101,0.523598,-0.572,0.0,0.0,-0.572,-466.479,483.389,0.0,16.91,-138.471,-705.508,0.0,-843.98
13.332442121929489,13146,2,8,6,0.284956,0.306528,-0.604033,-0.420804,-30.035,87.0,-863.416,-434.153,429,-87,0.523598,-0.604,0.0,0.0,-0.604,-513.039,483.004,0.0,-30.035,-93.628,-769.788,0.0,-863.416
13.343470203923061,13151,2,8,6,0.281754,0.304305,-0.631429,-0.45097,-22.66,73.0,-898.536,-431.787,466,-73,0.523598,-0.631,0.0,0.0,-0.631,-505.286,482.625,0.0,-22.66,-76.528,-822.008,0.0,-898.536
13.354957825969905,13160,2,8,6,0.275816,0.299947,-0.675677,-0.509423,16.365,52.0,-923.899,-427.145,496,-116,0.523598,-0.675,0.0,0.0,-0.675,-465.511,481.876,0.0,16.365,-28.507,-895.391,0.0,-923.899
13.354957825969905,13165,2,8,6,0.272421,0.297191,-0.693559,-0.566088,124.689,179.0,-940.615,-424.206,516,-179,0.523598,-0.693,0.0,0.0,-0.693,-356.919,481.609,0.0,124.689,-43.448,-897.167,0.0,-940.615
13.367196316015907,13170,2,8,6,0.268959,0.293978,-0.700534,-0.658647,364.239,291.0,-768.118,-420.776,347,-291,0.628318,-0.7,0.0,0.0,-0.7,-117.281,481.521,0.0,364.239,58.591,-826.71,0.0,-768.118
13.367196316015907,13176,2,8,6,0.265431,0.29039,-0.698836,-0.709303,510.851,355.0,-610.86,-416.941,193,-355,0.837758,-0.698,0.0,0.0,-0.698,29.308,481.543,0.0,510.851,124.681,-735.541,0.0,-610.86
13.367196316015907,13181,2,8,6,0.261111,0.285969,-0.69601,-0.740719,606.821,421.0,-486.597,-412.212,74,-469,0.733038,-0.696,0.0,0.0,-0.696,125.184,481.637,0.0,606.821,148.656,-635.254,0.0,-486.597
13.378093865001574,13186,2,8,6,0.25744,0.282365,-0.697909,-0.763488,665.397,502.0,-409.663,-408.352,1,-502,0.733038,-0.697,0.0,0.0,-0.697,183.623,481.774,0.0,665.397,130.718,-540.381,0.0,-409.663
13.378093865001574,13191,2,8,6,0.253706,0.27895,-0.706832,-0.727117,538.613,423.0,-413.791,-404.69,9,-423,0.733038,-0.706,0.0,0.0,-0.706,56.796,481.817,0.0,538.613,92.49,-506.282,0.0,-413.791
13.388842671993189,13196,2,8,6,0.249908,0.275889,-0.727448,-0.671063,323.821,360.0,-565.761,-401.405,164,-360,0.628318,-0.727,0.0,0.0,-0.727,-157.877,481.698,0.0,323.821,-28.942,-536.819,0.0,-565.761
13.388842671993189,13201,2,8,6,0.24605,0.273169,-0.759329,-0.613128,72.029,345.0,-893.329,-398.483,494,-203,0.523598,-0.759,0.0,0.0,-0.759,-409.362,481.391,0.0,72.029,-218.376,-674.952,0.0,-893.329
13.399874988012016,13206,2,8,6,0.24213,0.270386,-0.791169,-0.609313,-28.187,163.0,-939.42,-395.493,543,-163,0.628318,-0.791,0.0,0.0,-0.791,-509.197,481.009,0.0,-28.187,-152.95,-786.47,0.0,-939.42
13.399874988012016,13211,2,8,6,0.238151,0.266884,-0.804526,-0.707839,210.084,319.0,-881.557,-391.725,489,-319,0.733038,-0.804,0.0,0.0,-0.804,-270.722,480.806,0.0,210.084,-87.132,-794.425,0.0,-881.557
13.410844943951815,13216,2,8,6,0.234113,0.262617,-0.798111,-0.808242,509.195,414.0,-651.677,-387.129,264,-414,0.837758,-0.798,0.0,0.0,-0.798,28.366,480.828,0.0,509.195,76.156,-727.833,0.0,-651.677
13.410844943951815,13221,2,8,6,0.230017,0.258291,-0.791672,-0.874612,713.234,432.0,-360.21,-382.465,-22,-567,0.942477,-0.791,0.0,0.0,-0.791,232.232,481.002,0.0,713.234,224.987,-585.198,0.0,-360.21
13.410844943951815,13226,2,8,6,0.225865,0.253925,-0.78569,-0.908351,824.711,586.0,-267.676,-377.752,-110,-586,0.942477,-0.785,0.0,0.0,-0.785,343.451,481.26,0.0,824.711,190.969,-458.646,0.0,-267.676
13.4224859229289,13231,2,8,6,0.221656,0.250047,-0.794927,-0.862811,671.473,483.0,-248.126,-373.561,-125,-483,0.942477,-0.794,0.0,0.0,-0.794,190.075,481.397,0.0,671.473,150.778,-398.905,0.0,-248.126
13.4224859229289,13236,2,8,6,0.217393,0.246796,-0.823271,-0.759866,303.73,391.0,-532.469,-370.045,162,-391,0.837758,-0.823,0.0,0.0,-0.823,-177.533,481.264,0.0,303.73,-69.815,-462.654,0.0,-532.469
13.433422666974366,13241,2,8,6,0.213077,0.243829,-0.861071,-0.67516,-39.676,363.0,-989.775,-366.834,622,-124,0.733038,-0.861,0.0,0.0,-0.861,-520.55,480.873,0.0,-39.676,-322.141,-667.634,0.0,-989.775
13.444284591940232,13250,2,8,6,0.205175,0.237183,-0.896215,-0.76899,123.908,263.0,-945.436,-359.631,585,-263,0.837758,-0.896,0.0,0.0,-0.896,-356.23,480.138,0.0,123.908,-111.273,-834.163,0.0,-945.436
13.444284591940232,13255,2,8,6,0.200714,0.232546,-0.891289,-0.869247,418.376,310.0,-683.763,-354.599,329,-310,0.942477,-0.891,0.0,0.0,-0.891,-61.716,480.092,0.0,418.376,86.7,-770.464,0.0,-683.763
13.456078560906462,13260,2,8,6,0.196204,0.227845,-0.885968,-0.926992,595.046,401.0,-509.501,-349.492,160,-431,1.047197,-0.885,0.0,0.0,-0.885,114.867,480.178,0.0,595.046,155.236,-664.738,0.0,-509.501
13.456078560906462,13266,2,8,6,0.191645,0.223383,-0.888671,-0.955404,667.173,477.0,-398.61,-344.639,53,-477,1.047197,-0.888,0.0,0.0,-0.888,186.854,480.319,0.0,667.173,152.139,-550.749,0.0,-398.61
13.456078560906462,13271,2,8,6,0.186111,0.218496,-0.906778,-0.918452,513.03,361.0,-387.917,-339.319,48,-361,0.942477,-0.906,0.0,0.0,-0.906,32.686,480.343,0.0,513.03,121.624,-509.541,0.0,-387.917
13.467867149971426,13276,2,8,6,0.18145,0.215125,-0.94289,-0.815367,123.011,274.0,-721.529,-335.645,385,-274,0.942477,-0.942,0.0,0.0,-0.942,-357.064,480.076,0.0,123.011,-120.791,-600.738,0.0,-721.529
13.467867149971426,13281,2,8,6,0.176744,0.211925,-0.985069,-0.748565,-182.63,194.0,-1099.227,-332.155,767,14,0.628318,-0.985,0.0,0.0,-0.985,-662.209,479.579,0.0,-182.63,-301.304,-797.923,0.0,-1099.227
13.479053951916285,13286,2,8,6,0.171994,0.208332,-1.017478,-0.753349,-260.536,3.0,-1133.596,-328.235,805,-3,0.628318,-1.017,0.0,0.0,-1.017,-739.561,479.024,0.0,-260.536,-210.829,-922.766,0.0,-1133.596
13.479053951916285,13291,2,8,6,0.167201,0.204006,-1.030519,-0.85321,-17.812,65.0,-1012.92,-323.509,689,-65,0.733038,-1.03,0.0,0.0,-1.03,-496.465,478.652,0.0,-17.812,-66.25,-946.67,0.0,-1012.92
13.489944505970925,13296,2,8,6,0.162368,0.19901,-1.02598,-0.958471,289.486,162.0,-761.702,-318.048,443,-162,0.837758,-1.025,0.0,0.0,-1.025,-189.024,478.51,0.0,289.486,101.989,-863.691,0.0,-761.702
13.489944505970925,13301,2,8,6,0.157494,0.193998,-1.022099,-1.004427,428.992,258.0,-630.464,-312.563,317,-309,1.047197,-1.022,0.0,0.0,-1.022,-49.48,478.473,0.0,428.992,136.794,-767.258,0.0,-630.464
13.500970499007963,13306,2,8,6,0.152582,0.189132,-1.023403,-1.023241,478.019,326.0,-563.154,-307.232,255,-326,1.047197,-1.023,0.0,0.0,-1.023,-0.453,478.473,0.0,478.019,121.615,-684.77,0.0,-563.154
13.500970499007963,13311,2,8,6,0.147631,0.184459,-1.031177,-1.00588,407.587,262.0,-514.567,-302.109,212,-262,0.942477,-1.031,0.0,0.0,-1.031,-70.832,478.42,0.0,407.587,116.47,-631.037,0.0,-514.567
13.500970499007963,13316,2,8,6,0.142645,0.180326,-1.055075,-0.9048,57.336,67.0,-682.534,-297.574,384,-67,0.942477,-1.055,0.0,0.0,-1.055,-420.768,478.104,0.0,57.336,-7.73,-674.804,0.0,-682.534
13.51261394796893,13321,2,8,6,0.137623,0.176927,-1.10051,-0.774352,-435.796,37.0,-1283.794,-293.841,989,313,0.733038,-1.1,0.0,0.0,-1.1,-913.242,477.445,0.0,-435.796,-378.237,-905.557,0.0,-1283.794
13.51261394796893,13326,2,8,6,0.132567,0.173935,-1.158284,-0.68849,-838.965,-434.0,-1482.259,-290.553,1191,434,0.733038,-1.158,0.0,0.0,-1.158,-1315.424,476.459,0.0,-838.965,-323.972,-1158.286,0.0,-1482.259
13.523500939947553,13331,2,8,6,0.127479,0.170282,-1.198479,-0.762762,-744.462,-421.0,-1574.46,-286.538,1287,421,0.733038,-1.198,0.0,0.0,-1.198,-1220.006,475.543,0.0,-744.462,-258.77,-1315.69,0.0,-1574.46
13.5351074449718,13340,2,8,6,0.118241,0.161766,-1.218695,-1.006952,-118.473,-298.0,-1087.103,-277.166,809,156,1.047197,-1.218,0.0,0.0,-1.218,-592.881,474.407,0.0,-118.473,143.621,-1230.724,0.0,-1087.103
13.5351074449718,13345,2,8,6,0.113068,0.156667,-1.220765,-1.075399,67.079,-99.0,-991.841,-271.548,720,99,1.151917,-1.22,0.0,0.0,-1.22,-407.023,474.102,0.0,67.079,132.863,-1124.705,0.0,-991.841
13.545778495958075,13350,2,8,6,0.107867,0.151804,-1.230237,-1.051386,-27.056,-185.0,-945.281,-266.186,679,185,1.151917,-1.23,0.0,0.0,-1.23,-500.783,473.727,0.0,-27.056,126.354,-1071.636,0.0,-945.281
13.545778495958075,13356,2,8,6,0.102639,0.147345,-1.251759,-0.972402,-309.06,-276.0,-1132.947,-261.266,871,276,1.047197,-1.251,0.0,0.0,-1.251,-782.198,473.138,0.0,-309.06,-26.448,-1106.498,0.0,-1132.947
13.545778495958075,13361,2,8,6,0.096332,0.142558,-1.29432,-0.861555,-739.511,-335.0,-1638.796,-255.981,1382,606,0.837758,-1.294,0.0,0.0,-1.294,-1211.74,472.229,0.0,-739.511,-323.608,-1315.187,0.0,-1638.796
13.557328257942572,13366,2,8,6,0.09105,0.138656,-1.332958,-0.797544,-1028.054,-706.0,-1773.638,-251.67,1521,706,0.837758,-1.332,0.0,0.0,-1.332,-1499.159,471.104,0.0,-1028.054,-257.643,-1515.994,0.0,-1773.638
13.557328257942572,13371,2,8,6,0.085746,0.133996,-1.351004,-0.893345,-811.3,-574.0,-1784.695,-246.518,1538,574,0.837758,-1.351,0.0,0.0,-1.351,-1281.443,470.143,0.0,-811.3,-189.84,-1594.855,0.0,-1784.695
13.568565418943763,13376,2,8,6,0.08042,0.128399,-1.343398,-1.032886,-399.941,-479.0,-1473.146,-240.326,1232,479,1.047197,-1.343,0.0,0.0,-1.343,-869.433,469.491,0.0,-399.941,63.246,-1536.393,0.0,-1473.146
13.568565418943763,13381,2,8,6,0.075075,0.122473,-1.327148,-1.145393,-39.803,-412.0,-1044.828,-233.766,811,179,1.151917,-1.327,0.0,0.0,-1.327,-508.913,469.11,0.0,-39.803,297.757,-1342.585,0.0,-1044.828
13.58005280198995,13386,2,8,6,0.069711,0.11651,-1.310357,-1.206278,177.469,-128.0,-925.025,-227.159,697,128,1.151917,-1.31,0.0,0.0,-1.31,-291.422,468.891,0.0,177.469,244.375,-1169.401,0.0,-925.025
13.58005280198995,13391,2,8,6,0.06433,0.111253,-1.313849,-1.124616,-61.358,-291.0,-916.614,-221.332,695,291,1.151917,-1.313,0.0,0.0,-1.313,-529.852,468.494,0.0,-61.358,183.713,-1100.327,0.0,-916.614
13.590964291011915,13396,2,8,6,0.058933,0.107043,-1.34707,-0.972114,-582.172,-433.0,-1322.649,-216.662,1105,433,1.047197,-1.347,0.0,0.0,-1.347,-1049.877,467.704,0.0,-582.172,-119.338,-1203.311,0.0,-1322.649
13.590964291011915,13401,2,8,6,0.053522,0.103223,-1.391639,-0.864487,-1009.425,-480.0,-1896.067,-212.423,1683,753,0.942477,-1.391,0.0,0.0,-1.391,-1476.025,466.6,0.0,-1009.425,-423.54,-1472.527,0.0,-1896.067
13.590964291011915,13406,2,8,6,0.048097,0.09907,-1.427246,-0.878466,-1071.141,-627.0,-2002.142,-207.813,1794,627,0.942477,-1.427,0.0,0.0,-1.427,-1536.586,465.445,0.0,-1071.141,-355.312,-1646.829,0.0,-2002.142
13.602532066986896,13411,2,8,6,0.042661,0.093214,-1.415488,-1.121977,-356.977,-250.0,-1670.924,-201.308,1469,250,1.047197,-1.415,0.0,0.0,-1.415,-821.831,464.853,0.0,-356.977,-85.582,-1585.341,0.0,-1670.924
13.602532066986896,13416,2,8,6,0.037214,0.085204,-1.343717,-1.472533,825.81,64.0,-525.957,-192.405,333,-64,1.570796,-1.343,0.0,0.0,-1.343,360.686,465.124,0.0,825.81,609.448,-1135.406,0.0,-525.957
13.613153219921514,13421,2,8,6,0.031757,0.076795,-1.261039,-1.57347,1340.588,226.0,334.918,-183.053,-517,-560,1.570796,-1.261,0.0,0.0,-1.261,874.808,465.78,0.0,1340.588,891.671,-556.752,0.0,334.918
13.62507667497266,13430,2,8,6,0.021918,0.06843,-1.302346,-0.857659,-780.238,-509.0,-1017.823,-173.744,844,509,0.837758,-1.302,0.0,0.0,-1.302,-1245.123,464.885,0.0,-780.238,-216.99,-800.833,0.0,-1017.823
13.62507667497266,13435,2,8,6,0.016443,0.065983,-1.387125,-0.674669,-1531.488,-742.0,-1873.947,-171.02,1702,742,0.628318,-1.387,0.0,0.0,-1.387,-1994.877,463.389,0.0,-1531.488,-631.59,-1242.357,0.0,-1873.947
13.636626083985902,13440,2,8,6,0.010964,0.062359,-1.439068,-0.703161,-1598.692,-879.0,-2190.784,-166.984,2023,880,0.628318,-1.439,0.0,0.0,-1.439,-2060.537,461.844,0.0,-1598.692,-575.754,-1615.029,0.0,-2190.784
13.636626083985902,13446,2,8,6,0.005482,0.057227,-1.448855,-0.916722,-1029.248,-512.0,-2140.336,-161.268,1979,512,1.047197,-1.448,0.0,0.0,-1.448,-1489.971,460.722,0.0,-1029.248,-413.799,-1726.537,0.0,-2140.336
13.636626083985902,13451,2,8,6,-0.001096,0.047885,-1.371507,-1.392224,518.773,237.0,-1135.485,-150.858,984,-237,1.256637,-1.371,0.0,0.0,-1.371,58.007,460.765,0.0,518.773,225.418,-1360.903,0.0,-1135.485
13.647621476906352,13456,2,8,6,-0.006579,0.037719,-1.240362,-1.797234,2021.179,659.0,486.158,-139.525,-625,-659,1.570796,-1.24,0.0,0.0,-1.24,1559.243,461.935,0.0,2021.179,1089.743,-603.585,0.0,486.158
13.647621476906352,13461,2,8,6,-0.01206,0.028871,-1.146099,-1.733537,2107.995,833.0,1073.148,-129.658,-1202,-875,1.570796,-1.146,0.0,0.0,-1.146,1644.826,463.168,0.0,2107.995,1019.996,53.151,0.0,1073.148
13.658554182969965,13466,2,8,6,-0.017538,0.02435,-1.172902,-1.190151,511.502,-7.0,374.41,-124.615,-499,7,0.942477,-1.172,0.0,0.0,-1.172,48.296,463.205,0.0,511.502,414.801,-40.39,0.0,374.41
13.658554182969965,13471,2,8,6,-0.023012,0.023687,-1.30761,-0.584645,-1562.617,-848.0,-1205.582,-123.875,1081,848,0.523598,-1.307,0.0,0.0,-1.307,-2024.303,461.686,0.0,-1562.617,-571.693,-633.888,0.0,-1205.582
13.669565998017788,13476,2,8,6,-0.02848,0.022986,-1.441077,-0.422564,-2392.288,-1052.0,-2416.234,-123.093,2293,1052,0.523598,-1.441,0.0,0.0,-1.441,-2851.836,459.548,0.0,-2392.288,-1072.23,-1344.004,0.0,-2416.234
13.669565998017788,13481,2,8,6,-0.033941,0.019346,-1.492075,-0.640873,-1925.603,-1193.0,-2312.079,-119.032,2193,996,0.733038,-1.492,0.0,0.0,-1.492,-2383.364,457.76,0.0,-1925.603,-586.082,-1725.996,0.0,-2312.079
13.680603547021747,13486,2,8,6,-0.039394,0.012624,-1.456525,-1.100934,-538.643,-260.0,-1807.576,-111.532,1696,260,1.361356,-1.456,0.0,0.0,-1.456,-995.657,457.013,0.0,-538.643,-222.914,-1584.662,0.0,-1807.576
13.680603547021747,13491,2,8,6,-0.044837,0.003482,-1.352948,-1.570804,1067.467,368.0,-488.284,-101.331,386,-368,1.466076,-1.352,0.0,0.0,-1.352,609.996,457.471,0.0,1067.467,559.574,-1047.859,0.0,-488.284
13.680603547021747,13496,2,8,6,-0.050269,-0.005502,-1.253471,-1.693482,1690.426,456.0,574.321,-91.306,-665,-456,1.466076,-1.253,0.0,0.0,-1.253,1232.031,458.395,0.0,1690.426,987.541,-413.219,0.0,574.321
13.692322010989301,13501,2,8,6,-0.055688,-0.011226,-1.244957,-1.306514,630.879,488.0,-226.556,-84.919,141,196,0.0,-1.244,0.0,0.0,-1.244,172.359,458.519,0.0,630.879,114.303,-340.859,0.0,-226.556
13.692322010989301,13506,2,8,6,-0.061094,-0.012383,-1.363914,-0.598663,-1685.79,-1343.0,-1264.252,-83.628,1180,1343,0.0,-1.363,0.0,0.0,-1.363,-2142.703,456.912,0.0,-1685.79,-274.232,-990.019,0.0,-1264.252
13.703156359959394,13511,2,8,6,-0.066485,-0.011861,-1.529471,-0.207139,-3248.391,-1936.0,-2884.707,-84.21,2800,1936,0.0,-1.529,0.0,0.0,-1.529,-3702.527,454.135,0.0,-3248.391,-1049.913,-1834.793,0.0,-2884.707
13.703156359959394,13516,2,8,6,-0.071859,-0.013763,-1.626705,-0.353959,-3112.227,-1859.0,-3446.612,-82.089,3364,1859,0.0,-1.626,0.0,0.0,-1.626,-3563.69,451.462,0.0,-3112.227,-1002.582,-2444.03,0.0,-3446.612
13.714188865968026,13525,2,8,6,-0.081487,-0.025032,-1.580745,-1.346367,-207.104,-345.0,-1934.08,-69.516,1864,345,1.675516,-1.58,0.0,0.0,-1.58,-656.259,449.154,0.0,-207.104,110.316,-2044.396,0.0,-1934.08
13.725498983985744,13530,2,8,6,-0.086809,-0.035348,-1.440913,-1.777511,1392.343,358.0,-478.436,-58.011,420,-358,1.675516,-1.44,0.0,0.0,-1.44,942.474,449.869,0.0,1392.343,827.475,-1305.911,0.0,-478.436
13.725498983985744,13536,2,8,6,-0.092109,-0.045038,-1.31798,-1.847505,1933.656,469.0,623.334,-47.207,-670,-469,1.675516,-1.317,0.0,0.0,-1.317,1482.67,450.985,0.0,1933.656,1171.725,-548.39,0.0,623.334
13.736848098924384,13541,2,8,6,-0.098438,-0.052889,-1.275385,-1.459085,965.731,600.0,-58.334,-38.457,19,4,0.942477,-1.275,0.0,0.0,-1.275,514.359,451.371,0.0,965.731,292.585,-350.919,0.0,-58.334
13.736848098924384,13546,2,8,6,-0.103687,-0.054988,-1.363569,-0.761913,-1234.529,-1047.0,-1012.758,-36.118,976,1047,0.418879,-1.363,0.0,0.0,-1.363,-1684.637,450.107,0.0,-1234.529,-150.023,-862.734,0.0,-1012.758
13.736848098924384,13551,2,8,6,-0.108909,-0.055208,-1.503624,-0.390447,-2669.125,-1426.0,-2592.05,-35.872,2556,1426,0.418879,-1.503,0.0,0.0,-1.503,-3116.895,447.77,0.0,-2669.125,-994.5,-1597.549,0.0,-2592.05
13.748107777908444,13556,2,8,6,-0.114105,-0.058449,-1.558364,-0.60353,-2227.773,-1222.0,-2865.338,-32.262,2833,1222,0.418879,-1.558,0.0,0.0,-1.558,-2673.534,445.761,0.0,-2227.773,-804.618,-2060.719,0.0,-2865.338
13.748107777908444,13561,2,8,6,-0.119273,-0.065994,-1.491801,-1.1784,-432.421,-1264.0,-984.272,-23.859,960,243,1.256637,-1.491,0.0,0.0,-1.491,-877.524,445.102,0.0,-432.421,665.263,-1649.535,0.0,-984.272
13.75924674991984,13566,2,8,6,-0.124411,-0.076161,-1.350986,-1.682134,1373.014,526.0,-241.752,-12.543,229,-526,1.256637,-1.35,0.0,0.0,-1.35,927.216,445.798,0.0,1373.014,677.611,-919.363,0.0,-241.752
13.75924674991984,13571,2,8,6,-0.129518,-0.084471,-1.261312,-1.552815,1262.618,317.0,250.292,-3.3,-253,-317,1.256637,-1.261,0.0,0.0,-1.261,816.209,446.409,0.0,1262.618,756.495,-506.202,0.0,250.292
13.77030864590779,13576,2,8,6,-0.134594,-0.088422,-1.292806,-1.140142,18.628,-48.0,-492.508,1.091,493,48,1.256637,-1.292,0.0,0.0,-1.292,-427.46,446.088,0.0,18.628,53.302,-545.811,0.0,-492.508
13.77030864590779,13581,2,8,6,-0.139636,-0.0906,-1.373016,-0.802962,-1151.257,-226.0,-1768.655,3.511,1772,944,0.837758,-1.373,0.0,0.0,-1.373,-1596.149,444.891,0.0,-1151.257,-740.206,-1028.449,0.0,-1768.655
13.77030864590779,13586,2,8,6,-0.144644,-0.092593,-1.457439,-0.584691,-2000.633,-1328.0,-2048.872,5.725,2054,1328,0.837758,-1.457,0.0,0.0,-1.457,-2443.692,443.058,0.0,-2000.633,-538.106,-1510.765,0.0,-2048.872
13.782272361917421,13591,2,8,6,-0.149616,-0.095868,-1.504956,-0.61825,-2041.511,-1235.0,-2515.749,9.364,2525,1235,0.837758,-1.504,0.0,0.0,-1.504,-2482.777,441.266,0.0,-2041.511,-645.208,-1870.54,0.0,-2515.749
13.782272361917421,13596,2,8,6,-0.154551,-0.101565,-1.48362,-0.931861,-1104.817,-859.0,-2107.595,15.69,2123,859,0.942477,-1.483,0.0,0.0,-1.483,-1544.925,440.108,0.0,-1104.817,-196.654,-1910.94,0.0,-2107.595
13.793800187995657,13601,2,8,6,-0.159448,-0.109437,-1.400333,-1.386699,401.905,-795.0,-346.464,24.425,370,-210,1.256637,-1.4,0.0,0.0,-1.4,-38.174,440.079,0.0,401.905,957.524,-1303.988,0.0,-346.464
13.793800187995657,13606,2,8,6,-0.164306,-0.118457,-1.283789,-1.658377,1489.711,427.0,167.833,34.424,-133,-427,1.256637,-1.283,0.0,0.0,-1.283,1048.845,440.866,0.0,1489.711,850.169,-682.335,0.0,167.833
13.805525620933622,13615,2,8,6,-0.172947,-0.127185,-1.281333,-0.770415,-990.58,-606.0,-1054.745,44.091,1098,606,0.837758,-1.281,0.0,0.0,-1.281,-1430.57,439.99,0.0,-990.58,-307.664,-747.081,0.0,-1054.745
13.805525620933622,13620,2,8,6,-0.177689,-0.12809,-1.388756,-0.376826,-2395.537,-793.0,-2847.843,45.092,2892,1551,0.523598,-1.388,0.0,0.0,-1.388,-2833.403,437.865,0.0,-2395.537,-1282.03,-1565.813,0.0,-2847.843
13.81697230890859,13626,2,8,6,-0.182386,-0.129693,-1.475409,-0.348288,-2720.451,-1527.0,-3109.63,46.866,3156,1527,0.523598,-1.475,0.0,0.0,-1.475,-3155.94,435.489,0.0,-2720.451,-954.76,-2154.87,0.0,-3109.63
13.81697230890859,13631,2,8,6,-0.187963,-0.135677,-1.464007,-0.874589,-1216.118,-776.0,-2501.401,53.485,2554,776,0.837758,-1.464,0.0,0.0,-1.464,-1650.37,434.251,0.0,-1216.118,-352.094,-2149.306,0.0,-2501.401
13.827846584958024,13636,2,8,6,-0.19256,-0.1449,-1.334502,-1.500512,899.426,-184.0,-633.683,63.674,697,184,1.361356,-1.334,0.0,0.0,-1.334,464.826,434.599,0.0,899.426,866.741,-1500.424,0.0,-633.683
13.827846584958024,13641,2,8,6,-0.19711,-0.154453,-1.194386,-1.723306,1916.689,62.0,937.986,74.215,-863,-738,1.361356,-1.194,0.0,0.0,-1.194,1480.978,435.71,0.0,1916.689,1483.751,-545.765,0.0,937.986
13.83925541001372,13646,2,8,6,-0.201611,-0.160847,-1.141378,-1.392759,1140.105,110.0,542.086,81.261,-460,-110,1.256637,-1.141,0.0,0.0,-1.141,703.866,436.238,0.0,1140.105,824.084,-281.998,0.0,542.086
13.83925541001372,13651,2,8,6,-0.206062,-0.162416,-1.222069,-0.719485,-972.05,-724.0,-838.792,82.99,921,724,0.628318,-1.222,0.0,0.0,-1.222,-1407.233,435.183,0.0,-972.05,-198.44,-640.351,0.0,-838.792
13.850205519003794,13656,2,8,6,-0.210462,-0.162141,-1.35298,-0.331125,-2428.155,-1182.0,-2350.593,82.687,2433,1182,0.314159,-1.352,0.0,0.0,-1.352,-2861.192,433.037,0.0,-2428.155,-996.924,-1353.669,0.0,-2350.593
13.850205519003794,13661,2,8,6,-0.21481,-0.163349,-1.440915,-0.278866,-2823.138,-1394.0,-3235.191,84.016,3319,1817,0.314159,-1.44,0.0,0.0,-1.44,-3253.735,430.597,0.0,-2823.138,-1143.31,-2091.88,0.0,-3235.191
13.861770721967332,13666,2,8,6,-0.219105,-0.167403,-1.447664,-0.577836,-2006.751,-1271.0,-2840.663,88.479,2929,1271,0.837758,-1.447,0.0,0.0,-1.447,-2435.518,428.766,0.0,-2006.751,-588.601,-2252.062,0.0,-2840.663
13.861770721967332,13671,2,8,6,-0.223346,-0.174378,-1.371122,-1.102463,-324.041,-532.0,-1759.754,96.148,1855,532,1.151917,-1.371,0.0,0.0,-1.371,-752.244,428.202,0.0,-324.041,166.366,-1926.121,0.0,-1759.754
13.861770721967332,13676,2,8,6,-0.227532,-0.18239,-1.263988,-1.409625,836.291,-222.0,-489.847,104.947,594,222,1.256637,-1.263,0.0,0.0,-1.263,407.784,428.507,0.0,836.291,846.633,-1336.48,0.0,-489.847
13.872767279972322,13681,2,8,6,-0.231662,-0.189403,-1.183263,-1.402039,1041.521,-30.0,58.053,112.637,54,-97,1.256637,-1.183,0.0,0.0,-1.183,612.571,428.949,0.0,1041.521,857.217,-799.164,0.0,58.053
13.872767279972322,13686,2,8,6,-0.235735,-0.193397,-1.185463,-1.026044,-17.758,-590.0,-341.562,117.013,458,590,0.0,-1.185,0.0,0.0,-1.185,-446.373,428.614,0.0,-17.758,457.792,-799.355,0.0,-341.562
13.883794380933978,13691,2,8,6,-0.23975,-0.194172,-1.276169,-0.439695,-1915.267,-1370.0,-1756.642,117.861,1874,1370,0.0,-1.276,0.0,0.0,-1.276,-2342.126,426.858,0.0,-1915.267,-436.214,-1320.428,0.0,-1756.642
13.883794380933978,13696,2,8,6,-0.243705,-0.193993,-1.391954,-0.177955,-2974.887,-1674.0,-3077.906,117.665,3195,1674,0.0,-1.391,0.0,0.0,-1.391,-3399.196,424.308,0.0,-2974.887,-1040.709,-2037.196,0.0,-3077.906
13.894922931911424,13705,2,8,6,-0.250673,-0.200716,-1.398799,-0.883508,-1021.876,-850.0,-2348.841,125.021,2473,850,1.151917,-1.398,0.0,0.0,-1.398,-1442.816,420.94,0.0,-1021.876,-137.5,-2211.34,0.0,-2348.841
13.90612079296261,13710,2,8,6,-0.254458,-0.208799,-1.278437,-1.376232,694.97,-127.0,-926.32,133.852,1060,127,1.151917,-1.278,0.0,0.0,-1.278,273.824,421.145,0.0,694.97,657.576,-1583.896,0.0,-926.32
13.90612079296261,13716,2,8,6,-0.25818,-0.216364,-1.170845,-1.435304,1162.189,-60.0,20.935,142.103,121,60,1.151917,-1.17,0.0,0.0,-1.17,740.486,421.703,0.0,1162.189,977.751,-956.816,0.0,20.935
13.90612079296261,13721,2,8,6,-0.262562,-0.221863,-1.139564,-1.093477,292.563,153.0,-751.522,148.093,899,377,0.733038,-1.139,0.0,0.0,-1.139,-129.043,421.606,0.0,292.563,111.65,-863.173,0.0,-751.522
13.91739731898997,13726,2,8,6,-0.266142,-0.223746,-1.187093,-0.653917,-1072.404,-969.0,-1234.187,150.142,1384,969,0.523598,-1.187,0.0,0.0,-1.187,-1492.89,420.486,0.0,-1072.404,-82.723,-1151.464,0.0,-1234.187
13.91739731898997,13731,2,8,6,-0.269657,-0.225129,-1.246786,-0.429429,-1869.83,-1245.0,-2046.211,151.646,2197,1245,0.523598,-1.246,0.0,0.0,-1.246,-2288.601,418.77,0.0,-1869.83,-499.864,-1546.346,0.0,-2046.211
13.928191587910987,13736,2,8,6,-0.273105,-0.227944,-1.264525,-0.468369,-1812.137,-1167.0,-2370.564,154.707,2525,1167,0.523598,-1.264,0.0,0.0,-1.264,-2229.235,417.098,0.0,-1812.137,-516.109,-1854.454,0.0,-2370.564
13.928191587910987,13741,2,8,6,-0.276486,-0.232654,-1.227319,-0.73593,-959.822,-1218.0,-1524.423,159.824,1684,707,0.942477,-1.227,0.0,0.0,-1.227,-1375.889,416.066,0.0,-959.822,206.541,-1730.965,0.0,-1524.423
13.939256162964739,13746,2,8,6,-0.279799,-0.238926,-1.144461,-1.098433,287.091,-171.0,-921.016,166.629,1087,171,1.047197,-1.144,0.0,0.0,-1.144,-128.878,415.969,0.0,287.091,366.473,-1287.49,0.0,-921.016
13.939256162964739,13751,2,8,6,-0.283043,-0.245059,-1.063559,-1.1581,680.882,-117.0,-235.13,173.273,408,117,1.047197,-1.063,0.0,0.0,-1.063,264.714,416.168,0.0,680.882,638.306,-873.436,0.0,-235.13
13.950247628963552,13756,2,8,6,-0.286217,-0.248268,-1.062581,-0.81933,-265.445,-494.0,-651.603,176.745,828,494,1.047197,-1.062,0.0,0.0,-1.062,-681.102,415.657,0.0,-265.445,182.843,-834.447,0.0,-651.603
13.950247628963552,13761,2,8,6,-0.28932,-0.249036,-1.127947,-0.410568,-1594.51,-550.0,-2198.4,177.577,2375,1369,0.209439,-1.127,0.0,0.0,-1.127,-2008.661,414.151,0.0,-1594.51,-835.608,-1362.792,0.0,-2198.4
13.961852011969313,13766,2,8,6,-0.292352,-0.249155,-1.209525,-0.189685,-2443.542,-1629.0,-2520.34,177.705,2698,1629,0.209439,-1.209,0.0,0.0,-1.209,-2855.551,412.009,0.0,-2443.542,-651.633,-1868.707,0.0,-2520.34
13.961852011969313,13771,2,8,6,-0.295312,-0.251223,-1.234475,-0.362297,-2031.852,-1322.0,-2685.07,179.941,2865,1322,0.209439,-1.234,0.0,0.0,-1.234,-2442.099,410.247,0.0,-2031.852,-567.881,-2117.189,0.0,-2685.07
13.961852011969313,13776,2,8,6,-0.298199,-0.256228,-1.175172,-0.803563,-631.037,-835.0,-1745.308,185.347,1930,835,0.733038,-1.175,0.0,0.0,-1.175,-1040.504,409.466,0.0,-631.037,163.169,-1908.477,0.0,-1745.308
13.972827652934939,13781,2,8,6,-0.301012,-0.263363,-1.054163,-1.249653,957.247,-661.0,218.245,193.041,-25,-402,1.466076,-1.054,0.0,0.0,-1.054,547.37,409.877,0.0,957.247,1294.597,-1076.352,0.0,218.245
13.972827652934939,13786,2,8,6,-0.303751,-0.271018,-0.916522,-1.423492,1830.457,589.0,615.292,201.28,-414,-589,1.466076,-0.916,0.0,0.0,-0.916,1419.515,410.941,0.0,1830.457,993.165,-377.873,0.0,615.292
13.983768429956399,13795,2,8,6,-0.308492,-0.276621,-0.892381,-0.456125,-811.174,-414.0,-762.955,207.299,970,414,0.0,-0.892,0.0,0.0,-0.892,-1221.515,410.34,0.0,-811.174,-317.739,-445.215,0.0,-762.955
13.994810319971293,13800,2,8,6,-0.31102,-0.276205,-0.974795,-0.101218,-2037.509,-648.0,-2273.635,206.853,2480,1277,0.0,-0.974,0.0,0.0,-0.974,-2446.015,408.506,0.0,-2037.509,-1111.607,-1162.028,0.0,-2273.635
13.994810319971293,13806,2,8,6,-0.31347,-0.276893,-1.024167,-0.106681,-2162.393,-1254.0,-2336.206,207.591,2543,1254,0.0,-1.024,0.0,0.0,-1.024,-2568.961,406.567,0.0,-2162.393,-726.715,-1609.491,0.0,-2336.206
14.005799637991004,13811,2,8,6,-0.316309,-0.280943,-0.990259,-0.533764,-872.576,-670.0,-1697.838,211.935,1909,670,0.628318,-0.99,0.0,0.0,-0.99,-1278.186,405.61,0.0,-872.576,-162.06,-1535.778,0.0,-1697.838
14.005799637991004,13816,2,8,6,-0.318589,-0.286953,-0.885809,-0.971826,646.637,-221.0,-325.614,218.373,543,221,0.837758,-0.885,0.0,0.0,-0.885,240.845,405.791,0.0,646.637,694.11,-1019.724,0.0,-325.614
14.005799637991004,13821,2,8,6,-0.32079,-0.292474,-0.792841,-1.030978,1073.074,-59.0,468.607,224.277,-244,-259,0.837758,-0.792,0.0,0.0,-0.792,666.783,406.29,0.0,1073.074,905.659,-437.051,0.0,468.607
14.017266936949454,13826,2,8,6,-0.322912,-0.29549,-0.767835,-0.738137,323.073,-204.0,62.969,227.497,164,204,0.0,-0.767,0.0,0.0,-0.767,-83.154,406.228,0.0,323.073,421.659,-358.689,0.0,62.969
14.017266936949454,13831,2,8,6,-0.324955,-0.295935,-0.812566,-0.319333,-975.861,-764.0,-791.555,227.972,1019,764,0.0,-0.812,0.0,0.0,-0.812,-1381.051,405.19,0.0,-975.861,-169.488,-622.066,0.0,-791.555
14.02824996993877,13836,2,8,6,-0.326917,-0.295655,-0.875328,-0.096237,-1777.898,-1004.0,-1674.632,227.674,1902,1004,0.0,-0.875,0.0,0.0,-0.875,-2181.455,403.557,0.0,-1777.898,-619.118,-1055.514,0.0,-1674.632
14.02824996993877,13841,2,8,6,-0.328799,-0.29636,-0.908283,-0.077637,-1923.999,-1116.0,-2119.109,228.426,2347,1229,0.0,-0.908,0.0,0.0,-0.908,-2325.809,401.809,0.0,-1923.999,-646.399,-1472.709,0.0,-2119.109
14.03934916201979,13846,2,8,6,-0.330599,-0.298833,-0.889454,-0.337833,-1143.886,-653.0,-1891.2,231.065,2122,653,0.0,-0.889,0.0,0.0,-0.889,-1544.54,400.653,0.0,-1143.886,-392.709,-1498.491,0.0,-1891.2
14.03934916201979,13851,2,8,6,-0.332318,-0.304017,-0.79243,-0.86179,595.008,135.0,-663.986,236.588,900,-135,0.0,-0.792,0.0,0.0,-0.792,194.208,400.799,0.0,595.008,368.006,-1031.992,0.0,-663.986
14.050407457980327,13856,2,8,6,-0.333955,-0.311297,-0.634425,-1.212039,2019.331,544.0,967.464,244.33,-723,-544,0.733038,-0.634,0.0,0.0,-0.634,1617.319,402.012,0.0,2019.331,1180.265,-212.8,0.0,967.464
14.050407457980327,13861,2,8,6,-0.33551,-0.316667,-0.52758,-1.05615,1883.075,748.0,1264.405,250.03,-1014,-751,0.733038,-0.527,0.0,0.0,-0.527,1479.995,403.08,0.0,1883.075,908.06,356.345,0.0,1264.405
14.062084208009765,13866,2,8,6,-0.336981,-0.318008,-0.531252,-0.449784,174.798,-156.0,413.213,251.451,-161,156,0.209439,-0.531,0.0,0.0,-0.531,-228.11,402.909,0.0,174.798,264.639,148.574,0.0,413.213
14.062084208009765,13871,2,8,6,-0.33837,-0.315808,-0.631738,0.024983,-1437.292,-699.0,-984.116,249.118,1233,699,-0.104719,-0.631,0.0,0.0,-0.631,-1838.822,401.53,0.0,-1437.292,-590.634,-393.482,0.0,-984.116
14.062084208009765,13876,2,8,6,-0.339675,-0.315494,-0.677078,-0.018274,-1444.502,-690.0,-1372.091,248.785,1620,690,-0.104719,-0.677,0.0,0.0,-0.677,-1844.649,400.146,0.0,-1444.502,-603.602,-768.489,0.0,-1372.091
14.073066487908363,13885,2,8,6,-0.341813,-0.319888,-0.613902,-0.517784,129.955,-9.0,-403.489,253.443,656,9,0.314159,-0.613,0.0,0.0,-0.613,-269.13,399.085,0.0,129.955,111.164,-514.654,0.0,-403.489
14.083947086939588,13890,2,8,6,-0.342882,-0.323119,-0.55337,-0.633089,622.465,190.0,107.621,256.864,149,-190,0.314159,-0.553,0.0,0.0,-0.553,223.212,399.253,0.0,622.465,345.972,-238.351,0.0,107.621
14.083947086939588,13896,2,8,6,-0.343868,-0.325389,-0.517406,-0.547185,482.696,53.0,293.489,259.264,-34,-53,0.314159,-0.517,0.0,0.0,-0.517,83.38,399.315,0.0,482.696,343.757,-50.268,0.0,293.489
14.094924561912194,13901,2,8,6,-0.344938,-0.32657,-0.514289,-0.342732,-81.401,123.0,-308.054,260.513,568,275,0.0,-0.514,0.0,0.0,-0.514,-480.357,398.955,0.0,-81.401,-163.521,-144.533,0.0,-308.054
14.094924561912194,13906,2,8,6,-0.345736,-0.326593,-0.535985,-0.078946,-881.713,-626.0,-617.17,260.538,877,626,0.0,-0.535,0.0,0.0,-0.535,-1279.709,397.995,0.0,-881.713,-204.57,-412.599,0.0,-617.17
14.10613414796535,13911,2,8,6,-0.346449,-0.326483,-0.55904,0.003158,-1177.341,-728.0,-1027.117,260.421,1287,728,0.0,-0.559,0.0,0.0,-0.559,-1574.156,396.815,0.0,-1177.341,-359.472,-667.645,0.0,-1027.117
14.10613414796535,13916,2,8,6,-0.347076,-0.327543,-0.546911,-0.093821,-872.788,-607.0,-991.07,261.542,1252,607,0.0,-0.546,0.0,0.0,-0.546,-1268.652,395.863,0.0,-872.788,-212.63,-778.439,0.0,-991.07
14.10613414796535,13921,2,8,6,-0.347618,-0.329436,-0.509082,-0.296696,-199.262,-617.0,-236.432,263.541,499,220,0.209439,-0.509,0.0,0.0,-0.509,-594.679,395.417,0.0,-199.262,334.19,-570.623,0.0,-236.432
14.117358578019775,13926,2,8,6,-0.348074,-0.33171,-0.458173,-0.433921,327.462,-63.0,-0.21,265.941,266,63,0.0,-0.458,0.0,0.0,-0.458,-67.904,395.366,0.0,327.462,312.37,-312.581,0.0,-0.21
14.117358578019775,13931,2,8,6,-0.348444,-0.333065,-0.430598,-0.286695,-7.865,-238.0,-62.3,267.37,329,238,0.0,-0.43,0.0,0.0,-0.43,-402.929,395.064,0.0,-7.865,184.107,-246.408,0.0,-62.3
14.128476414945908,13936,2,8,6,-0.348728,-0.332987,-0.440743,-0.057156,-679.786,-436.0,-602.786,267.287,870,436,0.0,-0.44,0.0,0.0,-0.44,-1074.044,394.258,0.0,-679.786,-195.028,-407.757,0.0,-602.786
14.128476414945908,13941,2,8,6,-0.348926,-0.33277,-0.45235,0.021772,-934.282,-546.0,-924.732,267.059,1191,715,0.0,-0.452,0.0,0.0,-0.452,-1327.544,393.262,0.0,-934.282,-310.625,-614.106,0.0,-924.732
14.139333599014208,13946,2,8,6,-0.349038,-0.333401,-0.437818,-0.028174,-754.6,-558.0,-809.849,267.724,1077,558,0.0,-0.437,0.0,0.0,-0.437,-1147.003,392.402,0.0,-754.6,-157.28,-652.568,0.0,-809.849
14.139333599014208,13951,2,8,6,-0.349064,-0.334474,-0.408519,-0.082875,-520.055,-552.0,-609.74,268.855,878,552,0.0,-0.408,0.0,0.0,-0.408,-911.801,391.746,0.0,-520.055,25.555,-635.296,0.0,-609.74
14.150251725921407,13956,2,8,6,-0.349003,-0.33531,-0.383417,-0.125363,-331.346,-431.0,-479.156,269.736,748,431,0.0,-0.383,0.0,0.0,-0.383,-722.55,391.204,0.0,-331.346,79.722,-558.879,0.0,-479.156
14.150251725921407,13961,2,8,6,-0.348857,-0.335968,-0.360891,-0.169468,-145.18,-436.0,-181.397,270.429,451,322,0.0,-0.36,0.0,0.0,-0.36,-535.982,390.802,0.0,-145.18,232.655,-414.053,0.0,-181.397
14.161985503975302,13966,2,8,6,-0.348624,-0.336415,-0.341864,-0.126737,-212.004,-334.0,-260.371,270.9,531,334,0.0,-0.341,0.0,0.0,-0.341,-602.354,390.35,0.0,-212.004,97.596,-357.968,0.0,-260.371
14.161985503975302,13975,2,8,6,-0.347989,-0.336624,-0.318224,0.018668,-554.347,-485.0,-502.707,271.121,773,485,0.0,-0.318,0.0,0.0,-0.318,-943.3,388.953,0.0,-554.347,-55.477,-447.23,0.0,-502.707
14.173280603950843,13980,2,8,6,-0.347516,-0.337131,-0.290786,-0.016725,-378.989,-485.0,-309.432,271.654,581,395,0.0,-0.29,0.0,0.0,-0.29,-767.369,388.379,0.0,-378.989,84.808,-394.241,0.0,-309.432
14.173280603950843,13985,2,8,6,-0.346957,-0.337705,-0.259075,-0.024003,-270.316,-334.0,-286.829,272.258,559,334,0.0,-0.259,0.0,0.0,-0.259,-658.202,387.885,0.0,-270.316,50.946,-337.776,0.0,-286.829
14.184083904954605,13991,2,8,6,-0.346313,-0.337805,-0.238218,0.001358,-283.434,-328.0,-277.789,272.364,550,328,0.0,-0.238,0.0,0.0,-0.238,-670.814,387.379,0.0,-283.434,35.652,-313.441,0.0,-277.789
14.184083904954605,13996,2,8,6,-0.345427,-0.337818,-0.213039,-0.012024,-175.885,-286.0,-162.742,272.378,435,286,0.0,-0.213,0.0,0.0,-0.213,-562.843,386.958,0.0,-175.885,88.091,-250.834,0.0,-162.742
14.194968853960745,14001,2,8,6,-0.344595,-0.338067,-0.182778,-0.011354,-93.389,-226.0,-71.648,272.64,344,201,0.0,-0.182,0.0,0.0,-0.182,-479.987,386.598,0.0,-93.389,106.088,-177.736,0.0,-71.648
14.194968853960745,14006,2,8,6,-0.343677,-0.338308,-0.150353,0.039788,-146.196,-201.0,-106.411,272.893,379,201,0.0,-0.15,0.0,0.0,-0.15,-532.395,386.198,0.0,-146.196,43.842,-150.254,0.0,-106.411
14.206027774955146,14011,2,8,6,-0.342675,-0.338389,-0.120011,0.055042,-104.321,-147.0,-79.516,272.979,352,147,0.0,-0.12,0.0,0.0,-0.12,-490.152,385.831,0.0,-104.321,34.143,-113.659,0.0,-79.516
14.206027774955146,14016,2,8,6,-0.341589,-0.33856,-0.084801,0.013739,109.71,-62.0,126.424,273.159,146,62,0.0,-0.084,0.0,0.0,-0.084,-275.914,385.624,0.0,109.71,137.368,-10.943,0.0,126.424
14.206027774955146,14021,2,8,6,-0.340418,-0.338652,-0.049442,0.014745,205.765,-38.0,308.711,273.256,-35,-64,0.0,-0.049,0.0,0.0,-0.049,-179.724,385.489,0.0,205.765,195.012,113.699,0.0,308.711
14.218125136918388,14026,2,8,6,-0.339163,-0.338558,-0.01695,0.045002,211.891,88.0,283.932,273.156,-10,-88,0.0,-0.016,0.0,0.0,-0.016,-173.467,385.359,0.0,211.891,99.113,184.819,0.0,283.932
14.218125136918388,14031,2,8,6,-0.337824,-0.338253,0.012002,0.078449,199.17,64.0,353.415,272.836,-80,-64,0.0,0.012,0.0,0.0,0.012,-186.049,385.219,0.0,199.17,108.136,245.279,0.0,353.415
14.229853461962193,14036,2,8,6,-0.336402,-0.338025,0.045428,0.07654,298.039,190.0,410.943,272.596,-138,-190,0.0,0.045,0.0,0.0,0.045,-87.115,385.154,0.0,298.039,86.431,324.512,0.0,410.943
14.229853461962193,14041,2,8,6,-0.334898,-0.337825,0.081967,0.09289,354.548,191.0,537.239,272.385,-264,-262,0.0,0.081,0.0,0.0,0.081,-30.583,385.131,0.0,354.548,130.838,406.401,0.0,537.239
14.241031209006906,14046,2,8,6,-0.33331,-0.337594,0.119951,0.092385,462.37,318.0,613.634,272.142,-341,-318,0.0,0.119,0.0,0.0,0.119,77.183,385.187,0.0,462.37,115.496,498.137,0.0,613.634
14.241031209006906,14051,2,8,6,-0.33164,-0.337291,0.158216,0.097202,556.154,426.0,701.957,271.823,-430,-426,0.0,0.158,0.0,0.0,0.158,170.838,385.315,0.0,556.154,104.123,597.834,0.0,701.957
14.241031209006906,14056,2,8,6,-0.329889,-0.336867,0.195401,0.103678,642.331,457.0,845.545,271.377,-574,-457,0.0,0.195,0.0,0.0,0.195,256.823,385.508,0.0,642.331,148.265,697.28,0.0,845.545
14.252648682915606,14065,2,8,6,-0.326531,-0.335844,0.260751,0.141532,719.782,615.0,959.421,270.298,-689,-615,-0.209439,0.26,0.0,0.0,0.26,333.813,385.968,0.0,719.782,83.825,875.595,0.0,959.421
14.263521209941246,14070,2,8,6,-0.324553,-0.33512,0.29588,0.160061,766.546,651.0,1036.726,269.536,-767,-651,-0.209439,0.295,0.0,0.0,0.295,380.291,386.254,0.0,766.546,92.436,944.29,0.0,1036.726
14.263521209941246,14075,2,8,6,-0.322494,-0.33441,0.333652,0.176121,827.672,695.0,1125.633,268.788,-856,-695,-0.209439,0.333,0.0,0.0,0.333,441.087,386.585,0.0,827.672,106.138,1019.495,0.0,1125.633
14.275034518912435,14081,2,8,6,-0.320356,-0.333578,0.370197,0.17941,921.191,731.0,1270.706,267.91,-1002,-797,-0.209439,0.37,0.0,0.0,0.37,534.203,386.988,0.0,921.191,152.153,1118.553,0.0,1270.706
14.275034518912435,14086,2,8,6,-0.317686,-0.332654,0.419086,0.186992,1037.339,890.0,1347.102,266.936,-1080,-890,-0.209439,0.419,0.0,0.0,0.419,649.864,387.475,0.0,1037.339,117.871,1229.23,0.0,1347.102
14.286023125983775,14091,2,8,6,-0.315375,-0.331706,0.457258,0.218678,1055.998,886.0,1448.74,265.936,-1182,-886,-0.209439,0.457,0.0,0.0,0.457,668.022,387.975,0.0,1055.998,135.998,1312.742,0.0,1448.74
14.286023125983775,14096,2,8,6,-0.312986,-0.330484,0.489946,0.253061,1051.753,939.0,1468.939,264.647,-1204,-939,-0.314159,0.489,0.0,0.0,0.489,663.279,388.473,0.0,1051.753,90.203,1378.736,0.0,1468.939
14.286023125983775,14101,2,8,6,-0.31052,-0.329064,0.519225,0.298696,1006.419,939.0,1466.286,263.148,-1203,-900,-0.314159,0.519,0.0,0.0,0.519,617.482,388.937,0.0,1006.419,53.935,1412.351,0.0,1466.286
14.29740886494983,14106,2,8,6,-0.307977,-0.327465,0.545665,0.344854,951.631,900.0,1479.387,261.459,-1217,-900,-0.314159,0.545,0.0,0.0,0.545,562.273,389.358,0.0,951.631,41.305,1438.082,0.0,1479.387
14.29740886494983,14111,2,8,6,-0.305358,-0.325718,0.570072,0.382237,915.69,897.0,1461.454,259.612,-1201,-897,-0.314159,0.57,0.0,0.0,0.57,525.937,389.753,0.0,915.69,14.952,1446.502,0.0,1461.454
14.309632983990014,14116,2,8,6,-0.302664,-0.323877,0.593956,0.398272,938.078,911.0,1484.37,257.665,-1226,-911,-0.418879,0.593,0.0,0.0,0.593,547.915,390.163,0.0,938.078,21.662,1462.708,0.0,1484.37
14.309632983990014,14121,2,8,6,-0.299895,-0.32195,0.617525,0.414606,958.763,926.0,1506.956,255.626,-1251,-920,-0.418879,0.617,0.0,0.0,0.617,568.173,390.59,0.0,958.763,26.211,1480.745,0.0,1506.956
14.320775233907625,14126,2,8,6,-0.297053,-0.320067,0.644403,0.417001,1027.795,1019.0,1529.718,253.633,-1276,-1019,-0.418879,0.644,0.0,0.0,0.644,636.727,391.067,0.0,1027.795,7.036,1522.682,0.0,1529.718
14.320775233907625,14131,2,8,6,-0.294136,-0.318146,0.672262,0.421045,1095.001,1016.0,1624.384,251.597,-1372,-1016,-0.418879,0.672,0.0,0.0,0.672,703.406,391.595,0.0,1095.001,63.201,1561.183,0.0,1624.384
14.3321018909337,14136,2,8,6,-0.291148,-0.316214,0.701848,0.437424,1132.515,1034.0,1690.778,249.549,-1441,-1034,-0.418879,0.701,0.0,0.0,0.701,740.386,392.128,0.0,1132.515,78.812,1611.966,0.0,1690.778
14.3321018909337,14141,2,8,6,-0.288087,-0.314179,0.730574,0.431145,1231.158,1047.0,1852.972,247.39,-1605,-1109,-0.418879,0.73,0.0,0.0,0.73,838.4,392.757,0.0,1231.158,147.326,1705.646,0.0,1852.972
14.3321018909337,14146,2,8,6,-0.284956,-0.311814,0.75204,0.490695,1125.074,997.0,1825.352,244.88,-1580,-997,-0.418879,0.752,0.0,0.0,0.752,731.767,393.306,0.0,1125.074,102.459,1722.893,0.0,1825.352
14.34314497502055,14155,2,8,6,-0.279142,-0.305943,0.750419,0.729066,453.445,676.0,1331.338,238.638,-1092,-676,-0.628318,0.75,0.0,0.0,0.75,59.788,393.656,0.0,453.445,-178.043,1509.382,0.0,1331.338
14.354492021957412,14160,2,8,6,-0.275816,-0.301862,0.72929,0.817128,147.527,630.0,877.782,234.293,-643,-438,-0.942477,0.729,0.0,0.0,0.729,-245.945,393.472,0.0,147.527,-385.978,1263.76,0.0,877.782
14.354492021957412,14165,2,8,6,-0.272421,-0.297937,0.714458,0.802585,146.531,504.0,825.624,230.109,-595,-504,-0.733038,0.714,0.0,0.0,0.714,-246.756,393.287,0.0,146.531,-285.975,1111.599,0.0,825.624
14.365260912920348,14171,2,8,6,-0.268959,-0.295023,0.72979,0.645606,629.179,731.0,1047.987,227.0,-820,-731,-0.733038,0.729,0.0,0.0,0.729,235.714,393.464,0.0,629.179,-81.456,1129.444,0.0,1047.987
14.365260912920348,14176,2,8,6,-0.264718,-0.293148,0.796045,0.443245,1382.045,989.0,1686.995,224.997,-1461,-989,-0.523598,0.796,0.0,0.0,0.796,987.839,394.205,0.0,1382.045,314.436,1372.558,0.0,1686.995
14.377290815929882,14181,2,8,6,-0.261111,-0.292056,0.866445,0.369216,1787.488,1095.0,2284.454,223.83,-2060,-1353,-0.523598,0.866,0.0,0.0,0.866,1392.238,395.249,0.0,1787.488,553.99,1730.463,0.0,2284.454
14.377290815929882,14186,2,8,6,-0.25744,-0.290141,0.915634,0.450764,1697.862,1281.0,2243.396,221.784,-2021,-1281,-0.523598,0.915,0.0,0.0,0.915,1301.635,396.226,0.0,1697.862,333.489,1909.907,0.0,2243.396
14.377290815929882,14191,2,8,6,-0.253706,-0.286688,0.923503,0.67647,1088.438,979.0,1966.68,218.089,-1748,-979,-0.733038,0.923,0.0,0.0,0.923,691.693,396.744,0.0,1088.438,87.55,1879.13,0.0,1966.68
14.387994383927435,14196,2,8,6,-0.249908,-0.282138,0.902422,0.839791,572.241,873.0,1467.563,213.216,-1254,-873,-0.942477,0.902,0.0,0.0,0.902,175.364,396.876,0.0,572.241,-240.606,1708.17,0.0,1467.563
14.387994383927435,14201,2,8,6,-0.24605,-0.277674,0.885477,0.874151,428.612,747.0,1279.573,208.429,-1071,-681,-1.047197,0.885,0.0,0.0,0.885,31.712,396.9,0.0,428.612,-254.709,1534.283,0.0,1279.573
14.399022308993153,14206,2,8,6,-0.24213,-0.27387,0.888728,0.824271,577.514,754.0,1334.134,204.345,-1129,-754,-1.047197,0.888,0.0,0.0,0.888,180.478,397.035,0.0,577.514,-141.188,1475.323,0.0,1334.134
14.399022308993153,14211,2,8,6,-0.238151,-0.270748,0.912731,0.721204,933.714,880.0,1582.683,200.99,-1381,-880,-0.942477,0.912,0.0,0.0,0.912,536.276,397.438,0.0,933.714,42.971,1539.711,0.0,1582.683
14.410049533937126,14216,2,8,6,-0.234113,-0.267725,0.941152,0.68422,1117.387,898.0,1828.177,197.738,-1630,-898,-0.942477,0.941,0.0,0.0,0.941,719.41,397.976,0.0,1117.387,175.509,1652.667,0.0,1828.177
14.410049533937126,14221,2,8,6,-0.230017,-0.264007,0.951719,0.778721,882.734,916.0,1611.362,193.735,-1417,-732,-1.047197,0.951,0.0,0.0,0.951,484.393,398.34,0.0,882.734,-26.612,1637.975,0.0,1611.362
14.421115649980493,14226,2,8,6,-0.225864,-0.25926,0.935072,0.947201,364.355,522.0,1352.843,188.618,-1164,-522,-1.151917,0.935,0.0,0.0,0.935,-33.96,398.316,0.0,364.355,-126.115,1478.958,0.0,1352.843
14.421115649980493,14231,2,8,6,-0.221656,-0.254047,0.90693,1.02299,73.103,435.0,980.543,182.991,-797,-435,-1.151917,0.906,0.0,0.0,0.906,-324.969,398.072,0.0,73.103,-289.517,1270.06,0.0,980.543
14.421115649980493,14236,2,8,6,-0.217393,-0.249873,0.909419,0.895094,438.213,594.0,1102.489,178.481,-924,-594,-1.151917,0.909,0.0,0.0,0.909,40.11,398.102,0.0,438.213,-124.629,1227.118,0.0,1102.489
14.432692205999047,14241,2,8,6,-0.213077,-0.247172,0.954672,0.683832,1157.022,641.0,1904.062,175.56,-1728,-1124,-0.628318,0.954,0.0,0.0,0.954,758.35,398.671,0.0,1157.022,412.817,1491.244,0.0,1904.062
14.443500426015817,14250,2,8,6,-0.205175,-0.243359,1.069158,0.561244,1822.951,1330.0,2450.164,171.433,-2278,-1330,-0.628318,1.069,0.0,0.0,1.069,1422.16,400.791,0.0,1822.951,394.361,2055.802,0.0,2450.164
14.443500426015817,14255,2,8,6,-0.200714,-0.239488,1.085677,0.750979,1338.647,1108.0,2310.644,167.239,-2143,-1108,-0.837758,1.085,0.0,0.0,1.085,937.154,401.492,0.0,1338.647,184.517,2126.126,0.0,2310.644
14.454681193921715,14261,2,8,6,-0.196203,-0.234074,1.060383,1.034451,474.155,1002.0,1428.172,161.366,-1266,-485,-1.151917,1.06,0.0,0.0,1.06,72.608,401.547,0.0,474.155,-422.275,1850.447,0.0,1428.172
14.454681193921715,14266,2,8,6,-0.190727,-0.22559,0.976178,1.334375,-602.155,49.0,830.728,152.148,-678,-49,-1.256637,0.976,0.0,0.0,0.976,-1002.951,400.796,0.0,-602.155,-520.924,1351.653,0.0,830.728
14.465855209971778,14271,2,8,6,-0.186111,-0.218637,0.910716,1.331522,-778.345,50.0,275.288,144.58,-130,-50,-1.256637,0.91,0.0,0.0,0.91,-1178.257,399.912,0.0,-778.345,-662.676,937.964,0.0,275.288
14.465855209971778,14276,2,8,6,-0.18145,-0.214426,0.923329,0.973733,258.676,416.0,799.753,139.991,-659,-416,-1.256637,0.923,0.0,0.0,0.923,-141.13,399.806,0.0,258.676,-125.859,925.613,0.0,799.753
14.477245536982082,14281,2,8,6,-0.176744,-0.212962,1.01412,0.551332,1696.586,513.0,2475.132,138.395,-2336,-1376,-0.733038,1.014,0.0,0.0,1.014,1295.807,400.778,0.0,1696.586,946.868,1528.263,0.0,2475.132
14.477245536982082,14286,2,8,6,-0.171994,-0.212091,1.122737,0.410471,2396.618,1523.0,2722.505,137.445,-2585,-1523,-0.733038,1.122,0.0,0.0,1.122,1994.343,402.274,0.0,2396.618,698.894,2023.61,0.0,2722.505
14.477245536982082,14291,2,8,6,-0.167201,-0.208696,1.161837,0.700698,1694.431,1159.0,2616.402,133.739,-2482,-1159,-0.837758,1.161,0.0,0.0,1.161,1291.188,403.242,0.0,1694.431,428.344,2188.057,0.0,2616.402
14.48811559099704,14296,2,8,6,-0.162368,-0.20242,1.12146,1.057715,581.862,813.0,1819.059,126.884,-1692,-813,-1.047197,1.121,0.0,0.0,1.121,178.485,403.376,0.0,581.862,-184.91,2003.969,0.0,1819.059
14.48811559099704,14301,2,8,6,-0.157494,-0.195049,1.051539,1.347192,-425.074,612.0,633.013,118.821,-514,-54,-1.466076,1.051,0.0,0.0,1.051,-827.83,402.756,0.0,-425.074,-829.659,1462.672,0.0,633.013
14.499018737929873,14306,2,8,6,-0.152582,-0.187246,0.970589,1.470396,-997.752,-91.0,228.83,110.272,-118,91,-1.466076,0.97,0.0,0.0,0.97,-1399.459,401.706,0.0,-997.752,-725.402,954.232,0.0,228.83
14.499018737929873,14311,2,8,6,-0.147631,-0.182079,0.964543,1.106556,3.769,545.0,440.258,104.606,-335,-545,-1.466076,0.964,0.0,0.0,0.964,-397.638,401.408,0.0,3.769,-432.984,873.242,0.0,440.258
14.509834712021984,14316,2,8,6,-0.142645,-0.181004,1.074052,0.480885,2063.474,1167.0,2145.88,103.425,-2042,-1167,-0.837758,1.074,0.0,0.0,1.074,1660.867,402.606,0.0,2063.474,717.179,1428.701,0.0,2145.88
14.509834712021984,14321,2,8,6,-0.137623,-0.181151,1.21878,0.2222,3195.123,1463.0,3719.337,103.587,-3615,-2226,-0.628318,1.218,0.0,0.0,1.218,2790.423,404.699,0.0,3195.123,1385.698,2333.638,0.0,3719.337
14.521789325983264,14326,2,8,6,-0.132567,-0.179327,1.309268,0.420611,2894.804,1838.0,3545.375,101.584,-3443,-1838,-0.628318,1.309,0.0,0.0,1.309,2488.238,406.565,0.0,2894.804,845.443,2699.932,0.0,3545.375
14.521789325983264,14331,2,8,6,-0.127479,-0.173902,1.29986,0.937744,1421.252,1201.0,2781.769,95.626,-2686,-1201,-1.047197,1.299,0.0,0.0,1.299,1013.926,407.326,0.0,1421.252,176.202,2605.567,0.0,2781.769
14.53324043599423,14340,2,8,6,-0.118241,-0.159744,1.162066,1.554845,-693.553,517.0,530.297,80.046,-450,-174,-1.256637,1.162,0.0,0.0,1.162,-1099.779,406.225,0.0,-693.553,-968.442,1498.739,0.0,530.297
14.53324043599423,14345,2,8,6,-0.113068,-0.153222,1.124302,1.405888,-382.805,457.0,520.861,72.857,-448,-457,-1.256637,1.124,0.0,0.0,1.124,-788.44,405.634,0.0,-382.805,-671.844,1192.706,0.0,520.861
14.544362464919686,14351,2,8,6,-0.107867,-0.149595,1.168381,0.871919,1236.353,1228.0,1438.61,68.856,-1369,-1228,-0.733038,1.168,0.0,0.0,1.168,830.092,406.26,0.0,1236.353,6.682,1431.928,0.0,1438.61
14.544362464919686,14356,2,8,6,-0.10159,-0.14907,1.329453,0.368733,3098.288,1849.0,3165.911,68.278,-3097,-1849,-0.523598,1.329,0.0,0.0,1.329,2690.015,408.273,0.0,3098.288,999.431,2166.48,0.0,3165.911
14.555718009942211,14361,2,8,6,-0.096332,-0.148172,1.451519,0.300789,3632.738,2048.0,4250.109,67.287,-4182,-2432,-0.523598,1.451,0.0,0.0,1.451,3222.043,410.695,0.0,3632.738,1267.79,2982.318,0.0,4250.109
14.555718009942211,14366,2,8,6,-0.09105,-0.144069,1.484536,0.724196,2541.239,1662.0,3816.124,62.758,-3753,-1662,-0.837758,1.484,0.0,0.0,1.484,2128.951,412.288,0.0,2541.239,703.391,3112.733,0.0,3816.124
14.567101576016285,14371,2,8,6,-0.085746,-0.135635,1.3969,1.38297,451.322,781.0,2418.155,53.438,-2364,-781,-1.466076,1.396,0.0,0.0,1.396,39.004,412.317,0.0,451.322,-263.742,2681.897,0.0,2418.155
14.567101576016285,14376,2,8,6,-0.08042,-0.125074,1.250288,1.781191,-1075.324,333.0,762.595,41.753,-720,-333,-1.675516,1.25,0.0,0.0,1.25,-1486.527,411.202,0.0,-1075.324,-1126.659,1889.254,0.0,762.595
14.567101576016285,14381,2,8,6,-0.075075,-0.116571,1.161888,1.70292,-1104.826,140.0,248.057,32.335,-215,-110,-1.675516,1.161,0.0,0.0,1.161,-1514.891,410.064,0.0,-1104.826,-995.861,1243.918,0.0,248.057
14.57819693593774,14386,2,8,6,-0.069711,-0.112058,1.18571,1.154002,498.914,1003.0,944.918,27.332,-917,-1003,-1.047197,1.185,0.0,0.0,1.185,88.783,410.131,0.0,498.914,-403.268,1348.186,0.0,944.918
14.57819693593774,14391,2,8,6,-0.06433,-0.111479,1.320159,0.482365,2757.708,1947.0,2681.359,26.69,-2654,-1947,-0.733038,1.32,0.0,0.0,1.32,2345.821,411.887,0.0,2757.708,648.566,2032.792,0.0,2681.359
14.58961364091374,14396,2,8,6,-0.058933,-0.111324,1.466927,0.296778,3690.764,2206.0,4015.726,26.517,-3989,-2206,-0.733038,1.466,0.0,0.0,1.466,3276.415,414.349,0.0,3690.764,1187.811,2827.914,0.0,4015.726
14.58961364091374,14401,2,8,6,-0.053522,-0.108311,1.53408,0.565625,3128.053,2416.0,3776.203,23.176,-3753,-2033,-0.942477,1.534,0.0,0.0,1.534,2711.674,416.379,0.0,3128.053,569.643,3206.56,0.0,3776.203
14.600465230992995,14406,2,8,6,-0.048097,-0.101798,1.503615,1.108367,1523.872,1175.0,3312.018,15.948,-3296,-1175,-1.361356,1.503,0.0,0.0,1.503,1106.694,417.177,0.0,1523.872,279.097,3032.92,0.0,3312.018
14.600465230992995,14411,2,8,6,-0.042661,-0.091982,1.380992,1.669708,-391.834,395.0,1759.126,5.047,-1754,-395,-1.675516,1.38,0.0,0.0,1.38,-808.406,416.571,0.0,-391.834,-629.467,2388.594,0.0,1759.126
14.611936939996667,14416,2,8,6,-0.037214,-0.08164,1.243929,1.892895,-1401.898,88.0,384.789,-6.449,-391,-88,-1.675516,1.243,0.0,0.0,1.243,-1817.106,415.208,0.0,-1401.898,-1191.918,1576.708,0.0,384.789
14.611936939996667,14421,2,8,6,-0.031757,-0.074339,1.192285,1.593244,-708.318,-51.0,703.909,-14.571,-718,-392,-1.256637,1.192,0.0,0.0,1.192,-1122.684,414.366,0.0,-708.318,-525.854,1229.763,0.0,703.909
14.622903696959838,14430,2,8,6,-0.021917,-0.070877,1.370873,0.353874,3264.853,2194.0,3255.183,-18.423,-3273,-2194,-0.523598,1.37,0.0,0.0,1.37,2847.594,417.259,0.0,3264.853,856.683,2398.5,0.0,3255.183
14.622903696959838,14435,2,8,6,-0.016443,-0.069482,1.485112,0.345054,3611.815,2198.0,4236.785,-19.976,-4256,-2198,-0.523598,1.485,0.0,0.0,1.485,3192.161,419.653,0.0,3611.815,1131.052,3105.733,0.0,4236.785
14.63379485392943,14441,2,8,6,-0.010964,-0.064811,1.507721,0.790624,2429.034,2248.0,3345.961,-25.177,-3371,-1457,-1.047197,1.507,0.0,0.0,1.507,2007.869,421.165,0.0,2429.034,144.827,3201.133,0.0,3345.961
14.63379485392943,14446,2,8,6,-0.004386,-0.053783,1.383127,1.591373,-162.355,130.0,2299.41,-37.46,-2336,-130,-1.780235,1.383,0.0,0.0,1.383,-583.089,420.733,0.0,-162.355,-233.884,2533.295,0.0,2299.41
14.644773710984737,14451,2,8,6,0.001096,-0.040424,1.162605,2.153651,-2356.297,-694.0,109.442,-52.35,-161,694,-2.094395,1.162,0.0,0.0,1.162,-2774.926,418.629,0.0,-2356.297,-1329.838,1439.28,0.0,109.442
14.644773710984737,14456,2,8,6,0.006579,-0.029411,1.007748,2.095344,-2628.922,-647.0,-1128.291,-64.632,1063,647,-2.094395,1.007,0.0,0.0,1.007,-3045.267,416.345,0.0,-2628.922,-1585.538,457.246,0.0,-1128.291
14.655677263974212,14461,2,8,6,0.01206,-0.024472,1.022917,1.318548,-412.042,-828.0,977.815,-70.141,-1047,-542,-1.151917,1.022,0.0,0.0,1.022,-827.766,415.724,0.0,-412.042,332.765,645.049,0.0,977.815
14.655677263974212,14466,2,8,6,0.017538,-0.025531,1.205968,0.372071,2752.367,1893.0,2290.125,-68.96,-2359,-1893,-0.628318,1.205,0.0,0.0,1.205,2334.911,417.456,0.0,2752.367,687.493,1602.631,0.0,2290.125
14.655677263974212,14471,2,8,6,0.023012,-0.026711,1.392286,0.198677,3762.101,2242.0,3688.925,-67.643,-3756,-2242,-0.628318,1.392,0.0,0.0,1.392,3342.105,419.995,0.0,3762.101,1216.08,2472.844,0.0,3688.925
14.667285881005228,14476,2,8,6,0.02848,-0.02292,1.439231,0.561675,2878.989,2027.0,3536.845,-71.872,-3608,-2027,-0.628318,1.439,0.0,0.0,1.439,2457.154,421.834,0.0,2878.989,681.591,2855.253,0.0,3536.845
14.667285881005228,14481,2,8,6,0.033941,-0.01635,1.408192,0.936319,1744.071,1934.0,2597.564,-79.201,-2676,-1234,-1.466076,1.408,0.0,0.0,1.408,1321.245,422.825,0.0,1744.071,-151.942,2749.506,0.0,2597.564
14.678596179001033,14491,2,8,6,0.043749,0.001102,1.194125,1.69342,-976.353,138.0,783.452,-98.676,-882,-138,-1.675516,1.194,0.0,0.0,1.194,-1398.024,421.67,0.0,-976.353,-891.483,1674.935,0.0,783.452
14.689433295978233,14496,2,8,6,0.050269,0.00894,1.157198,1.504606,-551.8,449.0,435.176,-107.422,-542,-449,-1.675516,1.157,0.0,0.0,1.157,-972.739,420.939,0.0,-551.8,-800.64,1235.817,0.0,435.176
14.689433295978233,14501,2,8,6,0.055688,0.011505,1.237147,0.829549,1563.035,421.0,2694.395,-110.283,-2804,-1748,0.0,1.237,0.0,0.0,1.237,1141.274,421.761,0.0,1563.035,913.628,1780.766,0.0,2694.395
14.70034689991735,14506,2,8,6,0.061094,0.011087,1.40021,0.266564,3598.35,2460.0,3556.922,-109.817,-3666,-2460,0.0,1.4,0.0,0.0,1.4,3174.208,424.141,0.0,3598.35,910.68,2646.241,0.0,3556.922
14.70034689991735,14511,2,8,6,0.066485,0.012889,1.500697,0.453418,3358.721,2175.0,4093.212,-111.828,-4205,-2175,0.0,1.5,0.0,0.0,1.5,2932.38,426.341,0.0,3358.721,946.977,3146.234,0.0,4093.212
14.711380299995653,14520,2,8,6,0.076146,0.026631,1.386423,1.451307,245.521,1361.0,1554.664,-127.159,-1681,-669,-1.361356,1.386,0.0,0.0,1.386,-181.677,427.198,0.0,245.521,-892.382,2447.047,0.0,1554.664
14.711380299995653,14525,2,8,6,0.081487,0.035332,1.292346,1.65587,-591.431,321.0,1120.773,-136.863,-1257,-321,-1.361356,1.292,0.0,0.0,1.292,-1017.867,426.435,0.0,-591.431,-729.945,1850.719,0.0,1120.773
14.72229793597944,14531,2,8,6,0.086809,0.042168,1.249953,1.501257,-277.746,572.0,820.926,-144.485,-965,-572,-1.361356,1.249,0.0,0.0,1.249,-703.652,425.905,0.0,-277.746,-679.797,1500.723,0.0,820.926
14.72229793597944,14536,2,8,6,0.093166,0.046775,1.29895,1.095191,996.858,959.0,1619.915,-149.621,-1769,-959,-1.256637,1.298,0.0,0.0,1.298,570.525,426.333,0.0,996.858,30.286,1589.629,0.0,1619.915
14.733815051964484,14541,2,8,6,0.098439,0.04844,1.399954,0.675414,2456.57,1132.0,3331.999,-151.477,-3483,-2030,-0.733038,1.399,0.0,0.0,1.399,2028.712,427.857,0.0,2456.57,1059.656,2272.343,0.0,3331.999
14.733815051964484,14546,2,8,6,0.103687,0.050342,1.49366,0.499454,3213.718,2175.0,3679.14,-153.596,-3832,-2175,-0.733038,1.493,0.0,0.0,1.493,2783.776,429.941,0.0,3213.718,830.974,2848.166,0.0,3679.14
14.744685863959603,14551,2,8,6,0.108909,0.055391,1.498512,0.859341,2220.962,1662.0,3419.169,-159.223,-3578,-1662,-0.733038,1.498,0.0,0.0,1.498,1789.678,431.283,0.0,2220.962,447.17,2971.999,0.0,3419.169
14.744685863959603,14556,2,8,6,0.114105,0.064177,1.397975,1.388539,457.724,1124.0,1999.288,-169.009,-2168,-1124,-1.466076,1.397,0.0,0.0,1.397,26.42,431.303,0.0,457.724,-533.02,2532.309,0.0,1999.288
14.756266703945585,14561,2,8,6,0.119273,0.073154,1.291321,1.591333,-409.361,943.0,753.744,-179.002,-932,-334,-1.675516,1.291,0.0,0.0,1.291,-840.035,430.673,0.0,-409.361,-1081.889,1835.634,0.0,753.744
14.756266703945585,14566,2,8,6,0.124411,0.08003,1.242676,1.462724,-185.922,606.0,914.997,-186.652,-1101,-606,-1.675516,1.242,0.0,0.0,1.242,-616.133,430.211,0.0,-185.922,-633.538,1548.535,0.0,914.997
14.756266703945585,14571,2,8,6,0.129518,0.084137,1.270682,1.118803,855.791,1051.0,1427.289,-191.219,-1618,-1051,-1.361356,1.27,0.0,0.0,1.27,425.26,430.53,0.0,855.791,-156.167,1583.456,0.0,1427.289
14.767679453943856,14576,2,8,6,0.134594,0.086845,1.336982,0.813955,1896.104,1371.0,2329.877,-194.23,-2524,-1371,-1.047197,1.336,0.0,0.0,1.336,1464.475,431.628,0.0,1896.104,420.083,1909.793,0.0,2329.877
14.767679453943856,14581,2,8,6,0.139636,0.08967,1.399039,0.657632,2509.124,1525.0,3206.372,-197.371,-3403,-1900,-0.837758,1.399,0.0,0.0,1.399,2075.939,433.185,0.0,2509.124,787.299,2419.073,0.0,3206.372
14.778262412990443,14586,2,8,6,0.144644,0.093709,1.426185,0.758661,2303.656,1662.0,3162.255,-201.858,-3364,-1662,-0.837758,1.426,0.0,0.0,1.426,1869.069,434.587,0.0,2303.656,513.325,2648.93,0.0,3162.255
14.778262412990443,14591,2,8,6,0.149616,0.100349,1.37947,1.163637,1039.355,1010.0,2488.948,-209.233,-2698,-1010,-1.047197,1.379,0.0,0.0,1.379,604.331,435.023,0.0,1039.355,23.484,2465.464,0.0,2488.948
14.789454117999412,14596,2,8,6,0.154551,0.108887,1.27861,1.547875,-319.483,664.0,1111.312,-218.707,-1330,-664,-1.570796,1.278,0.0,0.0,1.278,-753.942,434.458,0.0,-319.483,-786.787,1898.099,0.0,1111.312
14.789454117999412,14601,2,8,6,0.159448,0.117147,1.18443,1.6074,-750.747,476.0,278.556,-227.866,-506,-232,-1.570796,1.184,0.0,0.0,1.184,-1184.317,433.569,0.0,-750.747,-981.397,1259.954,0.0,278.556
14.8004621330183,14610,2,8,6,0.168163,0.124357,1.226579,0.714075,1869.491,1521.0,1852.601,-235.852,-2088,-1521,-0.837758,1.226,0.0,0.0,1.226,1435.01,434.481,0.0,1869.491,278.793,1573.808,0.0,1852.601
14.8004621330183,14615,2,8,6,0.172947,0.125473,1.329292,0.450916,2895.778,1867.0,2981.136,-237.087,-3218,-1867,-0.733038,1.329,0.0,0.0,1.329,2459.453,436.325,0.0,2895.778,823.022,2158.113,0.0,2981.136
14.812485111993738,14620,2,8,6,0.177689,0.128297,1.382976,0.51735,2861.897,2042.0,3240.377,-240.213,-3480,-2071,-0.733038,1.382,0.0,0.0,1.382,2423.753,438.143,0.0,2861.897,655.917,2584.459,0.0,3240.377
14.812485111993738,14626,2,8,6,0.182386,0.133022,1.382203,0.753818,2198.948,1659.0,3121.146,-245.441,-3366,-1659,-1.047197,1.382,0.0,0.0,1.382,1759.479,439.468,0.0,2198.948,431.958,2689.187,0.0,3121.146
14.823275532922707,14631,2,8,6,0.187963,0.141306,1.306393,1.18163,789.066,1033.0,2183.081,-254.598,-2437,-1033,-1.361356,1.306,0.0,0.0,1.306,349.336,439.73,0.0,789.066,-195.146,2378.227,0.0,2183.081
14.823275532922707,14636,2,8,6,0.19256,0.14946,1.2068,1.495134,-368.212,701.0,928.243,-263.601,-1191,-701,-1.675516,1.206,0.0,0.0,1.206,-807.337,439.124,0.0,-368.212,-855.37,1783.613,0.0,928.243
14.834935660008341,14641,2,8,6,0.19711,0.156452,1.138413,1.43488,-391.606,662.0,408.64,-271.311,-679,-591,-1.675516,1.138,0.0,0.0,1.138,-830.107,438.501,0.0,-391.606,-842.884,1251.525,0.0,408.64
14.834935660008341,14646,2,8,6,0.201611,0.159881,1.168433,0.95387,1039.728,1406.0,1100.837,-275.09,-1375,-1406,-1.047197,1.168,0.0,0.0,1.168,600.777,438.95,0.0,1039.728,-293.017,1393.854,0.0,1100.837
14.846893723937683,14651,2,8,6,0.206062,0.159818,1.294808,0.403693,2935.948,2198.0,2577.634,-275.021,-2852,-2198,-0.418879,1.294,0.0,0.0,1.294,2495.122,440.825,0.0,2935.948,590.358,1987.276,0.0,2577.634
14.846893723937683,14656,2,8,6,0.210462,0.16058,1.39668,0.31357,3475.808,2338.0,3493.559,-275.86,-3769,-2338,-0.418879,1.396,0.0,0.0,1.396,3032.708,443.1,0.0,3475.808,910.246,2583.312,0.0,3493.559
14.846893723937683,14661,2,8,6,0.21481,0.164185,1.417498,0.510215,2985.396,2548.0,3174.809,-279.83,-3454,-2282,-0.837758,1.417,0.0,0.0,1.417,2540.394,445.001,0.0,2985.396,349.916,2824.893,0.0,3174.809
14.8577485649148,14666,2,8,6,0.219105,0.169518,1.388436,0.792668,2114.403,1872.0,2983.523,-285.698,-3269,-1872,-1.047197,1.388,0.0,0.0,1.388,1668.15,446.253,0.0,2114.403,193.922,2789.6,0.0,2983.523
14.8577485649148,14671,2,8,6,0.223347,0.175745,1.332848,1.071575,1178.363,1454.0,2306.617,-292.542,-2599,-1454,-1.151917,1.332,0.0,0.0,1.332,731.562,446.801,0.0,1178.363,-220.508,2527.126,0.0,2306.617
14.86899419198744,14676,2,8,6,0.227532,0.181831,1.279649,1.204084,658.541,1375.0,1579.877,-299.225,-1879,-1375,-1.151917,1.279,0.0,0.0,1.279,211.58,446.96,0.0,658.541,-573.166,2153.045,0.0,1579.877
14.86899419198744,14681,2,8,6,0.231663,0.186878,1.253964,1.108168,855.484,1313.0,1559.821,-304.762,-1864,-1461,-0.942477,1.253,0.0,0.0,1.253,408.228,447.255,0.0,855.484,-366.012,1925.834,0.0,1559.821
14.879769020015374,14686,2,8,6,0.235735,0.189742,1.287823,0.764149,1914.64,2022.0,2019.927,-307.9,-2327,-2022,-0.942477,1.287,0.0,0.0,1.287,1466.285,448.354,0.0,1914.64,-85.887,2105.815,0.0,2019.927
14.879769020015374,14691,2,8,6,0.23975,0.191294,1.356763,0.487723,2883.491,2329.0,2924.178,-309.602,-3233,-2329,-0.418879,1.356,0.0,0.0,1.356,2433.311,450.179,0.0,2883.491,443.593,2480.585,0.0,2924.178
14.891041615977883,14700,2,8,6,0.246826,0.197111,1.392029,0.656201,2513.983,2440.0,2886.086,-315.97,-3202,-2184,-0.837758,1.392,0.0,0.0,1.392,2060.317,453.665,0.0,2513.983,59.186,2826.9,0.0,2886.086
14.891041615977883,14705,2,8,6,0.250673,0.202167,1.358156,0.838416,1910.026,1929.0,2699.505,-321.5,-3021,-1929,-0.942477,1.358,0.0,0.0,1.358,1455.269,454.757,0.0,1910.026,-15.178,2714.683,0.0,2699.505
14.902282761991955,14710,2,8,6,0.254458,0.207434,1.316651,0.963006,1445.706,1776.0,2238.965,-327.255,-2566,-1776,-1.151917,1.316,0.0,0.0,1.316,990.206,455.499,0.0,1445.706,-264.234,2503.2,0.0,2238.965
14.902282761991955,14716,2,8,6,0.25818,0.212029,1.29221,0.967866,1364.345,1740.0,2006.666,-332.269,-2338,-1740,-1.151917,1.292,0.0,0.0,1.292,908.161,456.183,0.0,1364.345,-300.523,2307.189,0.0,2006.666
14.914136203937232,14721,2,8,6,0.262562,0.216235,1.297143,0.82183,1788.057,1760.0,2345.737,-336.856,-2682,-2046,-0.837758,1.297,0.0,0.0,1.297,1330.875,457.181,0.0,1788.057,22.445,2323.291,0.0,2345.737
14.914136203937232,14726,2,8,6,0.266142,0.218476,1.334657,0.613782,2477.148,2317.0,2639.299,-339.297,-2978,-2317,-0.628318,1.334,0.0,0.0,1.334,2018.449,458.698,0.0,2477.148,128.118,2511.181,0.0,2639.299
14.925576081965119,14731,2,8,6,0.269657,0.220653,1.372113,0.527989,2824.015,2450.0,3036.8,-341.668,-3378,-2450,-0.628318,1.372,0.0,0.0,1.372,2363.547,460.467,0.0,2824.015,299.211,2737.588,0.0,3036.8
14.925576081965119,14736,2,8,6,0.273106,0.224116,1.371718,0.612816,2586.987,2354.0,3021.0,-345.436,-3366,-2354,-0.628318,1.371,0.0,0.0,1.371,2124.925,462.061,0.0,2586.987,186.389,2834.61,0.0,3021.0
14.925576081965119,14741,2,8,6,0.276487,0.228925,1.331731,0.7652,2049.536,2353.0,2439.761,-350.666,-2790,-2054,-1.151917,1.331,0.0,0.0,1.331,1586.285,463.251,0.0,2049.536,-242.77,2682.531,0.0,2439.761
14.93752715701703,14746,2,8,6,0.279799,0.234068,1.280462,0.846742,1678.58,1930.0,2305.641,-356.252,-2661,-1930,-1.151917,1.28,0.0,0.0,1.28,1214.416,464.163,0.0,1678.58,-201.135,2506.776,0.0,2305.641
14.93752715701703,14751,2,8,6,0.283043,0.238217,1.255113,0.795093,1753.183,1992.0,2213.738,-360.753,-2574,-1992,-1.151917,1.255,0.0,0.0,1.255,1288.055,465.127,0.0,1753.183,-191.053,2404.791,0.0,2213.738
14.94906561798416,14756,2,8,6,0.286217,0.241108,1.263044,0.673917,2115.924,2154.0,2387.578,-363.887,-2751,-2154,-0.942477,1.263,0.0,0.0,1.263,1649.556,466.367,0.0,2115.924,-30.46,2418.039,0.0,2387.578
14.94906561798416,14761,2,8,6,0.28932,0.243311,1.28825,0.54865,2538.804,2201.0,2862.408,-366.273,-3228,-2479,-0.733038,1.288,0.0,0.0,1.288,2070.881,467.923,0.0,2538.804,270.243,2592.164,0.0,2862.408
14.959951760014519,14766,2,8,6,0.292352,0.245186,1.320654,0.449368,2909.35,2582.0,3056.189,-368.303,-3424,-2582,-0.733038,1.32,0.0,0.0,1.32,2439.6,469.75,0.0,2909.35,261.88,2794.308,0.0,3056.189
14.959951760014519,14771,2,8,6,0.295312,0.247947,1.326208,0.538084,2678.085,2410.0,3085.571,-371.291,-3456,-2410,-0.733038,1.326,0.0,0.0,1.326,2206.746,471.339,0.0,2678.085,214.468,2871.103,0.0,3085.571
14.97205846698489,14776,2,8,6,0.298199,0.251947,1.295053,0.712418,2103.942,2260.0,2635.147,-375.615,-3010,-2260,-0.733038,1.295,0.0,0.0,1.295,1631.38,472.562,0.0,2103.942,-124.845,2759.993,0.0,2635.147
14.97205846698489,14781,2,8,6,0.301012,0.256553,1.244842,0.859927,1551.131,2160.0,1955.024,-380.59,-2335,-1798,-0.942477,1.244,0.0,0.0,1.244,1077.76,473.37,0.0,1551.131,-487.094,2442.119,0.0,1955.024
14.983219126937911,14790,2,8,6,0.305888,0.263204,1.195171,0.682506,1910.684,2069.0,2105.05,-387.762,-2492,-2069,-0.942477,1.195,0.0,0.0,1.195,1435.462,475.222,0.0,1910.684,-126.652,2231.702,0.0,2105.05
14.983219126937911,14795,2,8,6,0.308492,0.26536,1.207688,0.518031,2407.708,2245.0,2477.955,-390.085,-2868,-2245,-0.523598,1.207,0.0,0.0,1.207,1931.04,476.667,0.0,2407.708,130.166,2347.788,0.0,2477.955
14.994172430946492,14801,2,8,6,0.31102,0.26756,1.216872,0.440988,2650.786,2302.0,2807.501,-392.452,-3199,-2462,-0.418879,1.216,0.0,0.0,1.216,2172.477,478.309,0.0,2650.786,279.028,2528.472,0.0,2807.501
14.994172430946492,14806,2,8,6,0.313951,0.270486,1.217018,0.41458,2726.806,2473.0,2861.503,-395.6,-3257,-2473,-0.418879,1.217,0.0,0.0,1.217,2246.824,479.981,0.0,2726.806,203.044,2658.459,0.0,2861.503
15.00560867099557,14811,2,8,6,0.316309,0.273573,1.196608,0.507025,2412.263,2245.0,2807.217,-398.918,-3206,-2245,-0.523598,1.196,0.0,0.0,1.196,1930.833,481.429,0.0,2412.263,133.81,2673.406,0.0,2807.217
15.00560867099557,14816,2,8,6,0.318589,0.277418,1.152782,0.668139,1839.447,2067.0,2345.152,-403.047,-2748,-2067,-0.628318,1.152,0.0,0.0,1.152,1357.0,482.447,0.0,1839.447,-182.041,2527.194,0.0,2345.152
15.00560867099557,14821,2,8,6,0.32079,0.281662,1.095602,0.783528,1356.911,1988.0,1696.676,-407.598,-2104,-1638,-0.837758,1.095,0.0,0.0,1.095,873.806,483.105,0.0,1356.911,-504.871,2201.547,0.0,1696.676
15.017457552952692,14826,2,8,6,0.322912,0.285675,1.042662,0.782791,1211.287,1610.0,1672.254,-411.897,-2084,-1610,-0.837758,1.042,0.0,0.0,1.042,727.637,483.65,0.0,1211.287,-318.969,1991.224,0.0,1672.254
15.017457552952692,14831,2,8,6,0.324955,0.288528,1.019949,0.652483,1513.324,1724.0,1749.103,-414.951,-2164,-1724,-0.837758,1.019,0.0,0.0,1.019,1028.904,484.42,0.0,1513.324,-168.54,1917.644,0.0,1749.103
15.029109276947565,14836,2,8,6,0.326917,0.290792,1.011513,0.560321,1748.706,1762.0,1907.775,-417.371,-2325,-1762,-0.733038,1.011,0.0,0.0,1.011,1263.336,485.369,0.0,1748.706,-10.634,1918.41,0.0,1907.775
15.029109276947565,14841,2,8,6,0.328799,0.293403,0.991092,0.531421,1773.411,1784.0,1906.929,-420.161,-2327,-1784,-0.628318,0.991,0.0,0.0,0.991,1287.078,486.333,0.0,1773.411,-8.47,1915.4,0.0,1906.929
15.040181652992032,14846,2,8,6,0.330599,0.296013,0.968424,0.504151,1787.272,1775.0,1927.726,-422.948,-2350,-1775,-0.628318,0.968,0.0,0.0,0.968,1299.964,487.308,0.0,1787.272,9.818,1917.908,0.0,1927.726
15.040181652992032,14851,2,8,6,0.332318,0.29868,0.941858,0.503528,1715.55,1719.0,1896.552,-425.794,-2322,-1719,-0.628318,0.941,0.0,0.0,0.941,1227.321,488.228,0.0,1715.55,-2.759,1899.312,0.0,1896.552
15.052302432944998,14856,2,8,6,0.333955,0.301464,0.90974,0.528794,1555.68,1660.0,1751.735,-428.762,-2180,-1660,-0.628318,0.909,0.0,0.0,0.909,1066.65,489.03,0.0,1555.68,-83.455,1835.191,0.0,1751.735
15.052302432944998,14861,2,8,6,0.33551,0.304146,0.878171,0.545512,1421.147,1687.0,1497.822,-431.618,-1929,-1543,-0.628318,0.878,0.0,0.0,0.878,931.446,489.7,0.0,1421.147,-212.681,1710.503,0.0,1497.822
15.052302432944998,14866,2,8,6,0.336981,0.306496,0.853596,0.486573,1518.135,1653.0,1581.231,-434.119,-2015,-1653,-0.628318,0.853,0.0,0.0,0.853,1027.663,490.471,0.0,1518.135,-107.891,1689.123,0.0,1581.231
15.063057316001505,14871,2,8,6,0.33837,0.30813,0.846704,0.37517,1811.759,1790.0,1761.052,-435.857,-2196,-1790,-0.523598,0.846,0.0,0.0,0.846,1320.297,491.461,0.0,1811.759,17.407,1743.645,0.0,1761.052
15.07483079098165,14880,2,8,6,0.340659,0.311224,0.824159,0.330472,1875.904,1850.0,1832.37,-439.146,-2271,-1821,-0.523598,0.824,0.0,0.0,0.824,1382.322,493.581,0.0,1875.904,20.723,1811.647,0.0,1832.37
15.07483079098165,14885,2,8,6,0.341813,0.312965,0.807728,0.312433,1881.447,1835.0,1877.378,-440.994,-2318,-1835,-0.523598,0.807,0.0,0.0,0.807,1386.827,494.619,0.0,1881.447,37.158,1840.219,0.0,1877.378
15.086482413928024,14890,2,8,6,0.342882,0.314531,0.793839,0.313181,1841.47,1817.0,1866.43,-442.656,-2309,-1817,-0.523598,0.793,0.0,0.0,0.793,1345.841,495.629,0.0,1841.47,19.576,1846.854,0.0,1866.43
15.086482413928024,14896,2,8,6,0.343868,0.316279,0.772477,0.331896,1730.183,1794.0,1759.044,-444.51,-2203,-1794,-0.523598,0.772,0.0,0.0,0.772,1233.627,496.556,0.0,1730.183,-51.053,1810.097,0.0,1759.044
15.086482413928024,14901,2,8,6,0.344938,0.318456,0.741479,0.343161,1612.682,1806.0,1560.044,-446.818,-2006,-1724,-0.418879,0.741,0.0,0.0,0.741,1115.29,497.392,0.0,1612.682,-154.653,1714.698,0.0,1560.044
15.097900070948526,14906,2,8,6,0.345736,0.320004,0.720478,0.292141,1697.634,1787.0,1623.628,-448.459,-2072,-1787,-0.418879,0.72,0.0,0.0,0.72,1199.344,498.29,0.0,1697.634,-71.492,1695.12,0.0,1623.628
15.097900070948526,14911,2,8,6,0.346449,0.320894,0.715534,0.192729,1963.244,1898.0,1813.08,-449.401,-2262,-1898,-0.314159,0.715,0.0,0.0,0.715,1463.853,499.39,0.0,1963.244,52.195,1760.885,0.0,1813.08
15.108639281010255,14916,2,8,6,0.347076,0.321581,0.713863,0.149159,2081.747,1951.0,1941.177,-450.128,-2391,-1951,-0.209439,0.713,0.0,0.0,0.713,1581.171,500.576,0.0,2081.747,104.598,1836.578,0.0,1941.177
15.108639281010255,14921,2,8,6,0.347618,0.322586,0.700892,0.15832,2020.916,1987.0,1884.495,-451.192,-2335,-1950,-0.209439,0.7,0.0,0.0,0.7,1519.201,501.715,0.0,2020.916,27.133,1857.362,0.0,1884.495
15.119842237909324,14926,2,8,6,0.348074,0.32364,0.684133,0.149097,2000.939,1976.0,1899.928,-452.308,-2352,-1976,-0.209439,0.684,0.0,0.0,0.684,1498.102,502.837,0.0,2000.939,19.951,1879.976,0.0,1899.928
15.119842237909324,14931,2,8,6,0.348444,0.324496,0.670524,0.143957,1978.333,1957.0,1901.828,-453.213,-2355,-1957,-0.314159,0.67,0.0,0.0,0.67,1474.388,503.945,0.0,1978.333,17.066,1884.761,0.0,1901.828
15.130609995918348,14936,2,8,6,0.348728,0.325438,0.652118,0.172545,1847.755,1930.0,1772.266,-454.209,-2226,-1930,-0.314159,0.652,0.0,0.0,0.652,1342.803,504.952,0.0,1847.755,-65.795,1838.062,0.0,1772.266
15.130609995918348,14941,2,8,6,0.348926,0.326325,0.632819,0.144588,1873.026,1920.0,1775.664,-455.147,-2230,-1947,0.0,0.632,0.0,0.0,0.632,1367.048,505.977,0.0,1873.026,-37.578,1813.243,0.0,1775.664
15.142072496004403,14946,2,8,6,0.349038,0.326802,0.622611,0.080066,2026.243,2012.0,1856.231,-455.65,-2311,-2012,0.0,0.622,0.0,0.0,0.622,1519.126,507.116,0.0,2026.243,11.394,1844.836,0.0,1856.231
15.142072496004403,14951,2,8,6,0.349064,0.327109,0.614734,0.044039,2106.214,2039.0,1938.748,-455.975,-2394,-2039,0.0,0.614,0.0,0.0,0.614,1597.946,508.267,0.0,2106.214,53.771,1884.977,0.0,1938.748
15.142072496004403,14956,2,8,6,0.349003,0.327692,0.596728,0.06762,1990.881,2011.0,1852.471,-456.591,-2309,-2011,0.0,0.596,0.0,0.0,0.596,1481.503,509.378,0.0,1990.881,-16.094,1868.565,0.0,1852.471
15.153612777939998,14961,2,8,6,0.348857,0.32833,0.574756,0.07489,1910.052,2002.0,1747.631,-457.265,-2204,-1946,0.0,0.574,0.0,0.0,0.574,1399.624,510.428,0.0,1910.052,-73.558,1821.189,0.0,1747.631
15.16480834595859,14970,2,8,6,0.348377,0.328766,0.549094,0.020367,1993.09,1985.0,1830.059,-457.725,-2287,-1985,0.0,0.549,0.0,0.0,0.549,1480.435,512.655,0.0,1993.09,6.472,1823.587,0.0,1830.059
15.16480834595859,14975,2,8,6,0.347989,0.329024,0.531031,0.027741,1922.924,1975.0,1753.679,-457.998,-2211,-1975,0.0,0.531,0.0,0.0,0.531,1409.212,513.712,0.0,1922.924,-41.66,1795.339,0.0,1753.679
15.175631706952117,14980,2,8,6,0.347516,0.329396,0.507372,0.029739,1852.088,1937.0,1681.23,-458.39,-2139,-1902,0.0,0.507,0.0,0.0,0.507,1337.372,514.715,0.0,1852.088,-67.929,1749.16,0.0,1681.23
15.175631706952117,14986,2,8,6,0.346957,0.329618,0.485512,0.012439,1840.313,1883.0,1685.87,-458.625,-2144,-1883,0.0,0.485,0.0,0.0,0.485,1324.603,515.709,0.0,1840.313,-34.149,1720.02,0.0,1685.87
15.187274300958961,14991,2,8,6,0.346174,0.329772,0.45925,0.007169,1782.483,1837.0,1635.167,-458.788,-2093,-1837,0.0,0.459,0.0,0.0,0.459,1265.825,516.658,0.0,1782.483,-43.613,1678.78,0.0,1635.167
15.187274300958961,14996,2,8,6,0.345427,0.329938,0.433684,0.009768,1704.512,1799.0,1548.934,-458.963,-2007,-1799,0.0,0.433,0.0,0.0,0.433,1186.964,517.548,0.0,1704.512,-75.589,1624.524,0.0,1548.934
15.187274300958961,15001,2,8,6,0.344595,0.32999,0.408929,-0.003277,1672.595,1781.0,1481.317,-459.018,-1940,-1736,0.0,0.408,0.0,0.0,0.408,1154.18,518.415,0.0,1672.595,-86.723,1568.04,0.0,1481.317
15.198063215008005,15006,2,8,6,0.343677,0.330068,0.38106,-0.00938,1612.469,1671.0,1465.874,-459.1,-1924,-1671,0.0,0.381,0.0,0.0,0.381,1093.234,519.234,0.0,1612.469,-46.824,1512.699,0.0,1465.874
15.198063215008005,15011,2,8,6,0.342675,0.330186,0.349688,0.005844,1482.719,1606.0,1334.093,-459.225,-1793,-1606,0.0,0.349,0.0,0.0,0.349,962.762,519.956,0.0,1482.719,-98.624,1432.718,0.0,1334.093
15.2091025239788,15016,2,8,6,0.341589,0.330243,0.317662,-0.009635,1437.077,1570.0,1252.613,-459.285,-1711,-1570,0.0,0.317,0.0,0.0,0.317,916.433,520.643,0.0,1437.077,-106.338,1358.951,0.0,1252.613
15.2091025239788,15021,2,8,6,0.340418,0.330187,0.286466,-0.032649,1414.836,1550.0,1180.992,-459.226,-1640,-1495,0.0,0.286,0.0,0.0,0.286,893.524,521.312,0.0,1414.836,-108.13,1289.123,0.0,1180.992
15.220090302987956,15026,2,8,6,0.339163,0.330203,0.250866,-0.031249,1311.828,1423.0,1116.931,-459.243,-1576,-1423,0.0,0.25,0.0,0.0,0.25,789.922,521.906,0.0,1311.828,-88.936,1205.868,0.0,1116.931
15.220090302987956,15031,2,8,6,0.337824,0.330212,0.213151,-0.031768,1208.197,1348.0,1001.909,-459.252,-1461,-1348,0.0,0.213,0.0,0.0,0.213,685.777,522.419,0.0,1208.197,-111.842,1113.752,0.0,1001.909
15.231156565947458,15036,2,8,6,0.336402,0.33013,0.175615,-0.043442,1136.244,1293.0,898.715,-459.166,-1357,-1293,0.0,0.175,0.0,0.0,0.175,613.363,522.88,0.0,1136.244,-125.404,1024.12,0.0,898.715
15.231156565947458,15041,2,8,6,0.334898,0.329974,0.137873,-0.049491,1047.879,1265.0,742.984,-459.0,-1201,-1155,0.0,0.137,0.0,0.0,0.137,524.621,523.258,0.0,1047.879,-173.696,916.68,0.0,742.984
15.231156565947458,15046,2,8,6,0.33331,0.329767,0.099193,-0.056649,959.946,1127.0,687.685,-458.783,-1146,-1127,0.0,0.099,0.0,0.0,0.099,436.361,523.585,0.0,959.946,-133.642,821.327,0.0,687.685
15.243026394979097,15051,2,8,6,0.33164,0.329446,0.061451,-0.078591,916.001,1045.0,627.415,-458.443,-1085,-1045,0.0,0.061,0.0,0.0,0.061,392.122,523.879,0.0,916.001,-103.198,730.613,0.0,627.415
15.243026394979097,15056,2,8,6,0.329889,0.329225,0.018579,-0.069699,771.246,972.0,453.538,-458.21,-911,-972,0.0,0.018,0.0,0.0,0.018,247.181,524.065,0.0,771.246,-160.602,614.141,0.0,453.538
15.253794993972406,15065,2,8,6,0.326531,0.328742,-0.061895,-0.100418,632.117,805.0,240.594,-457.7,-698,-805,0.0,-0.061,0.0,0.0,-0.061,107.863,524.254,0.0,632.117,-138.305,378.9,0.0,240.594
15.264370454940945,15070,2,8,6,0.324553,0.328165,-0.101142,-0.126103,594.198,721.0,188.638,-457.091,-645,-721,0.0,-0.101,0.0,0.0,-0.101,69.89,524.307,0.0,594.198,-101.441,290.08,0.0,188.638
15.264370454940945,15076,2,8,6,0.322494,0.32758,-0.142409,-0.131841,494.694,678.0,42.846,-456.473,-499,-678,0.0,-0.142,0.0,0.0,-0.142,-29.589,524.284,0.0,494.694,-146.644,189.49,0.0,42.846
15.275911379954778,15081,2,8,6,0.319919,0.327032,-0.199164,-0.14054,360.016,639.0,-177.142,-455.894,-278,-511,0.104719,-0.199,0.0,0.0,-0.199,-164.146,524.162,0.0,360.016,-223.187,46.044,0.0,-177.142
15.275911379954778,15086,2,8,6,0.317686,0.326411,-0.244301,-0.157256,280.254,473.0,-219.481,-455.238,-235,-473,0.104719,-0.244,0.0,0.0,-0.244,-243.724,523.979,0.0,280.254,-154.196,-65.285,0.0,-219.481
15.287134886020795,15091,2,8,6,0.315375,0.32551,-0.283779,-0.197978,283.557,428.0,-266.329,-454.285,-187,-428,0.104719,-0.283,0.0,0.0,-0.283,-240.242,523.799,0.0,283.557,-115.554,-150.775,0.0,-266.329
15.287134886020795,15096,2,8,6,0.312986,0.324387,-0.319226,-0.235058,287.951,410.0,-313.129,-453.098,-139,-410,0.104719,-0.319,0.0,0.0,-0.319,-235.67,523.622,0.0,287.951,-97.638,-215.49,0.0,-313.129
15.287134886020795,15101,2,8,6,0.31052,0.323254,-0.356561,-0.245985,213.777,399.0,-457.474,-451.899,5,-312,0.314159,-0.356,0.0,0.0,-0.356,-309.613,523.39,0.0,213.777,-148.178,-309.296,0.0,-457.474
15.298864763928577,15106,2,8,6,0.307977,0.322136,-0.396458,-0.258197,135.967,305.0,-531.791,-450.716,81,-305,0.209439,-0.396,0.0,0.0,-0.396,-387.131,523.099,0.0,135.967,-135.225,-396.566,0.0,-531.791
15.298864763928577,15111,2,8,6,0.305358,0.320831,-0.433245,-0.292257,128.034,257.0,-577.589,-449.335,128,-257,0.314159,-0.433,0.0,0.0,-0.433,-394.768,522.803,0.0,128.034,-103.172,-474.417,0.0,-577.589
15.309844853938557,15116,2,8,6,0.302664,0.319413,-0.468973,-0.321879,110.631,257.0,-664.639,-447.833,216,-257,0.314159,-0.468,0.0,0.0,-0.468,-411.863,522.494,0.0,110.631,-117.094,-547.545,0.0,-664.639
15.309844853938557,15121,2,8,6,0.299895,0.317776,-0.500658,-0.361564,132.74,221.0,-666.351,-446.097,220,-240,0.314159,-0.5,0.0,0.0,-0.5,-389.462,522.202,0.0,132.74,-70.607,-595.743,0.0,-666.351
15.322154743014835,15126,2,8,6,0.297053,0.315867,-0.526794,-0.399952,166.779,216.0,-668.743,-444.073,224,-216,0.418879,-0.526,0.0,0.0,-0.526,-355.156,521.936,0.0,166.779,-39.376,-629.366,0.0,-668.743
15.322154743014835,15131,2,8,6,0.294136,0.313814,-0.550967,-0.437991,205.365,234.0,-661.199,-441.895,219,-234,0.523598,-0.55,0.0,0.0,-0.55,-316.333,521.699,0.0,205.365,-22.907,-638.291,0.0,-661.199
15.322154743014835,15136,2,8,6,0.291148,0.311728,-0.576244,-0.430883,114.394,168.0,-720.047,-439.68,280,-168,0.523598,-0.576,0.0,0.0,-0.576,-407.011,521.406,0.0,114.394,-42.884,-677.163,0.0,-720.047
15.333720474969596,15141,2,8,6,0.288087,0.3099,-0.610764,-0.40605,-52.221,150.0,-942.359,-437.738,504,-17,0.418879,-0.61,0.0,0.0,-0.61,-573.198,520.976,0.0,-52.221,-161.777,-780.581,0.0,-942.359
15.333720474969596,15146,2,8,6,0.284956,0.308022,-0.645859,-0.419036,-114.603,21.0,-955.096,-435.742,519,-21,0.418879,-0.645,0.0,0.0,-0.645,-635.103,520.499,0.0,-114.603,-108.482,-846.613,0.0,-955.096
15.345021125976928,15155,2,8,6,0.279142,0.304073,-0.698056,-0.47561,-103.319,6.0,-1050.157,-431.54,618,-6,0.523598,-0.698,0.0,0.0,-0.698,-622.849,519.53,0.0,-103.319,-87.455,-962.702,0.0,-1050.157
15.356767852907069,15160,2,8,6,0.275816,0.301584,-0.721506,-0.516118,-55.989,-11.0,-1022.732,-428.889,593,-35,0.523598,-0.721,0.0,0.0,-0.721,-575.088,519.099,0.0,-55.989,-35.991,-986.74,0.0,-1022.732
15.356767852907069,15166,2,8,6,0.272421,0.298946,-0.74271,-0.565375,22.185,84.0,-1047.568,-426.078,621,-84,0.523598,-0.742,0.0,0.0,-0.742,-496.538,518.723,0.0,22.185,-49.451,-998.117,0.0,-1047.568
15.356767852907069,15171,2,8,6,0.268259,0.29515,-0.752943,-0.669522,284.97,244.0,-896.998,-422.027,474,-244,0.523598,-0.752,0.0,0.0,-0.752,-233.578,518.548,0.0,284.97,32.776,-929.775,0.0,-896.998
15.368066268973053,15176,2,8,6,0.264718,0.29148,-0.749338,-0.732879,472.428,292.0,-686.575,-418.107,268,-292,0.733038,-0.749,0.0,0.0,-0.749,-46.085,518.514,0.0,472.428,144.343,-830.918,0.0,-686.575
15.368066268973053,15181,2,8,6,0.261111,0.287804,-0.747405,-0.761745,558.695,356.0,-560.19,-414.176,146,-389,0.733038,-0.747,0.0,0.0,-0.747,40.151,518.544,0.0,558.695,162.156,-722.347,0.0,-560.19
15.379091604962014,15186,2,8,6,0.25744,0.284343,-0.753277,-0.758478,533.118,406.0,-550.436,-410.471,139,-406,0.733038,-0.753,0.0,0.0,-0.753,14.563,518.555,0.0,533.118,101.694,-652.131,0.0,-550.436
15.379091604962014,15191,2,8,6,0.253705,0.280953,-0.762923,-0.749414,480.701,375.0,-523.428,-406.838,116,-375,0.733038,-0.762,0.0,0.0,-0.762,-37.825,518.526,0.0,480.701,84.561,-607.989,0.0,-523.428
15.390024464926682,15196,2,8,6,0.249908,0.277829,-0.781786,-0.695688,277.27,297.0,-649.043,-403.488,245,-297,0.628318,-0.781,0.0,0.0,-0.781,-241.075,518.346,0.0,277.27,-15.783,-633.26,0.0,-649.043
15.390024464926682,15201,2,8,6,0.24605,0.27498,-0.810054,-0.634951,27.69,280.0,-963.863,-400.429,563,-141,0.523598,-0.81,0.0,0.0,-0.81,-490.286,517.977,0.0,27.69,-201.847,-762.015,0.0,-963.863
15.401042595971376,15206,2,8,6,0.24213,0.272042,-0.837535,-0.639261,-37.607,137.0,-990.428,-397.273,593,-137,0.628318,-0.837,0.0,0.0,-0.837,-555.167,517.559,0.0,-37.607,-139.685,-850.742,0.0,-990.428
15.401042595971376,15211,2,8,6,0.238151,0.26839,-0.846711,-0.738126,213.295,288.0,-903.063,-393.346,509,-288,0.628318,-0.846,0.0,0.0,-0.846,-304.036,517.331,0.0,213.295,-59.763,-843.3,0.0,-903.063
15.401042595971376,15216,2,8,6,0.234113,0.26401,-0.837115,-0.85101,556.266,390.0,-606.754,-388.63,218,-390,0.837758,-0.837,0.0,0.0,-0.837,38.905,517.361,0.0,556.266,133.013,-739.768,0.0,-606.754
15.413031382951885,15221,2,8,6,0.230017,0.259292,-0.819689,-0.923978,809.589,462.0,-279.944,-383.545,-103,-652,0.942477,-0.819,0.0,0.0,-0.819,292.009,517.58,0.0,809.589,278.072,-558.016,0.0,-279.944
15.413031382951885,15226,2,8,6,0.225864,0.254527,-0.802548,-0.9402,903.283,660.0,-243.963,-378.402,-134,-660,0.942477,-0.802,0.0,0.0,-0.802,385.426,517.856,0.0,903.283,194.626,-438.589,0.0,-243.963
15.423773034010082,15231,2,8,6,0.221656,0.250171,-0.798408,-0.899816,802.01,622.0,-216.78,-373.696,-156,-622,0.942477,-0.798,0.0,0.0,-0.798,283.941,518.069,0.0,802.01,144.008,-360.788,0.0,-216.78
15.423773034010082,15236,2,8,6,0.217393,0.246443,-0.813386,-0.809437,507.003,474.0,-350.714,-369.663,-18,-474,0.942477,-0.813,0.0,0.0,-0.813,-11.057,518.061,0.0,507.003,26.402,-377.117,0.0,-350.714
15.435051377979107,15245,2,8,6,0.209585,0.241125,-0.883106,-0.657588,-114.157,161.0,-926.813,-363.905,562,-161,0.733038,-0.883,0.0,0.0,-0.883,-631.45,517.292,0.0,-114.157,-220.126,-706.686,0.0,-926.813
15.44692708097864,15250,2,8,6,0.205175,0.237789,-0.913198,-0.718992,-26.891,161.0,-950.855,-360.289,590,-161,0.733038,-0.913,0.0,0.0,-0.913,-543.776,516.884,0.0,-26.891,-150.313,-800.542,0.0,-950.855
15.44692708097864,15255,2,8,6,0.200714,0.233636,-0.921817,-0.831895,264.913,292.0,-809.036,-355.783,453,-292,0.837758,-0.921,0.0,0.0,-0.921,-251.782,516.695,0.0,264.913,-21.669,-787.367,0.0,-809.036
15.44692708097864,15261,2,8,6,0.196203,0.229091,-0.920846,-0.922087,520.174,305.0,-505.614,-350.846,154,-431,1.047197,-0.92,0.0,0.0,-0.92,3.476,516.698,0.0,520.174,172.139,-677.753,0.0,-505.614
15.458864689921029,15266,2,8,6,0.190727,0.223375,-0.914151,-0.98572,717.242,507.0,-374.069,-344.631,29,-507,1.047197,-0.914,0.0,0.0,-0.914,200.393,516.848,0.0,717.242,168.194,-542.263,0.0,-374.069
15.458864689921029,15271,2,8,6,0.186111,0.218987,-0.920525,-0.934193,555.148,376.0,-348.441,-339.854,8,-376,1.047197,-0.92,0.0,0.0,-0.92,38.271,516.877,0.0,555.148,143.318,-491.76,0.0,-348.441
15.469668966019526,15276,2,8,6,0.18145,0.215404,-0.950725,-0.81622,139.982,260.0,-668.624,-335.95,332,-260,0.837758,-0.95,0.0,0.0,-0.95,-376.612,516.595,0.0,139.982,-96.014,-572.61,0.0,-668.624
15.469668966019526,15281,2,8,6,0.176744,0.212295,-0.99544,-0.716585,-264.783,180.0,-1159.756,-332.559,827,62,0.628318,-0.995,0.0,0.0,-0.995,-780.792,516.009,0.0,-264.783,-355.826,-803.929,0.0,-1159.756
15.480386676965281,15286,2,8,6,0.171994,0.208919,-1.033906,-0.703515,-409.778,-110.0,-1212.705,-328.875,883,110,0.628318,-1.033,0.0,0.0,-1.033,-925.094,515.315,0.0,-409.778,-239.822,-972.881,0.0,-1212.705
15.480386676965281,15291,2,8,6,0.167201,0.204652,-1.048622,-0.828508,-101.466,65.0,-1140.515,-324.216,816,-65,0.628318,-1.048,0.0,0.0,-1.048,-616.319,514.853,0.0,-101.466,-133.173,-1007.342,0.0,-1140.515
15.480386676965281,15296,2,8,6,0.162368,0.19968,-1.044754,-0.947233,241.59,115.0,-832.916,-318.781,514,-115,0.837758,-1.044,0.0,0.0,-1.044,-273.058,514.649,0.0,241.59,101.272,-934.188,0.0,-832.916
15.492255492019467,15301,2,8,6,0.157494,0.194707,-1.041968,-1.000652,398.879,194.0,-658.604,-313.339,345,-276,1.047197,-1.041,0.0,0.0,-1.041,-115.682,514.562,0.0,398.879,163.903,-822.507,0.0,-658.604
15.492255492019467,15306,2,8,6,0.152581,0.189816,-1.042578,-1.041518,511.592,295.0,-533.952,-307.983,225,-295,1.047197,-1.042,0.0,0.0,-1.042,-2.967,514.559,0.0,511.592,173.273,-707.226,0.0,-533.952
15.50331922096666,15311,2,8,6,0.147631,0.185248,-1.053267,-0.996857,356.493,214.0,-545.947,-302.974,242,-214,1.047197,-1.053,0.0,0.0,-1.053,-157.947,514.441,0.0,356.493,113.995,-659.942,0.0,-545.947
15.50331922096666,15316,2,8,6,0.142645,0.181299,-1.08231,-0.884759,-39.099,16.0,-770.052,-298.641,471,-16,0.942477,-1.082,0.0,0.0,-1.082,-553.141,514.042,0.0,-39.099,-44.079,-725.973,0.0,-770.052
15.514284348930232,15321,2,8,6,0.137623,0.178104,-1.133458,-0.731661,-611.832,-61.0,-1452.101,-295.133,1156,442,0.628318,-1.133,0.0,0.0,-1.133,-1125.031,513.198,0.0,-611.832,-440.666,-1011.435,0.0,-1452.101
15.514284348930232,15326,2,8,6,0.132567,0.175124,-1.191598,-0.656053,-987.453,-566.0,-1610.558,-291.861,1318,566,0.628318,-1.191,0.0,0.0,-1.191,-1499.527,512.073,0.0,-987.453,-337.162,-1273.395,0.0,-1610.558
15.525576159940101,15335,2,8,6,0.123385,0.167844,-1.244859,-0.869484,-540.815,-465.0,-1514.818,-283.857,1230,465,0.837758,-1.244,0.0,0.0,-1.244,-1051.047,510.232,0.0,-540.815,-60.652,-1454.166,0.0,-1514.818
15.525576159940101,15340,2,8,6,0.118241,0.163028,-1.254021,-0.974002,-274.408,-445.0,-1230.098,-278.555,951,238,1.047197,-1.254,0.0,0.0,-1.254,-784.051,509.642,0.0,-274.408,136.472,-1366.571,0.0,-1230.098
15.53712336299941,15345,2,8,6,0.113068,0.157963,-1.257077,-1.052963,-62.303,-203.0,-1169.637,-272.977,896,203,1.151917,-1.257,0.0,0.0,-1.257,-571.519,509.215,0.0,-62.303,112.557,-1282.194,0.0,-1169.637
15.53712336299941,15351,2,8,6,0.107867,0.152895,-1.260801,-1.056398,-63.546,-203.0,-1100.132,-267.39,832,203,1.151917,-1.26,0.0,0.0,-1.26,-572.328,508.781,0.0,-63.546,111.562,-1211.695,0.0,-1100.132
15.548146144952625,15356,2,8,6,0.10159,0.147435,-1.283647,-1.000021,-285.968,-360.0,-1143.612,-261.365,882,360,1.047197,-1.283,0.0,0.0,-1.283,-794.155,508.186,0.0,-285.968,59.225,-1202.837,0.0,-1143.612
15.548146144952625,15361,2,8,6,0.096332,0.143406,-1.318083,-0.887679,-697.849,-353.0,-1650.199,-256.918,1393,617,0.837758,-1.318,0.0,0.0,-1.318,-1205.132,507.282,0.0,-697.849,-275.879,-1374.319,0.0,-1650.199
15.559213347965851,15366,2,8,6,0.09105,0.13974,-1.363309,-0.809406,-1044.81,-761.0,-1800.642,-252.867,1547,761,0.837758,-1.363,0.0,0.0,-1.363,-1550.929,506.119,0.0,-1044.81,-227.048,-1573.594,0.0,-1800.642
15.559213347965851,15371,2,8,6,0.085746,0.135539,-1.394209,-0.868911,-965.817,-738.0,-1863.14,-248.224,1614,738,0.837758,-1.394,0.0,0.0,-1.394,-1470.834,505.016,0.0,-965.817,-182.254,-1680.885,0.0,-1863.14
15.57008168194443,15376,2,8,6,0.08042,0.130377,-1.398785,-0.994886,-626.75,-612.0,-1675.313,-242.515,1432,612,0.942477,-1.398,0.0,0.0,-1.398,-1130.918,504.167,0.0,-626.75,-11.8,-1663.513,0.0,-1675.313
15.57008168194443,15381,2,8,6,0.075075,0.124834,-1.393255,-1.083659,-363.351,-569.0,-1391.19,-236.38,1154,405,1.047197,-1.393,0.0,0.0,-1.393,-866.869,503.517,0.0,-363.351,164.518,-1555.709,0.0,-1391.19
15.581861272919923,15386,2,8,6,0.069711,0.119063,-1.381851,-1.151431,-142.142,-339.0,-1273.282,-229.989,1043,339,1.151917,-1.381,0.0,0.0,-1.381,-645.176,503.033,0.0,-142.142,157.486,-1430.768,0.0,-1273.282
15.581861272919923,15391,2,8,6,0.06433,0.113359,-1.372814,-1.158893,-96.392,-322.0,-1132.383,-223.667,908,322,1.151917,-1.372,0.0,0.0,-1.372,-598.977,502.584,0.0,-96.392,180.486,-1312.869,0.0,-1132.383
15.581861272919923,15396,2,8,6,0.058933,0.10828,-1.381706,-1.084621,-329.875,-433.0,-1200.882,-218.034,982,433,1.151917,-1.381,0.0,0.0,-1.381,-831.836,501.96,0.0,-329.875,82.499,-1283.381,0.0,-1200.882
15.592753008008003,15401,2,8,6,0.053522,0.10389,-1.410316,-0.95847,-764.157,-416.0,-1733.878,-213.163,1520,658,1.047197,-1.41,0.0,0.0,-1.41,-1265.169,501.011,0.0,-764.157,-278.525,-1455.352,0.0,-1733.878
15.592753008008003,15406,2,8,6,0.048097,0.099751,-1.446315,-0.907814,-1007.876,-692.0,-1872.934,-208.569,1664,692,1.047197,-1.446,0.0,0.0,-1.446,-1507.802,499.926,0.0,-1007.876,-252.701,-1620.233,0.0,-1872.934
15.603952085017227,15411,2,8,6,0.042661,0.09444,-1.449817,-1.071605,-559.862,-422.0,-1713.419,-202.67,1510,422,1.047197,-1.449,0.0,0.0,-1.449,-1058.994,499.131,0.0,-559.862,-110.29,-1603.129,0.0,-1713.419
15.603952085017227,15416,2,8,6,0.037214,0.087431,-1.406089,-1.323201,266.873,-209.0,-937.624,-194.882,742,209,1.466076,-1.406,0.0,0.0,-1.406,-232.084,498.957,0.0,266.873,380.698,-1318.322,0.0,-937.624
15.614625943009742,15421,2,8,6,0.031757,0.079982,-1.350295,-1.424552,707.032,-105.0,-248.908,-186.599,62,-172,1.466076,-1.35,0.0,0.0,-1.35,207.918,499.113,0.0,707.032,649.625,-898.534,0.0,-248.908
15.62571280694101,15430,2,8,6,0.021917,0.071234,-1.380858,-0.937026,-744.775,-585.0,-1171.49,-176.865,994,585,1.047197,-1.38,0.0,0.0,-1.38,-1242.731,497.955,0.0,-744.775,-127.82,-1043.669,0.0,-1171.49
15.62571280694101,15435,2,8,6,0.016442,0.068143,-1.447629,-0.801363,-1312.946,-751.0,-1807.762,-173.425,1634,751,0.837758,-1.447,0.0,0.0,-1.447,-1809.544,496.598,0.0,-1312.946,-449.556,-1358.205,0.0,-1807.762
15.637157832970843,15441,2,8,6,0.010964,0.064079,-1.487225,-0.816892,-1381.753,-824.0,-2092.293,-168.899,1923,843,0.837758,-1.487,0.0,0.0,-1.487,-1876.933,495.18,0.0,-1381.753,-446.202,-1646.091,0.0,-2092.293
15.637157832970843,15446,2,8,6,0.004386,0.057545,-1.488473,-1.026838,-798.367,-476.0,-1917.8,-161.623,1756,476,1.047197,-1.488,0.0,0.0,-1.488,-1292.578,494.21,0.0,-798.367,-257.893,-1659.906,0.0,-1917.8
15.637157832970843,15451,2,8,6,-0.001096,0.04983,-1.425956,-1.392683,400.977,86.0,-1082.516,-153.025,929,-86,1.361356,-1.425,0.0,0.0,-1.425,-93.163,494.14,0.0,400.977,251.981,-1334.498,0.0,-1082.516
15.648852643906139,15456,2,8,6,-0.006579,0.040939,-1.330538,-1.627235,1325.513,342.0,-10.964,-143.115,-132,-342,1.361356,-1.33,0.0,0.0,-1.33,830.751,494.762,0.0,1325.513,786.811,-797.775,0.0,-10.964
15.648852643906139,15461,2,8,6,-0.01206,0.033528,-1.276489,-1.518907,1174.042,448.0,158.819,-134.851,-293,-347,1.361356,-1.276,0.0,0.0,-1.276,678.77,495.272,0.0,1174.042,580.834,-422.014,0.0,158.819
15.660078414017335,15466,2,8,6,-0.017538,0.028821,-1.298083,-1.137756,46.02,-231.0,-293.014,-129.601,163,231,0.942477,-1.298,0.0,0.0,-1.298,-448.915,494.935,0.0,46.02,221.616,-514.63,0.0,-293.014
15.660078414017335,15471,2,8,6,-0.023012,0.026436,-1.384565,-0.748739,-1286.709,-813.0,-1292.033,-126.941,1165,813,0.628318,-1.384,0.0,0.0,-1.384,-1780.31,493.6,0.0,-1286.709,-378.967,-913.065,0.0,-1292.033
15.671994238975458,15476,2,8,6,-0.02848,0.024203,-1.475145,-0.617504,-1909.597,-954.0,-2182.642,-124.45,2058,954,0.628318,-1.475,0.0,0.0,-1.475,-2401.397,491.799,0.0,-1909.597,-764.478,-1418.163,0.0,-2182.642
15.671994238975458,15481,2,8,6,-0.033941,0.020213,-1.516339,-0.753021,-1647.093,-1110.0,-2133.691,-119.999,2013,932,0.733038,-1.516,0.0,0.0,-1.516,-2137.29,490.196,0.0,-1647.093,-429.674,-1704.016,0.0,-2133.691
15.671994238975458,15486,2,8,6,-0.039394,0.01395,-1.493659,-1.110298,-584.019,-372.0,-1766.597,-113.012,1653,372,1.256637,-1.493,0.0,0.0,-1.493,-1073.411,489.391,0.0,-584.019,-169.615,-1596.981,0.0,-1766.597
15.683169280993752,15491,2,8,6,-0.044837,0.005786,-1.41747,-1.460117,608.893,61.0,-756.991,-103.902,653,-61,1.466076,-1.417,0.0,0.0,-1.417,119.411,489.481,0.0,608.893,438.314,-1195.305,0.0,-756.991
15.683169280993752,15496,2,8,6,-0.050269,-0.002234,-1.344968,-1.525095,994.201,79.0,-20.194,-94.952,-74,-79,1.466076,-1.344,0.0,0.0,-1.344,504.357,489.844,0.0,994.201,732.161,-752.355,0.0,-20.194
15.694126339978538,15501,2,8,6,-0.055689,-0.00749,-1.349558,-1.165106,-27.008,79.0,-890.087,-89.087,801,608,1.256637,-1.349,0.0,0.0,-1.349,-516.465,489.457,0.0,-27.008,-84.806,-805.281,0.0,-890.087
15.694126339978538,15506,2,8,6,-0.061094,-0.009339,-1.449159,-0.610484,-1860.596,-1444.0,-1693.404,-87.025,1606,1444,0.523598,-1.449,0.0,0.0,-1.449,-2348.292,487.695,0.0,-1860.596,-333.276,-1360.127,0.0,-1693.404
15.705680917017162,15511,2,8,6,-0.066485,-0.010273,-1.573944,-0.381707,-2853.072,-1821.0,-2821.17,-85.983,2735,1821,0.523598,-1.573,0.0,0.0,-1.573,-3338.264,485.192,0.0,-2853.072,-825.657,-1995.512,0.0,-2821.17
15.717052895925008,15520,2,8,6,-0.076146,-0.016946,-1.6576,-0.797101,-1928.467,-1797.0,-2611.623,-78.537,2533,1363,1.256637,-1.657,0.0,0.0,-1.657,-2409.395,480.927,0.0,-1928.467,-105.174,-2506.449,0.0,-2611.623
15.717052895925008,15525,2,8,6,-0.081487,-0.023402,-1.626402,-1.22154,-653.532,-686.0,-2190.818,-71.335,2119,686,1.466076,-1.626,0.0,0.0,-1.626,-1133.612,480.079,0.0,-653.532,25.973,-2216.792,0.0,-2190.818
15.717052895925008,15531,2,8,6,-0.086809,-0.031973,-1.535404,-1.579081,602.468,-141.0,-1081.427,-61.774,1019,141,1.466076,-1.535,0.0,0.0,-1.535,122.296,480.172,0.0,602.468,594.775,-1676.202,0.0,-1081.427
15.728912341990508,15536,2,8,6,-0.093166,-0.042238,-1.425983,-1.642143,1085.873,-4.0,-234.885,-50.328,184,4,1.466076,-1.425,0.0,0.0,-1.425,605.246,480.626,0.0,1085.873,871.898,-1106.783,0.0,-234.885
15.728912341990508,15541,2,8,6,-0.098439,-0.048628,-1.394705,-1.412881,531.556,117.0,-554.643,-43.205,511,226,0.942477,-1.394,0.0,0.0,-1.394,50.892,480.664,0.0,531.556,331.645,-886.289,0.0,-554.643
15.740122794988565,15546,2,8,6,-0.103687,-0.052646,-1.429134,-0.985852,-761.456,-788.0,-1076.391,-38.727,1037,788,0.733038,-1.429,0.0,0.0,-1.429,-1241.189,479.733,0.0,-761.456,21.235,-1097.627,0.0,-1076.391
15.740122794988565,15551,2,8,6,-0.10891,-0.055291,-1.501311,-0.710214,-1736.999,-1082.0,-2036.403,-35.78,2000,1082,0.733038,-1.501,0.0,0.0,-1.501,-2215.071,478.072,0.0,-1736.999,-523.999,-1512.403,0.0,-2036.403
15.752023441018537,15556,2,8,6,-0.114105,-0.059244,-1.536111,-0.778089,-1645.98,-1022.0,-2311.476,-31.376,2280,1022,0.733038,-1.536,0.0,0.0,-1.536,-2122.46,476.48,0.0,-1645.98,-499.184,-1812.292,0.0,-2311.476
15.752023441018537,15561,2,8,6,-0.119273,-0.065339,-1.510156,-1.072643,-749.475,-1068.0,-1403.216,-24.589,1378,538,1.151917,-1.51,0.0,0.0,-1.51,-1225.037,475.561,0.0,-749.475,254.819,-1658.035,0.0,-1403.216
15.752023441018537,15566,2,8,6,-0.124411,-0.072864,-1.443311,-1.35478,227.49,-148.0,-1014.245,-16.212,998,148,1.256637,-1.443,0.0,0.0,-1.443,-247.885,475.375,0.0,227.49,300.392,-1314.637,0.0,-1014.245
15.763693460961804,15571,2,8,6,-0.129518,-0.079746,-1.393617,-1.354265,365.106,-163.0,-633.082,-8.555,624,163,1.256637,-1.393,0.0,0.0,-1.393,-110.187,475.293,0.0,365.106,422.484,-1055.567,0.0,-633.082
15.763693460961804,15576,2,8,6,-0.134594,-0.084735,-1.396049,-1.205589,-58.393,-275.0,-796.297,-3.007,793,275,1.256637,-1.396,0.0,0.0,-1.396,-533.286,474.893,0.0,-58.393,173.285,-969.582,0.0,-796.297
15.774405085947365,15581,2,8,6,-0.139636,-0.08866,-1.427334,-1.012424,-687.727,-337.0,-1432.773,1.355,1434,769,0.942477,-1.427,0.0,0.0,-1.427,-1161.747,474.02,0.0,-687.727,-280.582,-1152.191,0.0,-1432.773
15.774405085947365,15586,2,8,6,-0.144644,-0.091788,-1.47998,-0.77805,-1492.798,-1168.0,-1725.324,4.831,1730,1168,0.837758,-1.479,0.0,0.0,-1.479,-1965.402,472.604,0.0,-1492.798,-259.838,-1465.486,0.0,-1725.324
15.785846874001436,15591,2,8,6,-0.149616,-0.095247,-1.522345,-0.70362,-1821.544,-1175.0,-2307.869,8.674,2316,1175,0.837758,-1.522,0.0,0.0,-1.522,-2292.429,470.885,0.0,-1821.544,-517.235,-1790.633,0.0,-2307.869
15.785846874001436,15596,2,8,6,-0.154552,-0.099965,-1.528429,-0.8582,-1407.163,-1070.0,-2205.702,13.913,2219,1070,0.942477,-1.528,0.0,0.0,-1.528,-1876.641,469.477,0.0,-1407.163,-269.73,-1935.971,0.0,-2205.702
15.797178769949824,15601,2,8,6,-0.159449,-0.106441,-1.484226,-1.149565,-468.274,-972.0,-1267.976,21.101,1289,430,1.256637,-1.484,0.0,0.0,-1.484,-937.049,468.775,0.0,-468.274,402.98,-1670.957,0.0,-1267.976
15.797178769949824,15610,2,8,6,-0.168163,-0.119799,-1.354212,-1.411369,628.945,-104.0,-291.859,35.911,327,104,1.256637,-1.354,0.0,0.0,-1.354,160.037,468.908,0.0,628.945,586.356,-878.215,0.0,-291.859
15.808573712944053,15615,2,8,6,-0.172948,-0.124638,-1.352655,-1.07618,-305.802,-437.0,-775.36,41.271,816,437,1.047197,-1.352,0.0,0.0,-1.352,-774.129,468.327,0.0,-305.802,104.958,-880.318,0.0,-775.36
15.808573712944053,15621,2,8,6,-0.177689,-0.127236,-1.412675,-0.693064,-1548.106,-511.0,-2239.405,44.147,2283,1225,0.733038,-1.412,0.0,0.0,-1.412,-2014.91,466.804,0.0,-1548.106,-829.684,-1409.72,0.0,-2239.405
15.82006261893548,15626,2,8,6,-0.18332,-0.12975,-1.499973,-0.556077,-2178.084,-1351.0,-2534.685,46.929,2581,1351,0.733038,-1.499,0.0,0.0,-1.499,-2642.907,464.822,0.0,-2178.084,-661.667,-1873.018,0.0,-2534.685
15.82006261893548,15631,2,8,6,-0.187964,-0.134133,-1.507253,-0.80328,-1507.78,-978.0,-2450.631,51.777,2502,978,0.733038,-1.507,0.0,0.0,-1.507,-1971.125,463.344,0.0,-1507.78,-423.824,-2026.807,0.0,-2450.631
15.831876481999643,15636,2,8,6,-0.192561,-0.141285,-1.435707,-1.200816,-194.842,-611.0,-1419.599,59.682,1479,611,1.047197,-1.435,0.0,0.0,-1.435,-657.694,462.851,0.0,-194.842,332.925,-1752.525,0.0,-1419.599
15.831876481999643,15641,2,8,6,-0.19711,-0.149445,-1.33463,-1.47496,856.071,-430.0,-60.995,68.691,129,-206,1.256637,-1.334,0.0,0.0,-1.334,392.925,463.145,0.0,856.071,1028.857,-1089.852,0.0,-60.995
15.831876481999643,15646,2,8,6,-0.201611,-0.156649,-1.258914,-1.431136,945.729,72.0,-7.516,76.636,84,-72,1.256637,-1.258,0.0,0.0,-1.258,482.221,463.507,0.0,945.729,698.983,-706.499,0.0,-7.516
15.843027248978615,15651,2,8,6,-0.206062,-0.160798,-1.267384,-1.018469,-233.977,-489.0,-530.887,81.207,612,489,0.942477,-1.267,0.0,0.0,-1.267,-696.962,462.984,0.0,-233.977,204.017,-734.904,0.0,-530.887
15.843027248978615,15656,2,8,6,-0.210462,-0.162444,-1.344494,-0.586388,-1661.302,-882.0,-1824.337,83.02,1907,882,0.733038,-1.344,0.0,0.0,-1.344,-2122.694,461.392,0.0,-1661.302,-623.441,-1200.895,0.0,-1824.337
15.854840482934378,15661,2,8,6,-0.21481,-0.163872,-1.426259,-0.3948,-2428.856,-1153.0,-2889.661,84.593,2974,1624,0.523598,-1.426,0.0,0.0,-1.426,-2888.083,459.226,0.0,-2428.856,-1020.685,-1868.976,0.0,-2889.661
15.854840482934378,15666,2,8,6,-0.219105,-0.166749,-1.465971,-0.508739,-2223.032,-1487.0,-2773.331,87.759,2861,1487,0.523598,-1.465,0.0,0.0,-1.465,-2680.249,457.216,0.0,-2223.032,-588.826,-2184.505,0.0,-2773.331
15.865756721934304,15671,2,8,6,-0.223347,-0.172158,-1.433271,-0.873873,-1110.273,-938.0,-2245.557,93.708,2339,938,0.942477,-1.433,0.0,0.0,-1.433,-1566.315,456.041,0.0,-1110.273,-137.818,-2107.738,0.0,-2245.557
15.865756721934304,15676,2,8,6,-0.227532,-0.179032,-1.358014,-1.210406,42.43,-626.0,-1176.299,101.26,1277,626,1.151917,-1.358,0.0,0.0,-1.358,-413.301,455.731,0.0,42.43,534.744,-1711.044,0.0,-1176.299
15.877160910982639,15681,2,8,6,-0.231663,-0.185979,-1.27915,-1.349383,652.526,-412.0,-324.182,108.883,433,78,1.151917,-1.279,0.0,0.0,-1.279,196.653,455.873,0.0,652.526,851.621,-1175.803,0.0,-324.182
15.877160910982639,15686,2,8,6,-0.235735,-0.191246,-1.245697,-1.158618,211.868,-477.0,-445.771,114.656,560,477,1.151917,-1.245,0.0,0.0,-1.245,-243.822,455.69,0.0,211.868,551.095,-996.866,0.0,-445.771
15.877160910982639,15691,2,8,6,-0.23975,-0.193662,-1.290457,-0.694535,-1214.142,-1084.0,-1358.774,117.303,1476,1084,0.733038,-1.29,0.0,0.0,-1.29,-1668.581,454.439,0.0,-1214.142,-104.114,-1254.66,0.0,-1358.774
15.888089504907839,15700,2,8,6,-0.246827,-0.19601,-1.42287,-0.296576,-2703.774,-1629.0,-3265.104,119.873,3384,1799,0.523598,-1.422,0.0,0.0,-1.422,-3153.622,449.848,0.0,-2703.774,-859.819,-2405.285,0.0,-3265.104
15.89975598291494,15705,2,8,6,-0.250673,-0.200037,-1.417816,-0.637004,-1738.063,-1213.0,-2851.66,124.278,2975,1213,0.628318,-1.417,0.0,0.0,-1.417,-2186.272,448.208,0.0,-1738.063,-420.05,-2431.609,0.0,-2851.66
15.89975598291494,15711,2,8,6,-0.254458,-0.206759,-1.335559,-1.171058,-12.742,-467.0,-1615.442,131.625,1747,467,1.151917,-1.335,0.0,0.0,-1.335,-460.603,447.86,0.0,-12.742,363.405,-1978.848,0.0,-1615.442
15.910736944992095,15716,2,8,6,-0.258916,-0.216168,-1.196958,-1.390348,989.759,-197.0,-387.345,141.89,529,197,1.151917,-1.196,0.0,0.0,-1.196,541.492,448.266,0.0,989.759,949.407,-1336.753,0.0,-387.345
15.910736944992095,15721,2,8,6,-0.262562,-0.222046,-1.134454,-1.262467,806.973,2.0,-267.564,148.292,415,50,1.047197,-1.134,0.0,0.0,-1.134,358.437,448.536,0.0,806.973,643.979,-911.543,0.0,-267.564
15.922025978914462,15726,2,8,6,-0.266142,-0.225702,-1.132331,-0.931674,-113.724,-510.0,-579.791,152.27,732,510,0.733038,-1.132,0.0,0.0,-1.132,-561.839,448.114,0.0,-113.724,317.02,-896.811,0.0,-579.791
15.922025978914462,15731,2,8,6,-0.269657,-0.22752,-1.17984,-0.554094,-1305.283,-1023.0,-1415.929,154.247,1570,1023,0.523598,-1.179,0.0,0.0,-1.179,-1752.087,446.803,0.0,-1305.283,-225.826,-1190.102,0.0,-1415.929
15.922025978914462,15736,2,8,6,-0.273106,-0.228989,-1.235264,-0.369993,-1977.775,-1166.0,-2273.143,155.843,2428,1166,0.418879,-1.235,0.0,0.0,-1.235,-2422.758,444.982,0.0,-1977.775,-649.42,-1623.723,0.0,-2273.143
15.93312344898004,15741,2,8,6,-0.276487,-0.231659,-1.255163,-0.457473,-1790.225,-1297.0,-2279.341,158.744,2438,1180,0.418879,-1.255,0.0,0.0,-1.255,-2233.532,443.307,0.0,-1790.225,-394.58,-1884.761,0.0,-2279.341
15.93312344898004,15746,2,8,6,-0.279799,-0.23639,-1.21545,-0.778844,-780.107,-688.0,-1807.491,163.879,1971,688,0.837758,-1.215,0.0,0.0,-1.215,-1222.497,442.39,0.0,-780.107,-73.685,-1733.805,0.0,-1807.491
15.94407417497132,15751,2,8,6,-0.283043,-0.242581,-1.132937,-1.092332,328.611,-263.0,-839.287,170.59,1009,263,0.942477,-1.132,0.0,0.0,-1.132,-113.693,442.305,0.0,328.611,473.289,-1312.577,0.0,-839.287
15.94407417497132,15756,2,8,6,-0.286217,-0.247754,-1.076976,-1.049156,364.35,-338.0,-414.523,176.189,590,338,0.942477,-1.076,0.0,0.0,-1.076,-77.896,442.246,0.0,364.35,561.88,-976.404,0.0,-414.523
15.955023734946735,15761,2,8,6,-0.28932,-0.250729,-1.080548,-0.762459,-449.072,-246.0,-1229.884,179.407,1409,745,0.628318,-1.08,0.0,0.0,-1.08,-890.651,441.578,0.0,-449.072,-162.458,-1067.426,0.0,-1229.884
15.955023734946735,15766,2,8,6,-0.292352,-0.252148,-1.125716,-0.446095,-1462.787,-1147.0,-1630.493,180.94,1811,1147,0.418879,-1.125,0.0,0.0,-1.125,-1902.938,440.151,0.0,-1462.787,-252.629,-1377.863,0.0,-1630.493
15.96608748100698,15771,2,8,6,-0.295312,-0.253782,-1.162828,-0.390119,-1724.991,-1144.0,-2120.399,182.706,2303,1144,0.418879,-1.162,0.0,0.0,-1.162,-2163.585,438.593,0.0,-1724.991,-464.793,-1655.606,0.0,-2120.399
15.96608748100698,15776,2,8,6,-0.298199,-0.257209,-1.147708,-0.569999,-1180.204,-950.0,-1911.993,186.406,2098,950,0.418879,-1.147,0.0,0.0,-1.147,-1617.584,437.38,0.0,-1180.204,-184.163,-1727.83,0.0,-1911.993
15.96608748100698,15781,2,8,6,-0.301012,-0.26244,-1.080028,-0.890881,-92.628,-873.0,-703.05,192.046,895,173,1.361356,-1.08,0.0,0.0,-1.08,-529.611,436.982,0.0,-92.628,624.297,-1327.347,0.0,-703.05
15.977747762924992,15790,2,8,6,-0.305888,-0.27333,-0.911643,-1.157685,1126.852,242.0,382.696,203.764,-178,-242,1.361356,-0.911,0.0,0.0,-0.911,688.915,437.937,0.0,1126.852,707.881,-325.185,0.0,382.696
15.988352978019975,15795,2,8,6,-0.308492,-0.276639,-0.891887,-0.757679,61.874,-140.0,-140.483,207.318,347,140,0.0,-0.891,0.0,0.0,-0.891,-375.78,437.655,0.0,61.874,161.499,-301.983,0.0,-140.483
15.988352978019975,15801,2,8,6,-0.31102,-0.277521,-0.937967,-0.334769,-1252.573,-203.0,-1676.268,208.264,1884,998,0.0,-0.937,0.0,0.0,-0.937,-1688.952,436.378,0.0,-1252.573,-839.658,-836.609,0.0,-1676.268
15.999538688920438,15806,2,8,6,-0.313951,-0.277492,-1.02087,-0.17092,-1945.257,-1157.0,-1922.737,208.233,2130,1157,0.0,-1.02,0.0,0.0,-1.02,-2379.858,434.601,0.0,-1945.257,-630.606,-1292.131,0.0,-1922.737
15.999538688920438,15811,2,8,6,-0.316309,-0.279525,-1.029953,-0.334441,-1514.293,-1007.0,-1906.299,210.415,2116,1007,0.0,-1.029,0.0,0.0,-1.029,-1947.434,433.14,0.0,-1514.293,-405.834,-1500.464,0.0,-1906.299
16.010679167928174,15816,2,8,6,-0.318589,-0.283702,-0.976835,-0.638767,-514.16,-718.0,-1182.718,214.892,1397,718,0.0,-0.976,0.0,0.0,-0.976,-946.591,432.43,0.0,-514.16,163.071,-1345.79,0.0,-1182.718
16.010679167928174,15821,2,8,6,-0.32079,-0.288435,-0.905943,-0.860915,306.256,-603.0,-150.995,219.959,370,44,0.837758,-0.905,0.0,0.0,-0.905,-126.079,432.336,0.0,306.256,727.404,-878.4,0.0,-150.995
16.022108808974735,15826,2,8,6,-0.322913,-0.292631,-0.847889,-0.877839,516.259,-75.0,-122.131,224.444,346,75,0.837758,-0.847,0.0,0.0,-0.847,83.86,432.399,0.0,516.259,473.007,-595.139,0.0,-122.131
16.022108808974735,15831,2,8,6,-0.324955,-0.295242,-0.831949,-0.634609,-120.568,-364.0,-359.526,227.233,586,364,0.523598,-0.831,0.0,0.0,-0.831,-552.553,431.984,0.0,-120.568,194.745,-554.272,0.0,-359.526
16.022108808974735,15836,2,8,6,-0.326917,-0.296518,-0.851186,-0.345832,-984.066,-621.0,-1077.003,228.595,1305,621,0.314159,-0.851,0.0,0.0,-0.851,-1414.99,430.923,0.0,-984.066,-290.453,-786.549,0.0,-1077.003
16.033200460020453,15841,2,8,6,-0.328799,-0.297344,-0.88073,-0.181943,-1527.146,-716.0,-1851.648,229.477,2081,1039,0.209439,-0.88,0.0,0.0,-0.88,-1956.602,429.456,0.0,-1527.146,-648.917,-1202.73,0.0,-1851.648
16.033200460020453,15846,2,8,6,-0.330599,-0.299034,-0.883836,-0.252128,-1340.651,-817.0,-1798.82,231.279,2030,817,0.209439,-0.883,0.0,0.0,-0.883,-1768.781,428.129,0.0,-1340.651,-418.921,-1379.898,0.0,-1798.82
16.044121409999207,15851,2,8,6,-0.332318,-0.302763,-0.827551,-0.642565,-90.217,-172.0,-1081.221,235.253,1316,172,0.418879,-0.827,0.0,0.0,-0.827,-517.959,427.741,0.0,-90.217,65.425,-1146.646,0.0,-1081.221
16.044121409999207,15856,2,8,6,-0.333955,-0.308876,-0.702208,-1.060963,1433.009,268.0,455.729,241.758,-213,-268,0.837758,-0.702,0.0,0.0,-0.702,1004.514,428.495,0.0,1433.009,932.007,-476.278,0.0,455.729
16.055101928999647,15861,2,8,6,-0.33551,-0.314709,-0.582411,-1.113143,1915.618,496.0,1368.619,247.953,-1120,-851,0.0,-0.582,0.0,0.0,-0.582,1486.05,429.567,0.0,1915.618,1135.694,232.924,0.0,1368.619
16.055101928999647,15866,2,8,6,-0.336981,-0.317566,-0.543629,-0.679607,810.59,151.0,798.565,250.982,-547,-151,0.0,-0.543,0.0,0.0,-0.543,380.737,429.853,0.0,810.59,527.672,270.893,0.0,798.565
16.0661047619069,15871,2,8,6,-0.33837,-0.31649,-0.612649,-0.101426,-1002.642,-502.0,-587.932,249.841,837,502,0.0,-0.612,0.0,0.0,-0.612,-1431.422,428.779,0.0,-1002.642,-400.514,-187.417,0.0,-587.932
16.0661047619069,15880,2,8,6,-0.340659,-0.3163,-0.682042,-0.108976,-1178.543,-785.0,-1197.476,249.64,1447,687,0.104719,-0.682,0.0,0.0,-0.682,-1604.583,426.04,0.0,-1178.543,-314.834,-882.641,0.0,-1197.476
16.07765172200743,15885,2,8,6,-0.341813,-0.318972,-0.639553,-0.371134,-326.095,-239.0,-815.648,252.472,1068,239,0.418879,-0.639,0.0,0.0,-0.639,-751.571,425.476,0.0,-326.095,-69.676,-745.972,0.0,-815.648
16.07765172200743,15890,2,8,6,-0.342882,-0.322469,-0.571587,-0.638229,612.213,142.0,-19.673,256.175,275,-142,0.418879,-0.571,0.0,0.0,-0.571,186.597,425.616,0.0,612.213,376.171,-395.844,0.0,-19.673
16.08878344297409,15896,2,8,6,-0.343868,-0.325835,-0.504908,-0.681893,921.547,186.0,570.663,259.736,-310,-186,0.418879,-0.504,0.0,0.0,-0.504,495.558,425.989,0.0,921.547,588.438,-17.775,0.0,570.663
16.08878344297409,15901,2,8,6,-0.344938,-0.328097,-0.471533,-0.427251,301.905,265.0,39.118,262.127,223,75,0.0,-0.471,0.0,0.0,-0.471,-123.99,425.896,0.0,301.905,29.524,9.593,0.0,39.118
16.099552127998322,15906,2,8,6,-0.345736,-0.327906,-0.499247,-0.075317,-761.996,-563.0,-444.177,261.924,706,563,0.0,-0.499,0.0,0.0,-0.499,-1187.002,425.006,0.0,-761.996,-159.196,-284.981,0.0,-444.177
16.099552127998322,15911,2,8,6,-0.346449,-0.327189,-0.539275,0.055241,-1240.886,-715.0,-1013.965,261.167,1275,715,0.0,-0.539,0.0,0.0,-0.539,-1664.647,423.76,0.0,-1240.886,-420.709,-593.255,0.0,-1013.965
16.110638475976884,15916,2,8,6,-0.347076,-0.327957,-0.535321,-0.03348,-982.447,-684.0,-974.898,261.979,1236,684,0.0,-0.535,0.0,0.0,-0.535,-1405.152,422.704,0.0,-982.447,-238.758,-736.14,0.0,-974.898
16.110638475976884,15921,2,8,6,-0.347618,-0.329655,-0.502962,-0.195666,-438.368,-667.0,-436.87,263.771,700,352,0.0,-0.502,0.0,0.0,-0.502,-860.427,422.059,0.0,-438.368,182.905,-619.775,0.0,-436.87
16.12217733892612,15926,2,8,6,-0.348074,-0.331537,-0.463013,-0.334458,61.834,-183.0,-233.807,265.758,499,183,0.209439,-0.463,0.0,0.0,-0.463,-359.954,421.789,0.0,61.834,195.867,-429.675,0.0,-233.807
16.12217733892612,15931,2,8,6,-0.348444,-0.333027,-0.431661,-0.325758,125.038,-178.0,-34.209,267.33,301,178,0.0,-0.431,0.0,0.0,-0.431,-296.528,421.566,0.0,125.038,242.43,-276.639,0.0,-34.209
16.12217733892612,15936,2,8,6,-0.348728,-0.33365,-0.422189,-0.158363,-317.698,-341.0,-278.837,267.986,546,341,0.0,-0.422,0.0,0.0,-0.422,-738.711,421.012,0.0,-317.698,18.641,-297.478,0.0,-278.837
16.133183483965695,15941,2,8,6,-0.348926,-0.333418,-0.434214,0.019769,-851.097,-346.0,-954.483,267.742,1222,684,0.0,-0.434,0.0,0.0,-0.434,-1271.157,420.059,0.0,-851.097,-404.078,-550.405,0.0,-954.483
16.133183483965695,15946,2,8,6,-0.349038,-0.333447,-0.436546,0.043259,-924.404,-660.0,-884.802,267.772,1152,660,0.0,-0.436,0.0,0.0,-0.436,-1343.455,419.051,0.0,-924.404,-211.523,-673.279,0.0,-884.802
16.14411127800122,15951,2,8,6,-0.349064,-0.33442,-0.41003,-0.065251,-547.024,-491.0,-694.168,268.798,962,491,0.0,-0.41,0.0,0.0,-0.41,-965.381,418.356,0.0,-547.024,-44.819,-649.348,0.0,-694.168
16.14411127800122,15956,2,8,6,-0.349003,-0.335685,-0.372909,-0.187707,-100.599,-352.0,-291.889,270.132,562,352,0.0,-0.372,0.0,0.0,-0.372,-518.567,417.967,0.0,-100.599,201.12,-493.009,0.0,-291.889
16.15526584093459,15961,2,8,6,-0.348857,-0.336639,-0.342089,-0.219558,74.622,-286.0,-15.387,271.137,286,153,0.0,-0.342,0.0,0.0,-0.342,-343.087,417.71,0.0,74.622,288.498,-303.885,0.0,-15.387
16.166244293912314,15970,2,8,6,-0.348377,-0.337448,-0.305993,-0.045853,-311.583,-304.0,-262.296,271.988,534,304,0.0,-0.305,0.0,0.0,-0.305,-728.391,416.807,0.0,-311.583,-6.066,-256.229,0.0,-262.296
16.166244293912314,15975,2,8,6,-0.347989,-0.337495,-0.293836,0.020736,-464.658,-352.0,-412.231,272.038,684,352,0.0,-0.293,0.0,0.0,-0.293,-880.805,416.147,0.0,-464.658,-90.126,-322.105,0.0,-412.231
16.166244293912314,15980,2,8,6,-0.347516,-0.33784,-0.270942,0.011369,-374.918,-407.0,-285.491,272.401,557,333,0.0,-0.27,0.0,0.0,-0.27,-790.472,415.554,0.0,-374.918,25.665,-311.156,0.0,-285.491
16.177780127967708,15986,2,8,6,-0.346957,-0.338277,-0.24306,-0.005783,-249.32,-304.0,-228.223,272.86,501,304,0.0,-0.243,0.0,0.0,-0.243,-664.374,415.054,0.0,-249.32,43.743,-271.967,0.0,-228.223
16.177780127967708,15991,2,8,6,-0.346174,-0.338451,-0.216229,-0.000901,-188.317,-238.0,-187.491,273.044,460,238,0.0,-0.216,0.0,0.0,-0.216,-602.919,414.602,0.0,-188.317,39.746,-227.237,0.0,-187.491
16.18827792094089,15996,2,8,6,-0.345427,-0.338479,-0.194544,-0.005806,-114.261,-220.0,-86.457,273.073,359,220,0.0,-0.194,0.0,0.0,-0.194,-528.467,414.205,0.0,-114.261,84.59,-171.047,0.0,-86.457
16.18827792094089,16001,2,8,6,-0.344595,-0.33862,-0.167274,-0.008396,-30.986,-184.0,31.793,273.222,241,110,0.0,-0.167,0.0,0.0,-0.167,-444.858,413.872,0.0,-30.986,122.411,-90.618,0.0,31.793
16.199433033005334,16006,2,8,6,-0.343677,-0.338774,-0.137277,0.023679,-37.143,-110.0,4.236,273.385,269,110,0.0,-0.137,0.0,0.0,-0.137,-450.677,413.534,0.0,-37.143,58.284,-54.048,0.0,4.236
16.199433033005334,16011,2,8,6,-0.342675,-0.338856,-0.106932,0.054525,-38.887,-87.0,14.956,273.471,258,87,0.0,-0.106,0.0,0.0,-0.106,-452.083,413.195,0.0,-38.887,38.49,-23.534,0.0,14.956
16.210796657949686,16016,2,8,6,-0.341589,-0.338969,-0.07334,0.023415,142.075,10.0,167.406,273.59,106,-10,0.0,-0.073,0.0,0.0,-0.073,-270.916,412.992,0.0,142.075,105.66,61.745,0.0,167.406
16.210796657949686,16021,2,8,6,-0.340418,-0.339145,-0.035648,0.004134,301.518,34.0,412.262,273.774,-138,-136,0.0,-0.035,0.0,0.0,-0.035,-111.39,412.908,0.0,301.518,214.014,198.248,0.0,412.262
16.222024775925092,16026,2,8,6,-0.339163,-0.339102,-0.001717,0.023852,341.259,161.0,442.308,273.729,-168,-161,0.0,-0.001,0.0,0.0,-0.001,-71.595,412.855,0.0,341.259,144.207,298.101,0.0,442.308
16.222024775925092,16031,2,8,6,-0.337824,-0.338813,0.02768,0.057392,329.599,216.0,462.01,273.425,-188,-216,0.0,0.027,0.0,0.0,0.027,-83.193,412.792,0.0,329.599,90.879,371.13,0.0,462.01
16.222024775925092,16036,2,8,6,-0.336402,-0.33844,0.057061,0.088949,323.438,209.0,518.63,273.033,-245,-209,0.0,0.057,0.0,0.0,0.057,-89.287,412.725,0.0,323.438,91.55,427.079,0.0,518.63
16.233167535974644,16041,2,8,6,-0.334898,-0.33813,0.090519,0.093248,405.079,251.0,629.058,272.707,-356,-330,0.0,0.09,0.0,0.0,0.09,-7.64,412.72,0.0,405.079,123.263,505.794,0.0,629.058
16.233167535974644,16046,2,8,6,-0.33331,-0.337826,0.126434,0.107404,466.046,337.0,676.475,272.386,-404,-337,0.0,0.126,0.0,0.0,0.126,53.286,412.76,0.0,466.046,103.237,573.238,0.0,676.475
16.244232658995315,16051,2,8,6,-0.33164,-0.33736,0.160138,0.133998,486.009,396.0,709.115,271.895,-437,-396,-0.209439,0.16,0.0,0.0,0.16,73.194,412.815,0.0,486.009,72.007,637.107,0.0,709.115
16.255101314978674,16060,2,8,6,-0.328429,-0.336408,0.223426,0.131268,671.186,482.0,966.788,270.893,-695,-560,-0.209439,0.223,0.0,0.0,0.223,258.042,413.144,0.0,671.186,151.349,815.439,0.0,966.788
16.255101314978674,16065,2,8,6,-0.326531,-0.335833,0.260454,0.148363,727.233,590.0,1005.894,270.287,-735,-590,-0.209439,0.26,0.0,0.0,0.26,313.853,413.379,0.0,727.233,109.786,896.107,0.0,1005.894
16.266047242912464,16070,2,8,6,-0.324553,-0.335125,0.296029,0.181361,734.692,638.0,1036.42,269.541,-766,-638,-0.209439,0.296,0.0,0.0,0.296,321.071,413.621,0.0,734.692,77.354,959.066,0.0,1036.42
16.266047242912464,16076,2,8,6,-0.322494,-0.334324,0.33123,0.199987,781.376,651.0,1131.364,268.697,-862,-651,-0.209439,0.331,0.0,0.0,0.331,367.479,413.897,0.0,781.376,104.301,1027.062,0.0,1131.364
16.266047242912464,16081,2,8,6,-0.319919,-0.333357,0.376272,0.190809,933.583,717.0,1315.878,267.678,-1048,-815,-0.209439,0.376,0.0,0.0,0.376,519.296,414.287,0.0,933.583,173.266,1142.611,0.0,1315.878
16.277503990917467,16086,2,8,6,-0.317686,-0.33249,0.414509,0.205662,999.496,851.0,1349.97,266.764,-1083,-851,-0.209439,0.414,0.0,0.0,0.414,584.771,414.725,0.0,999.496,118.797,1231.172,0.0,1349.97
16.277503990917467,16091,2,8,6,-0.315375,-0.331492,0.451265,0.243654,996.471,899.0,1372.191,265.71,-1106,-899,-0.209439,0.451,0.0,0.0,0.451,581.309,415.161,0.0,996.471,77.977,1294.214,0.0,1372.191
16.288504390977323,16096,2,8,6,-0.312986,-0.330198,0.481939,0.273022,1000.568,890.0,1436.083,264.345,-1171,-890,-0.314159,0.481,0.0,0.0,0.481,584.967,415.6,0.0,1000.568,88.454,1347.628,0.0,1436.083
16.288504390977323,16101,2,8,6,-0.31052,-0.32883,0.512693,0.303535,1001.681,908.0,1471.356,262.901,-1208,-908,-0.314159,0.512,0.0,0.0,0.512,585.641,416.039,0.0,1001.681,74.945,1396.411,0.0,1471.356
16.299726519966498,16106,2,8,6,-0.307977,-0.327441,0.544979,0.342206,984.229,935.0,1471.126,261.433,-1209,-935,-0.314159,0.544,0.0,0.0,0.544,567.764,416.465,0.0,984.229,39.383,1431.742,0.0,1471.126
16.299726519966498,16111,2,8,6,-0.305358,-0.325869,0.574303,0.370129,988.583,932.0,1504.375,259.772,-1244,-932,-0.314159,0.574,0.0,0.0,0.574,571.689,416.894,0.0,988.583,45.267,1459.108,0.0,1504.375
16.310897046001628,16116,2,8,6,-0.302664,-0.324117,0.600681,0.401205,975.845,943.0,1503.925,257.919,-1246,-943,-0.314159,0.6,0.0,0.0,0.6,558.532,417.313,0.0,975.845,26.276,1477.649,0.0,1503.925
16.310897046001628,16121,2,8,6,-0.299895,-0.322294,0.627166,0.406769,1034.887,943.0,1597.01,255.991,-1341,-1003,-0.314159,0.627,0.0,0.0,0.627,617.111,417.776,0.0,1034.887,73.51,1523.499,0.0,1597.01
16.322121765930206,16126,2,8,6,-0.297052,-0.320491,0.656287,0.405434,1120.691,1055.0,1628.561,254.082,-1374,-1055,-0.314159,0.656,0.0,0.0,0.656,702.388,418.302,0.0,1120.691,52.553,1576.008,0.0,1628.561
16.322121765930206,16131,2,8,6,-0.294136,-0.318613,0.685351,0.420796,1159.592,1067.0,1698.039,252.092,-1445,-1067,-0.418879,0.685,0.0,0.0,0.685,740.756,418.836,0.0,1159.592,74.074,1623.965,0.0,1698.039
16.322121765930206,16136,2,8,6,-0.291148,-0.316685,0.715039,0.440294,1188.7,1099.0,1747.496,250.048,-1497,-1099,-0.418879,0.715,0.0,0.0,0.715,769.286,419.413,0.0,1188.7,71.759,1675.736,0.0,1747.496
16.334010378923267,16141,2,8,6,-0.288087,-0.314668,0.744278,0.446256,1254.5,1114.0,1860.251,247.91,-1612,-1158,-0.418879,0.744,0.0,0.0,0.744,834.46,420.039,0.0,1254.5,112.4,1747.851,0.0,1860.251
16.344765154994093,16150,2,8,6,-0.2824,-0.310466,0.785871,0.549526,1082.939,1028.0,1842.314,243.448,-1598,-1028,-0.523598,0.785,0.0,0.0,0.785,661.767,421.171,0.0,1082.939,43.951,1798.363,0.0,1842.314
16.344765154994093,16155,2,8,6,-0.279142,-0.307372,0.790432,0.653202,805.703,883.0,1668.525,240.158,-1428,-883,-0.523598,0.79,0.0,0.0,0.79,384.243,421.459,0.0,805.703,-61.837,1730.363,0.0,1668.525
16.356116703012958,16160,2,8,6,-0.275815,-0.303641,0.779105,0.760304,474.143,853.0,1234.509,236.188,-998,-614,-0.837758,0.779,0.0,0.0,0.779,52.644,421.499,0.0,474.143,-303.085,1537.595,0.0,1234.509
16.356116703012958,16166,2,8,6,-0.272421,-0.299536,0.75923,0.835506,207.764,551.0,1065.877,231.814,-834,-551,-0.837758,0.759,0.0,0.0,0.759,-213.573,421.338,0.0,207.764,-274.588,1340.465,0.0,1065.877
16.367161392932758,16171,2,8,6,-0.268259,-0.29496,0.747618,0.770265,357.88,618.0,1022.234,226.932,-795,-618,-0.837758,0.747,0.0,0.0,0.747,-63.41,421.291,0.0,357.88,-208.095,1230.329,0.0,1022.234
16.367161392932758,16176,2,8,6,-0.264718,-0.292307,0.772491,0.610274,875.839,808.0,1352.684,224.098,-1128,-808,-0.837758,0.772,0.0,0.0,0.772,454.207,421.631,0.0,875.839,54.271,1298.413,0.0,1352.684
16.367161392932758,16181,2,8,6,-0.261111,-0.290672,0.82772,0.447455,1487.174,879.0,2096.815,222.351,-1874,-1284,-0.523598,0.827,0.0,0.0,0.827,1064.744,422.43,0.0,1487.174,486.539,1610.275,0.0,2096.815
16.378365907934494,16186,2,8,6,-0.25744,-0.289212,0.889619,0.400357,1793.393,1361.0,2202.97,220.79,-1982,-1361,-0.523598,0.889,0.0,0.0,0.889,1369.935,423.457,0.0,1793.393,345.914,1857.055,0.0,2202.97
16.378365907934494,16191,2,8,6,-0.253705,-0.286889,0.92914,0.508138,1603.148,1271.0,2263.476,218.305,-2045,-1271,-0.523598,0.929,0.0,0.0,0.929,1178.806,424.342,0.0,1603.148,265.718,1997.757,0.0,2263.476
16.38933202496264,16196,2,8,6,-0.249908,-0.283238,0.933234,0.692405,1099.17,1121.0,1939.56,214.395,-1725,-1121,-0.733038,0.933,0.0,0.0,0.933,674.322,424.847,0.0,1099.17,-17.463,1957.024,0.0,1939.56
16.38933202496264,16201,2,8,6,-0.246049,-0.278774,0.916278,0.864472,570.011,1053.0,1321.439,209.609,-1111,-700,-1.151917,0.916,0.0,0.0,0.916,145.054,424.956,0.0,570.011,-386.39,1707.83,0.0,1321.439
16.400547468918376,16206,2,8,6,-0.24213,-0.274044,0.893596,0.924213,339.163,637.0,1296.717,204.532,-1092,-637,-1.151917,0.893,0.0,0.0,0.893,-85.728,424.892,0.0,339.163,-238.268,1534.986,0.0,1296.717
16.400547468918376,16211,2,8,6,-0.238151,-0.269958,0.890616,0.828901,597.823,761.0,1359.651,200.14,-1159,-761,-1.047197,0.89,0.0,0.0,0.89,172.801,425.021,0.0,597.823,-130.541,1490.193,0.0,1359.651
16.412060927017592,16216,2,8,6,-0.234113,-0.26653,0.907676,0.739722,895.642,805.0,1616.758,196.451,-1420,-805,-1.047197,0.907,0.0,0.0,0.907,470.268,425.374,0.0,895.642,72.514,1544.243,0.0,1616.758
16.412060927017592,16221,2,8,6,-0.230017,-0.263113,0.92669,0.732172,970.418,842.0,1712.735,192.772,-1519,-851,-0.942477,0.926,0.0,0.0,0.926,544.651,425.766,0.0,970.418,102.734,1610.001,0.0,1712.735
16.412060927017592,16226,2,8,6,-0.225864,-0.259325,0.936888,0.798237,814.279,753.0,1648.635,188.688,-1459,-753,-0.942477,0.936,0.0,0.0,0.936,388.221,426.057,0.0,814.279,49.023,1599.611,0.0,1648.635
16.423260559909977,16231,2,8,6,-0.221656,-0.254935,0.931799,0.898549,519.226,647.0,1399.589,183.95,-1215,-647,-0.942477,0.931,0.0,0.0,0.931,93.098,426.127,0.0,519.226,-102.218,1501.807,0.0,1399.589
16.423260559909977,16236,2,8,6,-0.217393,-0.250338,0.922448,0.943397,367.426,612.0,1176.177,178.984,-997,-612,-0.942477,0.922,0.0,0.0,0.922,-58.657,426.083,0.0,367.426,-195.658,1371.835,0.0,1176.177
16.43416913494002,16245,2,8,6,-0.209585,-0.243538,0.950682,0.746442,998.501,939.0,1512.326,171.627,-1340,-939,-0.628318,0.95,0.0,0.0,0.95,571.873,426.628,0.0,998.501,47.601,1464.725,0.0,1512.326
16.44513259793166,16250,2,8,6,-0.205175,-0.240773,0.99675,0.623296,1473.082,1162.0,1936.239,168.631,-1767,-1162,-0.628318,0.996,0.0,0.0,0.996,1045.669,427.412,0.0,1473.082,248.866,1687.373,0.0,1936.239
16.44513259793166,16256,2,8,6,-0.200714,-0.238023,1.044647,0.586252,1711.886,1220.0,2339.232,165.65,-2173,-1220,-0.628318,1.044,0.0,0.0,1.044,1283.507,428.379,0.0,1711.886,393.509,1945.723,0.0,2339.232
16.456146638956852,16261,2,8,6,-0.195295,-0.233954,1.082444,0.719235,1446.128,1227.0,2231.214,161.236,-2069,-1036,-0.837758,1.082,0.0,0.0,1.082,1016.986,429.141,0.0,1446.128,175.302,2055.911,0.0,2231.214
16.456146638956852,16266,2,8,6,-0.190727,-0.228676,1.06258,1.010985,573.717,546.0,1895.925,155.503,-1740,-546,-1.151917,1.062,0.0,0.0,1.062,144.466,429.25,0.0,573.717,22.173,1873.752,0.0,1895.925
16.456146638956852,16271,2,8,6,-0.186111,-0.221521,0.99147,1.317889,-485.408,143.0,936.119,147.72,-788,-143,-1.256637,0.991,0.0,0.0,0.991,-913.973,428.564,0.0,-485.408,-502.726,1438.846,0.0,936.119
16.468055763980374,16276,2,8,6,-0.18145,-0.214231,0.91788,1.356234,-799.746,81.0,281.741,139.778,-141,-81,-1.256637,0.917,0.0,0.0,0.917,-1227.39,427.644,0.0,-799.746,-704.597,986.339,0.0,281.741
16.468055763980374,16281,2,8,6,-0.176743,-0.208986,0.902791,1.093589,-106.992,17.0,818.046,134.056,-683,-415,-1.047197,0.902,0.0,0.0,0.902,-534.235,427.243,0.0,-106.992,-99.193,917.24,0.0,818.046
16.478882091934793,16286,2,8,6,-0.171994,-0.206599,0.968961,0.65587,1304.555,1072.0,1481.898,131.45,-1350,-1072,-0.628318,0.968,0.0,0.0,0.968,876.654,427.901,0.0,1304.555,186.044,1295.853,0.0,1481.898
16.478882091934793,16291,2,8,6,-0.167201,-0.205532,1.073252,0.432452,2223.484,1448.0,2408.223,130.284,-2277,-1448,-0.628318,1.073,0.0,0.0,1.073,1794.239,429.244,0.0,2223.484,620.387,1787.836,0.0,2408.223
16.489626579917967,16296,2,8,6,-0.162368,-0.203225,1.144001,0.55119,2090.358,1341.0,2740.366,127.764,-2612,-1341,-0.628318,1.144,0.0,0.0,1.144,1659.868,430.489,0.0,2090.358,599.486,2140.88,0.0,2740.366
16.489626579917967,16301,2,8,6,-0.157494,-0.198596,1.150865,0.86986,1217.894,1340.0,1981.784,122.703,-1859,-776,-1.151917,1.15,0.0,0.0,1.15,786.815,431.079,0.0,1217.894,-97.684,2079.468,0.0,1981.784
16.500782493967563,16306,2,8,6,-0.152581,-0.191455,1.08847,1.292888,-141.72,217.0,1400.768,114.886,-1285,-217,-1.466076,1.088,0.0,0.0,1.088,-572.37,430.649,0.0,-141.72,-286.976,1687.744,0.0,1400.768
16.500782493967563,16311,2,8,6,-0.147631,-0.182962,0.989266,1.537676,-1106.002,-60.0,265.819,105.574,-160,60,-1.466076,0.989,0.0,0.0,0.989,-1535.546,429.543,0.0,-1106.002,-836.801,1102.621,0.0,265.819
16.51224536600057,16316,2,8,6,-0.142645,-0.176898,0.959107,1.259633,-412.561,289.0,267.471,98.917,-168,-289,-1.466076,0.959,0.0,0.0,0.959,-841.474,428.912,0.0,-412.561,-561.249,828.72,0.0,267.471
16.51224536600057,16321,2,8,6,-0.137623,-0.175067,1.048446,0.589864,1713.907,289.0,2680.894,96.906,-2583,-1690,-0.418879,1.048,0.0,0.0,1.048,1284.032,429.875,0.0,1713.907,1139.926,1540.967,0.0,2680.894
16.51224536600057,16326,2,8,6,-0.132567,-0.176038,1.217186,0.134947,3462.416,2246.0,3353.635,97.972,-3255,-2246,-0.418879,1.217,0.0,0.0,1.217,3030.268,432.148,0.0,3462.416,973.133,2380.502,0.0,3353.635
16.523498502909206,16335,2,8,6,-0.123385,-0.170687,1.324438,0.845526,1776.195,1598.0,3019.302,92.09,-2927,-1598,-0.837758,1.324,0.0,0.0,1.324,1340.955,435.24,0.0,1776.195,142.556,2876.746,0.0,3019.302
16.53500977193471,16340,2,8,6,-0.118241,-0.1633,1.261658,1.30668,309.082,1377.0,1464.889,83.963,-1380,-593,-1.466076,1.261,0.0,0.0,1.261,-126.063,435.145,0.0,309.082,-854.334,2319.224,0.0,1464.889
16.53500977193471,16346,2,8,6,-0.113068,-0.154647,1.164231,1.647731,-919.673,77.0,815.674,74.429,-741,-77,-1.466076,1.164,0.0,0.0,1.164,-1353.801,434.128,0.0,-919.673,-797.338,1613.013,0.0,815.674
16.545578763005324,16351,2,8,6,-0.106823,-0.145731,1.089418,1.494437,-700.774,366.0,313.184,64.592,-248,-366,-1.466076,1.089,0.0,0.0,1.089,-1134.052,433.277,0.0,-700.774,-853.419,1166.604,0.0,313.184
16.545578763005324,16356,2,8,6,-0.10159,-0.14216,1.13597,0.906905,1075.14,893.0,1498.218,60.649,-1437,-893,-1.151917,1.135,0.0,0.0,1.135,641.381,433.758,0.0,1075.14,145.712,1352.506,0.0,1498.218
16.557225461001508,16361,2,8,6,-0.096332,-0.142171,1.283501,0.308665,3165.349,1159.0,3991.373,60.661,-3930,-2466,-0.733038,1.283,0.0,0.0,1.283,2729.54,435.808,0.0,3165.349,1605.079,2386.293,0.0,3991.373
16.557225461001508,16366,2,8,6,-0.09105,-0.142325,1.435692,0.148188,3800.0,2386.0,4191.612,60.831,-4130,-2386,-0.733038,1.435,0.0,0.0,1.435,3605.011,435.808,0.0,3800.0,1131.2,3060.412,0.0,4191.612
16.557225461001508,16371,2,8,6,-0.085746,-0.138521,1.477715,0.692762,2635.325,1860.0,3920.728,56.628,-3864,-1860,-0.733038,1.477,0.0,0.0,1.477,2197.867,437.457,0.0,2635.325,620.26,3300.468,0.0,3920.728
16.568496619933285,16376,2,8,6,-0.08042,-0.129829,1.383443,1.383595,437.031,1147.0,2236.233,47.016,-2189,-1147,-1.256637,1.383,0.0,0.0,1.383,-0.425,437.457,0.0,437.031,-567.974,2804.208,0.0,2236.233
16.568496619933285,16381,2,8,6,-0.075075,-0.119179,1.234912,1.868741,-1338.596,828.0,-49.595,35.225,84,241,-1.780235,1.234,0.0,0.0,1.234,-1774.72,436.124,0.0,-1338.596,-1733.277,1683.682,0.0,-49.595
16.580006720963866,16386,2,8,6,-0.069711,-0.10951,1.114369,1.845535,-1612.673,-50.0,-273.983,24.506,298,50,-1.780235,1.114,0.0,0.0,1.114,-2047.264,434.59,0.0,-1612.673,-1250.138,976.154,0.0,-273.983
16.580006720963866,16391,2,8,6,-0.06433,-0.105068,1.14065,1.095125,562.156,875.0,845.281,19.577,-825,-875,-1.151917,1.14,0.0,0.0,1.14,127.469,434.686,0.0,562.156,-250.275,1095.556,0.0,845.281
16.590938378009014,16396,2,8,6,-0.058933,-0.106203,1.323565,0.256463,3424.811,1769.0,3426.563,20.838,-3405,-1769,-0.628318,1.323,0.0,0.0,1.323,2987.884,436.927,0.0,3424.811,1324.649,2101.914,0.0,3426.563
16.590938378009014,16401,2,8,6,-0.053522,-0.107427,1.509353,0.066154,3800.0,2275.0,4141.437,22.196,-4119,-2485,-0.628318,1.509,0.0,0.0,1.509,4040.959,436.927,0.0,3800.0,1220.0,2921.437,0.0,4141.437
16.590938378009014,16406,2,8,6,-0.048097,-0.104501,1.579306,0.524542,3392.391,2249.0,4291.054,18.949,-4272,-2249,-1.047197,1.579,0.0,0.0,1.579,2953.338,439.054,0.0,3392.391,914.713,3376.341,0.0,4291.054
16.603006714954972,16411,2,8,6,-0.04266,-0.097661,1.540011,1.093911,1689.069,1372.0,3507.839,11.355,-3496,-1372,-1.256637,1.54,0.0,0.0,1.54,1249.078,439.99,0.0,1689.069,253.655,3254.184,0.0,3507.839
16.603006714954972,16416,2,8,6,-0.037213,-0.087499,1.407984,1.746911,-509.716,655.0,1587.206,0.064,-1587,-655,-1.675516,1.407,0.0,0.0,1.407,-948.995,439.279,0.0,-509.716,-931.773,2518.979,0.0,1587.206
16.614015338011086,16425,2,8,6,-0.027386,-0.067653,1.12747,1.973099,-1932.225,-244.0,-839.73,-22.012,817,244,-1.466076,1.127,0.0,0.0,1.127,-2367.761,435.536,0.0,-1932.225,-1350.58,510.849,0.0,-839.73
16.625210126978345,16430,2,8,6,-0.021917,-0.063382,1.161012,1.027032,810.956,959.0,674.53,-26.768,-701,-959,-0.837758,1.161,0.0,0.0,1.161,375.141,435.814,0.0,810.956,-118.435,792.965,0.0,674.53
16.625210126978345,16436,2,8,6,-0.016443,-0.066768,1.40912,0.025137,3800.0,1846.0,3526.59,-22.997,-3549,-1846,-0.104719,1.409,0.0,0.0,1.409,3875.152,435.814,0.0,3800.0,1563.2,1963.39,0.0,3526.59
16.637103385990486,16441,2,8,6,-0.009867,-0.068904,1.653021,0.019726,3800.0,2320.0,3940.361,-20.62,-3960,-2308,-0.104719,1.653,0.0,0.0,1.653,4573.227,435.814,0.0,3800.0,1184.0,2756.361,0.0,3940.361
16.637103385990486,16446,2,8,6,-0.004385,-0.064593,1.685802,0.597701,3484.787,2148.0,4430.9,-25.42,-4456,-2148,-0.733038,1.685,0.0,0.0,1.685,3046.683,438.103,0.0,3484.787,1069.429,3361.47,0.0,4430.9
16.647627601982094,16455,2,8,6,0.005483,-0.044057,1.387124,2.119373,-1612.854,-137.0,1147.582,-48.301,-1195,137,-1.780235,1.387,0.0,0.0,1.387,-2050.295,437.441,0.0,-1612.854,-1180.683,2328.265,0.0,1147.582
16.647627601982094,16461,2,8,6,0.01206,-0.027638,1.111573,2.737616,-3800.0,-165.0,-2424.275,-66.61,2357,1495,-2.722713,1.111,0.0,0.0,1.111,-4552.918,433.981,0.0,-3800.0,-2908.0,483.724,0.0,-2424.275
16.658748304005712,16471,2,8,6,0.021918,-0.016891,1.086679,0.60086,1792.657,1370.0,828.237,-78.598,-906,-1370,-0.733038,1.086,0.0,0.0,1.086,1360.292,432.364,0.0,1792.657,338.126,490.111,0.0,828.237
16.670060997945257,16481,2,8,6,0.03285,-0.024525,1.606534,-0.030402,3800.0,2129.0,3872.63,-70.081,-3942,-2348,-0.314159,1.606,0.0,0.0,1.606,4583.423,432.364,0.0,3800.0,1336.8,2535.83,0.0,3872.63
16.681282556965016,16486,2,8,6,0.039394,-0.019811,1.657785,0.452882,3800.0,2508.0,4276.285,-75.34,-4351,-2508,-1.047197,1.657,0.0,0.0,1.657,3373.727,432.364,0.0,3800.0,1033.6,3242.685,0.0,4276.285
16.681282556965016,16495,2,8,6,0.049183,-0.003891,1.486121,1.718811,-217.964,718.0,2115.086,-93.103,-2208,-718,-1.570796,1.486,0.0,0.0,1.486,-651.53,433.565,0.0,-217.964,-748.771,2863.857,0.0,2115.086
16.6930797760142,16501,2,8,6,0.055689,0.011327,1.242131,2.478253,-3030.172,546.0,-1806.59,-110.085,1696,1126,-2.094395,1.242,0.0,0.0,1.242,-3461.142,430.97,0.0,-3030.172,-2860.938,1054.347,0.0,-1806.59
16.70448390801903,16510,2,8,6,0.065408,0.023545,1.172174,0.657414,1871.056,1604.0,1198.55,-123.716,-1322,-1604,-0.628318,1.172,0.0,0.0,1.172,1441.328,429.727,0.0,1871.056,213.645,984.905,0.0,1198.55
16.70448390801903,16515,2,8,6,0.070786,0.018229,1.47159,-0.413052,3800.0,1875.0,3544.14,-117.786,-3661,-1875,-0.209439,1.471,0.0,0.0,1.471,5277.0,429.727,0.0,3800.0,1540.0,2004.14,0.0,3544.14
16.71514602995012,16520,2,8,6,0.076146,0.016552,1.668621,-0.17643,3800.0,2314.0,3990.029,-115.915,-4105,-2481,-0.209439,1.668,0.0,0.0,1.668,5166.146,429.727,0.0,3800.0,1188.8,2801.229,0.0,3990.029
16.71514602995012,16525,2,8,6,0.081488,0.020878,1.697072,0.364728,3800.0,2586.0,4421.575,-120.741,-4542,-2586,-0.837758,1.697,0.0,0.0,1.697,3730.562,429.727,0.0,3800.0,971.2,3450.375,0.0,4421.575
16.726040547946468,16531,2,8,6,0.086809,0.026663,1.684099,0.781582,2958.677,1987.0,4534.131,-127.194,-4661,-1987,-0.942477,1.684,0.0,0.0,1.684,2527.047,431.629,0.0,2958.677,777.341,3756.789,0.0,4534.131
16.726040547946468,16541,2,8,6,0.097386,0.053115,1.239592,2.480889,-3046.794,739.0,-1771.808,-156.686,1615,1030,-1.989675,1.239,0.0,0.0,1.239,-3475.63,428.836,0.0,-3046.794,-3028.635,1256.826,0.0,-1771.808
16.73746932693757,16546,2,8,6,0.103687,0.066716,1.0352,2.389507,-3366.106,-800.0,-2001.806,-171.835,1829,800,-1.989675,1.035,0.0,0.0,1.035,-3792.061,425.955,0.0,-3366.106,-2052.885,51.078,0.0,-2001.806
16.73746932693757,16551,2,8,6,0.10891,0.068719,1.125325,0.920403,1000.167,1137.0,415.573,-174.066,-589,-1137,-1.256637,1.125,0.0,0.0,1.125,573.782,426.384,0.0,1000.167,-109.465,525.039,0.0,415.573
16.74843202799093,16561,2,8,6,0.118241,0.061678,1.583791,-0.040154,3800.0,2232.0,3811.217,-166.225,-3977,-2397,-0.104719,1.583,0.0,0.0,1.583,4547.049,426.384,0.0,3800.0,1254.4,2556.817,0.0,3811.217
16.759250544942915,16566,2,8,6,0.124411,0.066626,1.617981,0.501831,3553.948,2459.0,4003.454,-171.736,-4175,-2459,-0.837758,1.617,0.0,0.0,1.617,3125.219,428.728,0.0,3553.948,875.958,3127.495,0.0,4003.454
16.759250544942915,16571,2,8,6,0.129519,0.072852,1.586665,0.80559,2617.379,1807.0,3986.378,-178.666,-4165,-1807,-1.466076,1.586,0.0,0.0,1.586,2187.009,430.369,0.0,2617.379,648.303,3338.075,0.0,3986.378
16.770306337974034,16580,2,8,6,0.13863,0.095091,1.219116,2.317101,-2646.19,822.0,-1554.19,-203.393,1350,963,-2.199114,1.219,0.0,0.0,1.219,-3074.358,428.167,0.0,-2646.19,-2774.552,1220.362,0.0,-1554.19
16.782158943009563,16586,2,8,6,0.144644,0.109329,0.988829,2.420233,-3582.687,-962.0,-2150.088,-219.198,1930,962,0.0,0.988,0.0,0.0,0.988,-4007.93,425.242,0.0,-3582.687,-2096.549,-53.538,0.0,-2150.088
16.782158943009563,16591,2,8,6,0.149616,0.112747,1.032332,1.082414,284.91,832.0,-190.517,-222.989,-32,-832,0.0,1.032,0.0,0.0,1.032,-140.227,425.137,0.0,284.91,-437.671,247.153,0.0,-190.517
16.793555587995797,16600,2,8,6,0.158472,0.106036,1.468219,-0.052743,3800.0,2139.0,3785.314,-215.544,-4000,-2258,0.0,1.468,0.0,0.0,1.468,4258.697,425.137,0.0,3800.0,1328.8,2456.514,0.0,3785.314
16.793555587995797,16605,2,8,6,0.163338,0.109879,1.496842,0.539377,3108.052,2059.0,3739.665,-219.808,-3959,-2059,-0.942477,1.496,0.0,0.0,1.496,2680.903,427.148,0.0,3108.052,839.241,2900.423,0.0,3739.665
16.8048831889173,16610,2,8,6,0.168164,0.117569,1.41664,0.966664,1688.028,1346.0,3128.792,-228.334,-3357,-1346,-1.361356,1.416,0.0,0.0,1.416,1259.934,428.093,0.0,1688.028,273.622,2855.169,0.0,3128.792
16.8048831889173,16615,2,8,6,0.172947,0.126215,1.308502,1.487012,-72.104,673.0,1753.824,-237.909,-1991,-673,-1.570796,1.308,0.0,0.0,1.308,-499.827,427.722,0.0,-72.104,-596.083,2349.908,0.0,1753.824
16.816099955001846,16620,2,8,6,0.177689,0.137527,1.124535,1.991609,-2001.913,526.0,-955.401,-250.422,704,465,-2.199114,1.124,0.0,0.0,1.124,-2427.808,425.895,0.0,-2001.913,-2022.33,1066.929,0.0,-955.401
16.816099955001846,16626,2,8,6,0.18332,0.150569,0.917043,1.895277,-2315.241,-370.0,-1436.16,-264.823,1171,370,0.0,0.917,0.0,0.0,0.917,-2739.055,423.814,0.0,-2315.241,-1556.192,120.031,0.0,-1436.16
16.827149286982603,16631,2,8,6,0.187964,0.15271,0.987105,0.830623,862.293,1045.0,306.927,-267.185,-574,-1045,0.0,0.987,0.0,0.0,0.987,438.15,424.143,0.0,862.293,-146.164,453.092,0.0,306.927
16.827149286982603,16636,2,8,6,0.192561,0.14822,1.241531,-0.097647,3800.0,1804.0,3184.629,-262.232,-3446,-1804,0.0,1.241,0.0,0.0,1.241,3749.7,424.143,0.0,3800.0,1596.8,1587.829,0.0,3184.629
16.827149286982603,16641,2,8,6,0.19711,0.147672,1.384262,0.016735,3800.0,2246.0,3657.983,-261.627,-3919,-2346,0.0,1.384,0.0,0.0,1.384,3829.074,424.143,0.0,3800.0,1243.2,2414.782,0.0,3657.983
16.83907114097383,16646,2,8,6,0.201611,0.152554,1.373595,0.572473,2668.968,1845.0,3285.202,-267.013,-3552,-1845,-0.837758,1.373,0.0,0.0,1.373,2243.143,425.825,0.0,2668.968,659.174,2626.027,0.0,3285.202
16.83907114097383,16651,2,8,6,0.206062,0.159981,1.290265,1.004593,1226.306,1211.0,2468.308,-275.2,-2743,-1211,-1.361356,1.29,0.0,0.0,1.29,799.881,426.425,0.0,1226.306,12.244,2456.063,0.0,2468.308
16.85013028595131,16656,2,8,6,0.210462,0.168201,1.183295,1.378031,-119.244,905.0,1063.933,-284.249,-1348,-905,-1.570796,1.183,0.0,0.0,1.183,-545.26,426.016,0.0,-119.244,-819.395,1883.329,0.0,1063.933
16.85013028595131,16661,2,8,6,0.21481,0.175862,1.090544,1.469469,-635.768,790.0,17.036,-292.671,-309,-519,-1.570796,1.09,0.0,0.0,1.09,-1060.989,425.22,0.0,-635.768,-1140.615,1157.651,0.0,17.036
16.86115529097151,16666,2,8,6,0.219105,0.179873,1.098505,0.949901,841.625,1387.0,778.415,-297.076,-1075,-1387,-0.942477,1.098,0.0,0.0,1.098,416.092,425.532,0.0,841.625,-436.299,1214.715,0.0,778.415
16.86115529097151,16671,2,8,6,0.223347,0.178141,1.265752,0.216013,3367.006,2408.0,2765.519,-295.175,-3060,-2408,-0.314159,1.265,0.0,0.0,1.265,2939.269,427.736,0.0,3367.006,767.205,1998.314,0.0,2765.519
16.86115529097151,16676,2,8,6,0.227533,0.177082,1.412609,0.082304,3800.0,2494.0,3687.165,-294.012,-3981,-2494,-0.314159,1.412,0.0,0.0,1.412,3724.853,427.736,0.0,3800.0,1044.8,2642.365,0.0,3687.165
16.872914229985327,16681,2,8,6,0.231663,0.180467,1.433482,0.402447,3316.8,2674.0,3501.499,-297.728,-3799,-2396,-0.628318,1.433,0.0,0.0,1.433,2886.898,429.902,0.0,3316.8,514.24,2987.258,0.0,3501.499
16.872914229985327,16686,2,8,6,0.235735,0.186341,1.383035,0.797193,2071.488,1790.0,3100.258,-304.173,-3404,-1790,-1.151917,1.383,0.0,0.0,1.383,1640.356,431.132,0.0,2071.488,225.191,2875.067,0.0,3100.258
16.88360175793059,16691,2,8,6,0.23975,0.193829,1.28577,1.232936,579.176,1160.0,1918.358,-312.378,-2230,-1160,-1.466076,1.285,0.0,0.0,1.285,147.932,431.243,0.0,579.176,-464.659,2383.017,0.0,1918.358
16.89509485999588,16700,2,8,6,0.246826,0.204689,1.179845,1.134054,559.145,988.0,1182.792,-324.256,-1507,-1361,-0.942477,1.179,0.0,0.0,1.179,128.215,430.929,0.0,559.145,-343.083,1525.876,0.0,1182.792
16.89509485999588,16705,2,8,6,0.250673,0.205868,1.25454,0.601171,2261.735,2164.0,1975.447,-325.544,-2300,-2164,-0.523598,1.254,0.0,0.0,1.254,1829.433,432.301,0.0,2261.735,78.188,1897.258,0.0,1975.447
16.906066851923242,16711,2,8,6,0.254458,0.205052,1.383357,0.212799,3712.332,2729.0,3349.359,-324.653,-3674,-2729,-0.314159,1.383,0.0,0.0,1.383,3277.562,434.77,0.0,3712.332,786.665,2562.693,0.0,3349.359
16.906066851923242,16716,2,8,6,0.258917,0.207237,1.447017,0.333557,3554.796,2637.0,3737.842,-327.04,-4064,-2637,-0.314159,1.447,0.0,0.0,1.447,3117.687,437.108,0.0,3554.796,734.236,3003.605,0.0,3737.842
16.906066851923242,16721,2,8,6,0.262562,0.212061,1.414013,0.626565,2643.615,2763.0,2862.074,-332.305,-3194,-2151,-0.942477,1.414,0.0,0.0,1.414,2204.853,438.762,0.0,2643.615,-95.507,2957.581,0.0,2862.074
16.917962837964296,16726,2,8,6,0.266142,0.218629,1.33037,0.970281,1447.77,1704.0,2445.598,-339.464,-2785,-1704,-1.256637,1.33,0.0,0.0,1.33,1008.25,439.519,0.0,1447.77,-204.983,2650.582,0.0,2445.598
16.917962837964296,16731,2,8,6,0.269657,0.224518,1.263895,1.120139,842.338,1478.0,1760.886,-345.874,-2106,-1478,-1.256637,1.263,0.0,0.0,1.263,402.517,439.821,0.0,842.338,-508.528,2269.415,0.0,1760.886
16.928862364962697,16736,2,8,6,0.273106,0.228621,1.245563,0.974727,1198.73,1709.0,1651.701,-350.336,-2002,-1709,-1.256637,1.245,0.0,0.0,1.245,758.339,440.39,0.0,1198.73,-408.215,2059.917,0.0,1651.701
16.928862364962697,16741,2,8,6,0.276487,0.230445,1.289158,0.659856,2203.757,1666.0,2753.849,-352.318,-3106,-2321,-0.628318,1.289,0.0,0.0,1.289,1762.045,441.711,0.0,2203.757,430.206,2323.643,0.0,2753.849
16.939480217988603,16746,2,8,6,0.279799,0.231052,1.364935,0.408288,3122.332,2643.0,3075.194,-352.976,-3428,-2643,-0.523598,1.364,0.0,0.0,1.364,2678.611,443.72,0.0,3122.332,383.465,2691.728,0.0,3075.194
16.939480217988603,16751,2,8,6,0.283043,0.233217,1.395118,0.446229,3102.602,2612.0,3319.874,-355.328,-3675,-2612,-0.523598,1.395,0.0,0.0,1.395,2656.888,445.713,0.0,3102.602,392.481,2927.392,0.0,3319.874
16.950984266935848,16756,2,8,6,0.286217,0.237432,1.36598,0.638572,2483.983,2437.0,2953.167,-359.902,-3313,-2437,-0.523598,1.365,0.0,0.0,1.365,2036.742,447.241,0.0,2483.983,37.586,2915.58,0.0,2953.167
16.950984266935848,16761,2,8,6,0.28932,0.242435,1.312794,0.795707,1896.172,2368.0,2294.25,-365.324,-2659,-2044,-1.047197,1.312,0.0,0.0,1.312,1447.845,448.326,0.0,1896.172,-377.462,2671.712,0.0,2294.25
16.962206424912438,16766,2,8,6,0.292352,0.246998,1.269917,0.866395,1579.002,1967.0,2144.256,-370.264,-2514,-1967,-1.047197,1.269,0.0,0.0,1.269,1129.861,449.14,0.0,1579.002,-310.398,2454.655,0.0,2144.256
16.962206424912438,16771,2,8,6,0.295312,0.249927,1.270785,0.718228,1997.46,2232.0,2234.332,-373.432,-2607,-2232,-1.047197,1.27,0.0,0.0,1.27,1547.16,450.3,0.0,1997.46,-187.631,2421.963,0.0,2234.332
16.962206424912438,16776,2,8,6,0.298199,0.251233,1.315029,0.488205,2767.143,2492.0,2836.512,-374.844,-3211,-2492,-0.733038,1.315,0.0,0.0,1.315,2315.106,452.037,0.0,2767.143,220.114,2616.398,0.0,2836.512
16.97322444897145,16781,2,8,6,0.301012,0.252278,1.364553,0.372713,3231.271,2569.0,3487.183,-375.973,-3863,-2883,-0.418879,1.364,0.0,0.0,1.364,2777.151,454.119,0.0,3231.271,529.817,2957.365,0.0,3487.183
16.984149458934553,16790,2,8,6,0.305888,0.257055,1.367339,0.604353,2594.212,2459.0,3209.492,-381.131,-3590,-2459,-0.733038,1.367,0.0,0.0,1.367,2136.359,457.852,0.0,2594.212,108.169,3101.323,0.0,3209.492
16.984149458934553,16795,2,8,6,0.308492,0.261904,1.304457,0.835617,1771.59,2152.0,2544.67,-386.361,-2931,-2152,-0.942477,1.304,0.0,0.0,1.304,1312.753,458.837,0.0,1771.59,-304.327,2848.997,0.0,2544.67
16.995133367949165,16801,2,8,6,0.31102,0.267018,1.232047,0.965376,1206.078,2111.0,1666.971,-391.869,-2058,-1713,-0.942477,1.232,0.0,0.0,1.232,746.678,459.399,0.0,1206.078,-723.937,2390.908,0.0,1666.971
16.995133367949165,16806,2,8,6,0.313951,0.272181,1.169565,0.900032,1214.657,1840.0,1628.651,-397.422,-2026,-1840,-0.942477,1.169,0.0,0.0,1.169,754.691,459.965,0.0,1214.657,-500.274,2128.925,0.0,1628.651
17.006188830942847,16811,2,8,6,0.316309,0.274264,1.177254,0.591454,2101.438,2209.0,2099.538,-399.661,-2499,-2209,-0.733038,1.177,0.0,0.0,1.177,1640.242,461.195,0.0,2101.438,-86.049,2185.588,0.0,2099.538
17.006188830942847,16816,2,8,6,0.318589,0.275069,1.218562,0.329557,2952.278,2433.0,2900.606,-400.525,-3301,-2433,-0.314159,1.218,0.0,0.0,1.218,2489.215,463.062,0.0,2952.278,415.422,2485.183,0.0,2900.606
17.006188830942847,16821,2,8,6,0.32079,0.276703,1.234453,0.284615,3124.602,2588.0,3199.865,-402.279,-3602,-2730,-0.314159,1.234,0.0,0.0,1.234,2659.545,465.057,0.0,3124.602,429.281,2770.583,0.0,3199.865
17.0179772679694,16826,2,8,6,0.322913,0.279306,1.220995,0.390444,2792.343,2485.0,3072.037,-405.072,-3477,-2485,-0.418879,1.22,0.0,0.0,1.22,2325.541,466.801,0.0,2792.343,245.874,2826.162,0.0,3072.037
17.0179772679694,16831,2,8,6,0.324955,0.28291,1.177247,0.584885,2126.66,2164.0,2687.516,-408.936,-3096,-2164,-0.523598,1.177,0.0,0.0,1.177,1658.614,468.045,0.0,2126.66,-29.872,2717.388,0.0,2687.516
17.029075375990942,16836,2,8,6,0.326917,0.286889,1.12078,0.735291,1548.222,1972.0,2128.688,-413.197,-2541,-1972,-0.837758,1.12,0.0,0.0,1.12,1079.369,468.853,0.0,1548.222,-339.021,2467.71,0.0,2128.688
17.029075375990942,16841,2,8,6,0.328799,0.290831,1.063111,0.834279,1110.062,1862.0,1477.566,-417.413,-1894,-1560,-0.942477,1.063,0.0,0.0,1.063,640.729,469.333,0.0,1110.062,-601.549,2079.116,0.0,1477.566
17.04020754096564,16846,2,8,6,0.330599,0.294414,1.013198,0.784099,1111.291,1642.0,1419.764,-421.241,-1841,-1642,-0.942477,1.013,0.0,0.0,1.013,641.476,469.814,0.0,1111.291,-424.566,1844.331,0.0,1419.764
17.04020754096564,16851,2,8,6,0.332318,0.296354,1.006996,0.524706,1821.24,1932.0,1786.603,-423.312,-2209,-1932,-0.523598,1.006,0.0,0.0,1.006,1350.41,470.829,0.0,1821.24,-88.607,1875.21,0.0,1786.603
17.05103996791877,16856,2,8,6,0.333955,0.297296,1.026457,0.323795,2439.699,2078.0,2367.087,-424.317,-2791,-2078,-0.418879,1.026,0.0,0.0,1.026,1967.452,472.246,0.0,2439.699,289.359,2077.728,0.0,2367.087
17.05103996791877,16861,2,8,6,0.33551,0.298905,1.024944,0.306549,2485.261,2176.0,2492.499,-426.033,-2918,-2183,-0.418879,1.024,0.0,0.0,1.024,2011.506,473.754,0.0,2485.261,247.408,2245.09,0.0,2492.499
17.05103996791877,16866,2,8,6,0.336981,0.301566,0.991621,0.408871,2106.678,1954.0,2347.839,-428.871,-2776,-1954,-0.418879,0.991,0.0,0.0,0.991,1631.7,474.978,0.0,2106.678,122.142,2225.696,0.0,2347.839
17.063007314922288,16871,2,8,6,0.33837,0.305142,0.930368,0.562859,1504.775,1684.0,1906.14,-432.679,-2338,-1684,-0.628318,0.93,0.0,0.0,0.93,1029.025,475.75,0.0,1504.775,-143.379,2049.52,0.0,1906.14
17.07363895792514,16880,2,8,6,0.340659,0.310867,0.834157,0.593766,1149.852,1516.0,1309.929,-438.766,-1748,-1521,-0.837758,0.834,0.0,0.0,0.834,673.097,476.754,0.0,1149.852,-292.918,1602.847,0.0,1309.929
17.07363895792514,16885,2,8,6,0.341813,0.312548,0.819427,0.448724,1515.501,1702.0,1432.954,-440.551,-1873,-1702,0.0,0.819,0.0,0.0,0.819,1037.968,477.533,0.0,1515.501,-149.198,1582.152,0.0,1432.954
17.08452989195939,16891,2,8,6,0.342883,0.313202,0.831057,0.259949,2077.842,1945.0,1828.183,-441.245,-2269,-1945,0.0,0.831,0.0,0.0,0.831,1599.102,478.74,0.0,2077.842,106.274,1721.909,0.0,1828.183
17.08452989195939,16896,2,8,6,0.344054,0.314007,0.841322,0.164333,2375.73,2022.0,2195.284,-442.1,-2637,-2022,0.0,0.841,0.0,0.0,0.841,1895.569,480.161,0.0,2375.73,282.984,1912.299,0.0,2195.284
17.095869450015016,16901,2,8,6,0.344938,0.315402,0.826994,0.172254,2314.806,2087.0,2215.398,-443.58,-2658,-2074,0.0,0.826,0.0,0.0,0.826,1833.27,481.536,0.0,2314.806,182.245,2033.152,0.0,2215.398
17.095869450015016,16906,2,8,6,0.345736,0.317248,0.797647,0.264908,1974.325,1881.0,2077.063,-445.538,-2522,-1881,-0.418879,0.797,0.0,0.0,0.797,1491.67,482.655,0.0,1974.325,74.66,2002.402,0.0,2077.063
17.10707468993496,16911,2,8,6,0.346449,0.319479,0.755142,0.37734,1541.294,1714.0,1727.62,-447.903,-2175,-1714,-0.523598,0.755,0.0,0.0,0.755,1057.845,483.448,0.0,1541.294,-138.164,1865.785,0.0,1727.62
17.10707468993496,16916,2,8,6,0.347076,0.321568,0.714226,0.411416,1331.952,1648.0,1441.721,-450.114,-1891,-1648,-0.523598,0.714,0.0,0.0,0.714,847.868,484.084,0.0,1331.952,-252.837,1694.559,0.0,1441.721
17.10707468993496,16921,2,8,6,0.347618,0.323003,0.689199,0.366573,1388.115,1616.0,1394.557,-451.634,-1846,-1637,-0.418879,0.689,0.0,0.0,0.689,903.353,484.762,0.0,1388.115,-182.307,1576.864,0.0,1394.557
17.118166215950623,16926,2,8,6,0.348074,0.32366,0.683581,0.228964,1758.645,1817.0,1572.811,-452.328,-2025,-1817,-0.209439,0.683,0.0,0.0,0.683,1272.928,485.716,0.0,1758.645,-46.683,1619.495,0.0,1572.811
17.118166215950623,16931,2,8,6,0.348444,0.323863,0.688269,0.109914,2106.323,1956.0,1856.111,-452.543,-2308,-1956,-0.104719,0.688,0.0,0.0,0.688,1619.391,486.931,0.0,2106.323,120.258,1735.853,0.0,1856.111
17.12905777199194,16936,2,8,6,0.348728,0.324479,0.67898,0.096725,2118.465,1940.0,1964.415,-453.194,-2417,-1940,-0.104719,0.678,0.0,0.0,0.678,1630.311,488.154,0.0,2118.465,142.772,1821.643,0.0,1964.415
17.12905777199194,16941,2,8,6,0.348926,0.325533,0.65501,0.143891,1920.359,1977.0,1751.973,-454.309,-2206,-1861,-0.209439,0.655,0.0,0.0,0.655,1431.132,489.227,0.0,1920.359,-45.312,1797.285,0.0,1751.973
17.14043220190797,16946,2,8,6,0.349038,0.326736,0.624461,0.187012,1714.966,1787.0,1675.453,-455.58,-2131,-1787,-0.314159,0.624,0.0,0.0,0.624,1224.857,490.109,0.0,1714.966,-57.626,1733.08,0.0,1675.453
17.14043220190797,16951,2,8,6,0.349064,0.327617,0.600503,0.188546,1644.455,1749.0,1584.84,-456.512,-2041,-1749,-0.314159,0.6,0.0,0.0,0.6,1153.481,490.974,0.0,1644.455,-83.635,1668.476,0.0,1584.84
17.15216761699412,16956,2,8,6,0.349003,0.328108,0.585068,0.161965,1676.552,1765.0,1556.838,-457.03,-2013,-1765,-0.209439,0.585,0.0,0.0,0.585,1184.689,491.862,0.0,1676.552,-70.758,1627.596,0.0,1556.838
17.15216761699412,16961,2,8,6,0.348857,0.328325,0.574891,0.116899,1775.202,1767.0,1638.335,-457.26,-2095,-1833,0.0,0.574,0.0,0.0,0.574,1282.378,492.824,0.0,1775.202,6.562,1631.773,0.0,1638.335
17.163703460013494,16970,2,8,6,0.348377,0.328498,0.556592,0.03457,1956.682,1904.0,1743.152,-457.443,-2200,-1904,0.0,0.556,0.0,0.0,0.556,1461.661,495.021,0.0,1956.682,42.145,1701.006,0.0,1743.152
17.163703460013494,16975,2,8,6,0.347989,0.328777,0.537939,0.036242,1900.823,1886.0,1716.417,-457.737,-2174,-1886,0.0,0.537,0.0,0.0,0.537,1404.751,496.072,0.0,1900.823,11.858,1704.558,0.0,1716.417
17.17507158697117,16981,2,8,6,0.347516,0.329134,0.514688,0.037341,1833.652,1867.0,1659.075,-458.114,-2117,-1849,0.0,0.514,0.0,0.0,0.514,1336.571,497.08,0.0,1833.652,-26.678,1685.754,0.0,1659.075
17.17507158697117,16986,2,8,6,0.346835,0.329425,0.487491,0.036039,1762.096,1803.0,1614.003,-458.421,-2072,-1803,0.0,0.487,0.0,0.0,0.487,1264.067,498.028,0.0,1762.096,-32.722,1646.726,0.0,1614.003
17.186067816917785,16991,2,8,6,0.346174,0.32953,0.466017,0.027048,1728.063,1784.0,1568.127,-458.532,-2026,-1784,0.0,0.466,0.0,0.0,0.466,1229.113,498.95,0.0,1728.063,-44.749,1612.876,0.0,1568.127
17.186067816917785,16996,2,8,6,0.345427,0.329535,0.444971,0.009984,1717.829,1784.0,1526.671,-458.537,-1985,-1784,0.0,0.444,0.0,0.0,0.444,1217.965,499.864,0.0,1717.829,-52.936,1579.607,0.0,1526.671
17.186067816917785,17001,2,8,6,0.344594,0.329632,0.418957,-0.001895,1679.136,1757.0,1475.211,-458.639,-1933,-1718,0.0,0.418,0.0,0.0,0.418,1178.388,500.747,0.0,1679.136,-62.29,1537.502,0.0,1475.211
17.1976325759897,17006,2,8,6,0.343677,0.329697,0.391447,-0.00529,1612.447,1683.0,1431.612,-458.708,-1890,-1683,0.0,0.391,0.0,0.0,0.391,1110.866,501.581,0.0,1612.447,-56.441,1488.053,0.0,1431.612
17.1976325759897,17011,2,8,6,0.342675,0.329828,0.359718,-0.010603,1539.26,1627.0,1358.172,-458.847,-1817,-1627,0.0,0.359,0.0,0.0,0.359,1036.902,502.358,0.0,1539.26,-70.191,1428.364,0.0,1358.172
17.20834432495758,17016,2,8,6,0.341589,0.329889,0.327581,-0.021342,1480.078,1599.0,1268.111,-458.912,-1727,-1599,0.0,0.327,0.0,0.0,0.327,976.987,503.091,0.0,1480.078,-95.136,1363.248,0.0,1268.111
17.20834432495758,17021,2,8,6,0.340418,0.329862,0.295562,-0.024136,1398.921,1564.0,1144.558,-458.883,-1603,-1479,0.0,0.295,0.0,0.0,0.295,895.158,503.762,0.0,1398.921,-132.063,1276.621,0.0,1144.558
17.22006792598404,17026,2,8,6,0.339163,0.329862,0.260417,-0.027258,1309.858,1415.0,1115.512,-458.883,-1574,-1415,0.0,0.26,0.0,0.0,0.26,805.491,504.366,0.0,1309.858,-84.113,1199.626,0.0,1115.512
17.22006792598404,17031,2,8,6,0.337824,0.329873,0.222646,-0.015278,1171.056,1342.0,955.527,-458.894,-1414,-1342,0.0,0.222,0.0,0.0,0.222,666.189,504.866,0.0,1171.056,-136.754,1092.282,0.0,955.527
17.23115202097688,17036,2,8,6,0.336402,0.329774,0.185582,-0.022978,1089.275,1258.0,856.045,-458.79,-1314,-1258,0.0,0.185,0.0,0.0,0.185,583.97,505.304,0.0,1089.275,-134.979,991.024,0.0,856.045
17.23115202097688,17041,2,8,6,0.334898,0.329707,0.145323,-0.030777,998.742,1241.0,678.97,-458.719,-1137,-1121,0.0,0.145,0.0,0.0,0.145,493.083,505.659,0.0,998.742,-193.805,872.776,0.0,678.97
17.24231657292694,17046,2,8,6,0.33331,0.329586,0.104283,-0.054535,950.688,1111.0,660.121,-458.591,-1118,-1111,0.0,0.104,0.0,0.0,0.104,444.695,505.992,0.0,950.688,-128.249,788.371,0.0,660.121
17.24231657292694,17051,2,8,6,0.33164,0.329496,0.060051,-0.06193,847.797,1011.0,544.154,-458.496,-1002,-1011,0.0,0.06,0.0,0.0,0.06,341.548,506.249,0.0,847.797,-130.561,674.715,0.0,544.154
17.254066545981914,17060,2,8,6,0.328429,0.329201,-0.021633,-0.090686,699.925,900.0,285.399,-458.185,-743,-845,0.0,-0.021,0.0,0.0,-0.021,193.349,506.575,0.0,699.925,-160.059,445.459,0.0,285.399
17.254066545981914,17065,2,8,6,0.326531,0.328622,-0.05855,-0.125727,694.813,824.0,269.057,-457.573,-726,-824,0.0,-0.058,0.0,0.0,-0.058,188.096,506.716,0.0,694.813,-103.349,372.406,0.0,269.057
17.265034544980153,17070,2,8,6,0.324553,0.327977,-0.09589,-0.148797,654.965,754.0,222.511,-456.892,-679,-754,0.0,-0.095,0.0,0.0,-0.095,148.138,506.827,0.0,654.965,-79.227,301.738,0.0,222.511
17.265034544980153,17076,2,8,6,0.322494,0.327402,-0.137428,-0.150768,544.205,696.0,92.425,-456.285,-548,-696,0.0,-0.137,0.0,0.0,-0.137,37.35,506.855,0.0,544.205,-121.435,213.86,0.0,92.425
17.276273157913238,17081,2,8,6,0.319919,0.326937,-0.196506,-0.128886,317.378,626.0,-195.094,-455.793,-260,-505,0.0,-0.196,0.0,0.0,-0.196,-189.335,506.713,0.0,317.378,-246.897,51.803,0.0,-195.094
17.276273157913238,17086,2,8,6,0.317686,0.326441,-0.24513,-0.133253,193.222,421.0,-277.858,-455.269,-177,-421,0.0,-0.245,0.0,0.0,-0.245,-313.256,506.478,0.0,193.222,-182.222,-95.636,0.0,-277.858
17.276273157913238,17091,2,8,6,0.315375,0.325653,-0.287773,-0.180012,204.522,403.0,-359.007,-454.436,-95,-403,0.0,-0.287,0.0,0.0,-0.287,-301.73,506.252,0.0,204.522,-158.782,-200.224,0.0,-359.007
17.288035313016735,17096,2,8,6,0.312986,0.324398,-0.319531,-0.240381,284.465,396.0,-346.575,-453.109,-106,-396,0.0,-0.319,0.0,0.0,-0.319,-221.621,506.086,0.0,284.465,-89.227,-257.347,0.0,-346.575
17.288035313016735,17101,2,8,6,0.31052,0.322966,-0.348493,-0.296243,359.676,407.0,-317.604,-451.594,-133,-402,0.314159,-0.348,0.0,0.0,-0.348,-146.299,505.976,0.0,359.676,-37.858,-279.745,0.0,-317.604
17.298893311992288,17106,2,8,6,0.307977,0.321611,-0.381737,-0.311803,310.013,359.0,-360.6,-450.16,-89,-359,0.209439,-0.381,0.0,0.0,-0.381,-195.816,505.829,0.0,310.013,-39.189,-321.411,0.0,-360.6
17.298893311992288,17111,2,8,6,0.305358,0.320378,-0.420558,-0.305442,183.263,293.0,-483.695,-448.855,34,-293,0.209439,-0.42,0.0,0.0,-0.42,-322.324,505.587,0.0,183.263,-87.789,-395.906,0.0,-483.695
17.309908465947956,17116,2,8,6,0.302664,0.319231,-0.46388,-0.290388,19.445,216.0,-666.747,-447.64,219,-216,0.314159,-0.463,0.0,0.0,-0.463,-485.778,505.223,0.0,19.445,-157.243,-509.503,0.0,-666.747
17.309908465947956,17121,2,8,6,0.299895,0.317843,-0.502539,-0.304217,-50.496,210.0,-848.765,-446.169,402,-137,0.209439,-0.502,0.0,0.0,-0.502,-555.303,504.807,0.0,-50.496,-208.397,-640.368,0.0,-848.765
17.320829822914675,17126,2,8,6,0.297052,0.315985,-0.530118,-0.370058,56.305,190.0,-793.965,-444.199,349,-190,0.418879,-0.53,0.0,0.0,-0.53,-448.165,504.471,0.0,56.305,-106.955,-687.009,0.0,-793.965
17.320829822914675,17131,2,8,6,0.294136,0.313424,-0.540054,-0.466257,297.69,297.0,-654.004,-441.481,212,-297,0.523598,-0.54,0.0,0.0,-0.54,-206.631,504.322,0.0,297.69,0.552,-654.556,0.0,-654.004
17.332284027012065,17136,2,8,6,0.291148,0.310766,-0.549313,-0.512035,399.865,297.0,-520.815,-438.658,82,-297,0.523598,-0.549,0.0,0.0,-0.549,-104.378,504.244,0.0,399.865,82.292,-603.108,0.0,-520.815
17.332284027012065,17141,2,8,6,0.288087,0.308413,-0.569128,-0.49532,297.426,311.0,-618.862,-436.158,182,-277,0.523598,-0.569,0.0,0.0,-0.569,-206.662,504.089,0.0,297.426,-10.859,-608.003,0.0,-618.862
17.343117152922787,17150,2,8,6,0.282399,0.304468,-0.617918,-0.446705,24.036,131.0,-827.245,-431.961,395,-131,0.523598,-0.617,0.0,0.0,-0.617,-479.396,503.432,0.0,24.036,-85.57,-741.675,0.0,-827.245
17.343117152922787,17155,2,8,6,0.279142,0.301988,-0.639697,-0.479963,55.839,147.0,-856.883,-429.32,427,-147,0.523598,-0.639,0.0,0.0,-0.639,-447.256,503.096,0.0,55.839,-72.928,-783.955,0.0,-856.883
17.355069966986775,17160,2,8,6,0.275816,0.299313,-0.657917,-0.52828,139.841,180.0,-832.984,-426.468,406,-228,0.523598,-0.657,0.0,0.0,-0.657,-362.982,502.823,0.0,139.841,-32.126,-800.857,0.0,-832.984
17.355069966986775,17166,2,8,6,0.272421,0.296334,-0.669562,-0.610038,336.03,355.0,-774.507,-423.291,351,-355,0.733038,-0.669,0.0,0.0,-0.669,-166.667,502.698,0.0,336.03,-15.175,-759.332,0.0,-774.507
17.366009841905907,17171,2,8,6,0.268259,0.292172,-0.669557,-0.7237,654.412,500.0,-515.129,-418.846,96,-500,0.733038,-0.669,0.0,0.0,-0.669,151.6,502.812,0.0,654.412,123.53,-638.659,0.0,-515.129
17.366009841905907,17176,2,8,6,0.264718,0.288362,-0.662047,-0.797747,883.058,582.0,-232.574,-414.773,-182,-582,0.733038,-0.662,0.0,0.0,-0.662,379.96,503.097,0.0,883.058,240.846,-473.421,0.0,-232.574
17.366009841905907,17181,2,8,6,0.261111,0.284629,-0.658513,-0.794987,885.512,631.0,-137.172,-410.777,-273,-681,0.628318,-0.658,0.0,0.0,-0.658,382.129,503.383,0.0,885.512,203.61,-340.782,0.0,-137.172
17.377415698952973,17186,2,8,6,0.25744,0.281268,-0.667181,-0.730336,680.35,538.0,-212.944,-407.176,-194,-538,0.628318,-0.667,0.0,0.0,-0.667,176.834,503.516,0.0,680.35,113.88,-326.825,0.0,-212.944
17.377415698952973,17191,2,8,6,0.253705,0.278183,-0.68538,-0.676969,479.948,524.0,-388.006,-403.868,-15,-524,0.628318,-0.685,0.0,0.0,-0.685,-23.55,503.498,0.0,479.948,-35.241,-352.765,0.0,-388.006
17.38816092594061,17196,2,8,6,0.249908,0.275031,-0.703436,-0.652977,362.109,443.0,-473.955,-400.484,73,-443,0.628318,-0.703,0.0,0.0,-0.703,-141.283,503.392,0.0,362.109,-64.712,-409.243,0.0,-473.955
17.38816092594061,17201,2,8,6,0.246049,0.271833,-0.721937,-0.636718,264.6,501.0,-709.978,-397.048,312,-408,0.628318,-0.721,0.0,0.0,-0.721,-238.612,503.213,0.0,264.6,-189.119,-520.859,0.0,-709.978
17.3994831899181,17206,2,8,6,0.24213,0.268315,-0.73317,-0.685505,369.651,505.0,-659.941,-393.265,266,-505,0.628318,-0.733,0.0,0.0,-0.733,-133.462,503.113,0.0,369.651,-108.278,-551.662,0.0,-659.941
17.3994831899181,17211,2,8,6,0.238151,0.264006,-0.723961,-0.833774,810.821,722.0,-371.532,-388.626,-17,-722,0.733038,-0.723,0.0,0.0,-0.723,307.477,503.344,0.0,810.821,71.057,-442.589,0.0,-371.532
17.41017629695125,17216,2,8,6,0.234113,0.259041,-0.697999,-0.963325,1246.815,872.0,74.559,-383.274,-457,-872,0.942477,-0.697,0.0,0.0,-0.697,742.913,503.901,0.0,1246.815,299.852,-225.293,0.0,74.559
17.41017629695125,17221,2,8,6,0.230017,0.254315,-0.680348,-0.980884,1346.006,910.0,336.937,-378.173,-715,-999,0.942477,-0.68,0.0,0.0,-0.68,841.499,504.507,0.0,1346.006,348.805,-11.867,0.0,336.937
17.42194935597945,17226,2,8,6,0.225865,0.250721,-0.695965,-0.851952,941.597,696.0,180.614,-374.29,-554,-696,0.942477,-0.695,0.0,0.0,-0.695,436.762,504.834,0.0,941.597,196.477,-15.863,0.0,180.614
17.42194935597945,17231,2,8,6,0.221656,0.248382,-0.748311,-0.663147,266.194,427.0,-310.958,-371.761,-60,-427,0.837758,-0.748,0.0,0.0,-0.748,-238.461,504.656,0.0,266.194,-128.644,-182.314,0.0,-310.958
17.43304283299949,17240,2,8,6,0.213944,0.243714,-0.833566,-0.598902,-153.379,234.0,-942.603,-366.71,575,-207,0.733038,-0.833,0.0,0.0,-0.833,-657.058,503.679,0.0,-153.379,-309.903,-632.7,0.0,-942.603
17.43304283299949,17245,2,8,6,0.209586,0.240117,-0.854878,-0.69768,63.193,292.0,-895.833,-362.813,533,-292,0.837758,-0.854,0.0,0.0,-0.854,-440.156,503.349,0.0,63.193,-183.045,-712.788,0.0,-895.833
17.444452188909054,17250,2,8,6,0.205175,0.235741,-0.855859,-0.845595,474.588,473.0,-656.101,-358.067,298,-473,0.837758,-0.855,0.0,0.0,-0.855,-28.74,503.328,0.0,474.588,1.27,-657.372,0.0,-656.101
17.444452188909054,17256,2,8,6,0.200714,0.230724,-0.840275,-0.982065,900.64,614.0,-255.829,-352.62,-96,-614,1.047197,-0.84,0.0,0.0,-0.84,397.013,503.627,0.0,900.64,229.312,-485.141,0.0,-255.829
17.45535729895346,17261,2,8,6,0.195295,0.224953,-0.830412,-1.004644,991.842,613.0,7.19,-346.347,-353,-667,1.047197,-0.83,0.0,0.0,-0.83,487.849,503.993,0.0,991.842,303.074,-295.883,0.0,7.19
17.45535729895346,17266,2,8,6,0.190726,0.221132,-0.851362,-0.899759,639.606,437.0,-124.513,-342.19,-217,-437,0.837758,-0.851,0.0,0.0,-0.851,135.512,504.094,0.0,639.606,162.085,-286.598,0.0,-124.513
17.466084976913407,17271,2,8,6,0.186111,0.218394,-0.903912,-0.715982,-22.505,180.0,-626.862,-339.207,287,-180,0.733038,-0.903,0.0,0.0,-0.903,-526.205,503.7,0.0,-22.505,-162.004,-464.858,0.0,-626.862
17.466084976913407,17276,2,8,6,0.18145,0.215925,-0.965305,-0.619899,-464.161,0.0,-1103.604,-336.517,767,0,0.628318,-0.965,0.0,0.0,-0.965,-967.136,502.974,0.0,-464.161,-371.329,-732.274,0.0,-1103.604
17.477412777021527,17281,2,8,6,0.176743,0.212748,-1.008144,-0.651894,-495.274,-78.0,-1283.36,-333.054,950,95,0.628318,-1.008,0.0,0.0,-1.008,-997.5,502.226,0.0,-495.274,-333.819,-949.54,0.0,-1283.36
17.477412777021527,17286,2,8,6,0.171993,0.20864,-1.026104,-0.773365,-205.973,19.0,-1196.429,-328.571,867,-19,0.733038,-1.026,0.0,0.0,-1.026,-707.669,501.695,0.0,-205.973,-179.978,-1016.451,0.0,-1196.429
17.477412777021527,17291,2,8,6,0.167201,0.203458,-1.015176,-0.952749,326.77,305.0,-908.082,-322.911,585,-305,0.942477,-1.015,0.0,0.0,-1.015,-174.793,501.564,0.0,326.77,17.416,-925.499,0.0,-908.082
17.48820521798916,17296,2,8,6,0.162367,0.197721,-0.989899,-1.094376,794.32,417.0,-412.634,-316.638,95,-417,1.047197,-0.989,0.0,0.0,-0.989,292.536,501.784,0.0,794.32,301.856,-714.491,0.0,-412.634
17.48820521798916,17301,2,8,6,0.157494,0.192082,-0.968465,-1.145942,999.09,468.0,-18.404,-310.464,-292,-584,1.151917,-0.968,0.0,0.0,-0.968,496.934,502.156,0.0,999.09,424.872,-443.277,0.0,-18.404
17.499243340920657,17306,2,8,6,0.152581,0.187134,-0.967478,-1.061253,764.923,410.0,-48.015,-305.042,-257,-410,1.151917,-0.967,0.0,0.0,-0.967,262.57,502.353,0.0,764.923,283.939,-331.954,0.0,-48.015
17.499243340920657,17311,2,8,6,0.147631,0.183809,-1.012983,-0.811327,-62.69,2.0,-537.043,-301.396,235,-2,0.837758,-1.012,0.0,0.0,-1.012,-564.637,501.947,0.0,-62.69,-51.752,-485.291,0.0,-537.043
17.510707054985687,17316,2,8,6,0.142645,0.181719,-1.094072,-0.591101,-907.426,-274.0,-1369.264,-299.102,1070,274,0.628318,-1.094,0.0,0.0,-1.094,-1408.317,500.89,0.0,-907.426,-506.741,-862.523,0.0,-1369.264
17.510707054985687,17321,2,8,6,0.137623,0.179507,-1.172771,-0.526536,-1309.927,-411.0,-2049.71,-296.675,1753,767,0.628318,-1.172,0.0,0.0,-1.172,-1809.459,499.531,0.0,-1309.927,-719.142,-1330.568,0.0,-2049.71
17.522084039985202,17326,2,8,6,0.132567,0.176334,-1.225467,-0.639261,-1143.074,-609.0,-1958.273,-293.189,1665,609,0.733038,-1.225,0.0,0.0,-1.225,-1641.376,498.302,0.0,-1143.074,-427.259,-1531.013,0.0,-1958.273
17.522084039985202,17335,2,8,6,0.123385,0.166352,-1.203085,-1.174198,416.713,-36.0,-850.633,-282.215,568,36,1.256637,-1.203,0.0,0.0,-1.203,-80.881,497.594,0.0,416.713,362.17,-1212.803,0.0,-850.633
17.53312463394832,17340,2,8,6,0.118241,0.160007,-1.169463,-1.253597,733.344,55.0,-321.868,-275.229,46,-258,1.256637,-1.169,0.0,0.0,-1.169,235.572,497.771,0.0,733.344,542.675,-864.544,0.0,-321.868
17.53312463394832,17346,2,8,6,0.113068,0.154654,-1.164409,-1.154856,471.003,28.0,-380.387,-269.329,111,-28,1.256637,-1.164,0.0,0.0,-1.164,-26.748,497.751,0.0,471.003,354.402,-734.79,0.0,-380.387
17.54452357592527,17351,2,8,6,0.106823,0.150438,-1.221224,-0.849705,-543.283,-426.0,-1023.261,-264.68,758,426,0.942477,-1.221,0.0,0.0,-1.221,-1040.254,496.971,0.0,-543.283,-93.826,-929.435,0.0,-1023.261
17.54452357592527,17356,2,8,6,0.10159,0.148215,-1.305506,-0.617582,-1430.659,-712.0,-1914.865,-262.227,1652,712,0.523598,-1.305,0.0,0.0,-1.305,-1926.186,495.526,0.0,-1430.659,-574.927,-1339.938,0.0,-1914.865
17.5555303839501,17361,2,8,6,0.096332,0.145387,-1.37355,-0.59104,-1697.146,-866.0,-2437.817,-259.105,2178,1003,0.523598,-1.373,0.0,0.0,-1.373,-2191.027,493.881,0.0,-1697.146,-664.917,-1772.899,0.0,-2437.817
17.5555303839501,17366,2,8,6,0.09105,0.140799,-1.392978,-0.810033,-1139.586,-701.0,-2222.246,-254.038,1968,701,0.733038,-1.392,0.0,0.0,-1.392,-1632.245,492.658,0.0,-1139.586,-350.869,-1871.377,0.0,-2222.246
17.566178733948618,17371,2,8,6,0.085746,0.134074,-1.353187,-1.167913,-26.496,-200.0,-1505.519,-246.604,1258,200,1.047197,-1.353,0.0,0.0,-1.353,-518.766,492.269,0.0,-26.496,138.802,-1644.322,0.0,-1505.519
17.566178733948618,17376,2,8,6,0.08042,0.126392,-1.287197,-1.395734,796.401,16.0,-587.008,-238.105,348,-16,1.361356,-1.287,0.0,0.0,-1.287,303.904,492.497,0.0,796.401,624.321,-1211.33,0.0,-587.008
17.566178733948618,17381,2,8,6,0.075075,0.119367,-1.240182,-1.406839,959.488,160.0,-155.314,-230.325,-75,-223,1.361356,-1.24,0.0,0.0,-1.24,466.64,492.847,0.0,959.488,639.59,-794.905,0.0,-155.314
17.57809173199348,17386,2,8,6,0.069711,0.11437,-1.250464,-1.142175,189.41,-226.0,-425.392,-224.788,200,226,1.047197,-1.25,0.0,0.0,-1.25,-303.209,492.62,0.0,189.41,332.328,-757.721,0.0,-425.392
17.57809173199348,17391,2,8,6,0.06433,0.111818,-1.329673,-0.753955,-1120.599,-751.0,-1394.461,-221.958,1172,751,0.837758,-1.329,0.0,0.0,-1.329,-1612.011,491.411,0.0,-1120.599,-295.679,-1098.782,0.0,-1394.461
17.58907029090915,17396,2,8,6,0.058933,0.109997,-1.429781,-0.55613,-1956.644,-1023.0,-2366.553,-219.939,2146,1023,0.628318,-1.429,0.0,0.0,-1.429,-2446.221,489.577,0.0,-1956.644,-746.915,-1619.637,0.0,-2366.553
17.58907029090915,17401,2,8,6,0.053522,0.106764,-1.490786,-0.650761,-1864.186,-1119.0,-2583.946,-216.352,2367,1059,0.628318,-1.49,0.0,0.0,-1.49,-2352.07,487.883,0.0,-1864.186,-596.149,-1987.797,0.0,-2583.946
17.599984366912395,17406,2,8,6,0.048097,0.100946,-1.479778,-1.024437,-788.027,-376.0,-2238.451,-209.895,2028,376,1.256637,-1.479,0.0,0.0,-1.479,-1274.955,486.927,0.0,-788.027,-329.622,-1908.828,0.0,-2238.451
17.599984366912395,17411,2,8,6,0.04266,0.092151,-1.385725,-1.547638,940.624,352.0,-910.72,-200.127,710,-352,1.675516,-1.385,0.0,0.0,-1.385,453.357,487.267,0.0,940.624,470.899,-1381.62,0.0,-910.72
17.61102894798387,17416,2,8,6,0.037214,0.08189,-1.250937,-1.865487,2209.299,666.0,693.525,-188.721,-882,-666,1.675516,-1.25,0.0,0.0,-1.25,1720.741,488.558,0.0,2209.299,1234.639,-541.113,0.0,693.525
17.61102894798387,17425,2,8,6,0.027386,0.070859,-1.217241,-1.053769,31.453,-263.0,-17.993,-176.448,-158,263,0.837758,-1.217,0.0,0.0,-1.217,-457.722,489.176,0.0,31.453,235.562,-253.556,0.0,-17.993
17.622322448994964,17430,2,8,6,0.021917,0.070255,-1.35346,-0.465486,-1999.02,-1102.0,-1674.627,-175.776,1498,1102,0.314159,-1.353,0.0,0.0,-1.353,-2486.327,487.306,0.0,-1999.02,-717.616,-957.011,0.0,-1674.627
17.622322448994964,17436,2,8,6,0.016443,0.06981,-1.494275,-0.268067,-2948.66,-1370.0,-3065.699,-175.28,2890,1370,0.314159,-1.494,0.0,0.0,-1.494,-3433.382,484.722,0.0,-2948.66,-1262.928,-1802.771,0.0,-3065.699
17.63316708500497,17441,2,8,6,0.009867,0.065877,-1.568282,-0.579465,-2286.044,-1486.0,-2855.748,-170.902,2684,1069,0.837758,-1.568,0.0,0.0,-1.568,-2768.688,482.643,0.0,-2286.044,-640.035,-2215.712,0.0,-2855.748
17.63316708500497,17446,2,8,6,0.004385,0.0579,-1.498417,-1.278054,-134.836,37.0,-1997.255,-162.018,1835,-37,1.361356,-1.498,0.0,0.0,-1.498,-617.017,482.181,0.0,-134.836,-137.469,-1859.786,0.0,-1997.255
17.644813510007225,17451,2,8,6,-0.001097,0.045919,-1.316461,-1.990704,2371.476,1063.0,148.666,-148.667,-297,-1063,1.884955,-1.316,0.0,0.0,-1.316,1887.879,483.596,0.0,2371.476,1046.78,-898.114,0.0,148.666
17.644813510007225,17456,2,8,6,-0.006579,0.033999,-1.13622,-2.152057,3330.071,1286.0,1798.833,-135.377,-1934,-1286,1.884955,-1.136,0.0,0.0,-1.136,2844.341,485.73,0.0,3330.071,1635.257,163.576,0.0,1798.833
17.655799858970568,17461,2,8,6,-0.01206,0.027074,-1.095785,-1.637652,2004.096,1468.0,881.193,-127.653,-1008,-648,1.256637,-1.095,0.0,0.0,-1.095,1517.226,486.869,0.0,2004.096,428.876,452.317,0.0,881.193
17.655799858970568,17466,2,8,6,-0.017539,0.025973,-1.218356,-0.758544,-801.568,-593.0,-312.738,-126.425,186,593,0.418879,-1.218,0.0,0.0,-1.218,-1287.474,485.905,0.0,-801.568,-166.854,-145.883,0.0,-312.738
17.666583037003875,17471,2,8,6,-0.023012,0.027611,-1.417496,-0.186436,-2963.647,-1531.0,-2270.426,-128.252,2142,1531,0.418879,-1.417,0.0,0.0,-1.417,-3446.967,483.32,0.0,-2963.647,-1146.117,-1124.308,0.0,-2270.426
17.666583037003875,17476,2,8,6,-0.02848,0.026743,-1.54628,-0.251898,-3143.668,-1411.0,-3352.31,-127.284,3225,1411,0.418879,-1.546,0.0,0.0,-1.546,-3624.27,480.601,0.0,-3143.668,-1386.135,-1966.175,0.0,-3352.31
17.666583037003875,17481,2,8,6,-0.033941,0.021544,-1.553612,-0.776102,-1698.062,-1622.0,-2088.591,-121.484,1967,692,1.047197,-1.553,0.0,0.0,-1.553,-2177.028,478.966,0.0,-1698.062,-60.849,-2027.741,0.0,-2088.591
17.677767901914194,17486,2,8,6,-0.039394,0.011757,-1.43227,-1.574155,876.537,516.0,-1103.525,-110.565,992,-516,1.884955,-1.432,0.0,0.0,-1.432,397.277,479.26,0.0,876.537,288.43,-1391.955,0.0,-1103.525
17.677767901914194,17491,2,8,6,-0.044837,-0.000664,-1.236857,-2.073148,2822.584,1122.0,981.22,-96.704,-1077,-1122,1.884955,-1.236,0.0,0.0,-1.236,2341.615,480.969,0.0,2822.584,1360.467,-379.247,0.0,981.22
17.68865201494191,17496,2,8,6,-0.050269,-0.009498,-1.141594,-1.786075,2286.87,812.0,1469.641,-86.847,-1556,-812,1.884955,-1.141,0.0,0.0,-1.141,1804.548,482.322,0.0,2286.87,1179.896,289.744,0.0,1469.641
17.68865201494191,17501,2,8,6,-0.055688,-0.01179,-1.229155,-0.882444,-489.195,875.0,-1475.177,-84.29,1390,928,0.0,-1.229,0.0,0.0,-1.229,-970.79,481.594,0.0,-489.195,-1091.356,-383.82,0.0,-1475.177
17.6996051579481,17506,2,8,6,-0.061095,-0.009707,-1.438863,-0.110002,-3242.007,-2003.0,-2443.521,-86.614,2356,2003,0.0,-1.438,0.0,0.0,-1.438,-3720.811,478.803,0.0,-3242.007,-991.206,-1452.315,0.0,-2443.521
17.71052751899697,17515,2,8,6,-0.070786,-0.01193,-1.647952,-0.510333,-2712.184,-1809.0,-3432.093,-84.133,3347,1809,0.0,-1.647,0.0,0.0,-1.647,-3185.332,473.148,0.0,-2712.184,-722.547,-2709.545,0.0,-3432.093
17.71052751899697,17520,2,8,6,-0.076146,-0.018335,-1.618703,-1.04999,-1120.443,-1718.0,-1923.376,-76.987,1846,612,1.570796,-1.618,0.0,0.0,-1.618,-1592.394,471.951,0.0,-1120.443,478.045,-2401.422,0.0,-1923.376
17.722067684982903,17526,2,8,6,-0.081488,-0.028041,-1.496509,-1.703065,1050.739,441.0,-1194.897,-66.16,1128,-441,1.884955,-1.496,0.0,0.0,-1.496,578.357,472.381,0.0,1050.739,487.791,-1682.688,0.0,-1194.897
17.722067684982903,17531,2,8,6,-0.087871,-0.043195,-1.250914,-2.147884,2985.8,1197.0,882.719,-49.261,-931,-1197,1.884955,-1.25,0.0,0.0,-1.25,2511.515,474.285,0.0,2985.8,1431.04,-548.321,0.0,882.719
17.722067684982903,17536,2,8,6,-0.093166,-0.053576,-1.108541,-2.021227,3031.723,1113.0,1930.463,-37.692,-1968,-1113,1.884955,-1.108,0.0,0.0,-1.108,2555.521,476.202,0.0,3031.723,1534.978,395.484,0.0,1930.463
17.733140882919542,17541,2,8,6,-0.098439,-0.057837,-1.136841,-1.180431,598.344,1224.0,-406.005,-32.944,373,226,0.523598,-1.136,0.0,0.0,-1.136,122.051,476.293,0.0,598.344,-500.524,94.518,0.0,-406.005
17.733140882919542,17546,2,8,6,-0.103687,-0.055865,-1.339031,-0.236021,-2614.445,-1499.0,-1862.633,-35.141,1827,1499,0.523598,-1.339,0.0,0.0,-1.339,-3088.426,473.98,0.0,-2614.445,-892.356,-970.276,0.0,-1862.633
17.745037306915037,17551,2,8,6,-0.108909,-0.054828,-1.51427,-0.154284,-3336.839,-1523.0,-3334.517,-36.296,3298,1523,0.523598,-1.514,0.0,0.0,-1.514,-3807.963,471.124,0.0,-3336.839,-1451.071,-1883.445,0.0,-3334.517
17.745037306915037,17556,2,8,6,-0.114105,-0.059911,-1.517446,-0.77786,-1601.267,-1003.0,-2557.846,-30.634,2527,1003,0.523598,-1.517,0.0,0.0,-1.517,-2070.838,469.571,0.0,-1601.267,-478.614,-2079.232,0.0,-2557.846
17.755890643922612,17561,2,8,6,-0.119273,-0.069759,-1.386381,-1.56589,972.573,-951.0,428.515,-19.668,-448,-688,1.466076,-1.386,0.0,0.0,-1.386,502.625,469.948,0.0,972.573,1538.859,-1110.343,0.0,428.515
17.755890643922612,17566,2,8,6,-0.124411,-0.081536,-1.200512,-2.012873,2746.262,1307.0,994.054,-6.565,-1000,-1307,1.466076,-1.2,0.0,0.0,-1.2,2274.61,471.652,0.0,2746.262,1151.41,-157.355,0.0,994.054
17.76681885297876,17571,2,8,6,-0.129518,-0.090009,-1.10626,-1.666057,2040.258,826.0,1277.49,2.855,-1274,-826,1.466076,-1.106,0.0,0.0,-1.106,1567.431,472.827,0.0,2040.258,971.406,306.083,0.0,1277.49
17.76681885297876,17576,2,8,6,-0.134594,-0.092956,-1.16586,-0.986136,-30.775,205.0,-124.564,6.13,130,-205,0.942477,-1.165,0.0,0.0,-1.165,-503.225,472.45,0.0,-30.775,-188.62,64.056,0.0,-124.564
17.76681885297876,17581,2,8,6,-0.139636,-0.0931,-1.303007,-0.432475,-1966.869,-113.0,-2382.801,6.289,2389,1327,0.523598,-1.303,0.0,0.0,-1.303,-2437.489,470.619,0.0,-1966.869,-1483.095,-899.705,0.0,-2382.801
17.77786903292872,17586,2,8,6,-0.144644,-0.092992,-1.446266,-0.162411,-3126.759,-1730.0,-2846.309,6.169,2852,1730,0.523598,-1.446,0.0,0.0,-1.446,-3594.794,468.034,0.0,-3126.759,-1117.407,-1728.901,0.0,-2846.309
17.77786903292872,17591,2,8,6,-0.149616,-0.095836,-1.505835,-0.491892,-2373.134,-1180.0,-3103.557,9.329,3112,1180,0.523598,-1.505,0.0,0.0,-1.505,-2839.04,465.905,0.0,-2373.134,-954.507,-2149.049,0.0,-3103.557
17.788742196979,17596,2,8,6,-0.154552,-0.103348,-1.433702,-1.216731,-142.067,-511.0,-1522.163,17.669,1539,511,1.151917,-1.433,0.0,0.0,-1.433,-607.517,465.45,0.0,-142.067,295.146,-1817.309,0.0,-1522.163
17.799557468970306,17605,2,8,6,-0.163338,-0.124415,-1.089842,-2.188659,3545.908,1585.0,2178.18,41.024,-2137,-1585,1.675516,-1.089,0.0,0.0,-1.089,3076.687,469.22,0.0,3545.908,1568.726,609.453,0.0,2178.18
17.799557468970306,17610,2,8,6,-0.168164,-0.131479,-1.027158,-1.529322,1876.336,766.0,1810.815,48.842,-1761,-766,1.047197,-1.027,0.0,0.0,-1.027,1406.061,470.275,0.0,1876.336,888.269,922.545,0.0,1810.815
17.810555242933333,17616,2,8,6,-0.172948,-0.130403,-1.191242,-0.402259,-1740.538,-358.0,-1103.994,47.652,1151,358,0.418879,-1.191,0.0,0.0,-1.191,-2209.15,468.612,0.0,-1740.538,-1106.03,2.036,0.0,-1103.994
17.810555242933333,17621,2,8,6,-0.178632,-0.126134,-1.469961,0.138343,-3800.0,-770.0,-3984.448,42.927,4027,2091,0.209439,-1.469,0.0,0.0,-1.469,-4503.251,465.23,0.0,-3800.0,-2424.0,-1560.448,0.0,-3984.448
17.822082492988557,17626,2,8,6,-0.183321,-0.126671,-1.586177,-0.078403,-3759.698,-1774.0,-4013.259,43.522,4056,1774,0.209439,-1.586,0.0,0.0,-1.586,-4221.767,462.068,0.0,-3759.698,-1588.558,-2424.701,0.0,-4013.259
17.822082492988557,17636,2,8,6,-0.191645,-0.147234,-1.243512,-2.012867,2616.805,620.0,518.197,66.251,-451,-620,1.780235,-1.243,0.0,0.0,-1.243,2154.192,462.613,0.0,2616.805,1597.444,-1079.247,0.0,518.197
17.833048169966787,17641,2,8,6,-0.19711,-0.161181,-1.006034,-2.371419,3800.0,980.0,2648.083,81.629,-2566,-1770,1.780235,-1.006,0.0,0.0,-1.006,3823.075,462.613,0.0,3800.0,2256.0,392.083,0.0,2648.083
17.833048169966787,17646,2,8,6,-0.201611,-0.168844,-0.917483,-1.684775,2612.642,991.0,2187.715,90.063,-2097,-991,1.361356,-0.917,0.0,0.0,-0.917,2148.419,464.222,0.0,2612.642,1297.313,890.402,0.0,2187.715
17.844222596962936,17651,2,8,6,-0.206062,-0.168242,-1.058957,-0.4866,-1139.576,-579.0,-277.66,89.401,367,579,0.418879,-1.058,0.0,0.0,-1.058,-1602.597,463.02,0.0,-1139.576,-448.461,170.8,0.0,-277.66
17.844222596962936,17656,2,8,6,-0.210462,-0.164014,-1.300539,0.192631,-3720.994,-1310.0,-3109.18,84.749,3193,1310,0.104719,-1.3,0.0,0.0,-1.3,-4180.879,459.884,0.0,-3720.994,-1928.795,-1180.385,0.0,-3109.18
17.855563925928436,17661,2,8,6,-0.214811,-0.162827,-1.455539,0.168786,-3800.0,-1886.0,-3734.883,83.442,3818,2054,0.104719,-1.455,0.0,0.0,-1.455,-4548.114,456.469,0.0,-3800.0,-1531.2,-2203.683,0.0,-3734.883
17.855563925928436,17666,2,8,6,-0.219105,-0.166573,-1.470911,-0.444815,-2418.752,-1332.0,-3341.47,87.565,3429,1332,0.942477,-1.47,0.0,0.0,-1.47,-2873.069,454.317,0.0,-2418.752,-869.402,-2472.068,0.0,-3341.47
17.866309348959476,17676,2,8,6,-0.2267,-0.185944,-1.141163,-1.812585,2335.382,561.0,435.213,108.845,-326,-561,1.780235,-1.141,0.0,0.0,-1.141,1879.979,455.402,0.0,2335.382,1419.505,-984.292,0.0,435.213
17.866309348959476,17681,2,8,6,-0.231663,-0.196483,-0.985054,-1.942503,3138.272,799.0,2087.956,120.39,-1967,-1343,1.780235,-0.985,0.0,0.0,-0.985,2680.859,457.413,0.0,3138.272,1871.417,216.538,0.0,2087.956
17.877683617989533,17690,2,8,6,-0.238952,-0.199416,-1.107011,-0.128661,-2283.38,-1371.0,-1331.894,123.599,1455,1371,0.104719,-1.107,0.0,0.0,-1.107,-2739.381,456.0,0.0,-2283.38,-729.904,-601.99,0.0,-1331.894
17.888527005910873,17695,2,8,6,-0.242919,-0.195184,-1.336588,0.4627,-3800.0,-1721.0,-3391.392,118.969,3510,1721,0.104719,-1.336,0.0,0.0,-1.336,-5038.008,452.172,0.0,-3800.0,-1663.2,-1728.192,0.0,-3391.392
17.888527005910873,17700,2,8,6,-0.246827,-0.194796,-1.456867,0.150596,-3800.0,-2059.0,-4025.114,118.544,4143,2122,0.523598,-1.456,0.0,0.0,-1.456,-4500.9,448.791,0.0,-3800.0,-1392.8,-2632.314,0.0,-4025.114
17.899464753922075,17705,2,8,6,-0.250673,-0.198955,-1.448108,-0.611217,-1896.235,-1035.0,-3316.458,123.095,3439,1035,0.942477,-1.448,0.0,0.0,-1.448,-2343.295,447.059,0.0,-1896.235,-688.988,-2627.469,0.0,-3316.458
17.899464753922075,17710,2,8,6,-0.254458,-0.209143,-1.268824,-1.532936,1187.131,345.0,-1114.835,134.227,1249,-345,1.466076,-1.268,0.0,0.0,-1.268,739.514,447.616,0.0,1187.131,673.704,-1788.54,0.0,-1114.835
17.91045296296943,17716,2,8,6,-0.258917,-0.224807,-0.955063,-2.075914,3588.382,1077.0,1628.493,151.297,-1477,-1077,1.675516,-0.955,0.0,0.0,-0.955,3138.382,450.0,0.0,3588.382,2009.106,-380.612,0.0,1628.493
17.921846424927935,17726,2,8,6,-0.265431,-0.237137,-0.792237,-0.865998,658.964,-71.0,1048.454,164.689,-883,71,0.523598,-0.792,0.0,0.0,-0.792,206.529,452.435,0.0,658.964,583.971,464.482,0.0,1048.454
17.921846424927935,17731,2,8,6,-0.269657,-0.232272,-1.046777,0.158293,-2924.325,-1420.0,-1886.834,159.41,2046,1420,-0.209439,-1.046,0.0,0.0,-1.046,-3374.197,449.871,0.0,-2924.325,-1203.46,-683.374,0.0,-1886.834
17.921846424927935,17736,2,8,6,-0.273106,-0.228807,-1.240368,0.313654,-3800.0,-1633.0,-3542.693,155.645,3698,1633,-0.209439,-1.24,0.0,0.0,-1.24,-4351.263,446.608,0.0,-3800.0,-1733.6,-1809.093,0.0,-3542.693
17.932955354917794,17746,2,8,6,-0.279142,-0.238801,-1.129539,-1.050034,221.641,-70.0,-1296.346,166.494,1462,70,1.256637,-1.129,0.0,0.0,-1.129,-222.614,444.255,0.0,221.641,233.313,-1529.659,0.0,-1296.346
17.94420575594995,17751,2,8,6,-0.283043,-0.24914,-0.94928,-1.545231,2114.186,754.0,492.84,177.689,-315,-754,1.361356,-0.949,0.0,0.0,-0.949,1668.662,445.523,0.0,2114.186,1088.149,-595.308,0.0,492.84
17.94420575594995,17756,2,8,6,-0.286217,-0.256104,-0.843171,-1.375263,1936.501,604.0,1106.739,185.213,-921,-604,1.361356,-0.843,0.0,0.0,-0.843,1489.86,446.64,0.0,1936.501,1066.001,40.738,0.0,1106.739
17.95521372591611,17766,2,8,6,-0.291751,-0.258628,-0.927463,-0.230383,-1506.585,-1022.0,-1039.008,187.936,1226,1022,0.0,-0.927,0.0,0.0,-0.927,-1951.823,445.237,0.0,-1506.585,-387.668,-651.34,0.0,-1039.008
17.967076639994048,17771,2,8,6,-0.295312,-0.25663,-1.083089,0.08439,-2826.159,-1633.0,-2397.441,185.781,2583,1633,0.0,-1.083,0.0,0.0,-1.083,-3268.945,442.786,0.0,-2826.159,-954.527,-1442.913,0.0,-2397.441
17.967076639994048,17776,2,8,6,-0.298199,-0.256815,-1.158736,-0.011407,-2772.143,-1488.0,-3079.925,185.981,3265,1488,0.0,-1.158,0.0,0.0,-1.158,-3212.52,440.376,0.0,-2772.143,-1027.315,-2052.61,0.0,-3079.925
17.9781347370008,17785,2,8,6,-0.303209,-0.268225,-0.979564,-1.408971,1642.464,853.0,-280.477,198.275,478,-853,1.780235,-0.979,0.0,0.0,-0.979,1202.338,440.126,0.0,1642.464,631.571,-912.048,0.0,-280.477
17.9781347370008,17790,2,8,6,-0.305888,-0.280293,-0.716682,-1.90203,3761.62,1619.0,2122.8,211.238,-1911,-1619,1.780235,-0.716,0.0,0.0,-0.716,3318.973,442.647,0.0,3761.62,1714.096,408.703,0.0,2122.8
17.989132695947774,17795,2,8,6,-0.308492,-0.287905,-0.576432,-1.455963,2907.157,1242.0,2488.244,219.392,-2268,-1242,1.780235,-0.576,0.0,0.0,-0.576,2462.686,444.47,0.0,2907.157,1332.126,1156.118,0.0,2488.244
17.989132695947774,17800,2,8,6,-0.31102,-0.287091,-0.66999,-0.378092,-373.461,1357.0,-1087.862,218.521,1306,628,-0.418879,-0.669,0.0,0.0,-0.669,-817.314,443.853,0.0,-373.461,-1384.369,296.506,0.0,-1087.862
18.000317245954648,17806,2,8,6,-0.313951,-0.280087,-0.948218,0.397573,-3327.215,-1625.0,-2327.186,211.017,2538,1625,-0.418879,-0.948,0.0,0.0,-0.948,-3768.216,441.0,0.0,-3327.215,-1361.772,-965.413,0.0,-2327.186
18.000317245954648,17811,2,8,6,-0.316309,-0.278184,-1.067506,0.169424,-3025.001,-1459.0,-2950.876,208.976,3159,1459,-0.418879,-1.067,0.0,0.0,-1.067,-3463.404,438.403,0.0,-3025.001,-1252.801,-1698.074,0.0,-2950.876
18.011313290917315,17816,2,8,6,-0.318589,-0.282951,-0.997875,-0.589944,-704.661,-764.0,-1495.668,214.087,1709,764,0.209439,-0.997,0.0,0.0,-0.997,-1142.208,437.546,0.0,-704.661,47.47,-1543.139,0.0,-1495.668
18.011313290917315,17826,2,8,6,-0.322495,-0.298587,-0.6694,-1.318174,2256.165,1017.0,1169.328,230.803,-938,-1017,0.942477,-0.669,0.0,0.0,-0.669,1816.567,439.598,0.0,2256.165,991.332,177.995,0.0,1169.328
18.023009737953544,17831,2,8,6,-0.324955,-0.302882,-0.618052,-0.951043,1372.674,565.0,1101.3,235.379,-865,-565,0.0,-0.618,0.0,0.0,-0.618,932.376,440.297,0.0,1372.674,646.139,455.161,0.0,1101.3
18.023009737953544,17836,2,8,6,-0.326917,-0.304034,-0.640738,-0.456357,-76.357,197.0,26.288,236.606,210,-197,0.0,-0.64,0.0,0.0,-0.64,-516.268,439.91,0.0,-76.357,-218.686,244.974,0.0,26.288
18.033877337933518,17841,2,8,6,-0.328799,-0.303145,-0.718313,-0.030006,-1488.781,-93.0,-1595.437,235.66,1831,941,0.0,-0.718,0.0,0.0,-0.718,-1927.26,438.478,0.0,-1488.781,-1116.625,-478.812,0.0,-1595.437
18.033877337933518,17846,2,8,6,-0.330599,-0.30127,-0.821216,0.16669,-2329.754,-1300.0,-1960.089,233.663,2193,1300,0.0,-0.821,0.0,0.0,-0.821,-2766.139,436.384,0.0,-2329.754,-823.803,-1136.285,0.0,-1960.089
18.04494541499298,17856,2,8,6,-0.333634,-0.30805,-0.716348,-0.835621,769.171,39.0,-281.222,240.88,522,-39,0.418879,-0.716,0.0,0.0,-0.716,333.964,435.206,0.0,769.171,584.137,-865.359,0.0,-281.222
18.055883119930513,17861,2,8,6,-0.33551,-0.31706,-0.516577,-1.398031,2905.128,342.0,2504.984,250.447,-2254,-1750,1.047197,-0.516,0.0,0.0,-0.516,2468.07,437.057,0.0,2905.128,2050.502,454.481,0.0,2504.984
18.067105085006915,17870,2,8,6,-0.338099,-0.325582,-0.350473,-0.431515,666.248,262.0,1360.13,259.469,-1100,-262,0.418879,-0.35,0.0,0.0,-0.35,226.917,439.331,0.0,666.248,323.399,1036.731,0.0,1360.13
18.067105085006915,17875,2,8,6,-0.339421,-0.321685,-0.496595,0.36978,-1988.363,-411.0,-1159.713,255.346,1415,411,-0.209439,-0.496,0.0,0.0,-0.496,-2425.851,437.488,0.0,-1988.363,-1261.89,102.177,0.0,-1159.713
18.067105085006915,17880,2,8,6,-0.340659,-0.318029,-0.633644,0.500077,-2739.316,-738.0,-2531.612,251.473,2783,1335,-0.209439,-0.633,0.0,0.0,-0.633,-3174.419,435.103,0.0,-2739.316,-1601.052,-930.559,0.0,-2531.612
18.078133621020243,17885,2,8,6,-0.341813,-0.318303,-0.658263,0.059443,-1575.96,-607.0,-1895.694,251.764,2147,607,0.209439,-0.658,0.0,0.0,-0.658,-2009.579,433.618,0.0,-1575.96,-775.168,-1120.525,0.0,-1895.694
18.078133621020243,17890,2,8,6,-0.342883,-0.323354,-0.546793,-0.682889,814.974,299.0,-175.504,257.112,432,-299,0.523598,-0.546,0.0,0.0,-0.546,381.068,433.905,0.0,814.974,412.779,-588.283,0.0,-175.504
18.090006037964486,17896,2,8,6,-0.344054,-0.3324,-0.326312,-1.066502,2508.012,831.0,1701.649,266.669,-1434,-831,0.523598,-0.326,0.0,0.0,-0.326,2072.532,435.479,0.0,2508.012,1341.61,360.039,0.0,1701.649
18.090006037964486,17901,2,8,6,-0.344938,-0.336474,-0.236987,-0.786941,1976.507,1186.0,1427.458,270.962,-1156,-867,0.0,-0.236,0.0,0.0,-0.236,1539.87,436.636,0.0,1976.507,632.405,795.053,0.0,1427.458
18.100964571000077,17906,2,8,6,-0.345736,-0.336396,-0.26152,-0.190052,236.376,23.0,735.342,270.88,-464,-23,0.0,-0.261,0.0,0.0,-0.261,-200.109,436.486,0.0,236.376,170.701,564.64,0.0,735.342
18.100964571000077,17911,2,8,6,-0.346449,-0.333898,-0.351431,0.208923,-1133.685,-450.0,-456.335,268.248,724,450,0.0,-0.351,0.0,0.0,-0.351,-1568.994,435.309,0.0,-1133.685,-546.948,90.612,0.0,-456.335
18.11221143999137,17916,2,8,6,-0.347076,-0.332338,-0.41265,0.291907,-1538.932,-653.0,-1101.04,266.603,1367,653,0.0,-0.412,0.0,0.0,-0.412,-1972.763,433.83,0.0,-1538.932,-708.746,-392.294,0.0,-1101.04
18.11221143999137,17921,2,8,6,-0.347618,-0.332408,-0.425866,0.142462,-1158.688,-800.0,-875.208,266.677,1141,630,0.0,-0.425,0.0,0.0,-0.425,-1591.323,432.634,0.0,-1158.688,-286.95,-588.258,0.0,-875.208
18.123197056003846,17931,2,8,6,-0.348377,-0.337029,-0.317743,-0.466175,848.128,337.0,371.617,271.547,-100,-337,0.0,-0.317,0.0,0.0,-0.317,415.61,432.517,0.0,848.128,408.902,-37.285,0.0,371.617
18.123197056003846,17936,2,8,6,-0.348728,-0.339564,-0.256586,-0.480654,1060.378,372.0,864.511,274.215,-590,-372,0.209439,-0.256,0.0,0.0,-0.256,627.39,432.988,0.0,1060.378,550.702,313.809,0.0,864.511
18.134135583997704,17941,2,8,6,-0.348926,-0.340471,-0.236742,-0.216671,376.746,451.0,226.152,275.169,49,-22,0.104719,-0.236,0.0,0.0,-0.236,-56.198,432.945,0.0,376.746,-59.402,285.555,0.0,226.152
18.134135583997704,17946,2,8,6,-0.349038,-0.339304,-0.272538,0.130278,-695.754,-455.0,-211.278,273.942,485,455,-0.209439,-0.272,0.0,0.0,-0.272,-1127.888,432.134,0.0,-695.754,-192.603,-18.675,0.0,-211.278
18.145174962934107,17951,2,8,6,-0.349064,-0.337591,-0.321238,0.247579,-1161.749,-576.0,-818.621,272.139,1090,576,-0.209439,-0.321,0.0,0.0,-0.321,-1592.689,430.94,0.0,-1161.749,-468.599,-350.022,0.0,-818.621
18.145174962934107,17956,2,8,6,-0.349003,-0.337939,-0.309814,0.07482,-646.845,-437.0,-592.082,272.505,864,437,-0.209439,-0.309,0.0,0.0,-0.309,-1076.977,430.132,0.0,-646.845,-167.876,-424.206,0.0,-592.082
18.156113749952056,17965,2,8,6,-0.348678,-0.340612,-0.225844,-0.359902,805.623,312.0,594.683,275.318,-319,-312,0.0,-0.225,0.0,0.0,-0.225,375.361,430.261,0.0,805.623,394.898,199.784,0.0,594.683
18.156113749952056,17970,2,8,6,-0.348377,-0.34159,-0.190021,-0.248571,594.323,227.0,651.979,276.346,-375,-227,0.0,-0.19,0.0,0.0,-0.19,163.939,430.384,0.0,594.323,293.858,358.12,0.0,651.979
18.167314538965,17975,2,8,6,-0.347989,-0.341327,-0.18653,0.00301,-100.729,-2.0,183.642,276.07,92,2,0.0,-0.186,0.0,0.0,-0.186,-530.715,429.986,0.0,-100.729,-78.983,262.625,0.0,183.642
18.167314538965,17981,2,8,6,-0.347516,-0.340488,-0.196795,0.155483,-557.138,-27.0,-430.112,275.187,705,316,0.0,-0.196,0.0,0.0,-0.196,-986.381,429.242,0.0,-557.138,-424.111,-6.001,0.0,-430.112
18.17820901493542,17986,2,8,6,-0.346835,-0.340254,-0.184267,0.110839,-397.675,-165.0,-247.892,274.941,522,165,0.0,-0.184,0.0,0.0,-0.184,-826.299,428.624,0.0,-397.675,-186.14,-61.752,0.0,-247.892
18.17820901493542,17991,2,8,6,-0.346174,-0.340887,-0.148019,-0.050953,156.637,59.0,132.424,275.607,143,-59,0.0,-0.148,0.0,0.0,-0.148,-271.783,428.42,0.0,156.637,78.109,54.314,0.0,132.424
18.189226359012537,17996,2,8,6,-0.345427,-0.341636,-0.106144,-0.113955,450.307,168.0,440.928,276.394,-164,-168,0.0,-0.106,0.0,0.0,-0.106,21.871,428.436,0.0,450.307,225.846,215.082,0.0,440.928
18.189226359012537,18001,2,8,6,-0.344594,-0.341785,-0.07865,-0.072452,411.068,227.0,461.161,276.552,-184,-191,0.0,-0.078,0.0,0.0,-0.078,-17.354,428.423,0.0,411.068,147.255,313.906,0.0,461.161
18.200159584986977,18006,2,8,6,-0.343677,-0.341628,-0.057364,0.006286,250.067,161.0,417.684,276.387,-141,-161,0.0,-0.057,0.0,0.0,-0.057,-178.222,428.29,0.0,250.067,71.254,346.429,0.0,417.684
18.200159584986977,18011,2,8,6,-0.342675,-0.341427,-0.034939,0.074388,121.944,131.0,326.304,276.175,-50,-131,0.0,-0.034,0.0,0.0,-0.034,-306.116,428.06,0.0,121.944,-7.244,333.549,0.0,326.304
18.211927909986116,18016,2,8,6,-0.341589,-0.341351,-0.006662,0.103887,118.289,143.0,303.849,276.094,-27,-143,-0.104719,-0.006,0.0,0.0,-0.006,-309.538,427.828,0.0,118.289,-19.768,323.618,0.0,303.849
18.211927909986116,18021,2,8,6,-0.340418,-0.34142,0.028063,0.076074,293.295,154.0,506.065,276.167,-229,-282,0.0,0.028,0.0,0.0,0.028,-134.431,427.727,0.0,293.295,111.436,394.628,0.0,506.065
18.211927909986116,18026,2,8,6,-0.339163,-0.341693,0.070854,0.009645,599.239,426.0,674.313,276.455,-397,-426,0.0,0.07,0.0,0.0,0.07,171.383,427.855,0.0,599.239,138.591,535.722,0.0,674.313
18.22296877996996,18031,2,8,6,-0.337824,-0.342079,0.119133,-0.005833,778.024,547.0,872.076,276.86,-595,-547,0.0,0.119,0.0,0.0,0.119,349.906,428.118,0.0,778.024,184.819,687.257,0.0,872.076
18.22296877996996,18036,2,8,6,-0.336402,-0.34211,0.159818,0.062427,701.008,499.0,936.191,276.893,-659,-499,0.0,0.159,0.0,0.0,0.159,272.694,428.314,0.0,701.008,161.607,774.584,0.0,936.191
18.233971317997202,18041,2,8,6,-0.334898,-0.34167,0.189623,0.135279,580.59,528.0,846.783,276.43,-570,-463,-0.104719,0.189,0.0,0.0,0.189,152.161,428.428,0.0,580.59,42.072,804.711,0.0,846.783
18.233971317997202,18046,2,8,6,-0.33331,-0.340791,0.209464,0.216933,407.5,409.0,780.249,275.506,-504,-409,-0.209439,0.209,0.0,0.0,0.209,-20.912,428.412,0.0,407.5,-1.199,781.449,0.0,780.249
18.245126851950772,18051,2,8,6,-0.33164,-0.339846,0.229757,0.220664,453.892,523.0,728.084,274.512,-453,-523,-0.209439,0.229,0.0,0.0,0.229,25.46,428.431,0.0,453.892,-55.285,783.369,0.0,728.084
18.256830514990725,18060,2,8,6,-0.328429,-0.338982,0.295503,0.070098,1060.333,705.0,1372.084,273.603,-1098,-861,-0.104719,0.295,0.0,0.0,0.295,631.133,429.2,0.0,1060.333,284.266,1087.817,0.0,1372.084
18.256830514990725,18065,2,8,6,-0.326531,-0.33877,0.342698,0.074648,1180.3,910.0,1458.54,273.38,-1185,-910,-0.104719,0.342,0.0,0.0,0.342,750.537,429.762,0.0,1180.3,216.24,1242.299,0.0,1458.54
18.256830514990725,18071,2,8,6,-0.324553,-0.338081,0.378794,0.169479,1016.285,833.0,1457.571,272.655,-1184,-833,-0.209439,0.378,0.0,0.0,0.378,586.081,430.203,0.0,1016.285,146.628,1310.943,0.0,1457.571
18.26768017502036,18076,2,8,6,-0.322073,-0.336573,0.406002,0.279987,783.31,798.0,1285.494,271.067,-1014,-798,-0.314159,0.406,0.0,0.0,0.406,352.842,430.468,0.0,783.31,-11.751,1297.245,0.0,1285.494
18.26768017502036,18081,2,8,6,-0.319919,-0.334983,0.421789,0.321225,712.259,819.0,1160.702,269.392,-891,-744,-0.314159,0.421,0.0,0.0,0.421,281.579,430.679,0.0,712.259,-85.392,1246.094,0.0,1160.702
18.278848103946075,18086,2,8,6,-0.317686,-0.333464,0.44177,0.32142,767.913,828.0,1201.512,267.79,-933,-828,-0.314159,0.441,0.0,0.0,0.441,336.981,430.932,0.0,767.913,-48.069,1249.582,0.0,1201.512
18.278848103946075,18091,2,8,6,-0.315375,-0.332432,0.477607,0.251804,1063.654,974.0,1406.914,266.703,-1140,-974,-0.314159,0.477,0.0,0.0,0.477,632.248,431.406,0.0,1063.654,71.723,1335.19,0.0,1406.914
18.290006181923673,18096,2,8,6,-0.312986,-0.331661,0.522914,0.212815,1300.333,1055.0,1670.044,265.889,-1404,-1055,-0.209439,0.522,0.0,0.0,0.522,868.275,432.057,0.0,1300.333,196.266,1473.777,0.0,1670.044
18.290006181923673,18101,2,8,6,-0.31052,-0.330749,0.566409,0.223745,1392.236,1081.0,1881.385,264.926,-1616,-1183,-0.209439,0.566,0.0,0.0,0.566,959.457,432.778,0.0,1392.236,248.988,1632.397,0.0,1881.385
18.30065659293905,18106,2,8,6,-0.307977,-0.329338,0.598092,0.30524,1253.378,1096.0,1802.023,263.437,-1538,-1096,-0.314159,0.598,0.0,0.0,0.598,819.985,433.392,0.0,1253.378,125.902,1676.12,0.0,1802.023
18.30065659293905,18111,2,8,6,-0.305358,-0.327305,0.614503,0.425625,962.648,961.0,1637.932,261.289,-1376,-961,-0.314159,0.614,0.0,0.0,0.614,528.859,433.788,0.0,962.648,1.318,1636.613,0.0,1637.932
18.312176127918065,18116,2,8,6,-0.302664,-0.324859,0.621469,0.487675,808.693,960.0,1439.662,258.704,-1180,-960,-0.418879,0.621,0.0,0.0,0.621,374.623,434.069,0.0,808.693,-121.045,1560.707,0.0,1439.662
18.312176127918065,18121,2,8,6,-0.299895,-0.322569,0.634856,0.467934,901.8,924.0,1527.697,256.281,-1271,-989,-0.314159,0.634,0.0,0.0,0.634,467.379,434.42,0.0,901.8,-17.759,1545.456,0.0,1527.697
18.312176127918065,18126,2,8,6,-0.297053,-0.320635,0.660315,0.400275,1163.056,1131.0,1642.8,254.234,-1388,-1131,-0.418879,0.66,0.0,0.0,0.66,728.111,434.944,0.0,1163.056,25.645,1617.155,0.0,1642.8
18.32316102599725,18131,2,8,6,-0.294136,-0.319017,0.696657,0.348859,1409.507,1228.0,1884.005,252.52,-1631,-1228,-0.314159,0.696,0.0,0.0,0.696,973.832,435.674,0.0,1409.507,145.206,1738.799,0.0,1884.005
18.32316102599725,18136,2,8,6,-0.291147,-0.317407,0.735274,0.363749,1476.726,1274.0,2012.307,250.814,-1761,-1274,-0.314159,0.735,0.0,0.0,0.735,1040.271,436.455,0.0,1476.726,162.181,1850.126,0.0,2012.307
18.334409563918598,18141,2,8,6,-0.288087,-0.315398,0.764694,0.438058,1351.721,1256.0,1972.036,248.683,-1723,-1158,-0.523598,0.764,0.0,0.0,0.764,914.58,437.14,0.0,1351.721,76.576,1895.459,0.0,1972.036
18.345784196979366,18150,2,8,6,-0.282399,-0.309976,0.77214,0.727408,562.912,756.0,1525.221,242.927,-1282,-756,-0.628318,0.772,0.0,0.0,0.772,125.25,437.662,0.0,562.912,-154.47,1679.691,0.0,1525.221
18.345784196979366,18155,2,8,6,-0.279142,-0.306042,0.753214,0.810672,276.657,630.0,1194.935,238.744,-956,-630,-0.837758,0.753,0.0,0.0,0.753,-160.884,437.541,0.0,276.657,-282.674,1477.609,0.0,1194.935
18.35692865191959,18161,2,8,6,-0.275816,-0.302026,0.733876,0.822908,188.062,581.0,961.151,234.467,-726,-517,-0.837758,0.733,0.0,0.0,0.733,-249.291,437.353,0.0,188.062,-314.35,1275.501,0.0,961.151
18.35692865191959,18166,2,8,6,-0.271734,-0.2976,0.724243,0.718675,452.957,696.0,1031.178,229.749,-801,-696,-0.733038,0.724,0.0,0.0,0.724,15.591,437.365,0.0,452.957,-194.434,1225.613,0.0,1031.178
18.35692865191959,18171,2,8,6,-0.268259,-0.295202,0.754404,0.524825,1080.669,987.0,1434.575,227.19,-1207,-987,-0.628318,0.754,0.0,0.0,0.754,642.822,437.847,0.0,1080.669,74.935,1359.639,0.0,1434.575
18.369192208978347,18176,2,8,6,-0.264717,-0.293706,0.811695,0.396448,1601.41,1147.0,1979.004,225.593,-1753,-1147,-0.628318,0.811,0.0,0.0,0.811,1162.691,438.719,0.0,1601.41,363.528,1615.476,0.0,1979.004
18.369192208978347,18181,2,8,6,-0.261111,-0.292206,0.870652,0.3832,1804.61,1253.0,2344.528,223.99,-2120,-1388,-0.628318,0.87,0.0,0.0,0.87,1364.866,439.744,0.0,1804.61,441.288,1903.239,0.0,2344.528
18.380020053940825,18186,2,8,6,-0.25744,-0.289979,0.91108,0.510283,1562.816,1258.0,2247.233,221.61,-2025,-1258,-0.837758,0.911,0.0,0.0,0.911,1122.231,440.585,0.0,1562.816,243.853,2003.379,0.0,2247.233
18.380020053940825,18191,2,8,6,-0.253705,-0.286368,0.914551,0.715015,999.704,989.0,1941.91,217.747,-1724,-989,-0.942477,0.914,0.0,0.0,0.914,558.7,441.004,0.0,999.704,8.563,1933.347,0.0,1941.91
18.391078813932836,18196,2,8,6,-0.249908,-0.281885,0.895339,0.862826,532.109,867.0,1473.784,212.945,-1260,-867,-0.942477,0.895,0.0,0.0,0.895,91.036,441.072,0.0,532.109,-267.912,1741.697,0.0,1473.784
18.391078813932836,18201,2,8,6,-0.246049,-0.277343,0.876219,0.891189,399.123,740.0,1283.999,208.074,-1075,-641,-1.047197,0.876,0.0,0.0,0.876,-41.917,441.04,0.0,399.123,-272.701,1556.7,0.0,1283.999
18.40268943598494,18206,2,8,6,-0.24213,-0.273182,0.869451,0.844805,510.101,706.0,1326.818,203.605,-1123,-706,-1.047197,0.869,0.0,0.0,0.869,69.008,441.092,0.0,510.101,-156.718,1483.536,0.0,1326.818
18.40268943598494,18211,2,8,6,-0.238151,-0.269571,0.879764,0.75183,799.576,806.0,1504.953,199.723,-1305,-806,-1.047197,0.879,0.0,0.0,0.879,358.215,441.361,0.0,799.576,-5.138,1510.091,0.0,1504.953
18.40268943598494,18216,2,8,6,-0.234113,-0.266256,0.900008,0.712095,967.894,823.0,1698.886,196.157,-1502,-823,-0.942477,0.9,0.0,0.0,0.9,526.154,441.74,0.0,967.894,115.915,1582.971,0.0,1698.886
18.414001919911243,18221,2,8,6,-0.230017,-0.262704,0.915249,0.758989,879.594,842.0,1634.302,192.331,-1441,-790,-0.942477,0.915,0.0,0.0,0.915,437.525,442.068,0.0,879.594,30.075,1604.227,0.0,1634.302
18.414001919911243,18226,2,8,6,-0.225864,-0.258587,0.916252,0.865788,583.473,625.0,1481.219,187.892,-1293,-625,-0.942477,0.916,0.0,0.0,0.916,141.299,442.174,0.0,583.473,-33.221,1514.44,0.0,1481.219
18.424885759945028,18231,2,8,6,-0.221656,-0.254064,0.907424,0.930495,377.524,600.0,1217.236,183.01,-1034,-600,-0.942477,0.907,0.0,0.0,0.907,-64.6,442.125,0.0,377.524,-177.98,1395.216,0.0,1217.236
18.436046804999933,18240,2,8,6,-0.213944,-0.247343,0.935172,0.745409,973.936,739.0,1652.99,175.745,-1477,-974,-0.628318,0.935,0.0,0.0,0.935,531.337,442.599,0.0,973.936,187.949,1465.041,0.0,1652.99
18.436046804999933,18245,2,8,6,-0.209585,-0.244868,0.987902,0.583921,1574.592,1267.0,1982.034,173.066,-1808,-1267,-0.628318,0.987,0.0,0.0,0.987,1131.146,443.446,0.0,1574.592,246.074,1735.96,0.0,1982.034
18.447309769922867,18251,2,8,6,-0.205175,-0.242607,1.048089,0.534343,1883.016,1352.0,2452.704,170.618,-2282,-1352,-0.628318,1.048,0.0,0.0,1.048,1438.487,444.529,0.0,1883.016,424.813,2027.89,0.0,2452.704
18.447309769922867,18256,2,8,6,-0.199816,-0.238641,1.087111,0.704107,1517.744,1200.0,2413.418,166.32,-2247,-1200,-0.628318,1.087,0.0,0.0,1.087,1072.411,445.333,0.0,1517.744,254.195,2159.222,0.0,2413.418
18.447309769922867,18261,2,8,6,-0.195295,-0.233275,1.063447,1.010869,592.662,1131.0,1451.305,160.499,-1290,-545,-1.151917,1.063,0.0,0.0,1.063,147.218,445.443,0.0,592.662,-430.669,1881.975,0.0,1451.305
18.458839971921407,18266,2,8,6,-0.190726,-0.226283,0.995581,1.305001,-421.58,129.0,1001.064,152.901,-848,-129,-1.256637,0.995,0.0,0.0,0.995,-866.376,444.795,0.0,-421.58,-440.464,1441.529,0.0,1001.064
18.458839971921407,18271,2,8,6,-0.186111,-0.219284,0.928852,1.346615,-725.819,81.0,378.474,145.285,-233,-81,-1.256637,0.928,0.0,0.0,0.928,-1169.737,443.917,0.0,-725.819,-645.455,1023.929,0.0,378.474
18.469413776998408,18276,2,8,6,-0.18145,-0.214257,0.918599,1.075778,3.486,305.0,676.417,139.807,-536,-305,-1.256637,0.918,0.0,0.0,0.918,-440.101,443.587,0.0,3.486,-241.211,917.628,0.0,676.417
18.469413776998408,18281,2,8,6,-0.176743,-0.211805,0.981723,0.664656,1332.043,400.0,2140.545,137.132,-2003,-1215,-0.733038,0.981,0.0,0.0,0.981,887.788,444.254,0.0,1332.043,745.634,1394.91,0.0,2140.545
18.480249993968755,18286,2,8,6,-0.171993,-0.210909,1.089652,0.400043,2376.608,1568.0,2586.197,136.155,-2450,-1568,-0.733038,1.089,0.0,0.0,1.089,1930.907,445.7,0.0,2376.608,646.886,1939.311,0.0,2586.197
18.480249993968755,18291,2,8,6,-0.167201,-0.208746,1.163265,0.552473,2157.199,1399.0,2874.296,133.794,-2740,-1399,-0.733038,1.163,0.0,0.0,1.163,1710.216,446.983,0.0,2157.199,606.559,2267.736,0.0,2874.296
18.492246869020164,18296,2,8,6,-0.162368,-0.203618,1.155018,0.938044,1054.964,1028.0,2228.506,128.194,-2100,-1028,-0.733038,1.155,0.0,0.0,1.155,607.525,447.439,0.0,1054.964,21.571,2206.935,0.0,2228.506
18.492246869020164,18301,2,8,6,-0.157494,-0.196176,1.083106,1.351789,-305.438,866.0,665.035,120.055,-544,-66,-1.361356,1.083,0.0,0.0,1.083,-752.311,446.873,0.0,-305.438,-937.15,1602.185,0.0,665.035
18.492246869020164,18306,2,8,6,-0.152581,-0.187481,0.977191,1.607906,-1320.451,-193.0,39.382,110.53,71,193,-1.361356,0.977,0.0,0.0,0.977,-1766.003,445.551,0.0,-1320.451,-901.961,941.344,0.0,39.382
18.503062400966883,18311,2,8,6,-0.147631,-0.181115,0.937554,1.246497,-420.111,321.0,147.032,103.547,-43,-321,-1.361356,0.937,0.0,0.0,0.937,-865.039,444.928,0.0,-420.111,-592.888,739.921,0.0,147.032
18.503062400966883,18316,2,8,6,-0.142645,-0.179836,1.041351,0.510917,1931.256,1040.0,2056.503,102.143,-1954,-1040,0.0,1.041,0.0,0.0,1.041,1485.213,446.042,0.0,1931.256,713.005,1343.498,0.0,2056.503
18.51419592194725,18321,2,8,6,-0.137623,-0.180945,1.213039,0.101783,3559.893,1442.0,4149.678,103.361,-4046,-2447,0.0,1.213,0.0,0.0,1.213,3111.517,448.376,0.0,3559.893,1694.314,2455.363,0.0,4149.678
18.524916146998294,18330,2,8,6,-0.128499,-0.175923,1.327878,0.843291,1808.476,1422.0,3260.299,97.846,-3162,-1422,0.0,1.327,0.0,0.0,1.327,1356.844,451.632,0.0,1808.476,309.181,2951.118,0.0,3260.299
18.524916146998294,18335,2,8,6,-0.123385,-0.167214,1.227219,1.414428,-72.945,768.0,1726.001,88.271,-1637,-768,-1.466076,1.227,0.0,0.0,1.227,-524.185,451.239,0.0,-72.945,-672.756,2398.758,0.0,1726.001
18.536012567928992,18341,2,8,6,-0.118241,-0.158052,1.114726,1.746028,-1317.739,528.0,-28.259,78.183,106,206,-1.466076,1.114,0.0,0.0,1.114,-1767.646,449.906,0.0,-1317.739,-1476.591,1448.332,0.0,-28.259
18.536012567928992,18346,2,8,6,-0.112029,-0.14801,1.00747,1.643768,-1333.061,48.0,-244.261,67.108,311,-48,-1.466076,1.007,0.0,0.0,1.007,-1781.634,448.572,0.0,-1333.061,-1104.849,860.587,0.0,-244.261
18.54723422799725,18351,2,8,6,-0.106823,-0.144325,1.050068,0.927328,792.503,940.0,936.404,63.04,-873,-940,-0.942477,1.05,0.0,0.0,1.05,343.672,448.83,0.0,792.503,-117.997,1054.401,0.0,936.404
18.54723422799725,18356,2,8,6,-0.10159,-0.145826,1.238605,0.167692,3449.637,1791.0,3363.408,64.697,-3298,-1791,-0.418879,1.238,0.0,0.0,1.238,2998.557,451.079,0.0,3449.637,1326.909,2036.498,0.0,3363.408
18.54723422799725,18361,2,8,6,-0.096332,-0.14684,1.41423,0.044195,3800.0,2266.0,4084.409,65.816,-4018,-2417,-0.418879,1.414,0.0,0.0,1.414,3836.098,451.079,0.0,3800.0,1227.2,2857.209,0.0,4084.409
18.55876730196178,18366,2,8,6,-0.091049,-0.143363,1.464783,0.559162,2988.718,1900.0,4065.014,61.978,-4003,-1900,-0.837758,1.464,0.0,0.0,1.464,2535.739,452.979,0.0,2988.718,870.975,3194.039,0.0,4065.014
18.55876730196178,18371,2,8,6,-0.085745,-0.135817,1.402008,1.202778,1011.241,1022.0,2934.153,53.639,-2880,-1022,-1.151917,1.402,0.0,0.0,1.402,557.844,453.397,0.0,1011.241,-8.606,2942.76,0.0,2934.153
18.5695810909383,18376,2,8,6,-0.08042,-0.125513,1.262592,1.77075,-970.511,382.0,1057.875,42.24,-1015,-382,-1.780235,1.262,0.0,0.0,1.262,-1422.841,452.33,0.0,-970.511,-1082.009,2139.884,0.0,1057.875
18.5695810909383,18381,2,8,6,-0.075075,-0.114829,1.113113,1.989882,-2004.465,173.0,-715.564,30.404,745,434,-1.780235,1.113,0.0,0.0,1.113,-2454.952,450.486,0.0,-2004.465,-1741.972,1026.407,0.0,-715.564
18.58093920291867,18391,2,8,6,-0.065408,-0.107882,1.189278,0.470123,2464.71,1770.0,2070.958,22.7,-2048,-1770,0.0,1.189,0.0,0.0,1.189,2013.633,451.077,0.0,2464.71,555.768,1515.189,0.0,2070.958
18.592272875946946,18396,2,8,6,-0.058933,-0.111001,1.457902,-0.033629,3800.0,2124.0,3764.94,26.16,-3738,-2124,0.0,1.457,0.0,0.0,1.457,4176.291,451.077,0.0,3800.0,1340.8,2424.14,0.0,3764.94
18.592272875946946,18401,2,8,6,-0.053521,-0.109821,1.57639,0.241117,3800.0,2380.0,4271.584,24.851,-4246,-2437,0.0,1.576,0.0,0.0,1.576,3738.764,451.077,0.0,3800.0,1136.0,3135.584,0.0,4271.584
18.592272875946946,18406,2,8,6,-0.048097,-0.105115,1.596489,0.732565,2871.875,1863.0,4206.41,19.63,-4186,-1863,-1.047197,1.596,0.0,0.0,1.596,2418.986,452.888,0.0,2871.875,807.1,3399.31,0.0,4206.41
18.603519661934115,18415,2,8,6,-0.038304,-0.084012,1.279831,2.098882,-1842.079,4.0,404.962,-3.811,-408,-4,-1.884955,1.279,0.0,0.0,1.279,-2293.342,451.262,0.0,-1842.079,-1476.863,1881.825,0.0,404.962
18.61483313201461,18420,2,8,6,-0.032849,-0.074098,1.154981,2.263546,-2655.049,-269.0,-1247.08,-14.839,1232,751,-1.884955,1.154,0.0,0.0,1.154,-3103.981,448.931,0.0,-2655.049,-1908.839,661.759,0.0,-1247.08
18.61483313201461,18425,2,8,6,-0.027387,-0.066625,1.098664,1.621922,-1017.276,190.0,-528.76,-23.157,505,-190,0.0,1.098,0.0,0.0,1.098,-1465.122,447.846,0.0,-1017.276,-965.821,437.06,0.0,-528.76
18.626118334941566,18430,2,8,6,-0.021917,-0.067234,1.268866,0.453086,2733.761,1797.0,2142.801,-22.479,-2165,-1797,0.0,1.268,0.0,0.0,1.268,2284.183,449.577,0.0,2733.761,749.408,1393.392,0.0,2142.801
18.626118334941566,18436,2,8,6,-0.016442,-0.070995,1.527469,-0.116822,3800.0,2044.0,3729.305,-18.292,-3747,-2044,0.0,1.527,0.0,0.0,1.527,4604.017,449.577,0.0,3800.0,1404.8,2324.505,0.0,3729.305
18.626118334941566,18441,2,8,6,-0.009867,-0.069266,1.663174,0.273714,3800.0,2336.0,4261.122,-20.216,-4281,-2367,0.0,1.663,0.0,0.0,1.663,3890.487,449.577,0.0,3800.0,1171.2,3089.922,0.0,4261.122
18.63761842495296,18446,2,8,6,-0.004386,-0.063884,1.665968,0.761311,2984.514,1810.0,4393.167,-26.208,-4419,-1810,-0.942477,1.665,0.0,0.0,1.665,2533.039,451.474,0.0,2984.514,939.611,3453.555,0.0,4393.167
18.648857362917624,18456,2,8,6,0.005483,-0.03875,1.238541,2.548923,-3220.422,-643.0,-528.722,-54.217,474,643,-2.094395,1.238,0.0,0.0,1.238,-3669.068,448.646,0.0,-3220.422,-2061.937,1533.214,0.0,-528.722
18.66003854596056,18466,2,8,6,0.016443,-0.017456,0.949198,1.442747,-937.947,236.0,-877.3,-77.968,799,-236,-1.466076,0.949,0.0,0.0,0.949,-1381.938,443.99,0.0,-937.947,-939.158,61.857,0.0,-877.3
18.66003854596056,18470,2,8,6,0.023012,-0.022898,1.285524,0.01239,3800.0,2152.0,2786.174,-71.897,-2858,-2152,0.0,1.285,0.0,0.0,1.285,3564.775,443.99,0.0,3800.0,1318.4,1467.774,0.0,2786.174
18.671075133956037,18476,2,8,6,0.028481,-0.026951,1.552135,-0.197384,3800.0,2078.0,3691.457,-67.375,-3758,-2078,0.0,1.552,0.0,0.0,1.552,4898.653,443.99,0.0,3800.0,1377.6,2313.857,0.0,3691.457
18.671075133956037,18481,2,8,6,0.033942,-0.023275,1.602086,0.372514,3800.0,2379.0,4203.972,-71.477,-4275,-2494,0.0,1.602,0.0,0.0,1.602,3442.802,443.99,0.0,3800.0,1136.8,3067.172,0.0,4203.972
18.671075133956037,18486,2,8,6,0.039394,-0.018292,1.615247,0.627031,3213.069,2091.0,4371.774,-77.035,-4448,-2091,0.0,1.615,0.0,0.0,1.615,2767.006,446.063,0.0,3213.069,897.655,3474.119,0.0,4371.774
18.68292604398448,18496,2,8,6,0.049184,0.002647,1.30304,2.237289,-2171.245,-70.0,328.798,-100.399,-429,70,-1.989675,1.303,0.0,0.0,1.303,-2615.895,444.65,0.0,-2171.245,-1680.996,2009.794,0.0,328.798
18.69337055797223,18501,2,8,6,0.055689,0.017165,1.07867,2.47227,-3460.356,-245.0,-2192.797,-116.599,2076,1115,-1.989675,1.078,0.0,0.0,1.078,-3902.08,441.724,0.0,-3460.356,-2572.285,379.487,0.0,-2192.797
18.705191065906547,18510,2,8,6,0.065409,0.019428,1.287458,0.023439,3800.0,2283.0,2959.457,-119.124,-3078,-2283,-0.104719,1.287,0.0,0.0,1.287,3539.251,440.974,0.0,3800.0,1213.6,1745.857,0.0,2959.457
18.705191065906547,18515,2,8,6,0.070786,0.014115,1.586787,-0.33433,3800.0,2163.0,3849.796,-113.196,-3962,-2163,-0.104719,1.586,0.0,0.0,1.586,5379.13,440.974,0.0,3800.0,1309.6,2540.196,0.0,3849.796
18.71682917897124,18520,2,8,6,0.076146,0.017415,1.644459,0.326667,3800.0,2476.0,4292.358,-116.878,-4409,-2564,-0.733038,1.644,0.0,0.0,1.644,3689.817,440.974,0.0,3800.0,1059.2,3233.158,0.0,4292.358
18.71682917897124,18526,2,8,6,0.081488,0.022979,1.638235,0.658813,3185.419,2133.0,4429.1,-123.085,-4552,-2133,-0.837758,1.638,0.0,0.0,1.638,2742.383,443.035,0.0,3185.419,841.935,3587.164,0.0,4429.1
18.728027066914365,18536,2,8,6,0.09211,0.045579,1.302862,2.213668,-2108.663,-85.0,477.578,-148.288,-625,85,-1.989675,1.302,0.0,0.0,1.302,-2550.257,441.593,0.0,-2108.663,-1618.93,2096.509,0.0,477.578
18.728027066914365,18541,2,8,6,0.098438,0.060105,1.073323,2.462142,-3450.057,-109.0,-2273.171,-164.474,2108,1065,-1.989675,1.073,0.0,0.0,1.073,-3888.692,438.635,0.0,-3450.057,-2672.846,399.675,0.0,-2273.171
18.73875365802087,18546,2,8,6,0.103687,0.066333,1.045902,1.492306,-812.231,485.0,-666.745,-171.41,495,-485,-1.675516,1.045,0.0,0.0,1.045,-1249.93,437.698,0.0,-812.231,-1037.785,371.04,0.0,-666.745
18.73875365802087,18551,2,8,6,0.10891,0.062465,1.300463,0.079149,3800.0,2314.0,2814.891,-167.102,-2981,-2314,-0.104719,1.3,0.0,0.0,1.3,3419.679,437.698,0.0,3800.0,1188.8,1626.091,0.0,2814.891
18.750159000977874,18556,2,8,6,0.114105,0.058933,1.544815,-0.136302,3800.0,2134.0,3757.429,-163.169,-3920,-2134,-0.104719,1.544,0.0,0.0,1.544,4707.13,437.698,0.0,3800.0,1332.8,2424.629,0.0,3757.429
18.750159000977874,18561,2,8,6,0.119273,0.063072,1.573614,0.435934,3625.595,2496.0,3934.275,-167.778,-4102,-2446,-0.942477,1.573,0.0,0.0,1.573,3185.504,440.091,0.0,3625.595,903.676,3030.598,0.0,3934.275
18.761582086910494,18566,2,8,6,0.124411,0.068453,1.566821,0.684512,2912.408,2011.0,4036.476,-173.77,-4210,-2011,-1.151917,1.566,0.0,0.0,1.566,2470.466,441.941,0.0,2912.408,721.126,3315.349,0.0,4036.476
18.761582086910494,18576,2,8,6,0.133582,0.088081,1.274019,2.089384,-1842.226,102.0,440.752,-195.604,-636,-102,-1.989675,1.274,0.0,0.0,1.274,-2283.022,440.796,0.0,-1842.226,-1555.38,1996.133,0.0,440.752
18.77286028198432,18581,2,8,6,0.139637,0.102609,1.036765,2.414352,-3419.254,-134.0,-2252.793,-211.742,2041,1108,-1.989675,1.036,0.0,0.0,1.036,-3857.241,437.987,0.0,-3419.254,-2628.203,375.409,0.0,-2252.793
18.77286028198432,18586,2,8,6,0.144644,0.109509,0.983789,1.556284,-1166.199,292.0,-934.538,-219.397,715,-292,-1.675516,0.983,0.0,0.0,0.983,-1602.984,436.785,0.0,-1166.199,-1166.559,232.021,0.0,-934.538
18.78385706897825,18591,2,8,6,0.149617,0.106922,1.195448,0.205964,3209.419,1959.0,2390.598,-216.528,-2607,-1959,-0.314159,1.195,0.0,0.0,1.195,2770.555,438.863,0.0,3209.419,1000.335,1390.263,0.0,2390.598
18.78385706897825,18596,2,8,6,0.154552,0.103671,1.424653,-0.08619,3800.0,2068.0,3665.866,-212.92,-3878,-2068,-0.314159,1.424,0.0,0.0,1.424,4230.364,438.863,0.0,3800.0,1385.6,2280.266,0.0,3665.866
18.794484459911473,18605,2,8,6,0.163338,0.11232,1.428511,0.83773,2096.49,1600.0,3226.849,-222.515,-3449,-1600,-1.151917,1.428,0.0,0.0,1.428,1654.185,442.304,0.0,2096.49,397.192,2829.658,0.0,3226.849
18.80580093001481,18610,2,8,6,0.168164,0.119798,1.354234,1.272458,671.449,842.0,2379.166,-230.803,-2609,-842,-1.466076,1.354,0.0,0.0,1.354,228.973,442.476,0.0,671.449,-136.44,2515.606,0.0,2379.166
18.80580093001481,18615,2,8,6,0.172948,0.129002,1.230488,1.717722,-922.796,382.0,734.004,-240.993,-974,-382,-1.780235,1.23,0.0,0.0,1.23,-1364.257,441.46,0.0,-922.796,-1043.837,1777.841,0.0,734.004
18.8170935040107,18621,2,8,6,0.178632,0.141417,1.042009,1.813144,-1719.358,296.0,-863.689,-254.721,608,138,-1.780235,1.042,0.0,0.0,1.042,-2159.179,439.821,0.0,-1719.358,-1612.286,748.597,0.0,-863.689
18.8170935040107,18626,2,8,6,0.18332,0.146458,1.032141,1.197075,-22.339,827.0,30.415,-260.287,-290,-827,-1.361356,1.032,0.0,0.0,1.032,-461.814,439.475,0.0,-22.339,-679.471,709.887,0.0,30.415
18.8170935040107,18631,2,8,6,0.187964,0.144561,1.215275,0.230612,3198.599,2102.0,2517.49,-258.193,-2775,-2102,-0.314159,1.215,0.0,0.0,1.215,2757.056,441.542,0.0,3198.599,877.279,1640.211,0.0,2517.49
18.828135515912436,18636,2,8,6,0.192561,0.143246,1.380794,0.073407,3800.0,2279.0,3652.622,-256.741,-3909,-2279,-0.314159,1.38,0.0,0.0,1.38,3660.685,441.542,0.0,3800.0,1216.8,2435.822,0.0,3652.622
18.828135515912436,18641,2,8,6,0.19711,0.147179,1.398068,0.467427,3049.294,2484.0,3193.85,-261.083,-3454,-2086,-0.837758,1.398,0.0,0.0,1.398,2605.794,443.5,0.0,3049.294,452.235,2741.615,0.0,3193.85
18.83922789990902,18646,2,8,6,0.201611,0.153952,1.334432,0.893378,1679.376,1490.0,2749.532,-268.556,-3018,-1490,-1.256637,1.334,0.0,0.0,1.334,1234.951,444.425,0.0,1679.376,151.501,2598.031,0.0,2749.532
18.83922789990902,18651,2,8,6,0.206062,0.161827,1.238593,1.261622,379.896,968.0,1687.392,-277.233,-1964,-968,-1.466076,1.238,0.0,0.0,1.238,-64.479,444.376,0.0,379.896,-470.482,2157.875,0.0,1687.392
18.850238249986432,18656,2,8,6,0.210462,0.168634,1.171178,1.350724,-58.728,984.0,805.582,-284.725,-1090,-984,-1.466076,1.171,0.0,0.0,1.171,-502.728,443.999,0.0,-58.728,-834.183,1639.765,0.0,805.582
18.850238249986432,18661,2,8,6,0.21481,0.172505,1.184552,1.008428,937.518,917.0,1658.82,-288.982,-1947,-1557,0.0,1.184,0.0,0.0,1.184,493.148,444.37,0.0,937.518,16.414,1642.405,0.0,1658.82
18.86214578500949,18666,2,8,6,0.219105,0.172538,1.303892,0.435904,2876.556,2509.0,2480.62,-289.018,-2769,-2509,0.0,1.303,0.0,0.0,1.303,2430.366,446.19,0.0,2876.556,294.045,2186.575,0.0,2480.62
18.86214578500949,18671,2,8,6,0.223347,0.171908,1.440297,0.15839,3800.0,2776.0,3577.369,-288.325,-3865,-2776,0.0,1.44,0.0,0.0,1.44,3589.337,446.19,0.0,3800.0,819.2,2758.169,0.0,3577.369
18.86214578500949,18676,2,8,6,0.227533,0.174293,1.490704,0.345018,3656.517,2720.0,3962.837,-290.947,-4253,-2720,0.0,1.49,0.0,0.0,1.49,3207.921,448.596,0.0,3656.517,749.213,3213.623,0.0,3962.837
18.873169585946016,18681,2,8,6,0.231663,0.179301,1.466121,0.712839,2559.368,2730.0,2992.817,-296.449,-3289,-2049,-0.942477,1.466,0.0,0.0,1.466,2109.19,450.177,0.0,2559.368,-136.505,3129.323,0.0,2992.817
18.873169585946016,18686,2,8,6,0.235735,0.186654,1.374291,1.203638,928.363,1320.0,2315.23,-304.516,-2619,-1320,-1.361356,1.374,0.0,0.0,1.374,477.827,450.536,0.0,928.363,-313.309,2628.54,0.0,2315.23
18.88406482001301,18695,2,8,6,0.242919,0.198423,1.245898,1.190243,606.203,1350.0,1113.79,-317.406,-1431,-1350,-1.361356,1.245,0.0,0.0,1.245,155.833,450.37,0.0,606.203,-595.037,1708.828,0.0,1113.79
18.89505769999232,18700,2,8,6,0.246827,0.200557,1.295561,0.727634,2041.76,1365.0,2590.292,-319.74,-2910,-2241,0.0,1.295,0.0,0.0,1.295,1590.195,451.564,0.0,2041.76,541.408,2048.884,0.0,2590.292
18.89505769999232,18706,2,8,6,0.250673,0.200627,1.40128,0.30023,3536.821,2814.0,3218.822,-319.817,-3538,-2814,0.0,1.401,0.0,0.0,1.401,3082.939,453.882,0.0,3536.821,578.257,2640.565,0.0,3218.822
18.90616652101744,18711,2,8,6,0.255207,0.202044,1.48857,0.289009,3800.0,2898.0,3838.235,-321.365,-4159,-2898,0.0,1.488,0.0,0.0,1.488,3358.771,453.882,0.0,3800.0,721.6,3116.635,0.0,3838.235
18.90616652101744,18716,2,8,6,0.258916,0.20615,1.477466,0.554469,3040.212,2667.0,3559.869,-325.852,-3885,-2667,0.0,1.477,0.0,0.0,1.477,2584.391,455.82,0.0,3040.212,298.569,3261.299,0.0,3559.869
18.90616652101744,18721,2,8,6,0.262562,0.212413,1.40417,0.92823,1789.453,2530.0,2282.666,-332.688,-2615,-1731,-1.361356,1.404,0.0,0.0,1.404,1332.632,456.821,0.0,1789.453,-592.437,2875.103,0.0,2282.666
18.91796147497371,18726,2,8,6,0.266143,0.219733,1.299478,1.250174,594.974,1351.0,1741.037,-340.666,-2081,-1351,-1.361356,1.299,0.0,0.0,1.299,138.049,456.925,0.0,594.974,-604.82,2345.858,0.0,1741.037
18.91796147497371,18731,2,8,6,0.269657,0.225696,1.230922,1.189526,572.922,1424.0,1259.888,-347.155,-1607,-1424,-1.361356,1.23,0.0,0.0,1.23,115.91,457.012,0.0,572.922,-680.861,1940.749,0.0,1259.888
18.92904756194912,18736,2,8,6,0.273106,0.228335,1.253591,0.77343,1802.47,1839.0,1975.312,-350.024,-2325,-1839,0.0,1.253,0.0,0.0,1.253,1344.45,458.02,0.0,1802.47,-29.223,2004.535,0.0,1975.312
18.92904756194912,18741,2,8,6,0.276487,0.22839,1.346712,0.358682,3226.578,1995.0,3622.792,-350.084,-3972,-2907,0.0,1.346,0.0,0.0,1.346,2766.483,460.095,0.0,3226.578,985.263,2637.529,0.0,3622.792
18.940309099969454,18746,2,8,6,0.279799,0.228611,1.433268,0.226736,3800.0,2980.0,3731.267,-350.325,-4081,-2980,0.0,1.433,0.0,0.0,1.433,3378.29,460.095,0.0,3800.0,656.0,3075.267,0.0,3731.267
18.940309099969454,18751,2,8,6,0.283043,0.231721,1.437003,0.500299,3084.832,2643.0,3548.766,-353.704,-3902,-2643,0.0,1.437,0.0,0.0,1.437,2622.77,462.062,0.0,3084.832,353.466,3195.299,0.0,3548.766
18.951890408992767,18756,2,8,6,0.286217,0.237211,1.37217,0.800985,2062.579,2340.0,2773.823,-359.662,-3133,-2340,-0.942477,1.372,0.0,0.0,1.372,1599.318,463.261,0.0,2062.579,-221.936,2995.759,0.0,2773.823
18.951890408992767,18761,2,8,6,0.28932,0.243002,1.296903,0.998292,1299.975,2190.0,1839.527,-365.939,-2205,-1725,-1.151917,1.296,0.0,0.0,1.296,836.111,463.863,0.0,1299.975,-712.019,2551.547,0.0,1839.527
18.951890408992767,18766,2,8,6,0.292352,0.247919,1.244139,1.00235,1141.379,1779.0,1745.119,-371.26,-2116,-1779,-1.151917,1.244,0.0,0.0,1.244,677.008,464.371,0.0,1141.379,-510.096,2255.215,0.0,1745.119
18.96246272092685,18771,2,8,6,0.295312,0.25065,1.250515,0.728993,1925.727,2179.0,2053.756,-374.214,-2427,-2179,-1.047197,1.25,0.0,0.0,1.25,1460.26,465.466,0.0,1925.727,-202.618,2256.374,0.0,2053.756
18.96246272092685,18776,2,8,6,0.298199,0.251806,1.299007,0.410767,2954.402,2457.0,2963.804,-375.463,-3339,-2457,-0.523598,1.299,0.0,0.0,1.299,2487.07,467.331,0.0,2954.402,397.922,2565.881,0.0,2963.804
18.97389382496476,18785,2,8,6,0.303209,0.255039,1.348758,0.368057,3217.678,2692.0,3599.29,-378.956,-3978,-2692,-0.628318,1.348,0.0,0.0,1.348,2745.961,471.716,0.0,3217.678,420.542,3178.748,0.0,3599.29
18.985134901013225,18790,2,8,6,0.305888,0.259351,1.30305,0.687937,2195.324,2224.0,2999.985,-383.608,-3383,-2224,-0.733038,1.303,0.0,0.0,1.303,1722.316,473.008,0.0,2195.324,-22.94,3022.926,0.0,2999.985
18.985134901013225,18796,2,8,6,0.308492,0.265032,1.21688,0.975326,1149.869,1881.0,2001.725,-389.731,-2391,-1881,-1.151917,1.216,0.0,0.0,1.216,676.351,473.517,0.0,1149.869,-584.904,2586.63,0.0,2001.725
18.997201840975322,18801,2,8,6,0.311516,0.271109,1.131396,0.997311,849.235,1783.0,1361.283,-396.27,-1757,-1590,-1.151917,1.131,0.0,0.0,1.131,375.435,473.799,0.0,849.235,-747.011,2108.295,0.0,1361.283
18.997201840975322,18806,2,8,6,0.313951,0.273996,1.118763,0.766747,1460.181,1976.0,1592.061,-399.372,-1991,-1976,0.0,1.118,0.0,0.0,1.118,985.644,474.537,0.0,1460.181,-412.654,2004.716,0.0,1592.061
18.997201840975322,18811,2,8,6,0.316309,0.274454,1.171948,0.411532,2605.3,2424.0,2374.472,-399.865,-2774,-2424,0.0,1.171,0.0,0.0,1.171,2129.165,476.134,0.0,2605.3,145.04,2229.432,0.0,2374.472
19.008962351013906,18816,2,8,6,0.318589,0.275054,1.218988,0.235588,3231.718,2582.0,3102.074,-400.509,-3502,-2582,0.0,1.218,0.0,0.0,1.218,2753.518,478.199,0.0,3231.718,519.774,2582.299,0.0,3102.074
19.008962351013906,18821,2,8,6,0.320791,0.277164,1.22153,0.27852,3120.61,2692.0,3151.812,-402.775,-3554,-2611,0.0,1.221,0.0,0.0,1.221,2640.427,480.182,0.0,3120.61,342.888,2808.924,0.0,3151.812
19.020264280959964,18826,2,8,6,0.322913,0.280502,1.187507,0.463725,2508.288,2261.0,2990.181,-406.354,-3396,-2261,0.0,1.187,0.0,0.0,1.187,2026.587,481.7,0.0,2508.288,197.83,2792.35,0.0,2990.181
19.020264280959964,18831,2,8,6,0.324955,0.285194,1.113318,0.737574,1534.571,1769.0,2349.703,-411.382,-2761,-1769,-0.733038,1.113,0.0,0.0,1.113,1052.081,482.489,0.0,1534.571,-187.542,2537.246,0.0,2349.703
19.031445672968403,18836,2,8,6,0.326917,0.290139,1.029798,0.933764,751.585,1583.0,1419.109,-416.673,-1835,-1583,-1.047197,1.029,0.0,0.0,1.029,268.893,482.691,0.0,751.585,-665.131,2084.241,0.0,1419.109
19.031445672968403,18841,2,8,6,0.328799,0.294489,0.960691,0.928425,573.103,1397.0,991.635,-421.321,-1412,-1301,-1.047197,0.96,0.0,0.0,0.96,90.344,482.759,0.0,573.103,-659.117,1650.752,0.0,991.635
19.031445672968403,18846,2,8,6,0.330599,0.296947,0.942254,0.677208,1225.445,1622.0,1257.131,-423.946,-1681,-1622,-0.733038,0.942,0.0,0.0,0.942,742.13,483.315,0.0,1225.445,-317.243,1574.375,0.0,1257.131
19.043496649945155,18851,2,8,6,0.332318,0.29745,0.976309,0.345727,2250.267,2031.0,1981.112,-424.482,-2405,-2031,0.0,0.976,0.0,0.0,0.976,1765.628,484.639,0.0,2250.267,175.414,1805.697,0.0,1981.112
19.043496649945155,18856,2,8,6,0.333955,0.29831,0.998051,0.232769,2628.972,2085.0,2512.446,-425.4,-2937,-2085,0.0,0.998,0.0,0.0,0.998,2142.79,486.181,0.0,2628.972,435.177,2077.269,0.0,2512.446
19.054977190913633,18861,2,8,6,0.33551,0.300542,0.979096,0.298508,2393.255,2229.0,2309.664,-427.779,-2737,-2059,0.0,0.979,0.0,0.0,0.979,1905.644,487.611,0.0,2393.255,131.404,2178.259,0.0,2309.664
19.054977190913633,18866,2,8,6,0.336981,0.303704,0.931755,0.439136,1867.979,1811.0,2148.398,-431.148,-2579,-1811,0.0,0.931,0.0,0.0,0.931,1379.333,488.645,0.0,1867.979,45.583,2102.815,0.0,2148.398
19.0656780799618,18875,2,8,6,0.339421,0.309693,0.832387,0.606384,1122.615,1524.0,1386.617,-437.518,-1824,-1524,-0.837758,0.832,0.0,0.0,0.832,632.807,489.807,0.0,1122.615,-321.107,1707.725,0.0,1386.617
19.077151861973107,18880,2,8,6,0.340659,0.312021,0.801857,0.542174,1217.467,1496.0,1342.636,-439.992,-1782,-1584,-0.628318,0.801,0.0,0.0,0.801,727.113,490.353,0.0,1217.467,-222.825,1565.462,0.0,1342.636
19.077151861973107,18886,2,8,6,0.341813,0.313197,0.801238,0.374308,1686.655,1779.0,1523.326,-441.24,-1964,-1779,0.0,0.801,0.0,0.0,0.801,1195.402,491.252,0.0,1686.655,-73.875,1597.202,0.0,1523.326
19.077151861973107,18891,2,8,6,0.343086,0.313436,0.8302,0.191391,2281.259,2026.0,2002.816,-441.494,-2444,-2026,0.0,0.83,0.0,0.0,0.83,1788.666,492.593,0.0,2281.259,204.207,1798.608,0.0,2002.816
19.089111241977662,18896,2,8,6,0.344054,0.314035,0.840555,0.145073,2441.405,2070.0,2289.07,-442.129,-2731,-2070,0.0,0.84,0.0,0.0,0.84,1947.351,494.054,0.0,2441.405,297.124,1991.946,0.0,2289.07
19.089111241977662,18901,2,8,6,0.344938,0.315808,0.815631,0.214961,2177.191,2132.0,2057.366,-444.011,-2501,-1977,0.0,0.815,0.0,0.0,0.815,1681.874,495.317,0.0,2177.191,36.153,2021.212,0.0,2057.366
19.100246981019154,18906,2,8,6,0.345736,0.318299,0.768231,0.331424,1719.293,1798.0,1847.294,-446.652,-2293,-1798,0.0,0.768,0.0,0.0,0.768,1223.059,496.233,0.0,1719.293,-62.965,1910.259,0.0,1847.294
19.100246981019154,18911,2,8,6,0.346449,0.320519,0.726038,0.360929,1519.302,1741.0,1605.954,-449.003,-2054,-1741,-0.418879,0.726,0.0,0.0,0.726,1022.302,497.0,0.0,1519.302,-177.357,1783.312,0.0,1605.954
19.11212030192837,18916,2,8,6,0.347076,0.321752,0.709069,0.285782,1683.094,1814.0,1627.425,-450.309,-2077,-1814,-0.418879,0.709,0.0,0.0,0.709,1185.205,497.889,0.0,1683.094,-104.724,1732.149,0.0,1627.425
19.11212030192837,18921,2,8,6,0.347618,0.322193,0.711905,0.178547,1992.412,1812.0,1966.362,-450.776,-2417,-2034,0.0,0.711,0.0,0.0,0.711,1493.401,499.01,0.0,1992.412,144.329,1822.033,0.0,1966.362
19.11212030192837,18926,2,8,6,0.348074,0.322285,0.722091,0.078442,2302.578,2156.0,2058.483,-450.873,-2509,-2156,0.0,0.722,0.0,0.0,0.722,1802.218,500.36,0.0,2302.578,117.262,1941.22,0.0,2058.483
19.123761178925633,18931,2,8,6,0.348444,0.322806,0.717847,0.071864,2310.471,2146.0,2151.781,-451.425,-2603,-2146,0.0,0.717,0.0,0.0,0.717,1808.754,501.717,0.0,2310.471,131.576,2020.204,0.0,2151.781
19.123761178925633,18936,2,8,6,0.348728,0.32377,0.698805,0.106421,2161.636,2117.0,2072.185,-452.445,-2524,-2117,0.0,0.698,0.0,0.0,0.698,1658.675,502.961,0.0,2161.636,35.709,2036.476,0.0,2072.185
19.13434991100803,18941,2,8,6,0.348926,0.324833,0.674613,0.140022,2000.939,2106.0,1898.364,-453.569,-2351,-2013,-0.209439,0.674,0.0,0.0,0.674,1496.854,504.085,0.0,2000.939,-84.048,1982.412,0.0,1898.364
19.13434991100803,18946,2,8,6,0.349038,0.325885,0.648291,0.160677,1870.385,1976.0,1832.408,-454.681,-2287,-1976,-0.314159,0.648,0.0,0.0,0.648,1365.319,505.066,0.0,1870.385,-84.491,1916.899,0.0,1832.408
19.14584312296938,18951,2,8,6,0.349064,0.326549,0.630407,0.131962,1901.759,1994.0,1802.541,-455.383,-2257,-1994,-0.209439,0.63,0.0,0.0,0.63,1395.646,506.113,0.0,1901.759,-73.792,1876.333,0.0,1802.541
19.14584312296938,18956,2,8,6,0.349003,0.32676,0.622813,0.066623,2064.61,2039.0,1919.297,-455.606,-2374,-2039,0.0,0.622,0.0,0.0,0.622,1557.329,507.281,0.0,2064.61,20.488,1898.808,0.0,1919.297
19.156567538972013,18965,2,8,6,0.348678,0.327184,0.601831,0.028127,2116.149,2068.0,1988.518,-456.054,-2444,-2068,0.0,0.601,0.0,0.0,0.601,1606.371,509.778,0.0,2116.149,38.519,1949.998,0.0,1988.518
19.156567538972013,18970,2,8,6,0.348377,0.327634,0.580801,0.041715,2020.351,2068.0,1887.828,-456.529,-2344,-2068,0.0,0.58,0.0,0.0,0.58,1509.441,510.91,0.0,2020.351,-38.118,1925.947,0.0,1887.828
19.167642051004805,18975,2,8,6,0.347989,0.328003,0.559603,0.039038,1969.584,2021.0,1849.403,-456.92,-2306,-2021,0.0,0.559,0.0,0.0,0.559,1457.58,512.003,0.0,1969.584,-41.132,1890.535,0.0,1849.403
19.167642051004805,18981,2,8,6,0.347516,0.328272,0.538833,0.02014,1965.438,2022.0,1816.738,-457.204,-2273,-1994,0.0,0.538,0.0,0.0,0.538,1452.34,513.098,0.0,1965.438,-45.249,1861.987,0.0,1816.738
19.178855519974604,18986,2,8,6,0.346835,0.328424,0.515525,0.001399,1953.73,2003.0,1801.348,-457.364,-2258,-2003,0.0,0.515,0.0,0.0,0.515,1439.553,514.176,0.0,1953.73,-39.416,1840.764,0.0,1801.348
19.178855519974604,18991,2,8,6,0.346174,0.328505,0.494717,-0.005038,1914.542,1948.0,1780.567,-457.45,-2238,-1948,0.0,0.494,0.0,0.0,0.494,1399.316,515.225,0.0,1914.542,-26.766,1807.333,0.0,1780.567
19.18976842192933,18996,2,8,6,0.345427,0.328687,0.468719,0.005808,1812.349,1929.0,1652.074,-457.642,-2109,-1929,0.0,0.468,0.0,0.0,0.468,1296.151,516.197,0.0,1812.349,-93.32,1745.394,0.0,1652.074
19.18976842192933,19001,2,8,6,0.344595,0.328806,0.442066,-0.0073,1775.37,1855.0,1633.284,-457.768,-2091,-1837,0.0,0.442,0.0,0.0,0.442,1258.227,517.142,0.0,1775.37,-63.703,1696.988,0.0,1633.284
19.200893997913226,19006,2,8,6,0.343677,0.328973,0.411721,-0.003914,1681.797,1771.0,1554.562,-457.944,-2012,-1771,0.0,0.411,0.0,0.0,0.411,1163.782,518.014,0.0,1681.797,-71.362,1625.925,0.0,1554.562
19.200893997913226,19011,2,8,6,0.342675,0.329042,0.381737,0.008303,1564.415,1689.0,1440.851,-458.016,-1898,-1689,0.0,0.381,0.0,0.0,0.381,1045.616,518.798,0.0,1564.415,-99.667,1540.519,0.0,1440.851
19.212243405985646,19016,2,8,6,0.341589,0.329068,0.350568,-0.005879,1517.601,1652.0,1358.25,-458.045,-1816,-1652,0.0,0.35,0.0,0.0,0.35,998.054,519.547,0.0,1517.601,-107.518,1465.769,0.0,1358.25
19.212243405985646,19021,2,8,6,0.340418,0.329021,0.319105,-0.027335,1490.31,1625.0,1287.386,-457.995,-1745,-1579,0.0,0.319,0.0,0.0,0.319,970.034,520.275,0.0,1490.31,-107.751,1395.137,0.0,1287.386
19.212243405985646,19026,2,8,6,0.339163,0.3291,0.281767,-0.014077,1349.264,1469.0,1197.729,-458.078,-1655,-1469,0.0,0.281,0.0,0.0,0.281,828.367,520.896,0.0,1349.264,-95.788,1293.518,0.0,1197.729
19.22308315592818,19031,2,8,6,0.337824,0.32922,0.24091,-0.020212,1252.587,1432.0,1049.146,-458.205,-1507,-1432,0.0,0.24,0.0,0.0,0.24,731.142,521.444,0.0,1252.587,-143.53,1192.676,0.0,1049.146
19.22308315592818,19036,2,8,6,0.336402,0.329095,0.204597,-0.050707,1236.812,1377.0,1002.153,-458.073,-1460,-1377,0.0,0.204,0.0,0.0,0.204,714.853,521.959,0.0,1236.812,-112.15,1114.303,0.0,1002.153
19.23417835496366,19041,2,8,6,0.334898,0.328929,0.16713,-0.071422,1190.41,1368.0,882.141,-457.897,-1340,-1275,0.0,0.167,0.0,0.0,0.167,667.95,522.46,0.0,1190.41,-142.071,1024.213,0.0,882.141
19.23417835496366,19046,2,8,6,0.33331,0.328777,0.126929,-0.084952,1116.175,1228.0,859.092,-457.737,-1316,-1228,0.0,0.126,0.0,0.0,0.126,593.269,522.905,0.0,1116.175,-89.459,948.552,0.0,859.092
19.245735367992893,19055,2,8,6,0.330245,0.328323,0.053834,-0.106832,973.526,1120.0,665.185,-457.257,-1122,-1120,0.0,0.053,0.0,0.0,0.053,449.869,523.657,0.0,973.526,-117.178,782.364,0.0,665.185
19.257240884006023,19060,2,8,6,0.328429,0.327996,0.012112,-0.10284,845.766,1101.0,448.501,-456.912,-905,-982,0.0,0.012,0.0,0.0,0.012,321.867,523.898,0.0,845.766,-204.187,652.689,0.0,448.501
19.257240884006023,19065,2,8,6,0.326531,0.32761,-0.030216,-0.110722,749.482,898.0,426.01,-456.504,-882,-898,0.0,-0.03,0.0,0.0,-0.03,225.415,524.067,0.0,749.482,-118.813,544.824,0.0,426.01
19.257240884006023,19071,2,8,6,0.324553,0.327042,-0.069689,-0.120108,665.348,854.0,285.943,-455.904,-741,-854,0.0,-0.069,0.0,0.0,-0.069,141.174,524.173,0.0,665.348,-150.921,436.865,0.0,285.943
19.268686856958084,19076,2,8,6,0.322073,0.326276,-0.117681,-0.125426,545.875,770.0,130.377,-455.094,-585,-770,0.0,-0.117,0.0,0.0,-0.117,21.685,524.19,0.0,545.875,-179.299,309.677,0.0,130.377
19.268686856958084,19081,2,8,6,0.319919,0.325609,-0.159324,-0.125725,430.042,724.0,-77.761,-454.39,-376,-612,0.0,-0.159,0.0,0.0,-0.159,-94.076,524.119,0.0,430.042,-235.165,157.404,0.0,-77.761
19.27988418098539,19086,2,8,6,0.317686,0.32487,-0.201145,-0.158625,404.975,597.0,-98.068,-453.608,-355,-597,0.0,-0.201,0.0,0.0,-0.201,-119.054,524.03,0.0,404.975,-153.619,55.551,0.0,-98.068
19.27988418098539,19091,2,8,6,0.315375,0.323814,-0.236282,-0.201533,426.66,543.0,-110.786,-452.491,-341,-543,0.209439,-0.236,0.0,0.0,-0.236,-97.297,523.957,0.0,426.66,-93.071,-17.714,0.0,-110.786
19.291323069948703,19096,2,8,6,0.312986,0.322776,-0.274127,-0.22007,372.484,523.0,-217.33,-451.393,-234,-523,0.209439,-0.274,0.0,0.0,-0.274,-151.358,523.843,0.0,372.484,-120.412,-96.918,0.0,-217.33
19.291323069948703,19101,2,8,6,0.31052,0.321828,-0.316642,-0.235783,297.267,494.0,-356.041,-450.39,-94,-421,0.209439,-0.316,0.0,0.0,-0.316,-226.406,523.673,0.0,297.267,-157.386,-198.655,0.0,-356.041
19.291323069948703,19106,2,8,6,0.307977,0.320682,-0.355728,-0.269849,283.032,402.0,-360.403,-449.176,-88,-402,0.314159,-0.355,0.0,0.0,-0.355,-240.46,523.493,0.0,283.032,-95.173,-265.229,0.0,-360.403
19.302882900927216,19111,2,8,6,0.305358,0.319216,-0.388027,-0.321206,336.254,432.0,-380.724,-447.624,-66,-432,0.314159,-0.388,0.0,0.0,-0.388,-187.099,523.353,0.0,336.254,-76.596,-304.127,0.0,-380.724
19.302882900927216,19116,2,8,6,0.302664,0.317579,-0.417616,-0.340895,308.372,378.0,-405.412,-445.889,-40,-378,0.314159,-0.417,0.0,0.0,-0.417,-214.819,523.192,0.0,308.372,-55.701,-349.71,0.0,-405.412
19.314336352981627,19121,2,8,6,0.299895,0.316016,-0.451391,-0.354564,251.874,391.0,-529.158,-444.232,84,-354,0.418879,-0.451,0.0,0.0,-0.451,-271.114,522.988,0.0,251.874,-111.3,-417.858,0.0,-529.158
19.314336352981627,19126,2,8,6,0.297052,0.314182,-0.479622,-0.39412,283.409,350.0,-504.602,-442.285,62,-350,0.418879,-0.479,0.0,0.0,-0.479,-239.407,522.816,0.0,283.409,-53.272,-451.329,0.0,-504.602
19.325682831928134,19131,2,8,6,0.294136,0.312118,-0.503486,-0.426639,307.484,346.0,-502.647,-440.095,62,-346,0.523598,-0.503,0.0,0.0,-0.503,-215.17,522.655,0.0,307.484,-30.812,-471.834,0.0,-502.647
19.325682831928134,19136,2,8,6,0.291147,0.309992,-0.527634,-0.441481,281.245,345.0,-554.899,-437.836,117,-345,0.523598,-0.527,0.0,0.0,-0.527,-241.228,522.474,0.0,281.245,-51.003,-503.896,0.0,-554.899
19.33707016799599,19145,2,8,6,0.285587,0.306154,-0.575866,-0.435063,127.678,211.0,-685.524,-433.755,251,-211,0.523598,-0.575,0.0,0.0,-0.575,-394.248,521.927,0.0,127.678,-66.657,-618.867,0.0,-685.524
19.33707016799599,19150,2,8,6,0.2824,0.304029,-0.605632,-0.439347,55.98,167.0,-776.399,-431.494,344,-167,0.523598,-0.605,0.0,0.0,-0.605,-465.597,521.577,0.0,55.98,-88.815,-687.583,0.0,-776.399
19.348100847913884,19155,2,8,6,0.279142,0.301706,-0.631806,-0.466263,57.711,165.0,-827.394,-429.02,398,-165,0.523598,-0.631,0.0,0.0,-0.631,-463.519,521.23,0.0,57.711,-85.831,-741.563,0.0,-827.394
19.348100847913884,19161,2,8,6,0.275815,0.29936,-0.659249,-0.50282,82.9,182.0,-868.947,-426.519,442,-227,0.523598,-0.659,0.0,0.0,-0.659,-438.0,520.9,0.0,82.9,-79.279,-789.667,0.0,-868.947
19.359159261919558,19166,2,8,6,0.271734,0.295982,-0.678959,-0.594474,284.165,355.0,-830.559,-422.916,407,-355,0.628318,-0.678,0.0,0.0,-0.678,-236.557,520.723,0.0,284.165,-56.667,-773.892,0.0,-830.559
19.359159261919558,19171,2,8,6,0.268259,0.292419,-0.676488,-0.719826,642.159,532.0,-577.611,-419.111,158,-532,0.733038,-0.676,0.0,0.0,-0.676,121.345,520.813,0.0,642.159,88.127,-665.739,0.0,-577.611
19.370233636931516,19176,2,8,6,0.264717,0.288507,-0.666123,-0.799299,893.987,581.0,-250.086,-414.929,-164,-581,0.837758,-0.666,0.0,0.0,-0.666,372.894,521.093,0.0,893.987,250.39,-500.476,0.0,-250.086
19.370233636931516,19181,2,8,6,0.261111,0.284674,-0.659764,-0.813736,952.537,645.0,-93.308,-410.825,-317,-695,0.837758,-0.659,0.0,0.0,-0.659,431.119,521.417,0.0,952.537,246.029,-339.337,0.0,-93.308
19.383002345915884,19186,2,8,6,0.25744,0.281164,-0.664286,-0.773442,827.281,633.0,-111.705,-407.065,-295,-633,0.733038,-0.664,0.0,0.0,-0.664,305.635,521.646,0.0,827.281,155.425,-267.13,0.0,-111.705
19.383002345915884,19191,2,8,6,0.253705,0.278348,-0.689989,-0.663431,447.228,458.0,-330.106,-404.044,-73,-458,0.628318,-0.689,0.0,0.0,-0.689,-74.362,521.59,0.0,447.228,-8.617,-321.488,0.0,-330.106
19.383002345915884,19196,2,8,6,0.249908,0.275907,-0.727962,-0.577445,99.828,346.0,-663.857,-401.424,262,-346,0.523598,-0.727,0.0,0.0,-0.727,-421.445,521.274,0.0,99.828,-196.937,-466.92,0.0,-663.857
19.394165264908224,19201,2,8,6,0.246049,0.273346,-0.764309,-0.560815,-48.935,297.0,-922.325,-398.674,523,-230,0.523598,-0.764,0.0,0.0,-0.764,-569.782,520.846,0.0,-48.935,-276.748,-645.576,0.0,-922.325
19.394165264908224,19206,2,8,6,0.24213,0.270264,-0.787755,-0.6139,33.688,283.0,-949.337,-395.361,553,-283,0.628318,-0.787,0.0,0.0,-0.787,-486.793,520.481,0.0,33.688,-199.449,-749.888,0.0,-949.337
19.404983185930178,19211,2,8,6,0.238151,0.266125,-0.783272,-0.781671,515.995,541.0,-705.461,-390.908,314,-541,0.628318,-0.783,0.0,0.0,-0.783,-4.483,520.478,0.0,515.995,-20.003,-685.458,0.0,-705.461
19.404983185930178,19216,2,8,6,0.234112,0.261091,-0.755406,-0.951119,1068.87,656.0,-134.09,-385.485,-251,-656,1.047197,-0.755,0.0,0.0,-0.755,547.997,520.873,0.0,1068.87,330.296,-464.386,0.0,-134.09
19.41598264791537,19221,2,8,6,0.230016,0.256129,-0.731144,-1.01527,1317.022,747.0,288.619,-380.132,-668,-910,1.047197,-0.731,0.0,0.0,-0.731,795.552,521.469,0.0,1317.022,456.017,-167.398,0.0,288.619
19.41598264791537,19226,2,8,6,0.225864,0.25216,-0.736273,-0.91119,1011.602,741.0,113.635,-375.845,-489,-741,1.047197,-0.736,0.0,0.0,-0.736,489.765,521.837,0.0,1011.602,216.481,-102.846,0.0,113.635
19.427084414986894,19235,2,8,6,0.21825,0.247054,-0.806507,-0.651872,88.454,354.0,-605.757,-370.324,235,-354,0.733038,-0.806,0.0,0.0,-0.806,-432.975,521.43,0.0,88.454,-212.436,-393.321,0.0,-605.757
19.427084414986894,19240,2,8,6,0.213944,0.243806,-0.836142,-0.641321,-24.477,335.0,-862.388,-366.809,495,-216,0.733038,-0.836,0.0,0.0,-0.836,-545.498,521.02,0.0,-24.477,-287.582,-574.806,0.0,-862.388
19.43830655491911,19245,2,8,6,0.209585,0.240378,-0.862209,-0.669783,-18.175,274.0,-931.253,-363.096,568,-274,0.837758,-0.862,0.0,0.0,-0.862,-538.792,520.616,0.0,-18.175,-233.74,-697.513,0.0,-931.253
19.43830655491911,19251,2,8,6,0.205175,0.236414,-0.874685,-0.785448,270.565,371.0,-798.947,-358.797,440,-371,0.837758,-0.874,0.0,0.0,-0.874,-249.862,520.428,0.0,270.565,-80.347,-718.6,0.0,-798.947
19.450797874946147,19256,2,8,6,0.199815,0.230705,-0.864897,-0.946736,749.748,503.0,-374.101,-352.6,21,-503,1.047197,-0.864,0.0,0.0,-0.864,229.147,520.6,0.0,749.748,197.398,-571.5,0.0,-374.101
19.450797874946147,19261,2,8,6,0.195295,0.225662,-0.85027,-1.019352,994.385,565.0,-6.182,-347.119,-340,-671,1.047197,-0.85,0.0,0.0,-0.85,473.43,520.955,0.0,994.385,343.508,-349.691,0.0,-6.182
19.461575537919998,19266,2,8,6,0.190727,0.221371,-0.858052,-0.946921,769.973,525.0,-89.727,-342.45,-252,-525,0.942477,-0.858,0.0,0.0,-0.858,248.83,521.142,0.0,769.973,195.978,-285.705,0.0,-89.727
19.461575537919998,19271,2,8,6,0.186111,0.218327,-0.90205,-0.780939,181.775,277.0,-478.86,-339.135,139,-277,0.733038,-0.902,0.0,0.0,-0.902,-339.112,520.887,0.0,181.775,-76.179,-402.681,0.0,-478.86
19.461575537919998,19276,2,8,6,0.181449,0.215686,-0.95863,-0.664157,-304.254,113.0,-977.496,-336.257,641,-113,0.628318,-0.958,0.0,0.0,-0.958,-824.523,520.269,0.0,-304.254,-333.803,-643.693,0.0,-977.496
19.473099365946837,19281,2,8,6,0.176743,0.212658,-1.00561,-0.645788,-487.986,3.0,-1294.573,-332.955,961,140,0.628318,-1.005,0.0,0.0,-1.005,-1007.499,519.512,0.0,-487.986,-392.789,-901.784,0.0,-1294.573
19.473099365946837,19286,2,8,6,0.171993,0.20895,-1.034784,-0.722324,-356.03,-28.0,-1283.151,-328.909,954,28,0.733038,-1.034,0.0,0.0,-1.034,-874.888,518.857,0.0,-356.03,-262.424,-1020.726,0.0,-1283.151
19.484405986964703,19291,2,8,6,0.167201,0.204201,-1.036011,-0.892048,115.457,193.0,-1055.572,-323.723,731,-193,0.837758,-1.036,0.0,0.0,-1.036,-403.097,518.555,0.0,115.457,-62.033,-993.538,0.0,-1055.572
19.484405986964703,19296,2,8,6,0.162367,0.198507,-1.011901,-1.06251,660.366,321.0,-526.778,-317.497,209,-321,0.942477,-1.011,0.0,0.0,-1.011,141.704,518.661,0.0,660.366,271.493,-798.272,0.0,-526.778
19.495851296000183,19301,2,8,6,0.157494,0.192697,-0.985686,-1.156974,998.625,435.0,-52.362,-311.138,-258,-614,1.047197,-0.985,0.0,0.0,-0.985,479.604,519.021,0.0,998.625,450.9,-503.263,0.0,-52.362
19.495851296000183,19306,2,8,6,0.152581,0.187503,-0.977819,-1.081071,808.333,409.0,-73.944,-305.447,-231,-409,1.047197,-0.977,0.0,0.0,-0.977,289.104,519.229,0.0,808.333,319.467,-393.411,0.0,-73.944
19.495851296000183,19311,2,8,6,0.147631,0.183895,-1.015412,-0.854903,69.465,78.0,-510.361,-301.491,208,-78,0.942477,-1.015,0.0,0.0,-1.015,-449.427,518.892,0.0,69.465,-6.827,-503.534,0.0,-510.361
19.508054540958256,19316,2,8,6,0.142644,0.181322,-1.082979,-0.66486,-652.719,-163.0,-1193.019,-298.667,894,163,0.628318,-1.082,0.0,0.0,-1.082,-1170.733,518.014,0.0,-652.719,-391.775,-801.244,0.0,-1193.019
19.51883991190698,19325,2,8,6,0.133581,0.176567,-1.203633,-0.603601,-1164.601,-620.0,-1930.564,-293.446,1637,620,0.628318,-1.203,0.0,0.0,-1.203,-1680.089,515.487,0.0,-1164.601,-435.681,-1494.883,0.0,-1930.564
19.51883991190698,19330,2,8,6,0.128499,0.17239,-1.228954,-0.79888,-689.62,-428.0,-1776.856,-288.856,1488,428,0.837758,-1.228,0.0,0.0,-1.228,-1204.205,514.584,0.0,-689.62,-209.296,-1567.559,0.0,-1776.856
19.529979157960042,19335,2,8,6,0.123385,0.166652,-1.21148,-1.067073,109.94,-156.0,-1166.858,-282.545,884,156,1.047197,-1.211,0.0,0.0,-1.211,-404.34,514.281,0.0,109.94,212.752,-1379.611,0.0,-1166.858
19.529979157960042,19341,2,8,6,0.118241,0.160223,-1.175511,-1.242962,703.287,-120.0,-303.887,-275.467,28,-267,1.256637,-1.175,0.0,0.0,-1.175,188.863,514.423,0.0,703.287,658.629,-962.517,0.0,-303.887
19.540500308969058,19346,2,8,6,0.112029,0.15345,-1.159791,-1.165321,529.921,27.0,-404.895,-268.002,136,-27,1.256637,-1.159,0.0,0.0,-1.159,15.486,514.435,0.0,529.921,402.337,-807.233,0.0,-404.895
19.540500308969058,19351,2,8,6,0.106822,0.15,-1.208981,-0.870115,-435.1,-361.0,-1019.799,-264.196,755,361,1.047197,-1.208,0.0,0.0,-1.208,-948.824,513.723,0.0,-435.1,-59.28,-960.519,0.0,-1019.799
19.552356907981448,19356,2,8,6,0.10159,0.14776,-1.292769,-0.654049,-1276.034,-649.0,-1827.214,-261.724,1565,649,0.628318,-1.292,0.0,0.0,-1.292,-1788.417,512.382,0.0,-1276.034,-501.627,-1325.587,0.0,-1827.214
19.552356907981448,19361,2,8,6,0.096332,0.144757,-1.355906,-0.645863,-1477.226,-800.0,-2222.736,-258.409,1964,925,0.628318,-1.355,0.0,0.0,-1.355,-1988.117,510.891,0.0,-1477.226,-541.781,-1680.955,0.0,-2222.736
19.552356907981448,19366,2,8,6,0.09105,0.140517,-1.385092,-0.791324,-1152.905,-761.0,-2124.596,-253.726,1870,761,0.837758,-1.385,0.0,0.0,-1.385,-1662.549,509.644,0.0,-1152.905,-313.524,-1811.072,0.0,-2124.596
19.564162326976657,19371,2,8,6,0.085745,0.134657,-1.36954,-1.041334,-410.022,-383.0,-1740.243,-247.249,1492,383,1.047197,-1.369,0.0,0.0,-1.369,-918.977,508.955,0.0,-410.022,-21.618,-1718.625,0.0,-1740.243
19.564162326976657,19376,2,8,6,0.080421,0.12781,-1.326897,-1.281379,381.409,-161.0,-969.466,-239.674,729,161,1.151917,-1.326,0.0,0.0,-1.326,-127.45,508.859,0.0,381.409,433.927,-1403.393,0.0,-969.466
19.574971057008952,19381,2,8,6,0.075075,0.120928,-1.283878,-1.374184,761.904,-67.0,-315.232,-232.054,83,-143,1.151917,-1.283,0.0,0.0,-1.283,252.855,509.049,0.0,761.904,663.123,-978.356,0.0,-315.232
19.574971057008952,19386,2,8,6,0.069711,0.115341,-1.277642,-1.211055,322.466,-163.0,-463.49,-225.864,237,163,1.151917,-1.277,0.0,0.0,-1.277,-186.443,508.909,0.0,322.466,388.373,-851.863,0.0,-463.49
19.585900973994285,19391,2,8,6,0.064329,0.112185,-1.339963,-0.845121,-877.687,-672.0,-1270.817,-222.365,1048,672,0.942477,-1.339,0.0,0.0,-1.339,-1385.557,507.87,0.0,-877.687,-164.549,-1106.267,0.0,-1270.817
19.585900973994285,19396,2,8,6,0.058933,0.110086,-1.432282,-0.633372,-1730.687,-912.0,-2201.866,-220.038,1981,912,0.733038,-1.432,0.0,0.0,-1.432,-2236.947,506.259,0.0,-1730.687,-654.95,-1546.916,0.0,-2201.866
19.597494237008505,19401,2,8,6,0.053522,0.106797,-1.491723,-0.692021,-1734.582,-1040.0,-2466.547,-216.389,2250,1040,0.733038,-1.491,0.0,0.0,-1.491,-2239.163,504.58,0.0,-1734.582,-555.666,-1910.881,0.0,-2466.547
19.597494237008505,19406,2,8,6,0.048097,0.101459,-1.494151,-0.979824,-936.616,-521.0,-2233.909,-210.465,2023,521,1.151917,-1.494,0.0,0.0,-1.494,-1440.117,503.5,0.0,-936.616,-332.493,-1901.415,0.0,-2233.909
19.60820254299324,19415,2,8,6,0.038304,0.086305,-1.344034,-1.733842,1595.726,377.0,110.139,-193.63,-303,-377,1.780235,-1.344,0.0,0.0,-1.344,1091.462,504.264,0.0,1595.726,974.981,-864.842,0.0,110.139
19.60820254299324,19420,2,8,6,0.032849,0.077649,-1.254402,-1.715603,1796.593,583.0,732.36,-184.004,-916,-646,1.780235,-1.254,0.0,0.0,-1.254,1291.36,505.232,0.0,1796.593,970.874,-238.514,0.0,732.36
19.619986146921292,19425,2,8,6,0.027386,0.072453,-1.261872,-1.256377,489.837,-68.0,199.824,-178.222,-378,68,1.151917,-1.261,0.0,0.0,-1.261,-15.383,505.221,0.0,489.837,446.27,-246.445,0.0,199.824
19.619986146921292,19431,2,8,6,0.021917,0.071039,-1.375418,-0.626758,-1592.605,-929.0,-1369.776,-176.648,1193,929,0.0,-1.375,0.0,0.0,-1.375,-2096.249,503.643,0.0,-1592.605,-530.884,-838.891,0.0,-1369.776
19.630898999981582,19436,2,8,6,0.015347,0.070702,-1.549948,-0.368305,-2807.438,-1239.0,-2933.156,-176.273,2756,1239,0.0,-1.549,0.0,0.0,-1.549,-3308.601,501.162,0.0,-2807.438,-1254.751,-1678.405,0.0,-2933.156
19.630898999981582,19441,2,8,6,0.009867,0.067439,-1.612001,-0.578174,-2395.723,-1440.0,-2942.702,-172.641,2770,1176,0.0,-1.612,0.0,0.0,-1.612,-2894.714,498.991,0.0,-2395.723,-764.578,-2178.124,0.0,-2942.702
19.630898999981582,19446,2,8,6,0.004385,0.060003,-1.557293,-1.200802,-499.933,-209.0,-2169.378,-164.36,2005,209,0.0,-1.557,0.0,0.0,-1.557,-998.176,498.242,0.0,-499.933,-232.746,-1936.631,0.0,-2169.378
19.64296786894556,19451,2,8,6,-0.001097,0.048759,-1.395973,-1.906791,1929.604,890.0,-277.654,-151.832,125,-890,1.884955,-1.395,0.0,0.0,-1.395,1430.289,499.315,0.0,1929.604,831.683,-1109.338,0.0,-277.654
19.64296786894556,19456,2,8,6,-0.00658,0.037116,-1.223509,-2.127885,3033.466,1051.0,1499.419,-138.853,-1638,-1051,1.884955,-1.223,0.0,0.0,-1.223,2532.252,501.214,0.0,3033.466,1585.973,-86.554,0.0,1499.419
19.65383252198808,19461,2,8,6,-0.01206,0.029492,-1.163484,-1.725941,2077.273,1343.0,900.723,-130.35,-1031,-715,1.361356,-1.163,0.0,0.0,-1.163,1574.877,502.395,0.0,2077.273,587.418,313.305,0.0,900.723
19.65383252198808,19466,2,8,6,-0.017539,0.027437,-1.259342,-0.916263,-458.945,-474.0,-142.555,-128.058,14,474,0.523598,-1.259,0.0,0.0,-1.259,-960.621,501.675,0.0,-458.945,12.043,-154.599,0.0,-142.555
19.665009772987105,19471,2,8,6,-0.023012,0.028489,-1.442065,-0.291019,-2723.671,-1388.0,-2163.024,-129.231,2033,1388,0.314159,-1.442,0.0,0.0,-1.442,-3222.929,499.258,0.0,-2723.671,-1068.536,-1094.487,0.0,-2163.024
19.665009772987105,19476,2,8,6,-0.028481,0.027935,-1.579672,-0.260668,-3196.72,-1462.0,-3363.865,-128.614,3235,1462,0.314159,-1.579,0.0,0.0,-1.579,-3693.209,496.488,0.0,-3196.72,-1387.776,-1976.089,0.0,-3363.865
19.676149043021724,19481,2,8,6,-0.033942,0.023343,-1.60399,-0.727038,-1960.82,-1673.0,-2373.701,-123.491,2250,884,1.047197,-1.603,0.0,0.0,-1.603,-2455.467,494.646,0.0,-1960.82,-230.256,-2143.444,0.0,-2373.701
19.676149043021724,19486,2,8,6,-0.039395,0.013966,-1.494117,-1.524576,579.993,335.0,-1344.461,-113.029,1231,-335,1.675516,-1.494,0.0,0.0,-1.494,85.285,494.708,0.0,579.993,195.994,-1540.456,0.0,-1344.461
19.68748714996036,19491,2,8,6,-0.044837,0.001741,-1.304219,-2.081449,2672.582,1059.0,788.509,-99.389,-887,-1059,1.780235,-1.304,0.0,0.0,-1.304,2176.242,496.34,0.0,2672.582,1290.866,-502.357,0.0,788.509
19.68748714996036,19496,2,8,6,-0.050269,-0.007632,-1.193844,-1.853925,2345.95,819.0,1429.613,-88.929,-1518,-819,1.780235,-1.193,0.0,0.0,-1.193,1848.224,497.726,0.0,2345.95,1221.56,208.053,0.0,1429.613
19.68748714996036,19501,2,8,6,-0.055689,-0.01064,-1.26136,-0.992006,-257.03,857.0,-1235.023,-85.573,1149,794,0.628318,-1.261,0.0,0.0,-1.261,-754.191,497.16,0.0,-257.03,-891.224,-343.799,0.0,-1235.023
19.698878517956473,19510,2,8,6,-0.065408,-0.008253,-1.60035,-0.032704,-3800.0,-2202.0,-3550.608,-88.236,3462,2202,0.418879,-1.6,0.0,0.0,-1.6,-4389.41,491.142,0.0,-3800.0,-1278.4,-2272.208,0.0,-3550.608
19.709610146004707,19515,2,8,6,-0.070786,-0.011071,-1.67203,-0.410406,-3044.051,-1953.0,-3639.821,-85.092,3554,1953,0.418879,-1.672,0.0,0.0,-1.672,-3532.545,488.493,0.0,-3044.051,-872.841,-2766.979,0.0,-3639.821
19.709610146004707,19521,2,8,6,-0.076146,-0.017367,-1.645824,-0.968668,-1408.97,-1886.0,-2139.293,-78.067,2061,796,1.570796,-1.645,0.0,0.0,-1.645,-1896.036,487.066,0.0,-1408.97,381.623,-2520.917,0.0,-2139.293
19.720893290941603,19526,2,8,6,-0.082554,-0.029373,-1.489074,-1.720287,1134.948,524.0,-1207.365,-64.674,1142,-524,1.884955,-1.489,0.0,0.0,-1.489,647.396,487.551,0.0,1134.948,488.758,-1696.123,0.0,-1207.365
19.720893290941603,19531,2,8,6,-0.087871,-0.042186,-1.279165,-2.178066,3006.363,1168.0,886.513,-50.386,-936,-1168,1.884955,-1.279,0.0,0.0,-1.279,2516.924,489.439,0.0,3006.363,1470.691,-584.177,0.0,886.513
19.732127837021835,19536,2,8,6,-0.093167,-0.052176,-1.147738,-1.998727,2873.994,1036.0,1781.074,-39.251,-1820,-1036,1.884955,-1.147,0.0,0.0,-1.147,2382.768,491.226,0.0,2873.994,1470.395,310.678,0.0,1781.074
19.732127837021835,19541,2,8,6,-0.098439,-0.056066,-1.186448,-1.152087,394.942,1127.0,-630.711,-34.917,595,306,0.0,-1.186,0.0,0.0,-1.186,-96.211,491.154,0.0,394.942,-585.645,-45.065,0.0,-630.711
19.732127837021835,19546,2,8,6,-0.103687,-0.054388,-1.380369,-0.239778,-2704.895,-1594.0,-2003.96,-36.787,1967,1594,0.0,-1.38,0.0,0.0,-1.38,-3193.654,488.759,0.0,-2704.895,-888.716,-1115.244,0.0,-2003.96
19.743098175968044,19551,2,8,6,-0.10891,-0.053614,-1.548283,-0.180892,-3342.805,-1566.0,-3416.638,-37.649,3378,1566,0.0,-1.548,0.0,0.0,-1.548,-3828.693,485.887,0.0,-3342.805,-1421.444,-1995.194,0.0,-3416.638
19.743098175968044,19556,2,8,6,-0.114106,-0.058699,-1.551379,-0.811194,-1588.184,-1086.0,-2552.599,-31.983,2520,1086,0.0,-1.551,0.0,0.0,-1.551,-2072.517,484.333,0.0,-1588.184,-401.747,-2150.852,0.0,-2552.599
19.754738776944578,19561,2,8,6,-0.119274,-0.068722,-1.415457,-1.595202,987.996,-936.0,367.169,-20.823,-387,-656,1.466076,-1.415,0.0,0.0,-1.415,503.285,484.71,0.0,987.996,1539.197,-1172.028,0.0,367.169
19.754738776944578,19566,2,8,6,-0.124411,-0.080656,-1.225145,-2.046573,2786.432,1307.0,998.288,-7.543,-1005,-1307,1.466076,-1.225,0.0,0.0,-1.225,2299.996,486.435,0.0,2786.432,1183.546,-185.257,0.0,998.288
19.76542469591368,19571,2,8,6,-0.129519,-0.089338,-1.12507,-1.713678,2135.773,859.0,1340.688,2.108,-1338,-859,1.466076,-1.125,0.0,0.0,-1.125,1648.101,487.671,0.0,2135.773,1021.418,319.269,0.0,1340.688
19.76542469591368,19576,2,8,6,-0.134594,-0.0922,-1.187032,-0.992166,-58.345,205.0,-148.513,5.29,153,-205,1.047197,-1.187,0.0,0.0,-1.187,-545.624,487.278,0.0,-58.345,-210.676,62.163,0.0,-148.513
19.777095012017526,19581,2,8,6,-0.139636,-0.092043,-1.332612,-0.394105,-2142.51,-147.0,-2578.367,5.115,2583,1470,0.733038,-1.332,0.0,0.0,-1.332,-2627.818,485.308,0.0,-2142.51,-1596.408,-981.959,0.0,-2578.367
19.777095012017526,19586,2,8,6,-0.144644,-0.091679,-1.483013,-0.149559,-3251.163,-1780.0,-3023.576,4.71,3028,1780,0.733038,-1.483,0.0,0.0,-1.483,-3733.671,482.507,0.0,-3251.163,-1176.93,-1846.645,0.0,-3023.576
19.777095012017526,19591,2,8,6,-0.149616,-0.094631,-1.539594,-0.528725,-2350.049,-1212.0,-3143.942,7.99,3151,1212,0.733038,-1.539,0.0,0.0,-1.539,-2830.434,480.384,0.0,-2350.049,-910.439,-2233.503,0.0,-3143.942
19.78813288093079,19600,2,8,6,-0.158473,-0.111345,-1.319577,-1.923861,2173.269,-62.0,1115.533,26.541,-1088,-1225,1.675516,-1.319,0.0,0.0,-1.319,1691.995,481.274,0.0,2173.269,1788.215,-672.681,0.0,1115.533
19.799093729932792,19605,2,8,6,-0.163338,-0.123395,-1.118408,-2.193584,3494.025,1545.0,1989.168,39.894,-1949,-1545,1.675516,-1.118,0.0,0.0,-1.118,3010.493,483.532,0.0,3494.025,1559.22,429.948,0.0,1989.168
19.799093729932792,19611,2,8,6,-0.168164,-0.130961,-1.041687,-1.604375,2060.242,857.0,1788.442,48.268,-1740,-857,1.256637,-1.041,0.0,0.0,-1.041,1575.524,484.717,0.0,2060.242,962.594,825.848,0.0,1788.442
19.810134711908177,19616,2,8,6,-0.1739,-0.130698,-1.209633,-0.490806,-1529.507,-256.0,-1029.759,47.978,1077,256,0.733038,-1.209,0.0,0.0,-1.209,-2012.716,483.208,0.0,-1529.507,-1018.806,-10.952,0.0,-1029.759
19.810134711908177,19621,2,8,6,-0.178632,-0.127022,-1.445077,0.114991,-3800.0,-769.0,-4008.23,43.91,4052,2144,0.314159,-1.445,0.0,0.0,-1.445,-4368.191,479.932,0.0,-3800.0,-2424.8,-1583.43,0.0,-4008.23
19.821078990935348,19626,2,8,6,-0.18332,-0.12704,-1.575834,-0.068162,-3744.714,-1784.0,-3987.784,43.93,4031,1784,0.314159,-1.575,0.0,0.0,-1.575,-4221.481,476.766,0.0,-3744.714,-1568.571,-2419.213,0.0,-3987.784
19.821078990935348,19631,2,8,6,-0.187964,-0.133935,-1.512812,-0.996137,-971.009,-414.0,-2759.523,51.558,2811,414,1.047197,-1.512,0.0,0.0,-1.512,-1446.69,475.681,0.0,-971.009,-445.607,-2313.915,0.0,-2759.523
19.832562280003913,19641,2,8,6,-0.196204,-0.160889,-0.988818,-2.390163,3800.0,1025.0,2615.542,81.308,-2534,-1747,1.570796,-0.988,0.0,0.0,-0.988,3923.766,477.197,0.0,3800.0,2220.0,395.542,0.0,2615.542
19.832562280003913,19646,2,8,6,-0.201611,-0.168631,-0.923448,-1.665318,2555.989,961.0,2154.337,89.829,-2064,-961,1.361356,-0.923,0.0,0.0,-0.923,2077.234,478.755,0.0,2555.989,1275.991,878.345,0.0,2154.337
19.843366771005094,19651,2,8,6,-0.206062,-0.16699,-1.094002,-0.393989,-1482.752,-814.0,-519.932,88.024,607,814,0.314159,-1.094,0.0,0.0,-1.094,-1960.037,477.285,0.0,-1482.752,-535.001,15.068,0.0,-519.932
19.843366771005094,19656,2,8,6,-0.210462,-0.16247,-1.343784,0.256574,-3800.0,-1388.0,-3235.346,83.049,3318,1388,0.0,-1.343,0.0,0.0,-1.343,-4481.006,473.924,0.0,-3800.0,-1929.6,-1305.746,0.0,-3235.346
19.85441445093602,19661,2,8,6,-0.21481,-0.161358,-1.496659,0.149304,-3800.0,-2037.0,-3670.839,81.824,3752,2068,0.0,-1.496,0.0,0.0,-1.496,-4608.698,470.468,0.0,-3800.0,-1410.4,-2260.439,0.0,-3670.839
19.85441445093602,19666,2,8,6,-0.219106,-0.165368,-1.504652,-0.467832,-2434.716,-1340.0,-3371.445,86.239,3457,1340,0.0,-1.504,0.0,0.0,-1.504,-2903.094,468.377,0.0,-2434.716,-875.773,-2495.672,0.0,-3371.445
19.865624686004594,19676,2,8,6,-0.2267,-0.184726,-1.175277,-1.834781,2316.008,561.0,425.55,107.509,-318,-561,1.675516,-1.175,0.0,0.0,-1.175,1846.611,469.396,0.0,2316.008,1404.006,-978.455,0.0,425.55
19.8764964370057,19681,2,8,6,-0.231663,-0.195751,-1.005538,-2.000563,3257.557,785.0,2265.179,119.589,-2145,-1409,0.0,-1.005,0.0,0.0,-1.005,2786.07,471.486,0.0,3257.557,1978.045,287.133,0.0,2265.179
19.8764964370057,19690,2,8,6,-0.238952,-0.199286,-1.110639,-0.134454,-2263.191,-1322.0,-1276.93,123.458,1400,1322,0.0,-1.11,0.0,0.0,-1.11,-2733.317,470.126,0.0,-2263.191,-752.952,-523.977,0.0,-1276.93
19.888187175965868,19695,2,8,6,-0.24292,-0.193478,-1.384365,0.483434,-3800.0,-1675.0,-3374.072,117.101,3491,1675,0.0,-1.384,0.0,0.0,-1.384,-5229.84,466.152,0.0,-3800.0,-1700.0,-1674.072,0.0,-3374.072
19.888187175965868,19701,2,8,6,-0.246827,-0.193292,-1.498971,0.162977,-3800.0,-2044.0,-3995.367,116.897,4112,2122,0.418879,-1.498,0.0,0.0,-1.498,-4653.455,462.649,0.0,-3800.0,-1404.8,-2590.567,0.0,-3995.367
19.899186711991206,19710,2,8,6,-0.254458,-0.210163,-1.240254,-1.618121,1519.847,508.0,-772.878,135.341,908,-508,1.361356,-1.24,0.0,0.0,-1.24,1058.028,461.818,0.0,1519.847,809.477,-1582.356,0.0,-772.878
19.910146281006746,19716,2,8,6,-0.258917,-0.222559,-1.018018,-2.056045,3370.495,986.0,1618.779,148.85,-1469,-986,1.361356,-1.018,0.0,0.0,-1.018,2906.473,464.022,0.0,3370.495,1907.596,-288.817,0.0,1618.779
19.910146281006746,19721,2,8,6,-0.262562,-0.230988,-0.884062,-1.759181,2916.192,1337.0,1803.383,158.015,-1645,-1118,1.361356,-0.884,0.0,0.0,-0.884,2450.332,465.86,0.0,2916.192,1263.353,540.029,0.0,1803.383
19.921153400908224,19731,2,8,6,-0.26896,-0.228919,-1.121131,0.113111,-2992.929,-1530.0,-2091.719,155.767,2247,1530,0.0,-1.121,0.0,0.0,-1.121,-3455.88,462.952,0.0,-2992.929,-1170.343,-921.376,0.0,-2091.719
19.921153400908224,19736,2,8,6,-0.273106,-0.226868,-1.29465,0.144931,-3570.9,-1578.0,-3521.045,153.538,3674,1578,0.0,-1.294,0.0,0.0,-1.294,-4030.829,459.928,0.0,-3570.9,-1594.32,-1926.724,0.0,-3521.045
19.93300611700397,19741,2,8,6,-0.276487,-0.23018,-1.296587,-0.419155,-1998.723,-1883.0,-2111.226,157.137,2268,1001,0.0,-1.296,0.0,0.0,-1.296,-2456.809,458.086,0.0,-1998.723,-92.578,-2018.647,0.0,-2111.226
19.943800961948,19751,2,8,6,-0.2824,-0.247808,-0.968579,-1.509622,1974.17,659.0,480.171,176.248,-303,-659,1.361356,-0.968,0.0,0.0,-0.968,1514.92,459.25,0.0,1974.17,1052.136,-571.964,0.0,480.171
19.943800961948,19756,2,8,6,-0.286217,-0.254072,-0.90006,-1.292346,1558.442,502.0,748.732,183.019,-565,-502,1.361356,-0.9,0.0,0.0,-0.9,1098.401,460.04,0.0,1558.442,845.153,-96.421,0.0,748.732
19.9552826739382,19761,2,8,6,-0.28932,-0.256864,-0.908787,-0.799391,153.501,542.0,-596.108,186.033,782,366,0.418879,-0.908,0.0,0.0,-0.908,-306.309,459.811,0.0,153.501,-310.798,-285.309,0.0,-596.108
19.96614888496697,19771,2,8,6,-0.294726,-0.254709,-1.120479,0.058565,-2845.617,-1657.0,-2585.386,183.706,2769,1657,0.0,-1.12,0.0,0.0,-1.12,-3301.325,455.708,0.0,-2845.617,-950.893,-1634.492,0.0,-2585.386
19.96614888496697,19780,2,8,6,-0.300455,-0.259451,-1.148133,-0.744802,-676.679,-1307.0,-1289.342,188.824,1478,286,0.0,-1.148,0.0,0.0,-1.148,-1129.327,452.647,0.0,-676.679,504.256,-1793.598,0.0,-1289.342
19.977706766920164,19785,2,8,6,-0.30321,-0.269298,-0.94951,-1.548337,2130.62,1061.0,137.846,199.431,61,-1061,1.780235,-0.949,0.0,0.0,-0.949,1676.715,453.905,0.0,2130.62,855.696,-717.849,0.0,137.846
19.977706766920164,19790,2,8,6,-0.305889,-0.281045,-0.695629,-1.908661,3800.0,1554.0,2372.924,212.044,-2160,-1554,1.780235,-0.695,0.0,0.0,-0.695,3396.489,453.905,0.0,3800.0,1796.8,576.124,0.0,2372.924
19.988268043962307,19795,2,8,6,-0.309004,-0.287452,-0.603447,-1.089224,1815.089,921.0,1619.447,218.907,-1400,-921,1.780235,-0.603,0.0,0.0,-0.603,1360.175,454.913,0.0,1815.089,715.271,904.176,0.0,1619.447
19.988268043962307,19801,2,8,6,-0.311516,-0.283533,-0.783512,-0.013218,-1703.544,887.0,-2481.092,214.711,2695,1316,-0.209439,-0.783,0.0,0.0,-0.783,-2156.822,453.278,0.0,-1703.544,-2072.435,-408.656,0.0,-2481.092
19.99963601701893,19806,2,8,6,-0.313952,-0.278598,-0.989897,0.379582,-3384.141,-1694.0,-2756.469,209.42,2965,1694,-0.209439,-0.989,0.0,0.0,-0.989,-3834.544,450.402,0.0,-3384.141,-1352.113,-1404.356,0.0,-2756.469
19.99963601701893,19811,2,8,6,-0.316309,-0.279769,-1.023124,-0.159813,-1968.679,-1037.0,-2431.212,210.677,2641,1037,-0.209439,-1.023,0.0,0.0,-1.023,-2417.269,448.589,0.0,-1968.679,-745.343,-1685.868,0.0,-2431.212
20.010216018999927,19820,2,8,6,-0.320357,-0.292575,-0.777887,-1.131747,1439.903,-269.0,974.531,224.385,-750,-790,0.837758,-0.777,0.0,0.0,-0.777,990.806,449.096,0.0,1439.903,1367.122,-392.591,0.0,974.531
20.021125074010342,19826,2,8,6,-0.322913,-0.298824,-0.674476,-1.187153,1885.68,856.0,978.127,231.055,-747,-856,0.837758,-0.674,0.0,0.0,-0.674,1435.495,450.184,0.0,1885.68,823.744,154.382,0.0,978.127
20.021125074010342,19831,2,8,6,-0.324955,-0.302551,-0.627323,-0.880947,1160.865,501.0,906.292,235.027,-671,-501,0.628318,-0.627,0.0,0.0,-0.627,710.148,450.717,0.0,1160.865,527.892,378.4,0.0,906.292
20.032562209991738,19841,2,8,6,-0.328429,-0.303158,-0.707588,-0.023793,-1465.749,-75.0,-1647.649,235.674,1883,945,0.104719,-0.707,0.0,0.0,-0.707,-1914.626,448.876,0.0,-1465.749,-1112.599,-535.049,0.0,-1647.649
20.032562209991738,19846,2,8,6,-0.330599,-0.301561,-0.813074,0.115668,-2153.476,-1096.0,-1948.405,233.973,2182,1096,0.104719,-0.813,0.0,0.0,-0.813,-2600.481,447.004,0.0,-2153.476,-845.981,-1102.423,0.0,-1948.405
20.044516620924696,19856,2,8,6,-0.333634,-0.310285,-0.653792,-0.999516,1414.74,367.0,378.139,243.255,-134,-367,0.523598,-0.653,0.0,0.0,-0.653,968.027,446.712,0.0,1414.74,838.192,-460.052,0.0,378.139
20.055152009939775,19861,2,8,6,-0.33551,-0.318553,-0.474799,-1.346054,2888.056,624.0,2516.98,252.028,-2264,-1604,0.733038,-0.474,0.0,0.0,-0.474,2439.514,448.542,0.0,2888.056,1811.245,705.734,0.0,2516.98
20.06613696401473,19870,2,8,6,-0.338099,-0.322468,-0.437661,-0.197094,-224.245,-13.0,497.217,256.175,-241,13,0.209439,-0.437,0.0,0.0,-0.437,-673.586,449.341,0.0,-224.245,-168.996,666.213,0.0,497.217
20.06613696401473,19875,2,8,6,-0.339421,-0.318098,-0.597048,0.341153,-2179.617,-594.0,-1523.936,251.546,1775,594,-0.209439,-0.597,0.0,0.0,-0.597,-2626.967,447.349,0.0,-2179.617,-1268.494,-255.442,0.0,-1523.936
20.06613696401473,19881,2,8,6,-0.340659,-0.316905,-0.665099,0.274174,-2184.596,-918.0,-1935.03,250.282,2185,1042,-0.209439,-0.665,0.0,0.0,-0.665,-2629.966,445.369,0.0,-2184.596,-1013.277,-921.753,0.0,-1935.03
20.077986847958528,19886,2,8,6,-0.342034,-0.319175,-0.640043,-0.271789,-586.517,-208.0,-1080.143,252.688,1332,208,0.523598,-0.64,0.0,0.0,-0.64,-1031.113,444.596,0.0,-586.517,-302.813,-777.329,0.0,-1080.143
20.077986847958528,19891,2,8,6,-0.343086,-0.324691,-0.515065,-0.790826,1217.308,463.0,400.693,258.527,-142,-463,0.628318,-0.515,0.0,0.0,-0.515,772.132,445.175,0.0,1217.308,603.446,-202.753,0.0,400.693
20.089089439017698,19896,2,8,6,-0.344055,-0.329666,-0.402891,-0.837277,1662.369,565.0,1241.992,263.783,-978,-565,0.628318,-0.402,0.0,0.0,-0.402,1216.281,446.087,0.0,1662.369,877.895,364.096,0.0,1241.992
20.089089439017698,19901,2,8,6,-0.344938,-0.331698,-0.370725,-0.476708,743.063,783.0,336.359,265.927,-70,-197,0.104719,-0.37,0.0,0.0,-0.37,296.753,446.31,0.0,743.063,-31.949,368.308,0.0,336.359
20.099901585956104,19906,2,8,6,-0.345736,-0.331058,-0.410992,-0.056182,-547.903,-376.0,-84.22,265.252,349,376,-0.104719,-0.41,0.0,0.0,-0.41,-993.468,445.565,0.0,-547.903,-137.522,53.302,0.0,-84.22
20.099901585956104,19911,2,8,6,-0.346449,-0.32995,-0.461949,0.102162,-1135.132,-552.0,-753.805,264.084,1017,552,-0.104719,-0.461,0.0,0.0,-0.461,-1579.513,444.38,0.0,-1135.132,-466.506,-287.299,0.0,-753.805
20.111068332917057,19916,2,8,6,-0.347076,-0.330086,-0.475727,0.0971,-1160.742,-672.0,-946.212,264.226,1210,672,-0.104719,-0.475,0.0,0.0,-0.475,-1603.92,443.177,0.0,-1160.742,-390.994,-555.218,0.0,-946.212
20.111068332917057,19921,2,8,6,-0.347618,-0.330914,-0.467705,-0.025779,-795.145,-702.0,-679.51,265.101,944,449,0.104719,-0.467,0.0,0.0,-0.467,-1237.395,442.249,0.0,-795.145,-74.516,-604.993,0.0,-679.51
20.111068332917057,19926,2,8,6,-0.348074,-0.332456,-0.437283,-0.267969,-32.187,-45.0,-434.75,266.728,701,45,0.104719,-0.437,0.0,0.0,-0.437,-474.08,441.893,0.0,-32.187,10.25,-445.0,0.0,-434.75
20.12286578200292,19931,2,8,6,-0.348444,-0.335005,-0.376282,-0.476777,723.49,227.0,281.456,269.415,-12,-227,0.314159,-0.376,0.0,0.0,-0.376,281.385,442.104,0.0,723.49,397.192,-115.735,0.0,281.456
20.12286578200292,19936,2,8,6,-0.348728,-0.337165,-0.323764,-0.453592,805.884,217.0,635.994,271.69,-364,-217,0.314159,-0.323,0.0,0.0,-0.323,363.517,442.366,0.0,805.884,471.107,164.886,0.0,635.994
20.133860317990184,19946,2,8,6,-0.349022,-0.336034,-0.363679,0.15252,-1004.405,-613.0,-629.873,270.499,900,613,0.0,-0.363,0.0,0.0,-0.363,-1445.361,440.956,0.0,-1004.405,-313.124,-316.749,0.0,-629.873
20.14550728397444,19951,2,8,6,-0.349064,-0.335652,-0.375516,0.065268,-794.168,-420.0,-741.225,270.097,1011,420,0.0,-0.375,0.0,0.0,-0.375,-1234.199,440.03,0.0,-794.168,-299.334,-441.89,0.0,-741.225
20.157239808002487,19960,2,8,6,-0.348893,-0.338356,-0.295044,-0.320067,509.846,-51.0,475.121,272.944,-202,-198,0.0,-0.295,0.0,0.0,-0.295,70.065,439.78,0.0,509.846,448.677,26.444,0.0,475.121
20.157239808002487,19965,2,8,6,-0.348678,-0.339497,-0.257051,-0.283248,513.184,150.0,479.298,274.145,-205,-150,0.0,-0.257,0.0,0.0,-0.257,73.349,439.835,0.0,513.184,290.547,188.75,0.0,479.298
20.157239808002487,19971,2,8,6,-0.348377,-0.339868,-0.238224,-0.10057,54.112,4.0,209.992,274.536,64,-4,0.0,-0.238,0.0,0.0,-0.238,-385.433,439.545,0.0,54.112,40.089,169.903,0.0,209.992
20.168932940927334,19976,2,8,6,-0.347901,-0.339589,-0.232749,0.029595,-295.572,-87.0,-117.484,274.242,391,87,0.0,-0.232,0.0,0.0,-0.232,-734.566,438.994,0.0,-295.572,-166.857,49.373,0.0,-117.484
20.168932940927334,19981,2,8,6,-0.347411,-0.339724,-0.215241,0.033583,-258.24,-172.0,-72.077,274.384,346,135,0.0,-0.215,0.0,0.0,-0.215,-696.712,438.472,0.0,-258.24,-68.992,-3.084,0.0,-72.077
20.18008717999328,19986,2,8,6,-0.346835,-0.340277,-0.183629,-0.00948,-49.511,-51.0,32.521,274.965,242,51,0.0,-0.183,0.0,0.0,-0.183,-487.618,438.106,0.0,-49.511,1.19,31.331,0.0,32.521
20.18008717999328,19991,2,8,6,-0.346174,-0.34079,-0.150754,-0.030476,101.076,22.0,156.079,275.505,119,-22,0.0,-0.15,0.0,0.0,-0.15,-336.776,437.853,0.0,101.076,63.261,92.817,0.0,156.079
20.191221209941432,19996,2,8,6,-0.345427,-0.341151,-0.119709,-0.036294,204.118,77.0,269.003,275.885,6,-77,0.0,-0.119,0.0,0.0,-0.119,-233.56,437.678,0.0,204.118,101.694,167.308,0.0,269.003
20.191221209941432,20001,2,8,6,-0.344594,-0.341429,-0.088627,-0.013434,226.979,114.0,318.389,276.177,-42,-132,0.0,-0.088,0.0,0.0,-0.088,-210.541,437.52,0.0,226.979,90.383,228.006,0.0,318.389
20.202339565963484,20006,2,8,6,-0.343677,-0.341541,-0.059822,0.016133,224.682,125.0,354.826,276.294,-78,-125,0.0,-0.059,0.0,0.0,-0.059,-212.678,437.361,0.0,224.682,79.746,275.08,0.0,354.826
20.202339565963484,20011,2,8,6,-0.342675,-0.341597,-0.030189,0.048791,216.049,162.0,356.406,276.354,-80,-162,0.0,-0.03,0.0,0.0,-0.03,-221.146,437.195,0.0,216.049,43.239,313.166,0.0,356.406
20.202339565963484,20016,2,8,6,-0.341588,-0.341679,0.00253,0.043497,322.402,190.0,490.908,276.44,-214,-190,0.0,0.002,0.0,0.0,0.002,-114.706,437.109,0.0,322.402,105.921,384.986,0.0,490.908
20.214160964009352,20021,2,8,6,-0.340418,-0.341807,0.038891,0.015105,503.76,271.0,696.707,276.574,-420,-385,0.0,0.038,0.0,0.0,0.038,66.601,437.159,0.0,503.76,186.208,510.498,0.0,696.707
20.214160964009352,20026,2,8,6,-0.339163,-0.341917,0.077127,0.014576,612.428,458.0,737.207,276.69,-460,-458,0.0,0.077,0.0,0.0,0.077,175.143,437.285,0.0,612.428,123.543,613.664,0.0,737.207
20.225329712964594,20031,2,8,6,-0.337824,-0.341884,0.113685,0.04734,623.19,458.0,828.382,276.656,-551,-458,0.0,0.113,0.0,0.0,0.113,185.766,437.424,0.0,623.19,132.152,696.229,0.0,828.382
20.225329712964594,20036,2,8,6,-0.336402,-0.341691,0.14809,0.086055,611.253,469.0,883.554,276.453,-607,-469,0.0,0.148,0.0,0.0,0.148,173.698,437.555,0.0,611.253,113.803,769.751,0.0,883.554
20.236560361925513,20041,2,8,6,-0.334897,-0.341306,0.179435,0.13527,561.311,481.0,875.731,276.047,-599,-499,-0.209439,0.179,0.0,0.0,0.179,123.663,437.647,0.0,561.311,64.249,811.482,0.0,875.731
20.236560361925513,20050,2,8,6,-0.331981,-0.340077,0.226711,0.171227,593.198,554.0,889.588,274.756,-614,-554,-0.209439,0.226,0.0,0.0,0.226,155.355,437.842,0.0,593.198,31.358,858.229,0.0,889.588
20.247983089997433,20055,2,8,6,-0.330245,-0.3395,0.259127,0.138997,774.459,632.0,1059.12,274.148,-784,-632,-0.209439,0.259,0.0,0.0,0.259,336.364,438.095,0.0,774.459,113.967,945.152,0.0,1059.12
20.247983089997433,20061,2,8,6,-0.328429,-0.339222,0.302207,0.114804,963.217,686.0,1311.137,273.855,-1037,-776,-0.209439,0.302,0.0,0.0,0.302,524.727,438.49,0.0,963.217,221.773,1089.363,0.0,1311.137
20.2594981539296,20066,2,8,6,-0.326142,-0.338888,0.356892,0.149349,1020.045,794.0,1390.332,273.504,-1116,-794,-0.209439,0.356,0.0,0.0,0.356,581.119,438.925,0.0,1020.045,180.836,1209.496,0.0,1390.332
20.2594981539296,20071,2,8,6,-0.324147,-0.337884,0.384619,0.255821,799.83,729.0,1282.021,272.447,-1009,-729,-0.314159,0.384,0.0,0.0,0.384,360.634,439.196,0.0,799.83,56.664,1225.357,0.0,1282.021
20.270798343000934,20076,2,8,6,-0.322073,-0.336334,0.399323,0.340373,604.379,668.0,1131.644,270.816,-860,-668,-0.314159,0.399,0.0,0.0,0.399,165.059,439.32,0.0,604.379,-50.896,1182.541,0.0,1131.644
20.270798343000934,20081,2,8,6,-0.319919,-0.334689,0.413562,0.34398,634.294,669.0,1137.507,269.082,-868,-700,-0.418879,0.413,0.0,0.0,0.413,194.828,439.466,0.0,634.294,-27.764,1165.271,0.0,1137.507
20.270798343000934,20086,2,8,6,-0.317686,-0.33338,0.43943,0.311595,797.671,802.0,1200.389,267.702,-932,-802,-0.314159,0.439,0.0,0.0,0.439,357.936,439.734,0.0,797.671,-3.462,1203.852,0.0,1200.389
20.282795997918583,20091,2,8,6,-0.315375,-0.33229,0.473615,0.27351,1000.449,899.0,1362.81,266.552,-1096,-899,-0.314159,0.473,0.0,0.0,0.473,560.294,440.154,0.0,1000.449,81.159,1281.65,0.0,1362.81
20.282795997918583,20096,2,8,6,-0.312986,-0.331294,0.512633,0.267242,1127.766,943.0,1530.459,265.502,-1264,-943,-0.314159,0.512,0.0,0.0,0.512,687.095,440.67,0.0,1127.766,147.812,1382.646,0.0,1530.459
20.294341985019855,20101,2,8,6,-0.31052,-0.330124,0.548929,0.277172,1202.159,970.0,1687.387,264.267,-1423,-1037,-0.314159,0.548,0.0,0.0,0.548,760.918,441.24,0.0,1202.159,185.727,1501.659,0.0,1687.387
20.294341985019855,20106,2,8,6,-0.307977,-0.328711,0.580544,0.317236,1179.056,1040.0,1683.464,262.775,-1420,-1040,-0.314159,0.58,0.0,0.0,0.58,737.262,441.793,0.0,1179.056,111.245,1572.218,0.0,1683.464
20.306086791912094,20111,2,8,6,-0.305358,-0.326905,0.603313,0.395314,1024.628,963.0,1629.298,260.867,-1368,-963,-0.314159,0.603,0.0,0.0,0.603,582.397,442.23,0.0,1024.628,49.302,1579.996,0.0,1629.298
20.306086791912094,20116,2,8,6,-0.302664,-0.324692,0.616782,0.458051,886.997,966.0,1479.409,258.528,-1220,-966,-0.418879,0.616,0.0,0.0,0.616,444.446,442.55,0.0,886.997,-63.202,1542.612,0.0,1479.409
20.306086791912094,20121,2,8,6,-0.299895,-0.322674,0.637797,0.438338,1001.454,943.0,1615.464,256.392,-1359,-1057,-0.418879,0.637,0.0,0.0,0.637,558.485,442.969,0.0,1001.454,46.763,1568.7,0.0,1615.464
20.317580831004307,20126,2,8,6,-0.297052,-0.320823,0.665595,0.396691,1196.464,1120.0,1694.341,254.434,-1439,-1120,-0.418879,0.665,0.0,0.0,0.665,752.93,443.534,0.0,1196.464,61.171,1633.169,0.0,1694.341
20.317580831004307,20131,2,8,6,-0.294136,-0.319254,0.703292,0.369214,1379.656,1215.0,1877.48,252.771,-1624,-1215,-0.418879,0.703,0.0,0.0,0.703,935.42,444.235,0.0,1379.656,131.725,1745.755,0.0,1877.48
20.32865783793386,20140,2,8,6,-0.288705,-0.315968,0.763386,0.45066,1321.272,1241.0,1947.648,249.289,-1698,-1208,-0.418879,0.763,0.0,0.0,0.763,875.63,445.641,0.0,1321.272,64.217,1883.43,0.0,1947.648
20.34010341798421,20145,2,8,6,-0.285587,-0.313465,0.780564,0.527231,1155.506,1093.0,1918.378,246.632,-1671,-1093,-0.418879,0.78,0.0,0.0,0.78,709.332,446.173,0.0,1155.506,50.005,1868.373,0.0,1918.378
20.34010341798421,20151,2,8,6,-0.282399,-0.310502,0.78688,0.607735,948.157,1013.0,1759.751,243.486,-1516,-1013,-0.628318,0.786,0.0,0.0,0.786,501.605,446.551,0.0,948.157,-51.874,1811.625,0.0,1759.751
20.352019282989204,20156,2,8,6,-0.278482,-0.306599,0.787268,0.671391,771.251,899.0,1625.005,239.336,-1385,-899,-0.733038,0.787,0.0,0.0,0.787,324.456,446.794,0.0,771.251,-102.198,1727.204,0.0,1625.005
20.352019282989204,20161,2,8,6,-0.275142,-0.303001,0.78006,0.731281,583.478,836.0,1391.9,235.506,-1156,-709,-0.733038,0.78,0.0,0.0,0.78,136.58,446.897,0.0,583.478,-202.017,1593.918,0.0,1391.9
20.352019282989204,20166,2,8,6,-0.271733,-0.299226,0.769797,0.797417,369.501,601.0,1249.797,231.484,-1018,-601,-0.837758,0.769,0.0,0.0,0.769,-77.337,446.839,0.0,369.501,-185.198,1434.995,0.0,1249.797
20.362973283976316,20171,2,8,6,-0.268259,-0.295504,0.762862,0.787185,378.683,663.0,1083.976,227.512,-856,-663,-0.837758,0.762,0.0,0.0,0.762,-68.104,446.788,0.0,378.683,-227.453,1311.429,0.0,1083.976
20.362973283976316,20176,2,8,6,-0.264718,-0.29261,0.781,0.65281,805.991,791.0,1356.227,224.423,-1131,-791,-0.837758,0.781,0.0,0.0,0.781,358.933,447.057,0.0,805.991,11.993,1344.234,0.0,1356.227
20.374529778957367,20181,2,8,6,-0.261111,-0.290869,0.833246,0.467336,1472.373,894.0,2107.593,222.562,-1885,-1312,-0.628318,0.833,0.0,0.0,0.833,1024.547,447.825,0.0,1472.373,462.698,1644.894,0.0,2107.593
20.374529778957367,20186,2,8,6,-0.257439,-0.289618,0.900991,0.39291,1871.522,1420.0,2274.919,221.224,-2053,-1420,-0.628318,0.9,0.0,0.0,0.9,1422.629,448.892,0.0,1871.522,361.217,1913.701,0.0,2274.919
20.38543150795158,20191,2,8,6,-0.253705,-0.287481,0.945735,0.510976,1667.133,1316.0,2338.968,218.938,-2120,-1316,-0.628318,0.945,0.0,0.0,0.945,1217.327,449.805,0.0,1667.133,280.906,2058.061,0.0,2338.968
20.38543150795158,20196,2,8,6,-0.249908,-0.283876,0.951105,0.703502,1143.613,1187.0,1975.753,215.079,-1760,-1187,-0.837758,0.951,0.0,0.0,0.951,693.287,450.325,0.0,1143.613,-34.709,2010.462,0.0,1975.753
20.397950822953135,20201,2,8,6,-0.246049,-0.279336,0.932032,0.875016,610.09,1065.0,1405.303,210.212,-1195,-729,-1.256637,0.932,0.0,0.0,0.932,159.644,450.445,0.0,610.09,-363.927,1769.231,0.0,1405.303
20.397950822953135,20206,2,8,6,-0.242129,-0.274392,0.903343,0.96431,279.614,585.0,1321.018,204.905,-1116,-585,-1.256637,0.903,0.0,0.0,0.903,-170.708,450.322,0.0,279.614,-244.308,1565.326,0.0,1321.018
20.397950822953135,20211,2,8,6,-0.23815,-0.269804,0.886287,0.924379,343.583,621.0,1216.219,199.974,-1016,-621,-1.256637,0.886,0.0,0.0,0.886,-106.658,450.242,0.0,343.583,-221.932,1438.152,0.0,1216.219
20.409581654937938,20216,2,8,6,-0.234113,-0.265874,0.889312,0.82716,624.399,705.0,1351.822,195.745,-1156,-705,-1.151917,0.889,0.0,0.0,0.889,174.025,450.373,0.0,624.399,-64.48,1416.303,0.0,1351.822
20.409581654937938,20221,2,8,6,-0.230017,-0.262459,0.908378,0.72972,950.992,712.0,1727.848,192.067,-1535,-897,-0.942477,0.908,0.0,0.0,0.908,500.244,450.748,0.0,950.992,191.193,1536.654,0.0,1727.848
20.42094516393263,20230,2,8,6,-0.222502,-0.256393,0.948939,0.783918,913.662,807.0,1746.132,185.525,-1560,-807,-0.942477,0.948,0.0,0.0,0.948,462.061,451.601,0.0,913.662,85.33,1660.802,0.0,1746.132
20.43221464799717,20235,2,8,6,-0.21825,-0.251958,0.943826,0.918308,523.107,720.0,1387.273,180.735,-1206,-720,-0.942477,0.943,0.0,0.0,0.943,71.452,451.655,0.0,523.107,-157.513,1544.787,0.0,1387.273
20.43221464799717,20241,2,8,6,-0.213944,-0.247315,0.934401,0.971896,346.59,678.0,1109.334,175.715,-933,-607,-0.942477,0.934,0.0,0.0,0.934,-104.985,451.576,0.0,346.59,-265.127,1374.462,0.0,1109.334
20.43221464799717,20246,2,8,6,-0.208707,-0.242693,0.95161,0.834861,778.716,901.0,1333.019,170.711,-1162,-901,-0.733038,0.951,0.0,0.0,0.951,326.895,451.821,0.0,778.716,-97.826,1430.845,0.0,1333.019
20.44425144896377,20251,2,8,6,-0.204286,-0.240117,1.003264,0.636095,1480.665,1197.0,1888.218,167.921,-1720,-1197,-0.733038,1.003,0.0,0.0,1.003,1028.073,452.592,0.0,1480.665,226.932,1661.285,0.0,1888.218
20.44425144896377,20256,2,8,6,-0.199816,-0.237855,1.065091,0.57178,1834.898,1254.0,2426.512,165.467,-2261,-1254,-0.733038,1.065,0.0,0.0,1.065,1381.27,453.628,0.0,1834.898,464.718,1961.793,0.0,2426.512
20.454929394996725,20261,2,8,6,-0.195295,-0.234579,1.099945,0.681393,1626.453,1340.0,2343.555,161.914,-2181,-1168,-0.733038,1.099,0.0,0.0,1.099,1171.946,454.507,0.0,1626.453,229.162,2114.392,0.0,2343.555
20.454929394996725,20266,2,8,6,-0.190727,-0.229666,1.090309,0.943622,865.54,738.0,2108.133,156.579,-1951,-738,-1.047197,1.09,0.0,0.0,1.09,410.724,454.815,0.0,865.54,102.031,2006.101,0.0,2108.133
20.465846066945232,20271,2,8,6,-0.186111,-0.222866,1.02915,1.260676,-193.944,272.0,1269.995,149.185,-1120,-272,-1.256637,1.029,0.0,0.0,1.029,-648.273,454.329,0.0,-193.944,-372.755,1642.751,0.0,1269.995
20.465846066945232,20276,2,8,6,-0.18145,-0.215359,0.949465,1.434308,-904.249,114.0,287.92,141.008,-146,-114,-1.256637,0.949,0.0,0.0,0.949,-1357.56,453.311,0.0,-904.249,-814.599,1102.52,0.0,287.92
20.477570203016512,20281,2,8,6,-0.176743,-0.209118,0.90651,1.244107,-492.67,-14.0,465.942,134.201,-331,-291,-1.256637,0.906,0.0,0.0,0.906,-945.272,452.602,0.0,-492.67,-382.936,848.879,0.0,465.942
20.477570203016512,20286,2,8,6,-0.171993,-0.206364,0.962375,0.707094,1167.922,1088.0,1255.527,131.193,-1124,-1088,-0.733038,0.962,0.0,0.0,0.962,714.784,453.138,0.0,1167.922,63.938,1191.589,0.0,1255.527
20.477570203016512,20291,2,8,6,-0.167201,-0.206172,1.091192,0.313061,2633.538,1649.0,2638.376,130.984,-2507,-1649,-0.523598,1.091,0.0,0.0,1.091,2178.765,454.772,0.0,2633.538,787.63,1850.745,0.0,2638.376
20.489261835929938,20296,2,8,6,-0.162367,-0.204987,1.193355,0.393692,2695.442,1642.0,3197.427,129.69,-3067,-1642,-0.523598,1.193,0.0,0.0,1.193,2239.057,456.384,0.0,2695.442,842.753,2354.673,0.0,3197.427
20.489261835929938,20301,2,8,6,-0.157494,-0.200569,1.206115,0.784135,1638.814,1691.0,2293.165,124.86,-2168,-970,-1.151917,1.206,0.0,0.0,1.206,1181.543,457.27,0.0,1638.814,-41.748,2334.913,0.0,2293.165
20.500862501910888,20306,2,8,6,-0.152581,-0.19292,1.129488,1.312231,-54.792,254.0,1634.127,116.49,-1517,-254,-1.570796,1.129,0.0,0.0,1.129,-511.679,456.886,0.0,-54.792,-247.034,1881.161,0.0,1634.127
20.500862501910888,20311,2,8,6,-0.147631,-0.183356,1.000317,1.67573,-1435.686,-228.0,157.302,106.007,-51,228,-1.570796,1.0,0.0,0.0,1.0,-1891.154,455.468,0.0,-1435.686,-966.148,1123.451,0.0,157.302
20.511753308936022,20320,2,8,6,-0.138629,-0.173526,0.97711,0.779569,1007.925,91.0,1875.623,95.212,-1780,-1215,-0.418879,0.977,0.0,0.0,0.977,553.114,454.81,0.0,1007.925,733.54,1142.083,0.0,1875.623
20.511753308936022,20325,2,8,6,-0.133581,-0.174854,1.155641,0.126931,3337.358,2256.0,2965.687,96.671,-2869,-2256,-0.418879,1.155,0.0,0.0,1.155,2880.387,456.97,0.0,3337.358,865.086,2100.6,0.0,2965.687
20.523362268926576,20331,2,8,6,-0.128498,-0.175394,1.313085,0.052167,3800.0,2332.0,4034.75,97.265,-3937,-2332,-0.418879,1.313,0.0,0.0,1.313,3530.569,456.97,0.0,3800.0,1174.4,2860.35,0.0,4034.75
20.523362268926576,20336,2,8,6,-0.122359,-0.171346,1.371642,0.589896,2647.501,2059.0,3575.904,92.815,-3483,-2059,-0.523598,1.371,0.0,0.0,1.371,2188.889,458.612,0.0,2647.501,470.801,3105.103,0.0,3575.904
20.5352927519707,20341,2,8,6,-0.117208,-0.163713,1.302134,1.209759,717.458,1804.0,1664.266,84.417,-1579,-623,-1.466076,1.302,0.0,0.0,1.302,258.651,458.806,0.0,717.458,-869.233,2533.499,0.0,1664.266
20.5352927519707,20346,2,8,6,-0.11203,-0.153401,1.15839,1.754659,-1211.999,-135.0,830.445,73.055,-757,135,-1.466076,1.158,0.0,0.0,1.158,-1669.553,457.554,0.0,-1211.999,-861.599,1692.045,0.0,830.445
20.54699655994773,20351,2,8,6,-0.106823,-0.143801,1.035385,1.776351,-1618.705,-109.0,-262.423,62.461,324,109,-1.466076,1.035,0.0,0.0,1.035,-2074.703,455.998,0.0,-1618.705,-1207.764,945.34,0.0,-262.423
20.54699655994773,20356,2,8,6,-0.10159,-0.13902,1.04805,1.148253,175.218,421.0,730.909,57.18,-673,-421,-1.361356,1.048,0.0,0.0,1.048,-280.569,455.787,0.0,175.218,-196.625,927.534,0.0,730.909
20.54699655994773,20361,2,8,6,-0.096331,-0.139405,1.206049,0.328448,2914.913,650.0,3897.399,57.605,-3839,-2402,0.0,1.206,0.0,0.0,1.206,2457.283,457.63,0.0,2914.913,1811.93,2085.468,0.0,3897.399
20.558249905938283,20366,2,8,6,-0.09105,-0.141247,1.405506,0.0312,3800.0,2369.0,3932.614,59.64,-3872,-2369,0.0,1.405,0.0,0.0,1.405,3848.058,457.63,0.0,3800.0,1144.8,2787.814,0.0,3932.614
20.558249905938283,20371,2,8,6,-0.085745,-0.138332,1.472419,0.549208,3044.56,2061.0,3974.206,56.419,-3917,-2061,0.0,1.472,0.0,0.0,1.472,2584.991,459.569,0.0,3044.56,786.848,3187.358,0.0,3974.206
20.56910555495415,20376,2,8,6,-0.080419,-0.131076,1.418375,1.116904,1304.321,1441.0,2885.543,48.396,-2837,-1441,0.0,1.418,0.0,0.0,1.418,844.119,460.202,0.0,1304.321,-109.342,2994.886,0.0,2885.543
20.56910555495415,20381,2,8,6,-0.075074,-0.121325,1.29501,1.704165,-686.291,1178.0,541.84,37.602,-504,18,-1.570796,1.295,0.0,0.0,1.295,-1145.635,459.343,0.0,-686.291,-1491.433,2033.273,0.0,541.84
20.58000916300807,20386,2,8,6,-0.069711,-0.110091,1.130633,2.008331,-2000.053,-385.0,-205.394,25.15,230,385,-1.570796,1.13,0.0,0.0,1.13,-2457.553,457.5,0.0,-2000.053,-1292.042,1086.648,0.0,-205.394
20.58000916300807,20391,2,8,6,-0.06433,-0.103213,1.088733,1.478054,-633.382,429.0,-28.941,17.519,46,-429,-1.570796,1.088,0.0,0.0,1.088,-1090.097,456.715,0.0,-633.382,-849.906,820.965,0.0,-28.941
20.59091654000804,20396,2,8,6,-0.058932,-0.102867,1.230158,0.498049,2508.158,1322.0,2559.108,17.135,-2541,-1322,-0.837758,1.23,0.0,0.0,1.23,2049.905,458.252,0.0,2508.158,948.926,1610.181,0.0,2559.108
20.59091654000804,20401,2,8,6,-0.053522,-0.105252,1.448445,-0.012798,3800.0,1826.0,4243.367,19.782,-4223,-2625,-0.523598,1.448,0.0,0.0,1.448,4091.483,458.252,0.0,3800.0,1579.2,2664.167,0.0,4243.367
20.60211268591229,20410,2,8,6,-0.043748,-0.10018,1.580092,0.796882,2652.886,1869.0,4151.13,14.152,-4136,-1869,-1.047197,1.58,0.0,0.0,1.58,2192.989,459.897,0.0,2652.886,627.109,3524.021,0.0,4151.13
20.60211268591229,20415,2,8,6,-0.038303,-0.091781,1.497374,1.450685,590.721,1078.0,2733.592,4.824,-2728,-1078,-1.466076,1.497,0.0,0.0,1.497,130.727,459.994,0.0,590.721,-389.822,3123.415,0.0,2733.592
20.613154729944654,20421,2,8,6,-0.032849,-0.079601,1.309039,2.117189,-1804.529,831.0,-332.358,-8.717,323,567,-1.884955,1.309,0.0,0.0,1.309,-2262.82,458.29,0.0,-1804.529,-2108.423,1776.065,0.0,-332.358
20.613154729944654,20426,2,8,6,-0.026293,-0.064046,1.057079,2.227169,-2820.445,-694.0,-1050.772,-26.029,1024,694,-1.884955,1.057,0.0,0.0,1.057,-3276.252,455.806,0.0,-2820.445,-1701.156,650.383,0.0,-1050.772
20.6240357629722,20431,2,8,6,-0.020822,-0.058602,1.05783,1.322475,-285.754,486.0,1.065,-32.092,-33,-486,0.0,1.057,0.0,0.0,1.057,-741.005,455.251,0.0,-285.754,-617.403,618.468,0.0,1.065
20.6240357629722,20436,2,8,6,-0.015347,-0.060963,1.27725,0.229741,3390.477,1518.0,3238.005,-29.462,-3267,-1518,0.0,1.277,0.0,0.0,1.277,2933.026,457.45,0.0,3390.477,1497.982,1740.023,0.0,3238.005
20.63545251195319,20441,2,8,6,-0.009868,-0.063241,1.494454,-0.013517,3800.0,2134.0,3975.454,-26.925,-4002,-2338,0.0,1.494,0.0,0.0,1.494,4222.32,457.45,0.0,3800.0,1332.8,2642.654,0.0,3975.454
20.63545251195319,20446,2,8,3,0.0,-0.059772,1.673616,0.518839,3693.247,2311.0,4427.369,-30.789,-4458,-2311,0.0,1.673,0.0,0.0,1.673,3233.374,459.872,0.0,3693.247,1105.797,3321.571,0.0,4427.369
20.64690991595853,20451,2,8,3,0.0,-0.052336,1.465431,1.102534,1476.746,975.0,3599.612,-39.073,-3638,-975,0.0,1.465,0.0,0.0,1.465,1016.111,460.634,0.0,1476.746,401.396,3198.215,0.0,3599.612
20.64690991595853,20456,2,8,3,0.0,-0.040543,1.135227,1.983251,-1915.591,17.0,507.011,-52.217,-559,-17,-1.570796,1.135,0.0,0.0,1.135,-2374.465,458.873,0.0,-1915.591,-1546.073,2053.085,0.0,507.011
20.64690991595853,20461,2,8,3,0.0,-0.025293,0.708213,2.560061,-3800.0,-467.0,-2355.453,-69.225,2286,1478,-2.513274,0.708,0.0,0.0,0.708,-5185.174,454.941,0.0,-3800.0,-2666.4,310.946,0.0,-2355.453
20.658084369963035,20471,2,8,3,0.0,-0.016794,0.470251,0.437541,543.332,667.0,-398.867,-78.706,320,-667,-0.523598,0.47,0.0,0.0,0.47,91.587,451.745,0.0,543.332,-98.933,-299.933,0.0,-398.867
20.669097307953052,20481,2,8,3,0.0,-0.028957,0.810802,-0.501768,3800.0,2075.0,3388.969,-65.138,-3454,-2134,0.418879,0.81,0.0,0.0,0.81,3675.197,451.745,0.0,3800.0,1380.0,2008.969,0.0,3388.969
20.679928077966906,20486,2,8,3,0.0,-0.026211,0.733927,0.13352,2134.146,1312.0,2734.797,-68.201,-2802,-1312,-0.733038,0.733,0.0,0.0,0.733,1681.139,453.006,0.0,2134.146,657.716,2077.08,0.0,2734.797
20.679928077966906,20491,2,8,3,0.0,-0.021065,0.589829,0.58395,469.481,652.0,1628.704,-73.942,-1702,-652,-0.942477,0.589,0.0,0.0,0.589,16.462,453.018,0.0,469.481,-146.014,1774.719,0.0,1628.704
20.69091645895969,20500,2,8,3,0.0,-0.011977,0.335356,0.994447,-1394.755,28.0,-690.882,-84.082,606,259,-0.942477,0.335,0.0,0.0,0.335,-1845.453,450.697,0.0,-1394.755,-1138.204,447.322,0.0,-690.882
20.702468771953136,20505,2,8,3,0.0,-0.008442,0.236397,0.685681,-808.242,187.0,-667.15,-88.025,579,-187,-0.628318,0.236,0.0,0.0,0.236,-1257.997,449.754,0.0,-808.242,-796.194,129.043,0.0,-667.15
20.702468771953136,20511,2,8,3,0.0,-0.010603,0.296895,-0.094749,1547.187,1293.0,793.38,-85.614,-878,-1293,0.104719,0.296,0.0,0.0,0.296,1096.607,450.579,0.0,1547.187,203.35,590.03,0.0,793.38
20.702468771953136,20516,2,8,3,0.0,-0.017274,0.483673,-0.645215,3613.838,1631.0,3227.86,-78.171,-3306,-1631,0.418879,0.483,0.0,0.0,0.483,3160.888,452.949,0.0,3613.838,1586.27,1641.59,0.0,3227.86
20.71431698196102,20521,2,8,3,0.0,-0.019214,0.538005,-0.383433,3034.915,2140.0,2861.6,-76.007,-2937,-1708,0.418879,0.538,0.0,0.0,0.538,2580.027,454.887,0.0,3034.915,715.932,2145.667,0.0,2861.6
20.71431698196102,20526,2,8,3,0.0,-0.015038,0.421081,0.349442,655.625,620.0,1757.528,-80.666,-1838,-620,-0.733038,0.421,0.0,0.0,0.421,200.587,455.037,0.0,655.625,28.5,1729.028,0.0,1757.528
20.72615258791484,20531,2,8,3,0.0,-0.009188,0.257267,0.746543,-915.964,127.0,225.531,-87.193,-312,-127,-0.733038,0.257,0.0,0.0,0.257,-1369.974,454.01,0.0,-915.964,-834.371,1059.902,0.0,225.531
20.72615258791484,20536,2,8,3,0.0,-0.006576,0.184128,0.565939,-615.863,204.0,9.473,-90.108,-99,-204,0.0,0.184,0.0,0.0,0.184,-1069.072,453.208,0.0,-615.863,-655.891,665.364,0.0,9.473
20.72615258791484,20541,2,8,3,0.0,-0.0075,0.210015,0.197742,487.6,156.0,1091.273,-89.076,-1180,-813,0.0,0.21,0.0,0.0,0.21,34.366,453.234,0.0,487.6,265.28,825.993,0.0,1091.273
20.737858121981844,20546,2,8,3,0.0,-0.009652,0.270264,-0.102554,1497.909,1196.0,1371.018,-86.675,-1457,-1196,0.0,0.27,0.0,0.0,0.27,1043.893,454.016,0.0,1497.909,241.527,1129.49,0.0,1371.018
20.737858121981844,20551,2,8,3,0.0,-0.010723,0.300267,-0.171356,1775.552,1277.0,1801.547,-85.48,-1887,-1277,0.0,0.3,0.0,0.0,0.3,1320.545,455.006,0.0,1775.552,398.841,1402.705,0.0,1801.547
20.749087522970513,20556,2,8,3,0.0,-0.01024,0.286731,-0.064462,1439.087,1181.0,1718.877,-86.019,-1804,-1181,0.0,0.286,0.0,0.0,0.286,983.343,455.744,0.0,1439.087,206.47,1512.407,0.0,1718.877
20.749087522970513,20561,2,8,3,0.0,-0.008747,0.244932,0.10638,843.979,1181.0,1074.231,-87.685,-1161,-813,0.0,0.244,0.0,0.0,0.244,387.944,456.035,0.0,843.979,-269.616,1343.847,0.0,1074.231
20.760011666920036,20566,2,8,3,0.0,-0.007113,0.199175,0.227145,377.66,685.0,895.676,-89.508,-985,-685,0.0,0.199,0.0,0.0,0.199,-78.315,455.976,0.0,377.66,-245.871,1141.548,0.0,895.676
20.760011666920036,20571,2,8,3,0.0,-0.006643,0.186015,0.145552,569.354,781.0,899.41,-90.033,-989,-781,0.0,0.186,0.0,0.0,0.186,113.296,456.057,0.0,569.354,-169.316,1068.726,0.0,899.41
20.771230759914033,20576,2,8,3,0.0,-0.007519,0.210538,-0.02844,1125.702,958.0,1325.577,-89.055,-1414,-958,0.0,0.21,0.0,0.0,0.21,669.142,456.559,0.0,1125.702,134.161,1191.415,0.0,1325.577
20.771230759914033,20581,2,8,3,0.0,-0.008338,0.233475,-0.081133,1338.127,1037.0,1593.218,-88.141,-1681,-1164,0.0,0.233,0.0,0.0,0.233,880.906,457.22,0.0,1338.127,240.901,1352.317,0.0,1593.218
20.781993484008126,20590,2,8,3,0.0,-0.007508,0.210249,0.038175,939.949,972.0,1306.037,-89.067,-1395,-972,0.0,0.21,0.0,0.0,0.21,481.805,458.143,0.0,939.949,-25.64,1331.677,0.0,1306.037
20.781993484008126,20595,2,8,3,0.0,-0.006981,0.195482,0.052582,858.563,957.0,1200.621,-89.655,-1290,-957,0.0,0.195,0.0,0.0,0.195,400.119,458.443,0.0,858.563,-78.748,1279.37,0.0,1200.621
20.793196618906222,20601,2,8,3,0.0,-0.006881,0.192687,0.030607,912.608,926.0,1258.901,-89.767,-1348,-974,0.0,0.192,0.0,0.0,0.192,453.822,458.786,0.0,912.608,-10.713,1269.614,0.0,1258.901
20.793196618906222,20606,2,8,3,0.0,-0.007076,0.198142,-0.005404,1029.146,1038.0,1283.573,-89.549,-1373,-1038,0.0,0.198,0.0,0.0,0.198,569.933,459.212,0.0,1029.146,-7.082,1290.656,0.0,1283.573
20.804217115975916,20611,2,8,3,0.0,-0.007181,0.201081,-0.032189,1112.86,1038.0,1387.875,-89.432,-1477,-1038,0.0,0.201,0.0,0.0,0.201,653.157,459.702,0.0,1112.86,59.888,1327.987,0.0,1387.875
20.804217115975916,20616,2,8,3,0.0,-0.007125,0.199503,-0.029071,1100.195,1069.0,1374.027,-89.495,-1463,-1069,0.0,0.199,0.0,0.0,0.199,640.012,460.182,0.0,1100.195,24.956,1349.07,0.0,1374.027
20.815069766016677,20621,2,8,3,0.0,-0.006875,0.192515,-0.006951,1019.107,1036.0,1323.372,-89.774,-1413,-1022,0.0,0.192,0.0,0.0,0.192,558.506,460.601,0.0,1019.107,-13.513,1336.886,0.0,1323.372
20.815069766016677,20626,2,8,3,0.0,-0.006694,0.187446,0.025355,914.797,957.0,1255.953,-89.976,-1345,-957,0.0,0.187,0.0,0.0,0.187,453.855,460.941,0.0,914.797,-33.762,1289.716,0.0,1255.953
20.827035779948346,20631,2,8,3,0.0,-0.00667,0.18678,0.005966,967.602,990.0,1269.762,-90.002,-1359,-990,0.0,0.186,0.0,0.0,0.186,506.28,461.321,0.0,967.602,-17.918,1287.681,0.0,1269.762
20.827035779948346,20636,2,8,3,0.0,-0.006796,0.190303,-0.023323,1059.926,1021.0,1344.341,-89.862,-1434,-1021,0.0,0.19,0.0,0.0,0.19,598.156,461.77,0.0,1059.926,31.141,1313.2,0.0,1344.341
20.827035779948346,20641,2,8,3,0.0,-0.00672,0.188187,-0.009138,1014.699,1039.0,1283.535,-89.946,-1373,-989,0.0,0.188,0.0,0.0,0.188,552.514,462.185,0.0,1014.699,-19.44,1302.976,0.0,1283.535
20.83823387499433,20646,2,8,3,0.0,-0.00654,0.183145,-0.002212,981.577,1004.0,1279.455,-90.147,-1369,-1004,0.0,0.183,0.0,0.0,0.183,519.003,462.573,0.0,981.577,-17.937,1297.393,0.0,1279.455
20.83823387499433,20651,2,8,3,0.0,-0.00645,0.18062,-0.00185,973.878,988.0,1274.188,-90.248,-1364,-988,0.0,0.18,0.0,0.0,0.18,510.921,462.957,0.0,973.878,-11.297,1285.486,0.0,1274.188
20.849153256975114,20656,2,8,3,0.0,-0.006349,0.177774,-0.001984,966.66,990.0,1255.468,-90.361,-1345,-990,0.0,0.177,0.0,0.0,0.177,503.325,463.334,0.0,966.66,-18.671,1274.14,0.0,1255.468
20.849153256975114,20661,2,8,3,0.0,-0.00632,0.176975,-0.010385,988.324,972.0,1292.937,-90.393,-1383,-958,0.0,0.176,0.0,0.0,0.176,524.611,463.712,0.0,988.324,13.059,1279.877,0.0,1292.937
20.860068488982506,20666,2,8,3,0.0,-0.006288,0.176073,-0.024103,1024.629,1037.0,1296.751,-90.429,-1387,-1037,0.0,0.176,0.0,0.0,0.176,560.496,464.132,0.0,1024.629,-9.896,1306.648,0.0,1296.751
20.860068488982506,20671,2,8,3,0.0,-0.006114,0.171202,-0.009238,969.745,974.0,1280.892,-90.623,-1371,-974,0.0,0.171,0.0,0.0,0.171,505.233,464.511,0.0,969.745,-3.403,1284.296,0.0,1280.892
20.871142090996727,20680,2,8,3,0.0,-0.005913,0.165573,-0.003681,939.12,927.0,1264.826,-90.847,-1355,-957,0.0,0.165,0.0,0.0,0.165,473.914,465.206,0.0,939.12,9.696,1255.129,0.0,1264.826
20.871142090996727,20685,2,8,3,0.0,-0.006026,0.168738,-0.019816,993.555,974.0,1287.303,-90.721,-1378,-974,0.0,0.168,0.0,0.0,0.168,527.952,465.602,0.0,993.555,15.644,1271.659,0.0,1287.303
20.88301119301468,20690,2,8,3,0.0,-0.00593,0.166056,-0.002258,937.239,958.0,1239.775,-90.828,-1330,-958,0.0,0.166,0.0,0.0,0.166,471.283,465.956,0.0,937.239,-16.608,1256.383,0.0,1239.775
20.88301119301468,20696,2,8,3,0.0,-0.005798,0.162371,0.007715,899.316,927.0,1214.024,-90.975,-1305,-927,0.0,0.162,0.0,0.0,0.162,433.034,466.281,0.0,899.316,-22.146,1236.171,0.0,1214.024
20.894083886989392,20701,2,8,3,0.0,-0.005691,0.159371,0.009104,887.346,927.0,1184.559,-91.095,-1275,-908,0.0,0.159,0.0,0.0,0.159,420.748,466.597,0.0,887.346,-31.722,1216.281,0.0,1184.559
20.894083886989392,20706,2,8,3,0.0,-0.00575,0.161011,-0.000558,919.334,957.0,1186.846,-91.029,-1277,-957,0.0,0.161,0.0,0.0,0.161,452.397,466.936,0.0,919.334,-30.132,1216.979,0.0,1186.846
20.904901930014603,20711,2,8,3,0.0,-0.005702,0.159657,-0.002145,920.325,894.0,1232.244,-91.083,-1323,-894,0.0,0.159,0.0,0.0,0.159,453.049,467.276,0.0,920.325,21.06,1211.184,0.0,1232.244
20.904901930014603,20716,2,8,3,0.0,-0.005588,0.156464,-0.010911,936.28,941.0,1214.294,-91.21,-1305,-941,0.0,0.156,0.0,0.0,0.156,468.652,467.628,0.0,936.28,-3.775,1218.069,0.0,1214.294
20.915976764983498,20721,2,8,3,0.0,-0.005463,0.152965,-0.019276,950.269,941.0,1230.047,-91.35,-1321,-926,0.0,0.152,0.0,0.0,0.152,482.279,467.989,0.0,950.269,7.415,1222.632,0.0,1230.047
20.915976764983498,20726,2,8,3,0.0,-0.005359,0.150052,-0.012486,923.44,925.0,1220.136,-91.466,-1311,-925,0.0,0.15,0.0,0.0,0.15,455.108,468.331,0.0,923.44,-1.247,1221.384,0.0,1220.136
20.927179512917064,20731,2,8,3,0.0,-0.005376,0.150541,-0.017204,938.373,941.0,1222.668,-91.446,-1314,-941,0.0,0.15,0.0,0.0,0.15,469.69,468.683,0.0,938.373,-2.101,1224.769,0.0,1222.668
20.927179512917064,20736,2,8,3,0.0,-0.005335,0.149394,-0.006842,906.474,926.0,1196.321,-91.492,-1287,-926,0.0,0.149,0.0,0.0,0.149,437.462,469.011,0.0,906.474,-15.62,1211.942,0.0,1196.321
20.927179512917064,20741,2,8,3,0.0,-0.005292,0.148192,-0.001677,888.963,925.0,1164.893,-91.54,-1256,-909,0.0,0.148,0.0,0.0,0.148,419.636,469.326,0.0,888.963,-28.829,1193.723,0.0,1164.893
20.938586536911316,20746,2,8,3,0.0,-0.005312,0.148751,-0.004186,897.874,910.0,1178.283,-91.518,-1269,-910,0.0,0.148,0.0,0.0,0.148,428.226,469.647,0.0,897.874,-9.7,1187.984,0.0,1178.283
20.938586536911316,20751,2,8,3,0.0,-0.005314,0.148807,-0.006506,904.84,878.0,1212.684,-91.516,-1304,-878,0.0,0.148,0.0,0.0,0.148,434.88,469.96,0.0,904.84,21.472,1191.212,0.0,1212.684
20.94955114100594,20756,2,8,3,0.0,-0.005233,0.146547,0.010235,851.922,909.0,1123.773,-91.606,-1215,-909,0.0,0.146,0.0,0.0,0.146,381.675,470.246,0.0,851.922,-45.662,1169.435,0.0,1123.773
20.94955114100594,20761,2,8,3,0.0,-0.005136,0.143825,0.011684,840.519,845.0,1155.069,-91.714,-1246,-862,0.0,0.143,0.0,0.0,0.143,369.995,470.524,0.0,840.519,-3.584,1158.653,0.0,1155.069
20.960250111995265,20770,2,8,3,0.0,-0.004935,0.138183,0.018889,805.075,830.0,1106.169,-91.939,-1198,-830,0.0,0.138,0.0,0.0,0.138,334.023,471.052,0.0,805.075,-19.939,1126.108,0.0,1106.169
20.971207725000568,20775,2,8,3,0.0,-0.004843,0.135617,0.005001,837.05,844.0,1119.844,-92.041,-1211,-844,0.0,0.135,0.0,0.0,0.135,365.723,471.326,0.0,837.05,-5.559,1125.403,0.0,1119.844
20.971207725000568,20780,2,8,3,0.0,-0.004779,0.133831,0.003382,836.859,845.0,1114.855,-92.112,-1206,-846,0.0,0.133,0.0,0.0,0.133,365.258,471.601,0.0,836.859,-6.512,1121.368,0.0,1114.855
20.971207725000568,20786,2,8,3,0.0,-0.004747,0.132927,-0.004689,857.217,846.0,1135.905,-92.148,-1228,-846,0.0,0.132,0.0,0.0,0.132,385.327,471.89,0.0,857.217,8.974,1126.93,0.0,1135.905
20.98300406394992,20791,2,8,3,0.0,-0.004705,0.131759,-0.009068,866.504,862.0,1137.525,-92.195,-1229,-862,0.0,0.131,0.0,0.0,0.131,394.318,472.186,0.0,866.504,3.603,1133.922,0.0,1137.525
20.98300406394992,20796,2,8,3,0.0,-0.004674,0.130896,-0.005471,854.302,846.0,1141.778,-92.229,-1234,-846,0.0,0.13,0.0,0.0,0.13,381.829,472.472,0.0,854.302,6.642,1135.136,0.0,1141.778
20.993839232018217,20801,2,8,3,0.0,-0.004624,0.129479,-0.009348,861.484,846.0,1155.22,-92.286,-1247,-878,0.0,0.129,0.0,0.0,0.129,388.72,472.764,0.0,861.484,12.387,1142.832,0.0,1155.22
20.993839232018217,20806,2,8,3,0.0,-0.004626,0.129541,-0.013817,874.471,861.0,1153.488,-92.283,-1245,-861,0.0,0.129,0.0,0.0,0.129,401.405,473.065,0.0,874.471,10.777,1142.711,0.0,1153.488
21.004998193937354,20811,2,8,3,0.0,-0.004578,0.128196,-0.014562,873.09,877.0,1142.049,-92.337,-1234,-877,0.0,0.128,0.0,0.0,0.128,399.725,473.365,0.0,873.09,-3.127,1145.176,0.0,1142.049
21.004998193937354,20816,2,8,3,0.0,-0.004472,0.125216,-0.010932,854.867,876.0,1117.448,-92.456,-1209,-876,0.0,0.125,0.0,0.0,0.125,381.215,473.651,0.0,854.867,-16.906,1134.355,0.0,1117.448
21.015970357926562,20821,2,8,3,0.0,-0.0044,0.123207,-0.014403,859.251,847.0,1146.969,-92.536,-1239,-845,0.0,0.123,0.0,0.0,0.123,385.311,473.94,0.0,859.251,9.801,1137.167,0.0,1146.969
21.015970357926562,20826,2,8,3,0.0,-0.004351,0.121832,-0.004812,828.812,845.0,1116.082,-92.59,-1208,-845,0.0,0.121,0.0,0.0,0.121,354.606,474.206,0.0,828.812,-12.95,1129.032,0.0,1116.082
21.027158585959114,20831,2,8,3,0.0,-0.004376,0.122544,-0.005428,832.799,846.0,1112.116,-92.562,-1204,-846,0.0,0.122,0.0,0.0,0.122,358.324,474.474,0.0,832.799,-10.56,1122.676,0.0,1112.116
21.027158585959114,20836,2,8,3,0.0,-0.004365,0.122244,-0.002946,825.274,859.0,1081.381,-92.574,-1173,-859,0.0,0.122,0.0,0.0,0.122,350.536,474.737,0.0,825.274,-26.98,1108.361,0.0,1081.381
21.027158585959114,20841,2,8,3,0.0,-0.004301,0.120435,0.001071,809.198,828.0,1080.757,-92.646,-1173,-828,0.0,0.12,0.0,0.0,0.12,334.219,474.978,0.0,809.198,-15.041,1095.799,0.0,1080.757
21.038372367969714,20846,2,8,3,0.0,-0.004247,0.118933,-0.016946,855.729,861.0,1102.691,-92.706,-1195,-861,0.0,0.118,0.0,0.0,0.118,380.465,475.263,0.0,855.729,-4.216,1106.908,0.0,1102.691
21.038372367969714,20851,2,8,3,0.0,-0.004156,0.116395,-0.00544,816.661,815.0,1094.302,-92.807,-1187,-815,0.0,0.116,0.0,0.0,0.116,341.141,475.519,0.0,816.661,1.328,1092.973,0.0,1094.302
21.049375394941308,20860,2,8,3,0.0,-0.003942,0.110391,0.008633,760.907,828.0,999.129,-93.046,-1092,-781,0.0,0.11,0.0,0.0,0.11,284.922,475.984,0.0,760.907,-53.673,1052.803,0.0,999.129
21.060135898995213,20865,2,8,3,0.0,-0.003887,0.108846,-0.001946,786.437,780.0,1060.719,-93.108,-1153,-780,0.0,0.108,0.0,0.0,0.108,310.219,476.217,0.0,786.437,5.149,1055.569,0.0,1060.719
21.060135898995213,20870,2,8,3,0.0,-0.00391,0.109506,-0.008563,807.058,811.0,1059.747,-93.082,-1152,-811,0.0,0.109,0.0,0.0,0.109,330.593,476.465,0.0,807.058,-3.152,1062.9,0.0,1059.747
21.071197791956365,20876,2,8,3,0.0,-0.003878,0.108586,-0.002977,789.079,798.0,1048.616,-93.118,-1141,-798,0.0,0.108,0.0,0.0,0.108,312.378,476.7,0.0,789.079,-7.136,1055.753,0.0,1048.616
21.071197791956365,20881,2,8,3,0.0,-0.003801,0.106441,-0.001615,779.485,781.0,1051.855,-93.204,-1145,-781,0.0,0.106,0.0,0.0,0.106,302.557,476.927,0.0,779.485,-1.212,1053.067,0.0,1051.855
21.071197791956365,20886,2,8,3,0.0,-0.003755,0.10515,0.007674,750.063,780.0,1013.708,-93.255,-1106,-780,0.0,0.105,0.0,0.0,0.105,272.931,477.131,0.0,750.063,-23.949,1037.657,0.0,1013.708
21.08278979593888,20891,2,8,3,0.0,-0.003704,0.103715,0.002972,759.423,782.0,1008.866,-93.312,-1102,-782,0.0,0.103,0.0,0.0,0.103,282.08,477.343,0.0,759.423,-18.061,1026.927,0.0,1008.866
21.08278979593888,20896,2,8,3,0.0,-0.003689,0.103309,-0.002556,773.989,765.0,1035.2,-93.329,-1128,-765,0.0,0.103,0.0,0.0,0.103,296.423,477.565,0.0,773.989,7.191,1028.008,0.0,1035.2
21.094917921931483,20901,2,8,3,0.0,-0.003766,0.105459,-0.025205,843.703,781.0,1111.314,-93.243,-1204,-830,0.0,0.105,0.0,0.0,0.105,365.862,477.84,0.0,843.703,50.162,1061.151,0.0,1111.314
21.094917921931483,20906,2,8,3,0.0,-0.003698,0.103556,-0.010397,797.149,780.0,1063.473,-93.319,-1156,-780,0.0,0.103,0.0,0.0,0.103,319.07,478.079,0.0,797.149,13.719,1049.753,0.0,1063.473
21.105870140949264,20911,2,8,3,0.0,-0.00354,0.099128,-0.00153,760.137,782.0,1021.887,-93.495,-1115,-782,0.0,0.099,0.0,0.0,0.099,281.846,478.29,0.0,760.137,-17.489,1039.377,0.0,1021.887
21.105870140949264,20916,2,8,3,0.0,-0.003515,0.098424,-0.003601,764.177,781.0,1017.264,-93.523,-1110,-781,0.0,0.098,0.0,0.0,0.098,285.671,478.505,0.0,764.177,-13.458,1030.722,0.0,1017.264
21.105870140949264,20921,2,8,3,0.0,-0.00353,0.09884,-0.002231,761.718,735.0,1060.254,-93.507,-1153,-798,0.0,0.098,0.0,0.0,0.098,283.001,478.717,0.0,761.718,21.375,1038.879,0.0,1060.254
21.117784793954343,20926,2,8,3,0.0,-0.003471,0.097208,0.007888,729.0,734.0,1008.073,-93.572,-1101,-734,0.0,0.097,0.0,0.0,0.097,250.095,478.904,0.0,729.0,-3.999,1012.072,0.0,1008.073
21.117784793954343,20931,2,8,3,0.0,-0.003512,0.098359,-0.000369,755.545,781.0,993.546,-93.526,-1087,-781,0.0,0.098,0.0,0.0,0.098,276.441,479.104,0.0,755.545,-20.363,1013.909,0.0,993.546
21.128792478935793,20936,2,8,3,0.0,-0.003536,0.09903,0.000319,755.699,749.0,1015.538,-93.499,-1109,-749,0.0,0.099,0.0,0.0,0.099,276.388,479.311,0.0,755.699,5.359,1010.178,0.0,1015.538
21.128792478935793,20941,2,8,3,0.0,-0.003516,0.098474,0.004784,741.84,780.0,964.642,-93.521,-1058,-749,0.0,0.098,0.0,0.0,0.098,262.332,479.508,0.0,741.84,-30.527,995.17,0.0,964.642
21.139990488998592,20950,2,8,3,0.0,-0.003525,0.098701,-0.00401,767.521,765.0,1000.007,-93.512,-1093,-765,0.0,0.098,0.0,0.0,0.098,287.593,479.928,0.0,767.521,2.017,997.99,0.0,1000.007
21.150835710926913,20955,2,8,3,0.0,-0.003456,0.096777,0.007812,729.217,733.0,986.574,-93.589,-1080,-733,0.0,0.096,0.0,0.0,0.096,249.102,480.115,0.0,729.217,-3.026,989.6,0.0,986.574
21.150835710926913,20960,2,8,3,0.0,-0.00331,0.092686,0.008417,716.245,730.0,971.386,-93.752,-1065,-748,0.0,0.092,0.0,0.0,0.092,235.953,480.292,0.0,716.245,-11.003,982.389,0.0,971.386
21.1623642250197,20966,2,8,3,0.0,-0.003267,0.091502,-0.007203,756.877,765.0,978.597,-93.799,-1072,-765,0.0,0.091,0.0,0.0,0.091,276.377,480.5,0.0,756.877,-6.498,985.095,0.0,978.597
21.1623642250197,20971,2,8,3,0.0,-0.003281,0.091875,-0.012266,772.315,749.0,1010.564,-93.784,-1104,-749,0.0,0.091,0.0,0.0,0.091,291.596,480.718,0.0,772.315,18.652,991.912,0.0,1010.564
21.1623642250197,20976,2,8,3,0.0,-0.003286,0.092023,-0.017352,787.203,779.0,1007.93,-93.778,-1101,-779,0.0,0.092,0.0,0.0,0.092,306.254,480.948,0.0,787.203,6.562,1001.367,0.0,1007.93
21.17345512495376,20981,2,8,3,0.0,-0.003325,0.093111,-0.015172,784.371,751.0,1041.625,-93.735,-1135,-796,0.0,0.093,0.0,0.0,0.093,303.195,481.176,0.0,784.371,26.697,1014.927,0.0,1041.625
21.17345512495376,20986,2,8,3,0.0,-0.003318,0.092911,0.00179,736.505,733.0,994.285,-93.743,-1088,-733,0.0,0.092,0.0,0.0,0.092,255.137,481.367,0.0,736.505,2.804,991.481,0.0,994.285
21.184643446933478,20991,2,8,3,0.0,-0.003227,0.090383,0.000656,732.791,749.0,974.852,-93.844,-1068,-749,0.0,0.09,0.0,0.0,0.09,251.235,481.555,0.0,732.791,-12.967,987.819,0.0,974.852
21.184643446933478,20996,2,8,3,0.0,-0.003209,0.089861,-0.014674,774.475,748.0,1021.994,-93.865,-1115,-748,0.0,0.089,0.0,0.0,0.089,292.699,481.775,0.0,774.475,21.18,1000.814,0.0,1021.994
21.19561881199479,21001,2,8,3,0.0,-0.003077,0.086171,-0.003924,734.231,780.0,944.847,-94.012,-1038,-734,0.0,0.086,0.0,0.0,0.086,252.266,481.964,0.0,734.231,-36.615,981.462,0.0,944.847
21.19561881199479,21006,2,8,3,0.0,-0.003046,0.085297,-0.011685,753.719,749.0,993.243,-94.046,-1087,-749,0.0,0.085,0.0,0.0,0.085,271.551,482.168,0.0,753.719,3.775,989.467,0.0,993.243
21.207325219991617,21011,2,8,3,0.0,-0.003007,0.084198,-0.018854,770.931,765.0,1001.904,-94.09,-1095,-765,0.0,0.084,0.0,0.0,0.084,288.547,482.384,0.0,770.931,4.745,997.159,0.0,1001.904
21.207325219991617,21016,2,8,3,0.0,-0.002943,0.082405,-0.010631,743.082,731.0,1006.028,-94.162,-1100,-731,0.0,0.082,0.0,0.0,0.082,260.502,482.579,0.0,743.082,9.665,996.362,0.0,1006.028
21.207325219991617,21021,2,8,3,0.0,-0.00292,0.081779,-0.019829,767.287,765.0,1003.078,-94.187,-1097,-766,0.0,0.081,0.0,0.0,0.081,284.503,482.784,0.0,767.287,1.83,1001.248,0.0,1003.078
21.218680433928967,21026,2,8,3,0.0,-0.002911,0.081511,-0.011757,744.132,748.0,988.656,-94.197,-1082,-748,0.0,0.081,0.0,0.0,0.081,261.152,482.98,0.0,744.132,-3.093,991.75,0.0,988.656
21.218680433928967,21031,2,8,3,0.0,-0.002972,0.08322,-0.015176,758.698,748.0,1005.617,-94.129,-1099,-748,0.0,0.083,0.0,0.0,0.083,275.511,483.187,0.0,758.698,8.558,997.058,0.0,1005.617
21.22960763401352,21040,2,8,3,0.0,-0.002936,0.082234,-0.003891,724.724,748.0,963.325,-94.169,-1057,-733,0.0,0.082,0.0,0.0,0.082,241.154,483.57,0.0,724.724,-18.62,981.945,0.0,963.325
21.24077255697921,21045,2,8,3,0.0,-0.002911,0.081526,0.008338,688.65,716.0,939.583,-94.197,-1033,-716,0.0,0.081,0.0,0.0,0.081,204.927,483.723,0.0,688.65,-21.879,961.463,0.0,939.583
21.24077255697921,21050,2,8,3,0.0,-0.002925,0.081907,-0.002671,720.721,716.0,967.566,-94.182,-1061,-716,0.0,0.081,0.0,0.0,0.081,236.82,483.901,0.0,720.721,3.777,963.788,0.0,967.566
21.25156550295651,21056,2,8,3,0.0,-0.002948,0.082551,0.000491,713.842,734.0,941.144,-94.156,-1035,-734,0.0,0.082,0.0,0.0,0.082,229.768,484.074,0.0,713.842,-16.126,957.27,0.0,941.144
21.25156550295651,21061,2,8,3,0.0,-0.002861,0.080111,0.002009,702.923,702.0,954.893,-94.253,-1049,-717,0.0,0.08,0.0,0.0,0.08,218.685,484.238,0.0,702.923,0.738,954.154,0.0,954.893
21.25156550295651,21066,2,8,3,0.0,-0.002806,0.078589,-0.012405,739.217,733.0,968.583,-94.314,-1062,-733,0.0,0.078,0.0,0.0,0.078,254.788,484.429,0.0,739.217,4.973,963.609,0.0,968.583
21.263070366927423,21071,2,8,3,0.0,-0.002765,0.077445,-0.005502,716.857,717.0,958.591,-94.359,-1052,-717,0.0,0.077,0.0,0.0,0.077,232.254,484.603,0.0,716.857,-0.113,958.705,0.0,958.591
21.263070366927423,21076,2,8,3,0.0,-0.002738,0.07668,-0.002722,707.1,702.0,962.331,-94.39,-1056,-702,0.0,0.076,0.0,0.0,0.076,222.329,484.77,0.0,707.1,4.08,958.251,0.0,962.331
21.27408016996924,21081,2,8,3,0.0,-0.002658,0.074443,-0.001636,697.952,717.0,935.147,-94.479,-1029,-716,0.0,0.074,0.0,0.0,0.074,213.022,484.93,0.0,697.952,-15.237,950.385,0.0,935.147
21.27408016996924,21086,2,8,3,0.0,-0.002595,0.072665,0.004036,677.235,685.0,927.863,-94.55,-1022,-685,0.0,0.072,0.0,0.0,0.072,192.161,485.074,0.0,677.235,-6.211,934.074,0.0,927.863
21.285089286975563,21091,2,8,3,0.0,-0.002559,0.071666,-0.007042,705.624,716.0,929.232,-94.59,-1023,-716,0.0,0.071,0.0,0.0,0.071,220.384,485.239,0.0,705.624,-8.3,937.533,0.0,929.232
21.285089286975563,21096,2,8,3,0.0,-0.002579,0.072238,-0.009816,715.167,686.0,969.417,-94.567,-1063,-686,0.0,0.072,0.0,0.0,0.072,229.755,485.411,0.0,715.167,23.334,946.083,0.0,969.417
21.296093620941974,21101,2,8,3,0.0,-0.002612,0.073136,-0.012612,725.691,731.0,944.212,-94.531,-1038,-733,0.0,0.073,0.0,0.0,0.073,240.099,485.591,0.0,725.691,-4.247,948.46,0.0,944.212
21.296093620941974,21106,2,8,3,0.0,-0.002569,0.071954,-0.01356,725.212,717.0,953.02,-94.578,-1047,-717,0.0,0.071,0.0,0.0,0.071,239.44,485.771,0.0,725.212,6.569,946.45,0.0,953.02
21.307564035989344,21111,2,8,3,0.0,-0.002618,0.073306,-0.008069,713.788,699.0,959.95,-94.524,-1054,-699,0.0,0.073,0.0,0.0,0.073,227.852,485.935,0.0,713.788,11.83,948.119,0.0,959.95
21.307564035989344,21116,2,8,3,0.0,-0.002583,0.072348,0.003017,680.208,717.0,904.221,-94.563,-998,-717,0.0,0.072,0.0,0.0,0.072,194.126,486.081,0.0,680.208,-29.433,933.654,0.0,904.221
21.307564035989344,21121,2,8,3,0.0,-0.002519,0.070546,0.00657,665.347,685.0,903.836,-94.634,-998,-699,0.0,0.07,0.0,0.0,0.07,179.132,486.215,0.0,665.347,-15.721,919.558,0.0,903.836
21.31892131094355,21130,2,8,3,0.0,-0.002474,0.069283,0.001917,675.132,669.0,915.999,-94.685,-1010,-669,0.0,0.069,0.0,0.0,0.069,188.622,486.509,0.0,675.132,4.905,911.093,0.0,915.999
21.330024551949464,21135,2,8,3,0.0,-0.002474,0.069298,-0.002367,687.324,700.0,900.843,-94.684,-995,-700,0.0,0.069,0.0,0.0,0.069,200.664,486.66,0.0,687.324,-10.14,910.983,0.0,900.843
21.330024551949464,21140,2,8,3,0.0,-0.002456,0.068792,0.010625,649.649,686.0,862.368,-94.704,-957,-652,0.0,0.068,0.0,0.0,0.068,162.867,486.782,0.0,649.649,-29.08,891.449,0.0,862.368
21.34094544791151,21146,2,8,3,0.0,-0.002419,0.067732,0.004722,663.343,685.0,876.488,-94.746,-971,-685,0.0,0.067,0.0,0.0,0.067,176.428,486.915,0.0,663.343,-17.325,893.814,0.0,876.488
21.34094544791151,21151,2,8,3,0.0,-0.002393,0.067015,-0.005636,690.495,684.0,901.928,-94.775,-996,-684,0.0,0.067,0.0,0.0,0.067,203.428,487.067,0.0,690.495,5.196,896.731,0.0,901.928
21.34094544791151,21156,2,8,3,0.0,-0.002352,0.065856,0.009085,646.147,667.0,866.538,-94.821,-961,-667,0.0,0.065,0.0,0.0,0.065,158.96,487.186,0.0,646.147,-16.682,883.221,0.0,866.538
21.353162672021426,21161,2,8,3,0.0,-0.002283,0.063925,-0.001713,671.112,652.0,906.377,-94.898,-1001,-684,0.0,0.063,0.0,0.0,0.063,183.787,487.324,0.0,671.112,15.289,891.087,0.0,906.377
21.353162672021426,21166,2,8,3,0.0,-0.002253,0.063111,0.006632,645.583,637.0,883.424,-94.931,-978,-637,0.0,0.063,0.0,0.0,0.063,158.139,487.443,0.0,645.583,6.866,876.557,0.0,883.424
21.36416182795074,21171,2,8,3,0.0,-0.002262,0.063348,0.007528,643.857,652.0,870.148,-94.921,-965,-652,0.0,0.063,0.0,0.0,0.063,156.296,487.56,0.0,643.857,-6.514,876.662,0.0,870.148
21.36416182795074,21176,2,8,3,0.0,-0.002159,0.060465,0.008145,634.166,652.0,853.456,-95.036,-948,-652,0.0,0.06,0.0,0.0,0.06,146.495,487.67,0.0,634.166,-14.267,867.723,0.0,853.456
21.375388228916563,21181,2,8,3,0.0,-0.002178,0.060995,-0.0093,684.646,637.0,927.945,-95.015,-1022,-699,0.0,0.06,0.0,0.0,0.06,196.828,487.818,0.0,684.646,38.117,889.828,0.0,927.945
21.375388228916563,21186,2,8,3,0.0,-0.0022,0.061614,-0.013444,698.141,669.0,916.281,-94.99,-1011,-669,0.0,0.061,0.0,0.0,0.061,210.165,487.975,0.0,698.141,23.313,892.968,0.0,916.281
21.38749743590597,21191,2,8,3,0.0,-0.002171,0.060793,0.00013,657.96,654.0,893.62,-95.023,-988,-654,0.0,0.06,0.0,0.0,0.06,169.857,488.103,0.0,657.96,3.168,890.451,0.0,893.62
21.38749743590597,21196,2,8,3,0.0,-0.002172,0.060836,-0.002645,665.986,669.0,889.507,-95.021,-984,-669,0.0,0.06,0.0,0.0,0.06,177.749,488.236,0.0,665.986,-2.41,891.918,0.0,889.507
21.38749743590597,21201,2,8,3,0.0,-0.002112,0.059145,-0.002728,661.606,667.0,884.765,-95.089,-979,-653,0.0,0.059,0.0,0.0,0.059,173.245,488.361,0.0,661.606,-4.314,889.08,0.0,884.765
21.399094442953356,21206,2,8,3,0.0,-0.002113,0.059186,-0.013316,691.519,698.0,899.439,-95.087,-994,-698,0.0,0.059,0.0,0.0,0.059,203.006,488.513,0.0,691.519,-5.184,904.624,0.0,899.439
21.399094442953356,21211,2,8,3,0.0,-0.002024,0.056672,0.000475,645.984,638.0,895.787,-95.187,-990,-638,0.0,0.056,0.0,0.0,0.056,157.352,488.631,0.0,645.984,6.387,889.399,0.0,895.787
21.411071558948606,21220,2,8,3,0.0,-0.002002,0.056059,-0.002478,652.803,684.0,859.154,-95.212,-954,-638,0.0,0.056,0.0,0.0,0.056,163.906,488.897,0.0,652.803,-24.957,884.111,0.0,859.154
21.411071558948606,21225,2,8,3,0.0,-0.002017,0.056487,-0.004663,660.247,685.0,870.795,-95.195,-965,-685,0.0,0.056,0.0,0.0,0.056,171.221,489.025,0.0,660.247,-19.802,890.597,0.0,870.795
21.422785538015887,21230,2,8,3,0.0,-0.002001,0.056041,-0.001351,649.848,667.0,862.845,-95.212,-958,-667,0.0,0.056,0.0,0.0,0.056,160.702,489.146,0.0,649.848,-13.721,876.566,0.0,862.845
21.422785538015887,21236,2,8,3,0.0,-0.001938,0.054266,0.000162,640.751,652.0,858.87,-95.283,-954,-652,0.0,0.054,0.0,0.0,0.054,151.491,489.26,0.0,640.751,-8.998,867.869,0.0,858.87
21.433999427012168,21241,2,8,3,0.0,-0.00183,0.051266,0.004117,621.374,637.0,845.875,-95.403,-941,-637,0.0,0.051,0.0,0.0,0.051,132.015,489.359,0.0,621.374,-12.5,858.375,0.0,845.875
21.433999427012168,21246,2,8,3,0.0,-0.001803,0.050493,-0.001831,635.978,637.0,857.025,-95.433,-952,-637,0.0,0.05,0.0,0.0,0.05,146.509,489.469,0.0,635.978,-0.817,857.842,0.0,857.025
21.445960593991913,21251,2,8,3,0.0,-0.001757,0.049215,-0.001774,632.347,653.0,835.772,-95.484,-931,-653,0.0,0.049,0.0,0.0,0.049,142.771,489.576,0.0,632.347,-16.521,852.294,0.0,835.772
21.445960593991913,21256,2,8,3,0.0,-0.001748,0.048966,-0.006669,645.474,638.0,859.016,-95.494,-954,-638,0.0,0.048,0.0,0.0,0.048,155.781,489.692,0.0,645.474,5.979,853.037,0.0,859.016
21.45721396896988,21261,2,8,3,0.0,-0.00168,0.04704,0.002004,615.887,651.0,808.836,-95.571,-904,-620,0.0,0.047,0.0,0.0,0.047,126.1,489.787,0.0,615.887,-28.089,836.926,0.0,808.836
21.45721396896988,21266,2,8,3,0.0,-0.001692,0.047377,-0.009866,650.192,652.0,847.352,-95.558,-942,-652,0.0,0.047,0.0,0.0,0.047,160.284,489.907,0.0,650.192,-1.446,848.798,0.0,847.352
21.45721396896988,21271,2,8,3,0.0,-0.001695,0.047472,-0.011888,656.242,637.0,869.588,-95.554,-965,-637,0.0,0.047,0.0,0.0,0.047,166.21,490.032,0.0,656.242,15.393,854.194,0.0,869.588
21.46902647893876,21276,2,8,3,0.0,-0.001688,0.047288,-0.011179,653.863,654.0,857.393,-95.561,-952,-654,0.0,0.047,0.0,0.0,0.047,163.708,490.155,0.0,653.863,-0.109,857.502,0.0,857.393
21.46902647893876,21281,2,8,3,0.0,-0.001671,0.046792,0.002071,615.469,652.0,809.768,-95.581,-905,-590,0.0,0.046,0.0,0.0,0.046,125.22,490.249,0.0,615.469,-29.224,838.992,0.0,809.768
21.47990887297783,21286,2,8,3,0.0,-0.001686,0.04723,0.002257,616.269,636.0,830.802,-95.563,-926,-636,0.0,0.047,0.0,0.0,0.047,125.925,490.343,0.0,616.269,-15.784,846.587,0.0,830.802
21.47990887297783,21291,2,8,3,0.0,-0.001748,0.048946,-0.001811,632.569,622.0,855.897,-95.495,-951,-622,0.0,0.048,0.0,0.0,0.048,142.123,490.445,0.0,632.569,8.455,847.441,0.0,855.897
21.490668150014244,21296,2,8,3,0.0,-0.001831,0.051295,-0.016471,680.336,652.0,890.851,-95.401,-986,-652,0.0,0.051,0.0,0.0,0.051,189.748,490.588,0.0,680.336,22.669,868.182,0.0,890.851
21.490668150014244,21301,2,8,3,0.0,-0.001792,0.050194,-0.004221,643.066,668.0,837.868,-95.445,-933,-636,0.0,0.05,0.0,0.0,0.05,152.364,490.702,0.0,643.066,-19.946,857.814,0.0,837.868
21.502158539020456,21306,2,8,3,0.0,-0.001732,0.048498,-0.001139,629.791,636.0,849.722,-95.513,-945,-636,0.0,0.048,0.0,0.0,0.048,138.984,490.806,0.0,629.791,-4.966,854.689,0.0,849.722
21.502158539020456,21315,2,8,3,0.0,-0.001801,0.050451,-0.000117,632.636,652.0,844.332,-95.435,-939,-652,0.0,0.05,0.0,0.0,0.05,141.593,491.043,0.0,632.636,-15.49,859.823,0.0,844.332
21.513248652918264,21320,2,8,3,0.0,-0.001741,0.04877,0.005094,613.427,623.0,844.592,-95.502,-940,-622,0.0,0.048,0.0,0.0,0.048,122.292,491.135,0.0,613.427,-7.658,852.25,0.0,844.592
21.513248652918264,21326,2,8,3,0.0,-0.001723,0.04827,0.004954,612.51,637.0,826.377,-95.522,-921,-637,0.0,0.048,0.0,0.0,0.048,121.284,491.226,0.0,612.51,-19.591,845.969,0.0,826.377
21.52413124393206,21331,2,8,3,0.0,-0.00175,0.049019,0.007237,608.305,620.0,825.652,-95.492,-921,-620,0.0,0.049,0.0,0.0,0.049,116.991,491.314,0.0,608.305,-9.355,835.008,0.0,825.652
21.52413124393206,21336,2,8,3,0.0,-0.001761,0.049311,0.002445,622.636,621.0,837.296,-95.481,-932,-621,0.0,0.049,0.0,0.0,0.049,131.223,491.412,0.0,622.636,1.309,835.987,0.0,837.296
21.53520522697363,21341,2,8,3,0.0,-0.001838,0.051483,-0.003731,646.132,621.0,868.636,-95.394,-964,-637,0.0,0.051,0.0,0.0,0.051,154.603,491.528,0.0,646.132,20.106,848.529,0.0,868.636
21.53520522697363,21346,2,8,3,0.0,-0.001835,0.05139,-0.010496,664.941,653.0,870.428,-95.398,-965,-653,0.0,0.051,0.0,0.0,0.051,173.282,491.658,0.0,664.941,9.553,860.875,0.0,870.428
21.546221624012105,21351,2,8,3,0.0,-0.001785,0.049982,-0.000868,634.148,636.0,853.686,-95.454,-949,-636,0.0,0.049,0.0,0.0,0.049,142.383,491.765,0.0,634.148,-1.48,855.167,0.0,853.686
21.546221624012105,21356,2,8,3,0.0,-0.001802,0.050465,0.011335,601.412,622.0,825.611,-95.435,-921,-622,0.0,0.05,0.0,0.0,0.05,109.565,491.847,0.0,601.412,-16.469,842.081,0.0,825.611
21.558005934930407,21361,2,8,3,0.0,-0.001804,0.05052,0.004224,621.572,619.0,845.068,-95.432,-940,-622,0.0,0.05,0.0,0.0,0.05,129.627,491.944,0.0,621.572,2.057,843.01,0.0,845.068
21.558005934930407,21366,2,8,3,0.0,-0.001792,0.0502,0.00568,616.694,620.0,837.933,-95.445,-933,-620,0.0,0.05,0.0,0.0,0.05,124.655,492.038,0.0,616.694,-2.644,840.578,0.0,837.933
21.558005934930407,21371,2,8,3,0.0,-0.00177,0.049585,-0.005072,645.195,636.0,857.281,-95.47,-952,-636,0.0,0.049,0.0,0.0,0.049,153.042,492.153,0.0,645.195,7.356,849.924,0.0,857.281
21.56867844692897,21376,2,8,3,0.0,-0.001774,0.049673,0.00131,627.67,638.0,836.875,-95.466,-932,-638,0.0,0.049,0.0,0.0,0.049,135.415,492.254,0.0,627.67,-8.263,845.139,0.0,836.875
21.56867844692897,21381,2,8,3,0.0,-0.001788,0.05008,-0.002694,640.129,636.0,850.179,-95.45,-945,-637,0.0,0.05,0.0,0.0,0.05,147.768,492.361,0.0,640.129,3.303,846.876,0.0,850.179
21.580112332012504,21386,2,8,3,0.0,-0.00172,0.048186,-0.003543,637.314,636.0,848.144,-95.525,-943,-636,0.0,0.048,0.0,0.0,0.048,144.844,492.469,0.0,637.314,1.051,847.093,0.0,848.144
21.580112332012504,21391,2,8,3,0.0,-0.001739,0.048702,-0.008152,651.783,636.0,867.588,-95.505,-963,-636,0.0,0.048,0.0,0.0,0.048,159.194,492.589,0.0,651.783,12.626,854.961,0.0,867.588
21.591087262961082,21396,2,8,3,0.0,-0.001731,0.048479,-0.008123,651.196,652.0,857.411,-95.514,-952,-652,0.0,0.048,0.0,0.0,0.048,158.488,492.708,0.0,651.196,-0.642,858.054,0.0,857.411
21.591087262961082,21405,2,8,3,0.0,-0.001774,0.049693,0.000947,629.414,636.0,850.097,-95.465,-945,-636,0.0,0.049,0.0,0.0,0.049,136.487,492.927,0.0,629.414,-5.268,855.365,0.0,850.097
21.602487000986002,21410,2,8,3,0.0,-0.001816,0.050873,0.003192,626.532,636.0,843.038,-95.418,-938,-636,0.0,0.05,0.0,0.0,0.05,133.505,493.027,0.0,626.532,-7.573,850.612,0.0,843.038
21.602487000986002,21416,2,8,3,0.0,-0.001879,0.052637,-0.000934,643.14,651.0,843.384,-95.348,-938,-651,0.0,0.052,0.0,0.0,0.052,149.999,493.14,0.0,643.14,-6.287,849.672,0.0,843.384
21.613747454015538,21421,2,8,3,0.0,-0.001873,0.052445,-0.015278,682.91,637.0,907.774,-95.356,-1003,-667,0.0,0.052,0.0,0.0,0.052,189.627,493.282,0.0,682.91,36.728,871.046,0.0,907.774
21.613747454015538,21426,2,8,3,0.0,-0.001851,0.051852,-0.009908,666.344,652.0,883.668,-95.379,-979,-652,0.0,0.051,0.0,0.0,0.051,172.931,493.412,0.0,666.344,11.475,872.192,0.0,883.668
21.624274128000252,21431,2,8,3,0.0,-0.001815,0.050839,0.002139,629.876,638.0,857.412,-95.42,-952,-638,0.0,0.05,0.0,0.0,0.05,136.362,493.514,0.0,629.876,-6.498,863.911,0.0,857.412
21.624274128000252,21436,2,8,3,0.0,-0.001785,0.049984,-0.012745,669.291,668.0,870.966,-95.454,-966,-668,0.0,0.049,0.0,0.0,0.049,175.644,493.646,0.0,669.291,1.032,869.933,0.0,870.966
21.635312619968317,21441,2,8,3,0.0,-0.001744,0.048852,-0.01018,659.063,637.0,895.097,-95.499,-990,-653,0.0,0.048,0.0,0.0,0.048,165.293,493.77,0.0,659.063,17.65,877.447,0.0,895.097
21.635312619968317,21446,2,8,3,0.0,-0.001763,0.049371,0.002565,624.927,637.0,855.333,-95.478,-950,-637,0.0,0.049,0.0,0.0,0.049,131.059,493.868,0.0,624.927,-9.657,864.991,0.0,855.333
21.64732130197808,21451,2,8,3,0.0,-0.001732,0.0485,-0.01539,672.898,652.0,896.332,-95.513,-991,-652,0.0,0.048,0.0,0.0,0.048,178.895,494.002,0.0,672.898,16.718,879.614,0.0,896.332
21.64732130197808,21456,2,8,3,0.0,-0.001761,0.049318,-0.009471,658.737,668.0,870.747,-95.48,-966,-668,0.0,0.049,0.0,0.0,0.049,164.61,494.126,0.0,658.737,-7.41,878.157,0.0,870.747
21.64732130197808,21461,2,8,3,0.0,-0.0017,0.047624,-0.003342,636.942,667.0,838.948,-95.548,-934,-651,0.0,0.047,0.0,0.0,0.047,142.708,494.233,0.0,636.942,-24.046,862.994,0.0,838.948
21.658910127007402,21466,2,8,3,0.0,-0.001678,0.046998,0.006633,607.34,620.0,834.738,-95.573,-930,-620,0.0,0.046,0.0,0.0,0.046,113.022,494.318,0.0,607.34,-10.127,844.865,0.0,834.738
21.658910127007402,21471,2,8,3,0.0,-0.001791,0.050151,-0.00732,655.355,653.0,857.762,-95.447,-953,-653,0.0,0.05,0.0,0.0,0.05,160.921,494.433,0.0,655.355,1.884,855.877,0.0,857.762
21.67003170994576,21476,2,8,3,0.0,-0.001819,0.050959,0.006675,618.522,637.0,828.319,-95.415,-923,-637,0.0,0.05,0.0,0.0,0.05,123.995,494.526,0.0,618.522,-14.782,843.101,0.0,828.319
21.67003170994576,21481,2,8,3,0.0,-0.001786,0.050016,0.015548,591.109,605.0,820.785,-95.452,-916,-603,0.0,0.05,0.0,0.0,0.05,96.51,494.599,0.0,591.109,-11.112,831.897,0.0,820.785
21.681550861918367,21486,2,8,3,0.0,-0.001771,0.049599,0.006427,615.571,621.0,832.347,-95.469,-927,-621,0.0,0.049,0.0,0.0,0.049,120.881,494.689,0.0,615.571,-4.343,836.69,0.0,832.347
21.681550861918367,21495,2,8,3,0.0,-0.001728,0.048403,0.007371,609.764,590.0,850.852,-95.517,-946,-590,0.0,0.048,0.0,0.0,0.048,114.888,494.875,0.0,609.764,15.811,835.041,0.0,850.852
21.69309329299722,21500,2,8,3,0.0,-0.001676,0.046952,-0.001814,631.524,637.0,832.39,-95.575,-927,-622,0.0,0.046,0.0,0.0,0.046,136.546,494.978,0.0,631.524,-4.38,836.77,0.0,832.39
21.69309329299722,21506,2,8,3,0.0,-0.001627,0.045579,-0.008215,645.716,623.0,866.724,-95.629,-962,-623,0.0,0.045,0.0,0.0,0.045,150.625,495.091,0.0,645.716,18.173,848.551,0.0,866.724
21.704037672956474,21511,2,8,3,0.0,-0.001658,0.046427,-0.001276,628.762,652.0,827.022,-95.595,-922,-652,0.0,0.046,0.0,0.0,0.046,133.571,495.191,0.0,628.762,-18.589,845.611,0.0,827.022
21.704037672956474,21516,2,8,3,0.0,-0.001606,0.04497,0.00346,611.509,621.0,827.673,-95.654,-923,-621,0.0,0.044,0.0,0.0,0.044,116.23,495.278,0.0,611.509,-7.592,835.265,0.0,827.673
21.715464902925305,21521,2,8,3,0.0,-0.001598,0.044764,0.004584,607.865,636.0,800.338,-95.662,-896,-605,0.0,0.044,0.0,0.0,0.044,112.502,495.363,0.0,607.865,-22.507,822.846,0.0,800.338
21.715464902925305,21526,2,8,3,0.0,-0.00167,0.046762,-0.001052,629.346,651.0,813.075,-95.582,-908,-651,0.0,0.046,0.0,0.0,0.046,133.882,495.463,0.0,629.346,-17.322,830.398,0.0,813.075
21.72727022098843,21531,2,8,3,0.0,-0.001629,0.045626,0.00296,615.02,605.0,830.523,-95.627,-926,-605,0.0,0.045,0.0,0.0,0.045,119.466,495.553,0.0,615.02,8.016,822.507,0.0,830.523
21.72727022098843,21536,2,8,3,0.0,-0.001614,0.045196,0.002762,614.457,622.0,816.053,-95.645,-911,-622,0.0,0.045,0.0,0.0,0.045,118.815,495.642,0.0,614.457,-6.033,822.087,0.0,816.053
21.72727022098843,21541,2,8,3,0.0,-0.001706,0.047768,-0.016007,674.348,606.0,909.11,-95.542,-1004,-669,0.0,0.047,0.0,0.0,0.047,178.572,495.776,0.0,674.348,54.678,854.431,0.0,909.11
21.738882042933255,21546,2,8,3,0.0,-0.001667,0.046679,-0.004043,637.905,636.0,844.344,-95.585,-939,-636,0.0,0.046,0.0,0.0,0.046,142.022,495.882,0.0,637.905,1.524,842.82,0.0,844.344
21.738882042933255,21551,2,8,3,0.0,-0.001645,0.046076,-0.000716,627.002,622.0,845.128,-95.609,-940,-622,0.0,0.046,0.0,0.0,0.046,131.02,495.981,0.0,627.002,4.001,841.126,0.0,845.128
21.74981257901527,21556,2,8,3,0.0,-0.001582,0.044318,-0.006481,638.327,636.0,846.931,-95.68,-942,-636,0.0,0.044,0.0,0.0,0.044,142.239,496.087,0.0,638.327,1.862,845.069,0.0,846.931
21.74981257901527,21561,2,8,3,0.0,-0.0016,0.044824,-0.001636,626.272,622.0,848.942,-95.659,-944,-652,0.0,0.044,0.0,0.0,0.044,130.09,496.181,0.0,626.272,3.417,845.524,0.0,848.942
21.761123603908345,21566,2,8,3,0.0,-0.001573,0.044044,-0.006409,637.56,619.0,855.834,-95.69,-951,-619,0.0,0.044,0.0,0.0,0.044,141.272,496.287,0.0,637.56,14.848,840.986,0.0,855.834
21.761123603908345,21571,2,8,3,0.0,-0.001497,0.041928,0.000682,611.862,636.0,815.028,-95.775,-910,-636,0.0,0.041,0.0,0.0,0.041,115.488,496.374,0.0,611.862,-19.31,834.338,0.0,815.028
21.77256536798086,21576,2,8,3,0.0,-0.001471,0.041205,0.005386,596.74,604.0,817.851,-95.804,-913,-604,0.0,0.041,0.0,0.0,0.041,100.291,496.449,0.0,596.74,-5.807,823.658,0.0,817.851
21.77256536798086,21585,2,8,3,0.0,-0.001512,0.042353,-0.003313,624.514,621.0,834.026,-95.758,-929,-621,0.0,0.042,0.0,0.0,0.042,127.867,496.646,0.0,624.514,2.811,831.215,0.0,834.026
21.783971349941567,21590,2,8,3,0.0,-0.00148,0.041458,0.003341,603.453,604.0,825.358,-95.794,-921,-604,0.0,0.041,0.0,0.0,0.041,106.727,496.726,0.0,603.453,-0.437,825.795,0.0,825.358
21.783971349941567,21596,2,8,3,0.0,-0.001529,0.042818,-0.003517,626.566,636.0,819.951,-95.739,-915,-636,0.0,0.042,0.0,0.0,0.042,129.741,496.824,0.0,626.566,-7.546,827.498,0.0,819.951
21.79489389900118,21601,2,8,3,0.0,-0.001511,0.042317,-0.002397,622.119,590.0,864.135,-95.759,-959,-637,0.0,0.042,0.0,0.0,0.042,125.201,496.918,0.0,622.119,25.695,838.439,0.0,864.135
21.79489389900118,21606,2,8,3,0.0,-0.001572,0.044022,-0.006467,638.395,636.0,841.132,-95.691,-936,-636,0.0,0.044,0.0,0.0,0.044,141.371,497.024,0.0,638.395,1.916,839.216,0.0,841.132
21.805411654990166,21611,2,8,3,0.0,-0.001532,0.042918,-0.000907,619.828,621.0,833.175,-95.735,-928,-621,0.0,0.042,0.0,0.0,0.042,122.712,497.116,0.0,619.828,-0.936,834.112,0.0,833.175
21.805411654990166,21616,2,8,3,0.0,-0.001548,0.043366,-0.010136,647.037,636.0,851.14,-95.717,-946,-636,0.0,0.043,0.0,0.0,0.043,149.808,497.228,0.0,647.037,8.829,842.31,0.0,851.14
21.817146594985388,21621,2,8,3,0.0,-0.001519,0.042551,-0.002803,624.318,621.0,844.915,-95.75,-940,-637,0.0,0.042,0.0,0.0,0.042,126.994,497.323,0.0,624.318,2.655,842.26,0.0,844.915
21.817146594985388,21626,2,8,3,0.0,-0.001447,0.040522,-0.000135,611.252,605.0,837.571,-95.831,-933,-605,0.0,0.04,0.0,0.0,0.04,113.842,497.409,0.0,611.252,5.001,832.569,0.0,837.571
21.817146594985388,21631,2,8,3,0.0,-0.001471,0.041197,-0.010512,642.305,652.0,833.108,-95.804,-928,-652,0.0,0.041,0.0,0.0,0.041,144.787,497.517,0.0,642.305,-7.755,840.864,0.0,833.108
21.828174220980145,21636,2,8,3,0.0,-0.001458,0.040841,-0.002272,618.327,621.0,831.172,-95.818,-926,-621,0.0,0.04,0.0,0.0,0.04,120.718,497.608,0.0,618.327,-2.138,833.31,0.0,831.172
21.828174220980145,21641,2,8,3,0.0,-0.001386,0.038825,0.013274,569.205,620.0,767.154,-95.898,-863,-573,0.0,0.038,0.0,0.0,0.038,71.543,497.662,0.0,569.205,-40.635,807.789,0.0,767.154
21.83902169391513,21646,2,8,3,0.0,-0.001356,0.037984,0.00781,582.211,604.0,791.234,-95.932,-887,-604,0.0,0.037,0.0,0.0,0.037,84.486,497.725,0.0,582.211,-17.43,808.665,0.0,791.234
21.83902169391513,21651,2,8,3,0.0,-0.00138,0.038656,0.009427,579.628,589.0,791.997,-95.905,-887,-589,0.0,0.038,0.0,0.0,0.038,81.841,497.786,0.0,579.628,-7.497,799.494,0.0,791.997
21.850149925914593,21656,2,8,3,0.0,-0.001401,0.039252,0.001718,602.958,589.0,817.347,-95.881,-913,-589,0.0,0.039,0.0,0.0,0.039,105.095,497.862,0.0,602.958,11.166,806.18,0.0,817.347
21.850149925914593,21661,2,8,3,0.0,-0.001436,0.040208,-0.000506,611.951,620.0,799.812,-95.843,-895,-604,0.0,0.04,0.0,0.0,0.04,114.003,497.948,0.0,611.951,-6.438,806.25,0.0,799.812
21.861204563989304,21666,2,8,3,0.0,-0.001468,0.041129,-0.00529,628.02,590.0,849.805,-95.807,-945,-590,0.0,0.041,0.0,0.0,0.041,129.975,498.045,0.0,628.02,30.416,819.389,0.0,849.805
21.861204563989304,21675,2,8,3,0.0,-0.001498,0.041955,-0.001513,619.939,621.0,823.42,-95.774,-919,-621,0.0,0.041,0.0,0.0,0.041,121.713,498.226,0.0,619.939,-0.848,824.269,0.0,823.42
21.87241508194711,21680,2,8,3,0.0,-0.001471,0.041211,0.012032,579.989,636.0,752.877,-95.803,-848,-541,0.0,0.041,0.0,0.0,0.041,81.701,498.287,0.0,579.989,-44.808,797.685,0.0,752.877
21.87241508194711,21686,2,8,3,0.0,-0.00149,0.041734,0.013671,576.923,621.0,772.43,-95.782,-868,-621,0.0,0.041,0.0,0.0,0.041,78.576,498.346,0.0,576.923,-35.261,807.691,0.0,772.43
21.883746096980758,21691,2,8,3,0.0,-0.001568,0.043922,0.001866,616.191,589.0,833.424,-95.695,-929,-589,0.0,0.043,0.0,0.0,0.043,117.756,498.434,0.0,616.191,21.753,811.67,0.0,833.424
21.883746096980758,21696,2,8,3,0.0,-0.001579,0.044229,0.006942,602.919,605.0,811.832,-95.683,-907,-605,0.0,0.044,0.0,0.0,0.044,104.406,498.513,0.0,602.919,-1.664,813.496,0.0,811.832
21.894495941931382,21701,2,8,3,0.0,-0.001549,0.043388,-0.004009,631.325,604.0,848.888,-95.717,-944,-636,0.0,0.043,0.0,0.0,0.043,132.712,498.612,0.0,631.325,21.86,827.028,0.0,848.888
21.894495941931382,21706,2,8,3,0.0,-0.001572,0.044033,-0.00305,630.547,621.0,833.42,-95.691,-929,-621,0.0,0.044,0.0,0.0,0.044,131.835,498.711,0.0,630.547,7.637,825.782,0.0,833.42
21.905491870013066,21711,2,8,3,0.0,-0.001517,0.042501,0.003995,606.61,603.0,825.418,-95.752,-921,-603,0.0,0.042,0.0,0.0,0.042,107.817,498.792,0.0,606.61,2.888,822.53,0.0,825.418
21.905491870013066,21716,2,8,3,0.0,-0.001549,0.04339,0.006177,603.066,619.0,804.972,-95.717,-900,-619,0.0,0.043,0.0,0.0,0.043,104.195,498.87,0.0,603.066,-12.746,817.719,0.0,804.972
21.916416647960432,21721,2,8,3,0.0,-0.001486,0.041612,0.01138,583.582,604.0,789.472,-95.787,-885,-589,0.0,0.041,0.0,0.0,0.041,84.648,498.934,0.0,583.582,-16.334,805.806,0.0,789.472
21.916416647960432,21726,2,8,3,0.0,-0.001495,0.041865,-0.000497,617.64,622.0,812.664,-95.777,-908,-622,0.0,0.041,0.0,0.0,0.041,118.617,499.023,0.0,617.64,-3.487,816.151,0.0,812.664
21.916416647960432,21731,2,8,3,0.0,-0.001427,0.039958,0.005837,594.633,587.0,815.625,-95.853,-911,-587,0.0,0.039,0.0,0.0,0.039,95.538,499.094,0.0,594.633,6.106,809.518,0.0,815.625
21.928103892016225,21736,2,8,3,0.0,-0.001418,0.039718,0.001377,606.528,603.0,817.289,-95.863,-913,-603,0.0,0.039,0.0,0.0,0.039,107.353,499.175,0.0,606.528,2.823,814.466,0.0,817.289
21.928103892016225,21741,2,8,3,0.0,-0.001364,0.038204,0.005923,589.628,603.0,797.07,-95.923,-892,-603,0.0,0.038,0.0,0.0,0.038,90.385,499.242,0.0,589.628,-10.696,807.767,0.0,797.07
21.939103834913112,21746,2,8,3,0.0,-0.001342,0.037582,0.003123,595.797,589.0,810.881,-95.948,-906,-589,0.0,0.037,0.0,0.0,0.037,96.485,499.312,0.0,595.797,5.438,805.443,0.0,810.881
21.939103834913112,21751,2,8,3,0.0,-0.00139,0.038947,-0.010342,637.43,622.0,836.037,-95.894,-931,-622,0.0,0.038,0.0,0.0,0.038,138.014,499.416,0.0,637.43,12.344,823.693,0.0,836.037
21.95114214392379,21756,2,8,3,0.0,-0.00141,0.039504,0.003122,601.361,604.0,816.29,-95.871,-912,-604,0.0,0.039,0.0,0.0,0.039,101.868,499.492,0.0,601.361,-2.111,818.401,0.0,816.29
21.95114214392379,21765,2,8,3,0.0,-0.001377,0.038571,0.008607,583.528,604.0,791.674,-95.909,-887,-604,0.0,0.038,0.0,0.0,0.038,83.899,499.628,0.0,583.528,-16.377,808.051,0.0,791.674
21.962971966015175,21770,2,8,3,0.0,-0.001345,0.037677,0.001527,600.925,604.0,804.04,-95.944,-899,-604,0.0,0.037,0.0,0.0,0.037,101.221,499.704,0.0,600.925,-2.459,806.499,0.0,804.04
21.962971966015175,21775,2,8,3,0.0,-0.001373,0.038464,-0.007446,628.352,605.0,837.04,-95.913,-932,-605,0.0,0.038,0.0,0.0,0.038,128.551,499.8,0.0,628.352,18.682,818.358,0.0,837.04
21.974115816992708,21781,2,8,3,0.0,-0.001419,0.039732,-0.012752,646.869,621.0,853.539,-95.862,-949,-636,0.0,0.039,0.0,0.0,0.039,146.957,499.911,0.0,646.869,20.695,832.844,0.0,853.539
21.974115816992708,21786,2,8,3,0.0,-0.001389,0.038909,-0.004967,622.859,604.0,844.543,-95.895,-940,-604,0.0,0.038,0.0,0.0,0.038,122.855,500.003,0.0,622.859,15.087,829.456,0.0,844.543
21.985333926975727,21791,2,8,3,0.0,-0.001366,0.038265,-0.003627,617.392,636.0,814.849,-95.921,-910,-636,0.0,0.038,0.0,0.0,0.038,117.3,500.091,0.0,617.392,-14.886,829.735,0.0,814.849
21.985333926975727,21796,2,8,3,0.0,-0.001427,0.039982,-0.00325,621.235,604.0,846.36,-95.852,-942,-604,0.0,0.039,0.0,0.0,0.039,121.053,500.182,0.0,621.235,13.788,832.571,0.0,846.36
21.99610169394873,21801,2,8,3,0.0,-0.001411,0.039523,-0.005783,627.137,622.0,841.259,-95.871,-937,-637,0.0,0.039,0.0,0.0,0.039,126.859,500.277,0.0,627.137,4.109,837.149,0.0,841.259
21.99610169394873,21806,2,8,3,0.0,-0.001391,0.038961,0.003725,599.01,589.0,830.948,-95.893,-926,-589,0.0,0.038,0.0,0.0,0.038,98.659,500.351,0.0,599.01,8.008,822.939,0.0,830.948
22.007532831979915,21811,2,8,3,0.0,-0.001376,0.038553,0.010434,579.143,590.0,809.094,-95.909,-905,-590,0.0,0.038,0.0,0.0,0.038,78.733,500.41,0.0,579.143,-8.685,817.78,0.0,809.094
22.007532831979915,21816,2,8,3,0.0,-0.00134,0.03753,0.010402,576.427,588.0,802.323,-95.95,-898,-588,0.0,0.037,0.0,0.0,0.037,75.959,500.467,0.0,576.427,-9.258,811.581,0.0,802.323
22.007532831979915,21821,2,8,3,0.0,-0.001333,0.037342,0.00766,583.638,604.0,786.902,-95.958,-882,-603,0.0,0.037,0.0,0.0,0.037,83.108,500.529,0.0,583.638,-16.289,803.191,0.0,786.902
22.018235281924717,21826,2,8,3,0.0,-0.001382,0.038715,-0.006854,628.222,621.0,819.403,-95.903,-915,-621,0.0,0.038,0.0,0.0,0.038,127.597,500.625,0.0,628.222,5.778,813.625,0.0,819.403
22.018235281924717,21831,2,8,3,0.0,-0.001435,0.040197,-0.009332,639.413,620.0,838.543,-95.844,-934,-620,0.0,0.04,0.0,0.0,0.04,138.683,500.729,0.0,639.413,15.53,823.013,0.0,838.543
22.02977430599276,21836,2,8,3,0.0,-0.0014,0.039205,-0.004489,623.163,621.0,825.965,-95.883,-921,-621,0.0,0.039,0.0,0.0,0.039,122.345,500.817,0.0,623.163,1.73,824.234,0.0,825.965
22.02977430599276,21841,2,8,3,0.0,-0.001337,0.037438,-0.001466,609.832,621.0,809.7,-95.954,-905,-604,0.0,0.037,0.0,0.0,0.037,108.933,500.899,0.0,609.832,-8.934,818.634,0.0,809.7
22.041286775958724,21846,2,8,3,0.0,-0.001274,0.035689,-0.003609,611.018,636.0,799.521,-96.023,-895,-636,0.0,0.035,0.0,0.0,0.035,110.037,500.981,0.0,611.018,-19.984,819.506,0.0,799.521
22.041286775958724,21855,2,8,3,0.0,-0.001249,0.034994,-0.012107,633.07,622.0,841.893,-96.051,-937,-622,0.0,0.034,0.0,0.0,0.034,131.887,501.183,0.0,633.07,8.856,833.037,0.0,841.893
22.05292170692701,21860,2,8,3,0.0,-0.001277,0.035776,-0.007363,622.063,622.0,833.102,-96.02,-929,-621,0.0,0.035,0.0,0.0,0.035,120.789,501.273,0.0,622.063,0.051,833.051,0.0,833.102
22.05292170692701,21865,2,8,3,0.0,-0.001334,0.037359,-0.011247,637.475,636.0,840.974,-95.957,-936,-636,0.0,0.037,0.0,0.0,0.037,136.099,501.375,0.0,637.475,1.179,839.794,0.0,840.974
22.06395908992272,21871,2,8,3,0.0,-0.001311,0.036713,-0.004002,615.464,620.0,829.045,-95.983,-925,-620,0.0,0.036,0.0,0.0,0.036,114.002,501.461,0.0,615.464,-3.628,832.673,0.0,829.045
22.06395908992272,21876,2,8,3,0.0,-0.00128,0.035856,-0.006794,620.976,622.0,831.684,-96.017,-927,-622,0.0,0.035,0.0,0.0,0.035,119.424,501.551,0.0,620.976,-0.819,832.503,0.0,831.684
22.074983162921853,21881,2,8,3,0.0,-0.001175,0.032927,-0.002136,599.804,621.0,804.824,-96.133,-900,-604,0.0,0.032,0.0,0.0,0.032,98.179,501.624,0.0,599.804,-16.956,821.78,0.0,804.824
22.074983162921853,21886,2,8,3,0.0,-0.001154,0.032332,-0.001248,595.72,604.0,811.002,-96.157,-907,-604,0.0,0.032,0.0,0.0,0.032,94.024,501.695,0.0,595.72,-6.623,817.626,0.0,811.002
22.086084404960275,21891,2,8,3,0.0,-0.001137,0.031863,0.015224,548.32,572.0,777.873,-96.176,-874,-572,0.0,0.031,0.0,0.0,0.031,46.589,501.73,0.0,548.32,-18.943,796.817,0.0,777.873
22.086084404960275,21896,2,8,3,0.0,-0.001157,0.032397,0.017635,543.093,573.0,758.13,-96.155,-854,-573,0.0,0.032,0.0,0.0,0.032,41.331,501.761,0.0,543.093,-23.925,782.055,0.0,758.13
22.097218279959634,21901,2,8,3,0.0,-0.001177,0.032981,0.006,577.365,557.0,806.715,-96.131,-902,-589,0.0,0.032,0.0,0.0,0.032,75.547,501.818,0.0,577.365,16.292,790.423,0.0,806.715
22.097218279959634,21906,2,8,3,0.0,-0.001185,0.033194,-0.000244,595.517,590.0,797.981,-96.123,-894,-590,0.0,0.033,0.0,0.0,0.033,93.628,501.888,0.0,595.517,4.413,793.567,0.0,797.981
22.097218279959634,21911,2,8,3,0.0,-0.001145,0.032081,-0.002642,599.189,589.0,806.501,-96.167,-902,-589,0.0,0.032,0.0,0.0,0.032,97.228,501.961,0.0,599.189,8.151,798.349,0.0,806.501
22.108264392009005,21916,2,8,3,0.0,-0.00109,0.030533,-0.005375,602.583,589.0,815.993,-96.229,-912,-589,0.0,0.03,0.0,0.0,0.03,100.546,502.036,0.0,602.583,10.866,805.126,0.0,815.993
22.108264392009005,21921,2,8,3,0.0,-0.001011,0.028328,0.011614,548.871,604.0,735.144,-96.317,-831,-557,0.0,0.028,0.0,0.0,0.028,46.8,502.071,0.0,548.871,-44.102,779.247,0.0,735.144
22.119348814943805,21926,2,8,3,0.0,-0.001027,0.028769,0.001331,578.955,588.0,780.002,-96.299,-876,-588,0.0,0.028,0.0,0.0,0.028,76.828,502.127,0.0,578.955,-7.235,787.238,0.0,780.002
22.119348814943805,21931,2,8,3,0.0,-0.001052,0.029479,-0.00239,591.43,573.0,806.386,-96.271,-902,-573,0.0,0.029,0.0,0.0,0.029,89.236,502.194,0.0,591.43,14.744,791.642,0.0,806.386
22.13020916900132,21936,2,8,3,0.0,-0.001047,0.029317,0.003516,574.49,589.0,776.287,-96.277,-872,-589,0.0,0.029,0.0,0.0,0.029,72.242,502.248,0.0,574.49,-11.607,787.894,0.0,776.287
22.13020916900132,21941,2,8,3,0.0,-0.001028,0.028789,0.000293,582.096,572.0,798.753,-96.298,-895,-587,0.0,0.028,0.0,0.0,0.028,79.788,502.308,0.0,582.096,8.077,790.676,0.0,798.753
22.141203493927605,21950,2,8,3,0.0,-0.001104,0.030936,-0.004081,600.494,589.0,804.998,-96.213,-901,-589,0.0,0.03,0.0,0.0,0.03,98.047,502.446,0.0,600.494,9.195,795.802,0.0,804.998
22.141203493927605,21955,2,8,3,0.0,-0.001095,0.030668,0.000324,587.472,604.0,777.331,-96.224,-873,-604,0.0,0.03,0.0,0.0,0.03,84.962,502.51,0.0,587.472,-13.221,790.552,0.0,777.331
22.153283246909268,21961,2,8,3,0.0,-0.001158,0.032429,-0.010049,621.543,572.0,851.973,-96.153,-948,-621,0.0,0.032,0.0,0.0,0.032,118.943,502.599,0.0,621.543,39.634,812.338,0.0,851.973
22.153283246909268,21966,2,8,3,0.0,-0.001129,0.031623,0.002666,583.739,574.0,806.236,-96.185,-902,-574,0.0,0.031,0.0,0.0,0.031,81.079,502.66,0.0,583.739,7.791,798.444,0.0,806.236
22.163900880957954,21971,2,8,3,0.0,-0.001129,0.031632,-0.002181,597.408,604.0,798.861,-96.185,-895,-604,0.0,0.031,0.0,0.0,0.031,94.676,502.731,0.0,597.408,-5.273,804.134,0.0,798.861
22.163900880957954,21976,2,8,3,0.0,-0.001214,0.034001,-0.006934,617.438,621.0,802.549,-96.091,-898,-621,0.0,0.034,0.0,0.0,0.034,114.62,502.817,0.0,617.438,-2.849,805.398,0.0,802.549
22.175074482918717,21981,2,8,3,0.0,-0.001318,0.036904,-0.015253,648.97,589.0,879.728,-95.975,-975,-653,0.0,0.036,0.0,0.0,0.036,146.042,502.927,0.0,648.97,47.976,831.752,0.0,879.728
22.175074482918717,21986,2,8,3,0.0,-0.00135,0.037807,-0.00471,622.067,604.0,835.622,-95.939,-931,-604,0.0,0.037,0.0,0.0,0.037,119.051,503.016,0.0,622.067,14.454,821.168,0.0,835.622
22.186064773006365,21991,2,8,3,0.0,-0.001264,0.035396,-0.008899,627.137,621.0,833.907,-96.035,-929,-621,0.0,0.035,0.0,0.0,0.035,124.027,503.109,0.0,627.137,4.909,828.998,0.0,833.907
22.186064773006365,21996,2,8,3,0.0,-0.001273,0.035666,-0.005641,618.859,621.0,826.198,-96.024,-922,-621,0.0,0.035,0.0,0.0,0.035,115.663,503.196,0.0,618.859,-1.712,827.91,0.0,826.198
22.186064773006365,22001,2,8,3,0.0,-0.001316,0.036854,-0.012083,640.324,620.0,854.199,-95.977,-950,-652,0.0,0.036,0.0,0.0,0.036,137.025,503.299,0.0,640.324,16.259,837.939,0.0,854.199
22.198712037992664,22006,2,8,3,0.0,-0.001339,0.037505,-0.009206,634.189,620.0,844.204,-95.951,-940,-620,0.0,0.037,0.0,0.0,0.037,130.792,503.397,0.0,634.189,11.351,832.852,0.0,844.204
22.198712037992664,22011,2,8,3,0.0,-0.001384,0.038765,-0.010787,642.251,636.0,845.729,-95.901,-941,-636,0.0,0.038,0.0,0.0,0.038,138.75,503.501,0.0,642.251,5.0,840.728,0.0,845.729
22.209242470911704,22016,2,8,3,0.0,-0.001382,0.038717,-0.007218,632.213,636.0,835.863,-95.903,-931,-636,0.0,0.038,0.0,0.0,0.038,128.619,503.593,0.0,632.213,-3.029,838.892,0.0,835.863
22.209242470911704,22021,2,8,3,0.0,-0.001351,0.037831,0.002879,601.533,620.0,812.75,-95.938,-908,-604,0.0,0.037,0.0,0.0,0.037,97.866,503.667,0.0,601.533,-14.773,827.523,0.0,812.75
22.220230160979554,22026,2,8,3,0.0,-0.001363,0.038185,-0.001918,616.043,621.0,828.17,-95.924,-924,-621,0.0,0.038,0.0,0.0,0.038,112.291,503.751,0.0,616.043,-3.965,832.136,0.0,828.17
22.220230160979554,22031,2,8,3,0.0,-0.001336,0.037424,0.008245,585.514,604.0,802.654,-95.954,-898,-604,0.0,0.037,0.0,0.0,0.037,81.701,503.812,0.0,585.514,-14.788,817.443,0.0,802.654
22.231518017943017,22040,2,8,3,0.0,-0.001346,0.037711,0.000229,608.918,621.0,808.547,-95.943,-904,-605,0.0,0.037,0.0,0.0,0.037,104.95,503.968,0.0,608.918,-9.664,818.212,0.0,808.547
22.231518017943017,22045,2,8,3,0.0,-0.00134,0.03753,0.003643,598.924,605.0,810.299,-95.95,-906,-605,0.0,0.037,0.0,0.0,0.037,94.884,504.039,0.0,598.924,-4.86,815.16,0.0,810.299
22.242982405936345,22051,2,8,3,0.0,-0.0014,0.039224,0.002119,608.014,620.0,804.066,-95.883,-899,-620,0.0,0.039,0.0,0.0,0.039,103.896,504.117,0.0,608.014,-9.588,813.655,0.0,804.066
22.242982405936345,22056,2,8,3,0.0,-0.001417,0.039682,0.000921,612.732,589.0,838.91,-95.864,-934,-589,0.0,0.039,0.0,0.0,0.039,108.533,504.199,0.0,612.732,18.985,819.924,0.0,838.91
22.253964499919675,22061,2,8,3,0.0,-0.001406,0.039378,0.000801,612.294,621.0,812.14,-95.876,-908,-605,0.0,0.039,0.0,0.0,0.039,108.014,504.28,0.0,612.294,-6.964,819.104,0.0,812.14
22.253964499919675,22066,2,8,3,0.0,-0.001356,0.037984,0.005329,595.78,605.0,807.105,-95.932,-903,-605,0.0,0.037,0.0,0.0,0.037,91.432,504.348,0.0,595.78,-7.375,814.48,0.0,807.105
22.26495663798414,22071,2,8,3,0.0,-0.001401,0.039247,-0.004578,627.154,604.0,844.262,-95.882,-940,-604,0.0,0.039,0.0,0.0,0.039,122.713,504.44,0.0,627.154,18.523,825.739,0.0,844.262
22.26495663798414,22076,2,8,3,0.0,-0.001376,0.038543,-0.001384,616.323,620.0,824.114,-95.91,-920,-620,0.0,0.038,0.0,0.0,0.038,111.799,504.524,0.0,616.323,-2.94,827.055,0.0,824.114
22.27610283496324,22081,2,8,3,0.0,-0.001326,0.03715,-0.00034,609.577,590.0,849.108,-95.965,-945,-653,0.0,0.037,0.0,0.0,0.037,104.973,504.603,0.0,609.577,15.661,833.447,0.0,849.108
22.27610283496324,22086,2,8,3,0.0,-0.001367,0.038295,-0.011689,644.666,605.0,865.793,-95.92,-961,-605,0.0,0.038,0.0,0.0,0.038,139.958,504.708,0.0,644.666,31.733,834.06,0.0,865.793
22.287579605937935,22091,2,8,3,0.0,-0.001357,0.038002,-0.01938,665.499,653.0,864.598,-95.931,-960,-653,0.0,0.038,0.0,0.0,0.038,160.67,504.828,0.0,665.499,9.999,854.598,0.0,864.598
22.287579605937935,22096,2,8,3,0.0,-0.001345,0.03767,-0.008068,632.992,653.0,828.569,-95.944,-924,-653,0.0,0.037,0.0,0.0,0.037,128.067,504.925,0.0,632.992,-16.005,844.575,0.0,828.569
22.287579605937935,22101,2,8,3,0.0,-0.0013,0.036411,-3.2e-05,607.045,620.0,824.0,-95.995,-919,-636,0.0,0.036,0.0,0.0,0.036,102.043,505.001,0.0,607.045,-10.363,834.364,0.0,824.0
22.299298616009764,22106,2,8,3,0.0,-0.001276,0.035729,-0.000218,605.727,590.0,836.229,-96.022,-932,-590,0.0,0.035,0.0,0.0,0.035,100.653,505.074,0.0,605.727,12.581,823.647,0.0,836.229
22.299298616009764,22111,2,8,3,0.0,-0.001273,0.035645,-0.00087,607.395,621.0,815.862,-96.025,-911,-621,0.0,0.035,0.0,0.0,0.035,102.244,505.15,0.0,607.395,-10.883,826.746,0.0,815.862
22.310460745939054,22116,2,8,3,0.0,-0.001218,0.03411,0.019202,546.924,572.0,783.367,-96.086,-879,-572,0.0,0.034,0.0,0.0,0.034,41.742,505.182,0.0,546.924,-20.06,803.427,0.0,783.367
22.310460745939054,22121,2,8,3,0.0,-0.00118,0.033066,0.014299,557.769,588.0,766.241,-96.128,-862,-572,0.0,0.033,0.0,0.0,0.033,52.547,505.221,0.0,557.769,-24.184,790.425,0.0,766.241
22.321984689915553,22130,2,8,3,0.0,-0.001168,0.032707,-0.008265,620.096,621.0,805.589,-96.142,-901,-621,0.0,0.032,0.0,0.0,0.032,114.724,505.372,0.0,620.096,-0.722,806.312,0.0,805.589
22.321984689915553,22135,2,8,3,0.0,-0.00108,0.030261,0.007897,568.04,588.0,773.695,-96.24,-869,-588,0.0,0.03,0.0,0.0,0.03,62.62,505.419,0.0,568.04,-15.968,789.663,0.0,773.695
22.333357563009486,22141,2,8,3,0.0,-0.001084,0.030377,-0.002694,598.09,573.0,820.882,-96.235,-917,-619,0.0,0.03,0.0,0.0,0.03,92.601,505.489,0.0,598.09,20.072,800.809,0.0,820.882
22.333357563009486,22146,2,8,3,0.0,-0.001187,0.033262,-0.003676,608.996,589.0,814.79,-96.12,-910,-589,0.0,0.033,0.0,0.0,0.033,103.429,505.566,0.0,608.996,15.997,798.792,0.0,814.79
22.344797278987244,22151,2,8,3,0.0,-0.001184,0.033178,0.002562,591.354,590.0,800.84,-96.123,-896,-590,0.0,0.033,0.0,0.0,0.033,85.723,505.631,0.0,591.354,1.083,799.757,0.0,800.84
22.344797278987244,22156,2,8,3,0.0,-0.001203,0.033697,0.003568,590.054,589.0,800.935,-96.103,-897,-589,0.0,0.033,0.0,0.0,0.033,84.359,505.694,0.0,590.054,0.843,800.091,0.0,800.935
22.355893124942668,22161,2,8,3,0.0,-0.0012,0.033616,0.005766,583.733,588.0,794.422,-96.106,-890,-604,0.0,0.033,0.0,0.0,0.033,77.98,505.752,0.0,583.733,-3.413,797.835,0.0,794.422
22.355893124942668,22166,2,8,3,0.0,-0.001253,0.035105,0.007877,582.046,588.0,783.684,-96.047,-879,-588,0.0,0.035,0.0,0.0,0.035,76.236,505.809,0.0,582.046,-4.762,788.447,0.0,783.684
22.367233254015446,22171,2,8,3,0.0,-0.001317,0.036889,0.000862,606.76,603.0,797.521,-95.976,-893,-603,0.0,0.036,0.0,0.0,0.036,100.874,505.885,0.0,606.76,3.008,794.513,0.0,797.521
22.367233254015446,22176,2,8,3,0.0,-0.001306,0.036582,0.001801,603.345,603.0,794.948,-95.988,-890,-603,0.0,0.036,0.0,0.0,0.036,97.386,505.958,0.0,603.345,0.276,794.672,0.0,794.948
22.367233254015446,22181,2,8,3,0.0,-0.0013,0.036404,-0.004037,619.282,620.0,795.637,-95.995,-891,-589,0.0,0.036,0.0,0.0,0.036,113.238,506.043,0.0,619.282,-0.574,796.212,0.0,795.637
22.378084184019826,22186,2,8,3,0.0,-0.00132,0.036976,-0.011668,642.351,621.0,836.112,-95.972,-932,-621,0.0,0.036,0.0,0.0,0.036,136.205,506.145,0.0,642.351,17.081,819.03,0.0,836.112
22.378084184019826,22191,2,8,3,0.0,-0.001327,0.037161,-0.004979,624.229,620.0,824.212,-95.965,-920,-620,0.0,0.037,0.0,0.0,0.037,117.995,506.234,0.0,624.229,3.383,820.829,0.0,824.212
22.3891854849644,22196,2,8,3,0.0,-0.001282,0.035917,-0.003379,616.349,620.0,816.067,-96.014,-912,-620,0.0,0.035,0.0,0.0,0.035,110.032,506.316,0.0,616.349,-2.92,818.987,0.0,816.067
22.3891854849644,22201,2,8,3,0.0,-0.001347,0.037721,-0.001456,616.096,620.0,813.976,-95.942,-909,-620,0.0,0.037,0.0,0.0,0.037,109.701,506.395,0.0,616.096,-3.122,817.098,0.0,813.976
22.400137114920653,22206,2,8,3,0.0,-0.001311,0.03671,0.00106,606.292,588.0,827.484,-95.983,-923,-588,0.0,0.036,0.0,0.0,0.036,99.821,506.47,0.0,606.292,14.633,812.85,0.0,827.484
22.400137114920653,22211,2,8,3,0.0,-0.001317,0.036893,0.001138,606.659,620.0,805.728,-95.975,-901,-620,0.0,0.036,0.0,0.0,0.036,100.113,506.545,0.0,606.659,-10.672,816.401,0.0,805.728
22.41168271296192,22220,2,8,3,0.0,-0.001278,0.035793,0.009618,579.944,587.0,793.344,-96.019,-889,-590,0.0,0.035,0.0,0.0,0.035,73.289,506.654,0.0,579.944,-5.644,798.989,0.0,793.344
22.41168271296192,22225,2,8,3,0.0,-0.001247,0.034917,-0.003847,615.276,589.0,832.733,-96.054,-928,-589,0.0,0.034,0.0,0.0,0.034,108.54,506.735,0.0,615.276,21.021,811.711,0.0,832.733
22.423659458989277,22231,2,8,3,0.0,-0.001261,0.035321,-0.003802,616.364,604.0,832.318,-96.038,-928,-604,0.0,0.035,0.0,0.0,0.035,109.546,506.818,0.0,616.364,9.891,822.426,0.0,832.318
22.423659458989277,22236,2,8,3,0.0,-0.001311,0.036709,0.002946,601.425,620.0,801.148,-95.983,-897,-620,0.0,0.036,0.0,0.0,0.036,94.536,506.889,0.0,601.425,-14.859,816.007,0.0,801.148
22.435471792938188,22241,2,8,3,0.0,-0.001286,0.036016,0.001553,603.458,603.0,814.703,-96.01,-910,-604,0.0,0.036,0.0,0.0,0.036,96.496,506.961,0.0,603.458,0.366,814.336,0.0,814.703
22.435471792938188,22246,2,8,3,0.0,-0.001313,0.036785,0.00887,585.183,588.0,804.263,-95.98,-900,-588,0.0,0.036,0.0,0.0,0.036,78.162,507.02,0.0,585.183,-2.253,806.516,0.0,804.263
22.446232646005228,22251,2,8,3,0.0,-0.001317,0.036903,0.003028,601.939,604.0,808.624,-95.975,-904,-604,0.0,0.036,0.0,0.0,0.036,94.848,507.091,0.0,601.939,-1.648,810.272,0.0,808.624
22.446232646005228,22256,2,8,3,0.0,-0.001257,0.035213,-0.004684,618.889,605.0,828.51,-96.042,-924,-605,0.0,0.035,0.0,0.0,0.035,111.714,507.175,0.0,618.889,11.111,817.399,0.0,828.51
22.446232646005228,22261,2,8,3,0.0,-0.001245,0.034865,-0.005848,621.261,605.0,838.521,-96.056,-934,-621,0.0,0.034,0.0,0.0,0.034,114.0,507.26,0.0,621.261,13.009,825.512,0.0,838.521
22.458084916928783,22266,2,8,3,0.0,-0.001288,0.036079,-0.015175,650.883,637.0,849.94,-96.008,-945,-637,0.0,0.036,0.0,0.0,0.036,143.515,507.368,0.0,650.883,11.107,838.833,0.0,849.94
22.458084916928783,22271,2,8,3,0.0,-0.001281,0.035889,-0.015925,652.559,652.0,844.012,-96.015,-940,-652,0.0,0.035,0.0,0.0,0.035,145.082,507.477,0.0,652.559,0.447,843.564,0.0,844.012
22.469076154986396,22276,2,8,3,0.0,-0.00128,0.035857,-0.006818,627.06,621.0,845.226,-96.017,-941,-621,0.0,0.035,0.0,0.0,0.035,119.493,507.566,0.0,627.06,4.848,840.377,0.0,845.226
22.469076154986396,22281,2,8,3,0.0,-0.001245,0.034864,-0.011869,638.52,622.0,861.947,-96.056,-958,-637,0.0,0.034,0.0,0.0,0.034,130.855,507.664,0.0,638.52,13.216,848.731,0.0,861.947
22.47993917099666,22286,2,8,3,0.0,-0.001295,0.036285,-0.018954,662.454,653.0,867.081,-96.0,-963,-653,0.0,0.036,0.0,0.0,0.036,154.673,507.78,0.0,662.454,7.563,859.517,0.0,867.081
22.47993917099666,22291,2,8,3,0.0,-0.001297,0.036334,-0.011819,642.709,653.0,846.326,-95.998,-942,-653,0.0,0.036,0.0,0.0,0.036,134.831,507.878,0.0,642.709,-8.232,854.558,0.0,846.326
22.49105906393379,22296,2,8,3,0.0,-0.001244,0.034843,-0.003901,616.444,637.0,824.301,-96.057,-920,-637,0.0,0.034,0.0,0.0,0.034,108.484,507.959,0.0,616.444,-16.444,840.746,0.0,824.301
22.49105906393379,22301,2,8,3,0.0,-0.001229,0.034421,-0.006718,623.237,622.0,840.348,-96.074,-936,-620,0.0,0.034,0.0,0.0,0.034,115.191,508.045,0.0,623.237,0.989,839.358,0.0,840.348
22.501936396001838,22310,2,8,3,0.0,-0.001336,0.037414,-0.012678,648.495,653.0,839.526,-95.955,-935,-653,0.0,0.037,0.0,0.0,0.037,140.262,508.233,0.0,648.495,-3.603,843.129,0.0,839.526
22.501936396001838,22315,2,8,3,0.0,-0.00131,0.036701,-0.013599,649.182,620.0,874.387,-95.983,-970,-620,0.0,0.036,0.0,0.0,0.036,140.843,508.338,0.0,649.182,23.345,851.041,0.0,874.387
22.51318527199328,22320,2,8,3,0.0,-0.001314,0.0368,-0.011232,642.933,653.0,841.085,-95.979,-937,-653,0.0,0.036,0.0,0.0,0.036,134.493,508.439,0.0,642.933,-8.053,849.138,0.0,841.085
22.51318527199328,22326,2,8,3,0.0,-0.001302,0.036481,-0.006971,630.202,622.0,847.341,-95.992,-943,-622,0.0,0.036,0.0,0.0,0.036,121.671,508.531,0.0,630.202,6.561,840.779,0.0,847.341
22.52469739993103,22331,2,8,3,0.0,-0.001288,0.036068,-0.001259,613.13,620.0,831.234,-96.008,-927,-620,0.0,0.036,0.0,0.0,0.036,104.52,508.609,0.0,613.13,-5.495,836.729,0.0,831.234
22.52469739993103,22336,2,8,3,0.0,-0.001317,0.036891,0.003846,601.206,622.0,810.044,-95.976,-906,-622,0.0,0.036,0.0,0.0,0.036,92.527,508.679,0.0,601.206,-16.634,826.679,0.0,810.044
22.53609695995692,22341,2,8,3,0.0,-0.001335,0.037388,-0.004983,627.408,636.0,817.045,-95.956,-913,-605,0.0,0.037,0.0,0.0,0.037,118.64,508.768,0.0,627.408,-6.873,823.918,0.0,817.045
22.53609695995692,22346,2,8,3,0.0,-0.001352,0.037857,0.001989,609.271,621.0,815.056,-95.937,-910,-621,0.0,0.037,0.0,0.0,0.037,100.428,508.843,0.0,609.271,-9.382,824.438,0.0,815.056
22.54690892493818,22351,2,8,3,0.0,-0.001334,0.037369,0.004341,601.391,604.0,816.273,-95.956,-912,-604,0.0,0.037,0.0,0.0,0.037,92.478,508.912,0.0,601.391,-2.086,818.359,0.0,816.273
22.54690892493818,22356,2,8,3,0.0,-0.001319,0.036952,0.005562,596.87,605.0,807.976,-95.973,-903,-605,0.0,0.036,0.0,0.0,0.036,87.891,508.978,0.0,596.87,-6.503,814.48,0.0,807.976
22.54690892493818,22361,2,8,3,0.0,-0.001344,0.037645,0.003591,604.402,590.0,831.498,-95.945,-927,-621,0.0,0.037,0.0,0.0,0.037,95.351,509.05,0.0,604.402,11.521,819.976,0.0,831.498
22.558523654937744,22366,2,8,3,0.0,-0.001305,0.036551,0.003877,600.605,605.0,808.168,-95.989,-904,-605,0.0,0.036,0.0,0.0,0.036,91.486,509.118,0.0,600.605,-3.515,811.683,0.0,808.168
22.558523654937744,22371,2,8,3,0.0,-0.001288,0.036083,0.002826,602.308,605.0,808.17,-96.008,-904,-605,0.0,0.036,0.0,0.0,0.036,93.119,509.188,0.0,602.308,-2.153,810.324,0.0,808.17
22.569269109982997,22376,2,8,3,0.0,-0.001312,0.036754,0.006391,594.267,604.0,797.459,-95.981,-893,-604,0.0,0.036,0.0,0.0,0.036,85.015,509.252,0.0,594.267,-7.785,805.245,0.0,797.459
22.569269109982997,22381,2,8,3,0.0,-0.001377,0.038578,-0.002324,623.861,604.0,830.654,-95.908,-926,-636,0.0,0.038,0.0,0.0,0.038,114.526,509.334,0.0,623.861,15.889,814.764,0.0,830.654
22.58056647796184,22386,2,8,3,0.0,-0.001407,0.0394,-0.004658,632.794,604.0,838.801,-95.876,-934,-604,0.0,0.039,0.0,0.0,0.039,123.367,509.427,0.0,632.794,23.035,815.765,0.0,838.801
22.58056647796184,22391,2,8,3,0.0,-0.00142,0.039778,-0.00794,643.143,652.0,819.584,-95.86,-915,-652,0.0,0.039,0.0,0.0,0.039,133.615,509.527,0.0,643.143,-7.085,826.67,0.0,819.584
22.591973075992428,22400,2,8,3,0.0,-0.001435,0.040203,-0.00726,642.625,620.0,857.059,-95.844,-952,-637,0.0,0.04,0.0,0.0,0.04,132.899,509.725,0.0,642.625,18.1,838.958,0.0,857.059
22.591973075992428,22405,2,8,3,0.0,-0.001395,0.039073,-0.003511,629.053,620.0,843.88,-95.889,-939,-620,0.0,0.039,0.0,0.0,0.039,119.238,509.815,0.0,629.053,7.242,836.637,0.0,843.88
22.603318642941304,22410,2,8,3,0.0,-0.001353,0.037897,0.007585,594.751,605.0,818.776,-95.935,-914,-605,0.0,0.037,0.0,0.0,0.037,84.872,509.878,0.0,594.751,-8.199,826.975,0.0,818.776
22.603318642941304,22416,2,8,3,0.0,-0.001371,0.038405,0.001516,613.244,636.0,803.59,-95.915,-899,-636,0.0,0.038,0.0,0.0,0.038,103.287,509.956,0.0,613.244,-18.204,821.795,0.0,803.59
22.614282432943583,22421,2,8,3,0.0,-0.001367,0.038301,-0.009596,644.171,604.0,870.447,-95.919,-966,-637,0.0,0.038,0.0,0.0,0.038,134.114,510.057,0.0,644.171,32.137,838.31,0.0,870.447
22.614282432943583,22426,2,8,3,0.0,-0.00128,0.035845,-0.00655,628.855,620.0,843.004,-96.017,-939,-620,0.0,0.035,0.0,0.0,0.035,118.709,510.146,0.0,628.855,7.084,835.92,0.0,843.004
22.62522758601699,22431,2,8,3,0.0,-0.001278,0.035787,-0.010125,638.799,636.0,844.341,-96.02,-940,-636,0.0,0.035,0.0,0.0,0.035,128.557,510.242,0.0,638.799,2.239,842.101,0.0,844.341
22.62522758601699,22436,2,8,3,0.0,-0.001285,0.035994,-0.022681,674.659,653.0,873.603,-96.011,-969,-653,0.0,0.035,0.0,0.0,0.035,164.293,510.365,0.0,674.659,17.327,856.276,0.0,873.603
22.636715229949914,22441,2,8,3,0.0,-0.001285,0.036006,-0.017147,659.307,653.0,864.452,-96.011,-960,-667,0.0,0.036,0.0,0.0,0.036,148.829,510.477,0.0,659.307,5.045,859.407,0.0,864.452
22.636715229949914,22446,2,8,3,0.0,-0.001239,0.034697,-0.006335,625.454,590.0,874.681,-96.063,-970,-590,0.0,0.034,0.0,0.0,0.034,114.891,510.563,0.0,625.454,28.363,846.317,0.0,874.681
22.636715229949914,22451,2,8,3,0.0,-0.001216,0.034062,-0.004146,617.629,637.0,834.283,-96.088,-930,-637,0.0,0.034,0.0,0.0,0.034,106.985,510.643,0.0,617.629,-15.496,849.78,0.0,834.283
22.64809787098784,22456,2,8,3,0.0,-0.001267,0.035494,-0.005736,626.177,636.0,836.793,-96.031,-932,-636,0.0,0.035,0.0,0.0,0.035,115.447,510.73,0.0,626.177,-7.857,844.651,0.0,836.793
22.64809787098784,22461,2,8,3,0.0,-0.001298,0.03635,-0.015088,654.866,620.0,888.153,-95.997,-984,-653,0.0,0.036,0.0,0.0,0.036,144.028,510.838,0.0,654.866,27.893,860.26,0.0,888.153
22.659149479004554,22466,2,8,3,0.0,-0.001326,0.037137,-0.007011,634.55,622.0,864.775,-95.966,-960,-622,0.0,0.037,0.0,0.0,0.037,123.619,510.931,0.0,634.55,10.04,854.734,0.0,864.775
22.659149479004554,22471,2,8,3,0.0,-0.001346,0.037691,-0.002457,623.432,621.0,857.532,-95.944,-953,-621,0.0,0.037,0.0,0.0,0.037,112.419,511.012,0.0,623.432,1.945,855.586,0.0,857.532
22.67029688297771,22476,2,8,3,0.0,-0.001385,0.038781,0.002671,612.197,652.0,810.645,-95.9,-906,-652,0.0,0.038,0.0,0.0,0.038,101.109,511.088,0.0,612.197,-31.841,842.486,0.0,810.645
22.67029688297771,22481,2,8,3,0.0,-0.00142,0.039774,0.003244,613.45,605.0,847.225,-95.861,-943,-636,0.0,0.039,0.0,0.0,0.039,102.285,511.164,0.0,613.45,6.76,840.464,0.0,847.225
22.68127582001034,22486,2,8,3,0.0,-0.001359,0.038061,0.004558,605.044,605.0,827.547,-95.929,-923,-605,0.0,0.038,0.0,0.0,0.038,93.808,511.235,0.0,605.044,0.035,827.512,0.0,827.547
22.68127582001034,22495,2,8,3,0.0,-0.001341,0.03755,-0.010935,647.161,636.0,841.372,-95.949,-937,-636,0.0,0.037,0.0,0.0,0.037,135.762,511.399,0.0,647.161,8.929,832.442,0.0,841.372
22.692781514953822,22500,2,8,3,0.0,-0.001328,0.0372,-0.003118,624.375,637.0,816.109,-95.963,-912,-620,0.0,0.037,0.0,0.0,0.037,112.891,511.483,0.0,624.375,-10.099,826.209,0.0,816.109
22.692781514953822,22506,2,8,3,0.0,-0.001335,0.037393,-0.0017,621.027,620.0,827.529,-95.956,-923,-620,0.0,0.037,0.0,0.0,0.037,109.46,511.566,0.0,621.027,0.821,826.708,0.0,827.529
22.70376867498271,22511,2,8,3,0.0,-0.001436,0.040233,-0.006522,642.582,636.0,840.046,-95.842,-935,-636,0.0,0.04,0.0,0.0,0.04,130.918,511.664,0.0,642.582,5.266,834.779,0.0,840.046
22.70376867498271,22516,2,8,3,0.0,-0.00142,0.039778,-0.002558,630.299,621.0,844.149,-95.86,-940,-621,0.0,0.039,0.0,0.0,0.039,118.546,511.753,0.0,630.299,7.439,836.71,0.0,844.149
22.714682221994735,22521,2,8,3,0.0,-0.001368,0.038311,0.009214,593.286,636.0,782.834,-95.919,-878,-588,0.0,0.038,0.0,0.0,0.038,81.471,511.814,0.0,593.286,-34.171,817.006,0.0,782.834
22.714682221994735,22526,2,8,3,0.0,-0.001401,0.039239,0.000524,620.297,621.0,829.276,-95.882,-925,-621,0.0,0.039,0.0,0.0,0.039,108.401,511.895,0.0,620.297,-0.561,829.838,0.0,829.276
22.725683940923773,22531,2,8,3,0.0,-0.001454,0.040729,0.004109,614.509,621.0,821.385,-95.823,-917,-621,0.0,0.04,0.0,0.0,0.04,102.536,511.972,0.0,614.509,-5.192,826.577,0.0,821.385
22.725683940923773,22536,2,8,3,0.0,-0.00145,0.040608,-0.001529,630.046,622.0,837.218,-95.827,-933,-622,0.0,0.04,0.0,0.0,0.04,117.985,512.061,0.0,630.046,6.436,830.781,0.0,837.218
22.73799130495172,22541,2,8,3,0.0,-0.001422,0.039824,-0.007173,643.754,622.0,859.042,-95.859,-954,-636,0.0,0.039,0.0,0.0,0.039,131.594,512.159,0.0,643.754,17.403,841.639,0.0,859.042
22.73799130495172,22546,2,8,3,0.0,-0.001424,0.039875,-0.011875,657.172,637.0,868.222,-95.857,-964,-637,0.0,0.039,0.0,0.0,0.039,144.904,512.268,0.0,657.172,16.138,852.084,0.0,868.222
22.73799130495172,22551,2,8,3,0.0,-0.001435,0.040205,-0.009386,651.23,636.0,871.565,-95.843,-967,-636,0.0,0.04,0.0,0.0,0.04,138.857,512.372,0.0,651.23,12.184,859.38,0.0,871.565
22.749087497009896,22556,2,8,3,0.0,-0.001452,0.040673,-0.003732,636.803,653.0,841.706,-95.825,-937,-653,0.0,0.04,0.0,0.0,0.04,124.337,512.465,0.0,636.803,-12.957,854.663,0.0,841.706
22.749087497009896,22561,2,8,3,0.0,-0.001488,0.041672,-0.009996,657.241,636.0,879.919,-95.785,-975,-653,0.0,0.041,0.0,0.0,0.041,144.671,512.57,0.0,657.241,16.993,862.926,0.0,879.919
22.759867026936263,22566,2,8,3,0.0,-0.001457,0.040802,0.008078,604.264,620.0,828.657,-95.82,-924,-620,0.0,0.04,0.0,0.0,0.04,91.625,512.638,0.0,604.264,-12.588,841.246,0.0,828.657
22.759867026936263,22571,2,8,3,0.0,-0.001483,0.041551,0.001861,623.854,621.0,845.26,-95.79,-941,-621,0.0,0.041,0.0,0.0,0.041,111.131,512.722,0.0,623.854,2.283,842.977,0.0,845.26
22.770994482911192,22576,2,8,3,0.0,-0.001495,0.041886,0.002248,623.793,651.0,814.188,-95.776,-909,-651,0.0,0.041,0.0,0.0,0.041,110.988,512.805,0.0,623.793,-21.765,835.953,0.0,814.188
22.782275661011226,22585,2,8,3,0.0,-0.00151,0.042294,-0.00369,641.736,636.0,842.252,-95.76,-938,-636,0.0,0.042,0.0,0.0,0.042,128.756,512.98,0.0,641.736,4.589,837.662,0.0,842.252
22.782275661011226,22590,2,8,3,0.0,-0.001484,0.041576,0.006997,609.874,620.0,819.657,-95.789,-915,-620,0.0,0.041,0.0,0.0,0.041,96.82,513.053,0.0,609.874,-8.1,827.757,0.0,819.657
22.782275661011226,22596,2,8,3,0.0,-0.001489,0.0417,0.005867,613.461,605.0,835.73,-95.784,-931,-605,0.0,0.041,0.0,0.0,0.041,100.332,513.128,0.0,613.461,6.768,828.961,0.0,835.73
22.79356033797376,22601,2,8,3,0.0,-0.001522,0.042629,0.006652,613.94,621.0,821.544,-95.747,-917,-622,0.0,0.042,0.0,0.0,0.042,100.736,513.204,0.0,613.94,-5.647,827.191,0.0,821.544
22.79356033797376,22606,2,8,3,0.0,-0.001608,0.045049,-0.004225,651.278,622.0,865.234,-95.65,-960,-622,0.0,0.045,0.0,0.0,0.045,137.971,513.307,0.0,651.278,23.423,841.811,0.0,865.234
22.80444138601888,22611,2,8,3,0.0,-0.001501,0.042054,-0.002243,637.435,637.0,846.858,-95.77,-942,-637,0.0,0.042,0.0,0.0,0.042,124.034,513.4,0.0,637.435,0.348,846.51,0.0,846.858
22.80444138601888,22616,2,8,3,0.0,-0.001467,0.041093,0.011077,597.507,622.0,811.955,-95.808,-907,-622,0.0,0.041,0.0,0.0,0.041,84.043,513.463,0.0,597.507,-19.594,831.549,0.0,811.955
22.815318115986884,22621,2,8,3,0.0,-0.001485,0.041606,0.000162,629.594,589.0,880.584,-95.788,-976,-653,0.0,0.041,0.0,0.0,0.041,116.043,513.55,0.0,629.594,32.475,848.108,0.0,880.584
22.815318115986884,22626,2,8,3,0.0,-0.0015,0.042025,0.007239,611.023,589.0,851.125,-95.771,-946,-589,0.0,0.042,0.0,0.0,0.042,97.399,513.623,0.0,611.023,17.618,833.506,0.0,851.125
22.826349708018824,22631,2,8,3,0.0,-0.001454,0.040729,-0.006104,644.856,652.0,841.845,-95.823,-937,-652,0.0,0.04,0.0,0.0,0.04,131.134,513.722,0.0,644.856,-5.714,847.56,0.0,841.845
22.826349708018824,22636,2,8,3,0.0,-0.001439,0.040318,-0.008015,649.16,622.0,876.85,-95.839,-972,-622,0.0,0.04,0.0,0.0,0.04,135.336,513.823,0.0,649.16,21.728,855.121,0.0,876.85
22.826349708018824,22641,2,8,3,0.0,-0.001476,0.041347,-0.010624,659.456,653.0,866.985,-95.798,-962,-652,0.0,0.041,0.0,0.0,0.041,145.523,513.932,0.0,659.456,5.164,861.82,0.0,866.985
22.83858247892931,22646,2,8,3,0.0,-0.001502,0.042076,-0.008158,654.695,653.0,864.384,-95.769,-960,-653,0.0,0.042,0.0,0.0,0.042,140.657,514.038,0.0,654.695,1.356,863.027,0.0,864.384
22.83858247892931,22651,2,8,3,0.0,-0.001472,0.041226,-0.005435,644.787,637.0,868.177,-95.803,-963,-637,0.0,0.041,0.0,0.0,0.041,130.654,514.132,0.0,644.787,6.229,861.947,0.0,868.177
22.849449927918613,22656,2,8,3,0.0,-0.001398,0.039162,0.005366,608.832,621.0,842.596,-95.885,-938,-621,0.0,0.039,0.0,0.0,0.039,94.628,514.203,0.0,608.832,-9.734,852.331,0.0,842.596
22.849449927918613,22661,2,8,3,0.0,-0.001416,0.039656,-0.009219,651.159,636.0,874.022,-95.865,-969,-653,0.0,0.039,0.0,0.0,0.039,136.852,514.306,0.0,651.159,12.127,861.895,0.0,874.022
22.860157469986007,22666,2,8,3,0.0,-0.001461,0.040912,-0.009771,656.326,653.0,866.195,-95.815,-962,-653,0.0,0.04,0.0,0.0,0.04,141.913,514.412,0.0,656.326,2.661,863.534,0.0,866.195
22.870859544957057,22675,2,8,3,0.0,-0.001448,0.040551,-0.001124,631.276,653.0,832.243,-95.83,-928,-653,0.0,0.04,0.0,0.0,0.04,116.692,514.584,0.0,631.276,-17.378,849.621,0.0,832.243
22.870859544957057,22680,2,8,3,0.0,-0.001486,0.041628,-0.007151,651.273,621.0,885.901,-95.787,-981,-652,0.0,0.041,0.0,0.0,0.041,136.586,514.686,0.0,651.273,24.218,861.682,0.0,885.901
22.882494756951928,22686,2,8,3,0.0,-0.001529,0.042814,-0.006442,652.711,653.0,861.687,-95.739,-957,-653,0.0,0.042,0.0,0.0,0.042,137.92,514.79,0.0,652.711,-0.231,861.918,0.0,861.687
22.882494756951928,22691,2,8,3,0.0,-0.001521,0.042604,-0.006337,651.929,653.0,860.507,-95.748,-956,-653,0.0,0.042,0.0,0.0,0.042,137.036,514.893,0.0,651.929,-0.856,861.363,0.0,860.507
22.882494756951928,22696,2,8,3,0.0,-0.001501,0.042051,0.000346,631.754,652.0,834.847,-95.77,-930,-652,0.0,0.042,0.0,0.0,0.042,116.773,514.98,0.0,631.754,-16.196,851.043,0.0,834.847
22.89362020394765,22701,2,8,3,0.0,-0.001406,0.039395,0.001056,622.412,621.0,849.425,-95.876,-945,-622,0.0,0.039,0.0,0.0,0.039,107.351,515.061,0.0,622.412,1.13,848.294,0.0,849.425
22.89362020394765,22706,2,8,3,0.0,-0.00138,0.038648,-0.007077,643.188,653.0,847.92,-95.906,-943,-653,0.0,0.038,0.0,0.0,0.038,128.031,515.157,0.0,643.188,-7.849,855.769,0.0,847.92
22.905087845982052,22711,2,8,3,0.0,-0.001341,0.037559,-8.6e-05,620.644,622.0,845.309,-95.949,-941,-622,0.0,0.037,0.0,0.0,0.037,105.408,515.236,0.0,620.644,-1.084,846.393,0.0,845.309
22.905087845982052,22716,2,8,3,0.0,-0.001342,0.037596,0.005382,605.503,636.0,809.509,-95.947,-905,-636,0.0,0.037,0.0,0.0,0.037,90.198,515.304,0.0,605.503,-24.397,833.906,0.0,809.509
22.915927880909294,22721,2,8,3,0.0,-0.001328,0.037211,0.007137,599.575,605.0,823.347,-95.963,-919,-622,0.0,0.037,0.0,0.0,0.037,84.207,515.367,0.0,599.575,-4.339,827.687,0.0,823.347
22.915927880909294,22726,2,8,3,0.0,-0.001284,0.035957,0.000535,614.624,621.0,819.005,-96.013,-915,-621,0.0,0.035,0.0,0.0,0.035,99.183,515.441,0.0,614.624,-5.1,824.105,0.0,819.005
22.927419879939407,22731,2,8,3,0.0,-0.001253,0.03511,0.006885,594.529,590.0,820.737,-96.047,-916,-590,0.0,0.035,0.0,0.0,0.035,79.028,515.5,0.0,594.529,3.623,817.114,0.0,820.737
22.927419879939407,22736,2,8,3,0.0,-0.001167,0.032683,0.007479,586.124,603.0,797.765,-96.143,-893,-603,0.0,0.032,0.0,0.0,0.032,70.57,515.553,0.0,586.124,-13.5,811.265,0.0,797.765
22.927419879939407,22741,2,8,3,0.0,-0.001174,0.032872,0.005083,593.42,590.0,814.235,-96.136,-910,-621,0.0,0.032,0.0,0.0,0.032,77.808,515.612,0.0,593.42,2.736,811.499,0.0,814.235
22.938480322016403,22746,2,8,3,0.0,-0.001177,0.032974,0.004299,595.959,588.0,808.537,-96.132,-904,-588,0.0,0.032,0.0,0.0,0.032,80.289,515.67,0.0,595.959,6.367,802.169,0.0,808.537
22.938480322016403,22751,2,8,3,0.0,-0.001263,0.03539,-0.005299,629.686,620.0,824.98,-96.035,-921,-620,0.0,0.035,0.0,0.0,0.035,113.931,515.755,0.0,629.686,7.749,817.231,0.0,824.98
22.94932966097258,22756,2,8,3,0.0,-0.001243,0.034828,0.000908,610.803,621.0,804.181,-96.058,-900,-621,0.0,0.034,0.0,0.0,0.034,94.977,515.826,0.0,610.803,-8.157,812.338,0.0,804.181
22.96021409193054,22765,2,8,3,0.0,-0.00132,0.03697,-0.007981,641.863,636.0,836.089,-95.972,-932,-636,0.0,0.036,0.0,0.0,0.036,125.865,515.997,0.0,641.863,4.69,831.399,0.0,836.089
22.96021409193054,22770,2,8,3,0.0,-0.001331,0.037286,-0.005695,636.437,621.0,846.923,-95.96,-942,-621,0.0,0.037,0.0,0.0,0.037,120.35,516.087,0.0,636.437,12.35,834.573,0.0,846.923
22.971362169017084,22776,2,8,3,0.0,-0.001297,0.036317,-0.002992,626.237,621.0,841.375,-95.998,-937,-621,0.0,0.036,0.0,0.0,0.036,110.067,516.17,0.0,626.237,4.19,837.185,0.0,841.375
22.971362169017084,22781,2,8,3,0.0,-0.001338,0.037473,-0.00451,633.813,637.0,834.798,-95.952,-930,-621,0.0,0.037,0.0,0.0,0.037,117.554,516.258,0.0,633.813,-2.549,837.348,0.0,834.798
22.971362169017084,22786,2,8,3,0.0,-0.001354,0.037917,-0.003619,632.648,622.0,851.574,-95.935,-947,-622,0.0,0.037,0.0,0.0,0.037,116.303,516.345,0.0,632.648,8.519,843.055,0.0,851.574
22.982765367953107,22791,2,8,3,0.0,-0.001362,0.038155,-0.01459,664.145,653.0,866.821,-95.925,-962,-653,0.0,0.038,0.0,0.0,0.038,147.689,516.456,0.0,664.145,8.916,857.904,0.0,866.821
22.982765367953107,22796,2,8,3,0.0,-0.001356,0.037984,-0.017069,670.724,653.0,880.924,-95.932,-976,-653,0.0,0.037,0.0,0.0,0.037,154.152,516.572,0.0,670.724,14.179,866.744,0.0,880.924
22.99393206392415,22801,2,8,3,0.0,-0.001287,0.036047,-0.008678,641.896,653.0,852.292,-96.009,-948,-637,0.0,0.036,0.0,0.0,0.036,125.23,516.666,0.0,641.896,-8.882,861.174,0.0,852.292
22.99393206392415,22806,2,8,3,0.0,-0.001243,0.034804,0.010646,584.36,604.0,822.431,-96.059,-918,-604,0.0,0.034,0.0,0.0,0.034,67.644,516.716,0.0,584.36,-15.711,838.142,0.0,822.431
23.004808646976016,22811,2,8,3,0.0,-0.001366,0.038267,0.004958,610.053,636.0,813.362,-95.921,-909,-636,0.0,0.038,0.0,0.0,0.038,93.267,516.786,0.0,610.053,-20.757,834.119,0.0,813.362
23.004808646976016,22816,2,8,3,0.0,-0.001426,0.03994,-0.009403,655.053,621.0,875.368,-95.854,-971,-621,0.0,0.039,0.0,0.0,0.039,138.163,516.89,0.0,655.053,27.242,848.126,0.0,875.368
23.016060082009062,22821,2,8,3,0.0,-0.001506,0.04217,-0.010535,664.578,653.0,866.761,-95.765,-962,-637,0.0,0.042,0.0,0.0,0.042,147.577,517.001,0.0,664.578,9.263,857.498,0.0,866.761
23.016060082009062,22826,2,8,3,0.0,-0.001506,0.042193,0.000918,632.657,637.0,851.836,-95.764,-947,-637,0.0,0.042,0.0,0.0,0.042,115.569,517.087,0.0,632.657,-3.473,855.31,0.0,851.836
23.027809471008368,22831,2,8,3,0.0,-0.001519,0.042555,-0.002416,643.103,637.0,863.225,-95.75,-958,-637,0.0,0.042,0.0,0.0,0.042,125.921,517.182,0.0,643.103,4.882,858.342,0.0,863.225
23.027809471008368,22836,2,8,3,0.0,-0.001549,0.043383,-0.005852,655.14,653.0,864.266,-95.717,-959,-653,0.0,0.043,0.0,0.0,0.043,137.859,517.281,0.0,655.14,1.712,862.554,0.0,864.266
23.027809471008368,22841,2,8,3,0.0,-0.001536,0.04302,-0.00809,660.5,653.0,872.282,-95.731,-968,-668,0.0,0.043,0.0,0.0,0.043,143.11,517.389,0.0,660.5,6.0,866.282,0.0,872.282
23.0384611049667,22846,2,8,3,0.0,-0.001514,0.042409,-0.011191,667.582,653.0,878.961,-95.756,-974,-653,0.0,0.042,0.0,0.0,0.042,150.08,517.501,0.0,667.582,11.665,867.295,0.0,878.961
23.049343470018357,22855,2,8,3,0.0,-0.001586,0.044411,-0.016976,689.631,669.0,905.444,-95.676,-1001,-669,0.0,0.044,0.0,0.0,0.044,171.884,517.747,0.0,689.631,16.505,888.939,0.0,905.444
23.049343470018357,22860,2,8,3,0.0,-0.001585,0.044384,-0.005471,657.449,685.0,854.63,-95.677,-950,-653,0.0,0.044,0.0,0.0,0.044,139.597,517.852,0.0,657.449,-22.04,876.67,0.0,854.63
23.06066217692569,22865,2,8,3,0.0,-0.001635,0.045785,0.002846,638.171,622.0,885.22,-95.621,-980,-622,0.0,0.045,0.0,0.0,0.045,120.229,517.942,0.0,638.171,12.937,872.283,0.0,885.22
23.06066217692569,22871,2,8,3,0.0,-0.001759,0.049257,-0.001649,660.59,670.0,874.497,-95.483,-969,-670,0.0,0.049,0.0,0.0,0.049,142.541,518.049,0.0,660.59,-7.527,882.025,0.0,874.497
23.07180261099711,22876,2,8,3,0.0,-0.001833,0.051327,0.006836,642.719,653.0,865.58,-95.4,-960,-653,0.0,0.051,0.0,0.0,0.051,124.576,518.142,0.0,642.719,-8.224,873.804,0.0,865.58
23.07180261099711,22881,2,8,3,0.0,-0.001897,0.053117,0.002543,659.854,637.0,901.719,-95.329,-997,-670,0.0,0.053,0.0,0.0,0.053,141.605,518.248,0.0,659.854,18.283,883.435,0.0,901.719
23.07180261099711,22886,2,8,3,0.0,-0.001934,0.054161,0.009067,644.607,651.0,867.506,-95.287,-962,-651,0.0,0.054,0.0,0.0,0.054,126.264,518.343,0.0,644.607,-5.113,872.619,0.0,867.506
23.083076428971253,22891,2,8,3,0.0,-0.001907,0.053399,0.003253,658.857,653.0,880.774,-95.318,-976,-653,0.0,0.053,0.0,0.0,0.053,140.408,518.448,0.0,658.857,4.686,876.087,0.0,880.774
23.083076428971253,22896,2,8,3,0.0,-0.001904,0.053318,-0.010178,696.373,668.0,915.92,-95.321,-1011,-668,0.0,0.053,0.0,0.0,0.053,177.791,518.582,0.0,696.373,22.698,893.221,0.0,915.92
23.09405793994665,22901,2,8,3,0.0,-0.001877,0.052556,-0.003783,676.451,670.0,901.809,-95.351,-997,-684,0.0,0.052,0.0,0.0,0.052,157.75,518.7,0.0,676.451,5.16,896.648,0.0,901.809
23.09405793994665,22906,2,8,3,0.0,-0.001801,0.050449,0.001532,655.77,652.0,889.366,-95.435,-984,-652,0.0,0.05,0.0,0.0,0.05,136.966,518.803,0.0,655.77,3.016,886.35,0.0,889.366
23.105052807950415,22911,2,8,3,0.0,-0.0018,0.050401,-0.005342,675.004,685.0,883.173,-95.437,-978,-685,0.0,0.05,0.0,0.0,0.05,156.083,518.92,0.0,675.004,-7.996,891.169,0.0,883.173
23.105052807950415,22916,2,8,3,0.0,-0.001808,0.050637,-0.005415,675.987,668.0,898.13,-95.428,-993,-668,0.0,0.05,0.0,0.0,0.05,156.948,519.038,0.0,675.987,6.389,891.74,0.0,898.13
23.11664535792079,22921,2,8,3,0.0,-0.001818,0.05093,-0.004442,674.199,669.0,898.588,-95.416,-994,-684,0.0,0.05,0.0,0.0,0.05,155.044,519.154,0.0,674.199,4.159,894.429,0.0,898.588
23.11664535792079,22926,2,8,3,0.0,-0.001862,0.052161,-0.003624,675.469,669.0,896.717,-95.367,-992,-669,0.0,0.052,0.0,0.0,0.052,156.202,519.267,0.0,675.469,5.175,891.541,0.0,896.717
23.11664535792079,22931,2,8,3,0.0,-0.00188,0.052645,-0.007295,687.227,700.0,884.814,-95.348,-980,-700,0.0,0.052,0.0,0.0,0.052,167.834,519.393,0.0,687.227,-10.217,895.032,0.0,884.814
23.127919793012552,22936,2,8,3,0.0,-0.001929,0.054037,-0.005529,686.305,668.0,911.782,-95.292,-1007,-668,0.0,0.054,0.0,0.0,0.054,166.786,519.518,0.0,686.305,14.644,897.138,0.0,911.782
23.139177948934957,22945,2,8,3,0.0,-0.002007,0.056221,0.005066,662.988,667.0,892.974,-95.205,-988,-667,0.0,0.056,0.0,0.0,0.056,143.234,519.753,0.0,662.988,-3.209,896.184,0.0,892.974
23.139177948934957,22950,2,8,3,0.0,-0.002045,0.057285,0.01818,629.329,652.0,862.17,-95.163,-957,-652,0.0,0.057,0.0,0.0,0.057,109.493,519.836,0.0,629.329,-18.136,880.306,0.0,862.17
23.150238494970836,22955,2,8,3,0.0,-0.002086,0.05841,0.00072,681.488,668.0,901.045,-95.118,-996,-668,0.0,0.058,0.0,0.0,0.058,161.531,519.957,0.0,681.488,10.79,890.254,0.0,901.045
23.150238494970836,22961,2,8,3,0.0,-0.002097,0.058722,0.001082,681.468,685.0,887.256,-95.106,-982,-684,0.0,0.058,0.0,0.0,0.058,161.39,520.078,0.0,681.468,-2.824,890.081,0.0,887.256
23.161267652991228,22966,2,8,3,0.0,-0.002058,0.057626,-0.00275,689.262,668.0,911.296,-95.149,-1006,-668,0.0,0.057,0.0,0.0,0.057,169.056,520.205,0.0,689.262,17.009,894.287,0.0,911.296
23.161267652991228,22971,2,8,3,0.0,-0.001969,0.055137,-0.003022,683.175,699.0,882.99,-95.248,-978,-699,0.0,0.055,0.0,0.0,0.055,162.847,520.327,0.0,683.175,-12.659,895.65,0.0,882.99
23.161267652991228,22976,2,8,3,0.0,-0.001948,0.054546,-0.002852,681.165,667.0,908.279,-95.272,-1003,-667,0.0,0.054,0.0,0.0,0.054,160.717,520.448,0.0,681.165,11.332,896.946,0.0,908.279
23.172982821939513,22981,2,8,3,0.0,-0.001947,0.054534,-0.006052,690.221,700.0,887.925,-95.272,-983,-667,0.0,0.054,0.0,0.0,0.054,169.645,520.575,0.0,690.221,-7.823,895.749,0.0,887.925
23.172982821939513,22986,2,8,3,0.0,-0.001971,0.055194,-0.01177,708.219,686.0,932.205,-95.246,-1027,-686,0.0,0.055,0.0,0.0,0.055,187.503,520.716,0.0,708.219,17.775,914.43,0.0,932.205
23.184492054977454,22991,2,8,3,0.0,-0.001946,0.054508,-0.018132,724.263,715.0,934.566,-95.273,-1029,-715,0.0,0.054,0.0,0.0,0.054,203.394,520.868,0.0,724.263,7.41,927.156,0.0,934.566
23.184492054977454,22996,2,8,3,0.0,-0.001925,0.053906,-0.006686,690.655,684.0,929.639,-95.297,-1024,-684,0.0,0.053,0.0,0.0,0.053,169.659,520.995,0.0,690.655,5.324,924.315,0.0,929.639
23.19506789499428,23001,2,8,3,0.0,-0.001915,0.053632,-0.014607,712.212,685.0,959.774,-95.308,-1055,-716,0.0,0.053,0.0,0.0,0.053,191.072,521.139,0.0,712.212,21.769,938.005,0.0,959.774
23.19506789499428,23006,2,8,3,0.0,-0.001941,0.054352,0.003075,664.821,685.0,899.968,-95.28,-995,-685,0.0,0.054,0.0,0.0,0.054,143.574,521.246,0.0,664.821,-16.142,916.11,0.0,899.968
23.206210420001298,23011,2,8,3,0.0,-0.001934,0.054155,0.010767,642.824,669.0,877.294,-95.287,-972,-669,0.0,0.054,0.0,0.0,0.054,121.486,521.338,0.0,642.824,-20.94,898.234,0.0,877.294
23.206210420001298,23016,2,8,3,0.0,-0.001968,0.055124,-0.001919,681.177,669.0,913.8,-95.249,-1009,-669,0.0,0.055,0.0,0.0,0.055,159.724,521.453,0.0,681.177,9.742,904.058,0.0,913.8
23.217738003935665,23021,2,8,3,0.0,-0.001985,0.055603,0.003148,668.438,716.0,848.44,-95.23,-943,-652,0.0,0.055,0.0,0.0,0.055,146.875,521.563,0.0,668.438,-38.049,886.489,0.0,848.44
23.217738003935665,23026,2,8,3,0.0,-0.00193,0.054062,0.002853,665.054,685.0,874.335,-95.291,-969,-685,0.0,0.054,0.0,0.0,0.054,143.384,521.67,0.0,665.054,-15.956,890.291,0.0,874.335
23.229037367971614,23035,2,8,3,0.0,-0.001835,0.051389,-0.009001,691.001,668.0,916.726,-95.398,-1012,-668,0.0,0.051,0.0,0.0,0.051,169.096,521.905,0.0,691.001,18.401,898.325,0.0,916.726
23.229037367971614,23040,2,8,3,0.0,-0.001709,0.047869,0.001484,651.88,700.0,838.806,-95.538,-934,-637,0.0,0.047,0.0,0.0,0.047,129.878,522.002,0.0,651.88,-38.495,877.301,0.0,838.806
23.239966969937086,23045,2,8,3,0.0,-0.001697,0.047516,0.005596,639.464,653.0,866.115,-95.552,-961,-653,0.0,0.047,0.0,0.0,0.047,117.373,522.09,0.0,639.464,-10.828,876.944,0.0,866.115
23.239966969937086,23051,2,8,3,0.0,-0.001727,0.048376,-0.002432,664.463,653.0,891.845,-95.518,-987,-653,0.0,0.048,0.0,0.0,0.048,142.266,522.197,0.0,664.463,9.171,882.674,0.0,891.845
23.25067121500615,23056,2,8,3,0.0,-0.001798,0.050353,-0.015253,706.035,685.0,915.757,-95.439,-1011,-685,0.0,0.05,0.0,0.0,0.05,183.699,522.335,0.0,706.035,16.828,898.928,0.0,915.757
23.25067121500615,23061,2,8,3,0.0,-0.00183,0.051249,-0.009108,691.464,700.0,889.471,-95.403,-984,-669,0.0,0.051,0.0,0.0,0.051,169.002,522.462,0.0,691.464,-6.828,896.299,0.0,889.471
23.262415595934726,23066,2,8,3,0.0,-0.001852,0.051873,0.009278,641.817,652.0,876.243,-95.378,-971,-652,0.0,0.051,0.0,0.0,0.051,119.265,522.551,0.0,641.817,-8.145,884.389,0.0,876.243
23.262415595934726,23071,2,8,3,0.0,-0.00194,0.05434,0.006847,655.631,669.0,871.77,-95.28,-967,-669,0.0,0.054,0.0,0.0,0.054,132.979,522.651,0.0,655.631,-10.695,882.465,0.0,871.77
23.262415595934726,23076,2,8,3,0.0,-0.00196,0.054901,0.008583,652.437,653.0,878.543,-95.258,-973,-653,0.0,0.054,0.0,0.0,0.054,129.688,522.748,0.0,652.437,-0.45,878.993,0.0,878.543
23.27394588594325,23081,2,8,3,0.0,-0.001972,0.055242,0.016682,630.797,653.0,850.114,-95.244,-945,-653,0.0,0.055,0.0,0.0,0.055,107.967,522.829,0.0,630.797,-17.761,867.876,0.0,850.114
23.27394588594325,23086,2,8,3,0.0,-0.001939,0.054297,0.007994,652.575,637.0,881.705,-95.282,-976,-637,0.0,0.054,0.0,0.0,0.054,129.648,522.927,0.0,652.575,12.46,869.245,0.0,881.705
23.284973508911207,23091,2,8,3,0.0,-0.001898,0.053157,0.006284,654.269,668.0,860.619,-95.327,-955,-668,0.0,0.053,0.0,0.0,0.053,131.243,523.025,0.0,654.269,-10.984,871.604,0.0,860.619
23.284973508911207,23096,2,8,3,0.0,-0.001815,0.050834,0.007156,645.415,653.0,858.726,-95.42,-954,-653,0.0,0.05,0.0,0.0,0.05,122.298,523.117,0.0,645.415,-6.067,864.794,0.0,858.726
23.296174056944437,23101,2,8,3,0.0,-0.001712,0.04794,0.013331,620.095,636.0,842.187,-95.535,-937,-637,0.0,0.047,0.0,0.0,0.047,96.905,523.189,0.0,620.095,-12.723,854.911,0.0,842.187
23.296174056944437,23106,2,8,3,0.0,-0.001691,0.047349,0.009076,630.43,652.0,833.236,-95.559,-928,-652,0.0,0.047,0.0,0.0,0.047,107.163,523.267,0.0,630.43,-17.255,850.491,0.0,833.236
23.307968155946583,23111,2,8,3,0.0,-0.001717,0.04808,-0.004886,671.683,653.0,875.077,-95.53,-970,-653,0.0,0.048,0.0,0.0,0.048,148.305,523.378,0.0,671.683,14.947,860.13,0.0,875.077
23.307968155946583,23116,2,8,3,0.0,-0.001784,0.049956,-0.000437,664.587,637.0,892.471,-95.455,-987,-637,0.0,0.049,0.0,0.0,0.049,141.103,523.484,0.0,664.587,22.07,870.401,0.0,892.471
23.319365406990983,23125,2,8,3,0.0,-0.001805,0.050567,0.010554,635.689,637.0,859.592,-95.43,-955,-637,0.0,0.05,0.0,0.0,0.05,112.037,523.651,0.0,635.689,-1.048,860.641,0.0,859.592
23.319365406990983,23130,2,8,3,0.0,-0.00183,0.051261,0.023452,601.574,636.0,815.575,-95.403,-910,-636,0.0,0.051,0.0,0.0,0.051,77.864,523.71,0.0,601.574,-27.54,843.115,0.0,815.575
23.33088033797685,23135,2,8,3,0.0,-0.001863,0.052189,0.003126,661.191,637.0,874.746,-95.366,-970,-637,0.0,0.052,0.0,0.0,0.052,137.378,523.813,0.0,661.191,19.353,855.392,0.0,874.746
23.33088033797685,23141,2,8,3,0.0,-0.001857,0.052022,0.000254,668.872,653.0,877.561,-95.373,-972,-653,0.0,0.052,0.0,0.0,0.052,144.95,523.922,0.0,668.872,12.698,864.863,0.0,877.561
23.342691502999514,23146,2,8,3,0.0,-0.001897,0.053127,0.009443,646.331,637.0,870.575,-95.328,-965,-637,0.0,0.053,0.0,0.0,0.053,122.317,524.014,0.0,646.331,7.464,863.11,0.0,870.575
23.342691502999514,23151,2,8,3,0.0,-0.001891,0.052974,0.0015,668.249,669.0,871.712,-95.335,-967,-669,0.0,0.052,0.0,0.0,0.052,144.127,524.122,0.0,668.249,-0.6,872.313,0.0,871.712
23.342691502999514,23156,2,8,3,0.0,-0.00194,0.054321,-0.002608,683.645,668.0,892.447,-95.281,-987,-668,0.0,0.054,0.0,0.0,0.054,159.403,524.241,0.0,683.645,12.516,879.931,0.0,892.447
23.354142645956017,23161,2,8,3,0.0,-0.001925,0.053908,-0.005094,689.574,684.0,888.958,-95.297,-984,-669,0.0,0.053,0.0,0.0,0.053,165.208,524.365,0.0,689.574,4.459,884.499,0.0,888.958
23.354142645956017,23166,2,8,3,0.0,-0.001928,0.05401,-0.015476,719.076,701.0,920.769,-95.293,-1016,-701,0.0,0.054,0.0,0.0,0.054,194.565,524.511,0.0,719.076,14.461,906.308,0.0,920.769
23.365101264906116,23171,2,8,3,0.0,-0.001845,0.051666,0.00514,654.881,685.0,862.653,-95.387,-958,-685,0.0,0.051,0.0,0.0,0.051,130.272,524.609,0.0,654.881,-24.094,886.748,0.0,862.653
23.365101264906116,23176,2,8,3,0.0,-0.001815,0.050835,-0.004972,680.989,653.0,916.77,-95.42,-1012,-653,0.0,0.05,0.0,0.0,0.05,156.263,524.726,0.0,680.989,22.391,894.378,0.0,916.77
23.37626917893067,23181,2,8,3,0.0,-0.001834,0.051373,-0.01016,697.149,700.0,895.942,-95.398,-991,-668,0.0,0.051,0.0,0.0,0.051,172.293,524.855,0.0,697.149,-2.28,898.223,0.0,895.942
23.37626917893067,23186,2,8,3,0.0,-0.001842,0.05158,-0.015297,712.254,685.0,940.088,-95.39,-1035,-685,0.0,0.051,0.0,0.0,0.051,187.258,524.996,0.0,712.254,21.803,918.284,0.0,940.088
23.37626917893067,23191,2,8,3,0.0,-0.001843,0.051604,-0.012806,705.481,701.0,928.854,-95.389,-1024,-701,0.0,0.051,0.0,0.0,0.051,180.349,525.131,0.0,705.481,3.585,925.269,0.0,928.854
23.38818262494169,23196,2,8,3,0.0,-0.001801,0.050449,-0.004507,679.121,700.0,898.32,-95.435,-993,-700,0.0,0.05,0.0,0.0,0.05,153.878,525.242,0.0,679.121,-16.703,915.023,0.0,898.32
23.38818262494169,23201,2,8,3,0.0,-0.001816,0.050848,-0.000885,670.207,667.0,914.796,-95.419,-1010,-684,0.0,0.05,0.0,0.0,0.05,144.856,525.351,0.0,670.207,2.565,912.23,0.0,914.796
23.399188063922338,23206,2,8,3,0.0,-0.001842,0.051584,-0.013167,706.793,700.0,927.724,-95.39,-1023,-700,0.0,0.051,0.0,0.0,0.051,181.306,525.487,0.0,706.793,5.434,922.29,0.0,927.724
23.399188063922338,23211,2,8,3,0.0,-0.001856,0.051975,-0.000909,673.675,683.0,904.699,-95.374,-1000,-683,0.0,0.051,0.0,0.0,0.051,148.077,525.598,0.0,673.675,-7.459,912.158,0.0,904.699
23.410908992984332,23220,2,8,3,0.0,-0.001885,0.05278,0.003525,663.747,700.0,872.964,-95.342,-968,-653,0.0,0.052,0.0,0.0,0.052,137.913,525.834,0.0,663.747,-29.001,901.965,0.0,872.964
23.42246490600519,23225,2,8,3,0.0,-0.001886,0.052813,0.020573,616.175,668.0,840.605,-95.341,-935,-668,0.0,0.052,0.0,0.0,0.052,90.272,525.902,0.0,616.175,-41.46,882.065,0.0,840.605
23.42246490600519,23231,2,8,3,0.0,-0.001888,0.052864,0.000147,673.62,653.0,904.359,-95.339,-999,-653,0.0,0.052,0.0,0.0,0.052,147.606,526.013,0.0,673.62,16.496,887.863,0.0,904.359
23.42246490600519,23236,2,8,3,0.0,-0.001895,0.053076,-0.004272,686.709,669.0,913.76,-95.331,-1009,-669,0.0,0.053,0.0,0.0,0.053,160.575,526.134,0.0,686.709,14.167,899.592,0.0,913.76
23.435237898956984,23241,2,8,3,0.0,-0.001851,0.05184,0.007737,649.715,683.0,857.859,-95.38,-953,-652,0.0,0.051,0.0,0.0,0.051,123.488,526.226,0.0,649.715,-26.627,884.487,0.0,857.859
23.435237898956984,23246,2,8,3,0.0,-0.001888,0.052885,-0.001711,679.214,668.0,905.444,-95.338,-1000,-668,0.0,0.052,0.0,0.0,0.052,152.873,526.341,0.0,679.214,8.971,896.473,0.0,905.444
23.445991204003803,23251,2,8,3,0.0,-0.001918,0.053724,-3.4e-05,676.978,685.0,891.122,-95.305,-986,-685,0.0,0.053,0.0,0.0,0.053,150.524,526.454,0.0,676.978,-6.417,897.539,0.0,891.122
23.445991204003803,23256,2,8,3,0.0,-0.001858,0.052032,0.00352,662.388,684.0,869.223,-95.372,-964,-684,0.0,0.052,0.0,0.0,0.052,135.832,526.556,0.0,662.388,-17.289,886.513,0.0,869.223
23.445991204003803,23261,2,8,3,0.0,-0.001844,0.051656,-0.001564,675.687,668.0,894.682,-95.387,-990,-685,0.0,0.051,0.0,0.0,0.051,149.019,526.667,0.0,675.687,6.15,888.532,0.0,894.682
23.458163457922637,23266,2,8,3,0.0,-0.001926,0.053932,-0.002928,685.997,653.0,918.604,-95.296,-1013,-653,0.0,0.053,0.0,0.0,0.053,159.21,526.787,0.0,685.997,26.397,892.206,0.0,918.604
23.458163457922637,23271,2,8,3,0.0,-0.00192,0.053762,0.002692,669.888,684.0,883.084,-95.303,-978,-684,0.0,0.053,0.0,0.0,0.053,142.993,526.894,0.0,669.888,-11.289,894.373,0.0,883.084
23.469325367943384,23276,2,8,3,0.0,-0.001884,0.052765,0.000957,672.067,653.0,912.94,-95.343,-1008,-653,0.0,0.052,0.0,0.0,0.052,145.064,527.003,0.0,672.067,15.254,897.686,0.0,912.94
23.469325367943384,23281,2,8,3,0.0,-0.001838,0.051489,0.012963,634.957,669.0,855.219,-95.394,-950,-668,0.0,0.051,0.0,0.0,0.051,107.873,527.084,0.0,634.957,-27.234,882.453,0.0,855.219
23.48013825598173,23286,2,8,3,0.0,-0.001789,0.05011,0.02,611.451,621.0,851.503,-95.449,-946,-621,0.0,0.05,0.0,0.0,0.05,84.306,527.144,0.0,611.451,-7.638,859.141,0.0,851.503
23.48013825598173,23291,2,8,3,0.0,-0.001745,0.048887,0.014156,624.464,637.0,847.949,-95.497,-943,-637,0.0,0.048,0.0,0.0,0.048,97.246,527.217,0.0,624.464,-10.028,857.977,0.0,847.949
23.49129021994304,23296,2,8,3,0.0,-0.001809,0.050657,-0.00578,685.364,653.0,903.546,-95.427,-998,-653,0.0,0.05,0.0,0.0,0.05,158.028,527.336,0.0,685.364,25.891,877.654,0.0,903.546
23.49129021994304,23301,2,8,3,0.0,-0.001814,0.050794,-0.003077,678.292,685.0,873.156,-95.421,-968,-638,0.0,0.05,0.0,0.0,0.05,150.843,527.449,0.0,678.292,-5.365,878.522,0.0,873.156
23.50221188995056,23310,2,8,3,0.0,-0.00177,0.049561,-0.0084,689.944,668.0,900.004,-95.471,-995,-668,0.0,0.049,0.0,0.0,0.049,162.293,527.651,0.0,689.944,17.555,882.448,0.0,900.004
23.50221188995056,23315,2,8,3,0.0,-0.001851,0.051855,-0.016974,720.519,684.0,933.124,-95.379,-1028,-684,0.0,0.051,0.0,0.0,0.051,192.723,527.795,0.0,720.519,29.215,903.908,0.0,933.124
23.513479679939337,23321,2,8,3,0.0,-0.001751,0.049048,0.011933,631.795,701.0,815.42,-95.491,-910,-621,0.0,0.049,0.0,0.0,0.049,103.922,527.873,0.0,631.795,-55.363,870.783,0.0,815.42
23.513479679939337,23326,2,8,3,0.0,-0.001766,0.049455,0.002685,658.927,684.0,863.364,-95.475,-958,-684,0.0,0.049,0.0,0.0,0.049,130.955,527.971,0.0,658.927,-20.058,883.423,0.0,863.364
23.525068918941543,23331,2,8,3,0.0,-0.001841,0.051574,0.003206,663.501,652.0,888.756,-95.39,-984,-652,0.0,0.051,0.0,0.0,0.051,135.428,528.073,0.0,663.501,9.201,879.554,0.0,888.756
23.525068918941543,23336,2,8,3,0.0,-0.001838,0.051477,0.001948,666.857,668.0,880.947,-95.394,-976,-668,0.0,0.051,0.0,0.0,0.051,138.68,528.177,0.0,666.857,-0.913,881.861,0.0,880.947
23.53641442290973,23341,2,8,3,0.0,-0.001757,0.049212,0.001969,660.557,668.0,872.166,-95.484,-967,-653,0.0,0.049,0.0,0.0,0.049,132.28,528.276,0.0,660.557,-5.953,878.12,0.0,872.166
23.53641442290973,23346,2,8,3,0.0,-0.001712,0.047937,0.000344,661.637,668.0,875.828,-95.535,-971,-668,0.0,0.047,0.0,0.0,0.047,133.26,528.376,0.0,661.637,-5.09,880.919,0.0,875.828
23.54796685196925,23351,2,8,3,0.0,-0.001705,0.047756,-0.001614,666.718,653.0,894.515,-95.543,-990,-653,0.0,0.047,0.0,0.0,0.047,138.237,528.48,0.0,666.718,10.974,883.54,0.0,894.515
23.54796685196925,23356,2,8,3,0.0,-0.001729,0.048413,0.003292,654.914,652.0,887.111,-95.516,-982,-652,0.0,0.048,0.0,0.0,0.048,126.338,528.575,0.0,654.914,2.331,884.78,0.0,887.111
23.54796685196925,23361,2,8,3,0.0,-0.001711,0.047912,0.012479,627.862,668.0,834.389,-95.536,-929,-622,0.0,0.047,0.0,0.0,0.047,99.213,528.649,0.0,627.862,-32.109,866.498,0.0,834.389
23.559097182936966,23366,2,8,3,0.0,-0.001756,0.049181,-0.008289,689.689,701.0,881.797,-95.486,-977,-701,0.0,0.049,0.0,0.0,0.049,160.919,528.77,0.0,689.689,-9.048,890.846,0.0,881.797
23.559097182936966,23371,2,8,3,0.0,-0.001816,0.050861,-0.010719,701.325,669.0,923.3,-95.419,-1018,-669,0.0,0.05,0.0,0.0,0.05,172.425,528.899,0.0,701.325,25.86,897.44,0.0,923.3
23.57025656395126,23376,2,8,3,0.0,-0.001762,0.04935,0.003523,657.311,685.0,864.626,-95.479,-960,-685,0.0,0.049,0.0,0.0,0.049,128.315,528.995,0.0,657.311,-22.151,886.777,0.0,864.626
23.57025656395126,23381,2,8,3,0.0,-0.001725,0.048312,0.013358,626.935,622.0,885.988,-95.52,-981,-669,0.0,0.048,0.0,0.0,0.048,97.869,529.066,0.0,626.935,3.948,882.04,0.0,885.988
23.5820623539621,23386,2,8,3,0.0,-0.001692,0.047394,0.002852,653.876,653.0,876.486,-95.557,-972,-653,0.0,0.047,0.0,0.0,0.047,124.716,529.159,0.0,653.876,0.7,875.785,0.0,876.486
23.5820623539621,23391,2,8,3,0.0,-0.001647,0.046135,0.007664,636.959,653.0,854.917,-95.607,-950,-653,0.0,0.046,0.0,0.0,0.046,107.718,529.24,0.0,636.959,-12.832,867.749,0.0,854.917
23.592695071012713,23400,2,8,3,0.0,-0.00175,0.049025,-0.01166,699.406,668.0,919.043,-95.492,-1014,-684,0.0,0.049,0.0,0.0,0.049,169.92,529.486,0.0,699.406,25.125,893.918,0.0,919.043
23.592695071012713,23405,2,8,3,0.0,-0.001805,0.050558,-0.010863,701.598,669.0,930.244,-95.431,-1025,-669,0.0,0.05,0.0,0.0,0.05,171.982,529.615,0.0,701.598,26.078,904.165,0.0,930.244
23.60419452690985,23411,2,8,3,0.0,-0.001748,0.048962,0.001461,662.717,668.0,896.967,-95.494,-992,-668,0.0,0.048,0.0,0.0,0.048,133.002,529.715,0.0,662.717,-4.225,901.192,0.0,896.967
23.60419452690985,23416,2,8,3,0.0,-0.001712,0.047945,0.003276,654.88,667.0,885.239,-95.535,-980,-667,0.0,0.047,0.0,0.0,0.047,125.07,529.809,0.0,654.88,-9.695,894.935,0.0,885.239
23.61526050698012,23421,2,8,3,0.0,-0.001691,0.047364,-0.004403,674.867,653.0,921.788,-95.558,-1017,-683,0.0,0.047,0.0,0.0,0.047,144.949,529.917,0.0,674.867,17.494,904.294,0.0,921.788
23.61526050698012,23426,2,8,3,0.0,-0.001614,0.045217,-0.00759,677.889,684.0,896.727,-95.644,-992,-684,0.0,0.045,0.0,0.0,0.045,147.86,530.028,0.0,677.889,-4.888,901.616,0.0,896.727
23.627051046933047,23431,2,8,3,0.0,-0.001566,0.043855,-0.012102,686.828,669.0,920.27,-95.698,-1015,-669,0.0,0.043,0.0,0.0,0.043,156.682,530.146,0.0,686.828,14.262,906.007,0.0,920.27
23.627051046933047,23436,2,8,3,0.0,-0.001556,0.043588,-0.014702,693.481,685.0,920.18,-95.709,-1015,-685,0.0,0.043,0.0,0.0,0.043,163.212,530.268,0.0,693.481,6.785,913.394,0.0,920.18
23.627051046933047,23441,2,8,3,0.0,-0.001521,0.04261,-0.012366,684.319,699.0,895.865,-95.748,-991,-684,0.0,0.042,0.0,0.0,0.042,153.935,530.384,0.0,684.319,-11.744,907.609,0.0,895.865
23.638218446983956,23446,2,8,4,0.0,-0.001483,0.04153,-0.009707,673.957,684.0,894.532,-95.791,-990,-684,0.0,0.041,0.0,0.0,0.041,143.465,530.491,0.0,673.957,-8.033,902.566,0.0,894.532
23.638218446983956,23451,2,8,4,0.0,-0.001502,0.042081,-0.009172,674.109,653.0,920.744,-95.769,-1016,-653,0.0,0.042,0.0,0.0,0.042,143.51,530.599,0.0,674.109,16.887,903.856,0.0,920.744
23.65011132392101,23456,2,8,4,0.0,-0.001537,0.04305,-0.010612,680.966,668.0,923.69,-95.73,-1019,-668,0.0,0.043,0.0,0.0,0.043,150.254,530.712,0.0,680.966,10.373,913.317,0.0,923.69
23.65011132392101,23461,2,8,4,0.0,-0.001504,0.042135,-0.002308,655.248,699.0,859.915,-95.767,-955,-667,0.0,0.042,0.0,0.0,0.042,124.443,530.805,0.0,655.248,-35.001,894.916,0.0,859.915
23.661210922989994,23466,2,8,4,0.0,-0.001549,0.04339,-0.002757,660.117,669.0,884.11,-95.717,-979,-669,0.0,0.043,0.0,0.0,0.043,129.215,530.902,0.0,660.117,-7.105,891.216,0.0,884.11
23.661210922989994,23471,2,8,4,0.0,-0.001665,0.046643,-0.009678,688.718,684.0,901.733,-95.587,-997,-684,0.0,0.046,0.0,0.0,0.046,157.702,531.015,0.0,688.718,3.774,897.958,0.0,901.733
23.661210922989994,23476,2,8,4,0.0,-0.001658,0.046435,-0.003352,670.526,668.0,897.704,-95.595,-993,-668,0.0,0.046,0.0,0.0,0.046,139.406,531.12,0.0,670.526,2.021,895.683,0.0,897.704
23.673246526974253,23481,2,8,4,0.0,-0.001665,0.046627,-3.1e-05,661.863,667.0,888.853,-95.588,-984,-669,0.0,0.046,0.0,0.0,0.046,130.644,531.218,0.0,661.863,-4.109,892.962,0.0,888.853
23.684648708906025,23490,2,8,4,0.0,-0.001758,0.049248,-0.006691,688.095,684.0,904.833,-95.483,-1000,-684,0.0,0.049,0.0,0.0,0.049,156.63,531.464,0.0,688.095,3.276,901.557,0.0,904.833
23.684648708906025,23495,2,8,4,0.0,-0.00172,0.048187,0.00106,663.521,667.0,893.584,-95.525,-989,-667,0.0,0.048,0.0,0.0,0.048,131.957,531.563,0.0,663.521,-2.782,896.367,0.0,893.584
23.69625930697657,23500,2,8,4,0.0,-0.001796,0.050307,-0.018846,725.339,653.0,989.039,-95.441,-1084,-747,0.0,0.05,0.0,0.0,0.05,193.63,531.708,0.0,725.339,57.871,931.168,0.0,989.039
23.69625930697657,23506,2,8,4,0.0,-0.00183,0.051266,-0.009556,702.14,685.0,928.547,-95.403,-1023,-685,0.0,0.051,0.0,0.0,0.051,170.303,531.836,0.0,702.14,13.712,914.834,0.0,928.547
23.707316913991235,23511,2,8,4,0.0,-0.00182,0.050965,-0.004938,688.486,685.0,919.344,-95.415,-1014,-685,0.0,0.05,0.0,0.0,0.05,156.532,531.954,0.0,688.486,2.789,916.555,0.0,919.344
23.707316913991235,23516,2,8,4,0.0,-0.001893,0.053016,-0.009607,707.431,716.0,910.973,-95.333,-1006,-716,0.0,0.053,0.0,0.0,0.053,175.346,532.085,0.0,707.431,-6.854,917.827,0.0,910.973
23.707316913991235,23521,2,8,4,0.0,-0.001857,0.052003,0.009816,650.295,683.0,871.634,-95.373,-967,-668,0.0,0.052,0.0,0.0,0.052,118.121,532.174,0.0,650.295,-26.163,897.798,0.0,871.634
23.719058037968352,23526,2,8,4,0.0,-0.00189,0.052945,0.004995,666.532,684.0,881.471,-95.336,-976,-684,0.0,0.052,0.0,0.0,0.052,134.257,532.274,0.0,666.532,-13.973,895.445,0.0,881.471
23.719058037968352,23531,2,8,4,0.0,-0.001926,0.05394,0.007909,661.259,685.0,864.842,-95.296,-960,-685,0.0,0.053,0.0,0.0,0.053,128.888,532.371,0.0,661.259,-18.992,883.834,0.0,864.842
23.730450755916536,23536,2,8,4,0.0,-0.00188,0.052641,0.0065,661.662,652.0,889.835,-95.348,-985,-652,0.0,0.052,0.0,0.0,0.052,129.193,532.468,0.0,661.662,7.729,882.105,0.0,889.835
23.730450755916536,23541,2,8,4,0.0,-0.001846,0.051694,0.008749,652.805,653.0,881.947,-95.386,-977,-668,0.0,0.051,0.0,0.0,0.051,120.246,532.558,0.0,652.805,-0.155,882.103,0.0,881.947
23.74210215790663,23546,2,8,4,0.0,-0.001888,0.05289,0.006917,661.379,653.0,887.262,-95.338,-982,-653,0.0,0.052,0.0,0.0,0.052,128.724,532.655,0.0,661.379,6.703,880.558,0.0,887.262
23.74210215790663,23551,2,8,4,0.0,-0.001957,0.054817,-0.003049,694.806,700.0,887.797,-95.261,-983,-700,0.0,0.054,0.0,0.0,0.054,162.029,532.776,0.0,694.806,-4.155,891.952,0.0,887.797
23.74210215790663,23556,2,8,4,0.0,-0.001989,0.055703,-0.000631,690.631,685.0,896.249,-95.226,-991,-685,0.0,0.055,0.0,0.0,0.055,157.736,532.894,0.0,690.631,4.505,891.744,0.0,896.249
23.753172647906467,23561,2,8,4,0.0,-0.001996,0.055899,0.006455,671.437,669.0,893.043,-95.218,-988,-684,0.0,0.055,0.0,0.0,0.055,138.443,532.994,0.0,671.437,1.95,891.093,0.0,893.043
23.753172647906467,23566,2,8,4,0.0,-0.001996,0.055895,0.00413,678.047,669.0,896.561,-95.218,-991,-669,0.0,0.055,0.0,0.0,0.055,144.944,533.103,0.0,678.047,7.238,889.323,0.0,896.561
23.764978325925767,23571,2,8,4,0.0,-0.002055,0.057559,0.00222,688.168,669.0,914.219,-95.152,-1009,-669,0.0,0.057,0.0,0.0,0.057,154.948,533.219,0.0,688.168,15.334,898.884,0.0,914.219
23.776066143997014,23580,2,8,4,0.0,-0.002077,0.058183,0.008651,672.129,669.0,905.153,-95.127,-1000,-668,0.0,0.058,0.0,0.0,0.058,138.688,533.441,0.0,672.129,2.503,902.649,0.0,905.153
23.776066143997014,23585,2,8,4,0.0,-0.002041,0.057162,0.007481,672.653,684.0,894.305,-95.168,-989,-684,0.0,0.057,0.0,0.0,0.057,139.107,533.546,0.0,672.653,-9.077,903.382,0.0,894.305
23.787407518946566,23590,2,8,4,0.0,-0.002108,0.059045,-0.002927,707.199,686.0,931.518,-95.093,-1026,-686,0.0,0.059,0.0,0.0,0.059,173.523,533.676,0.0,707.199,16.959,914.558,0.0,931.518
23.787407518946566,23596,2,8,4,0.0,-0.002074,0.058091,0.002691,688.912,684.0,920.526,-95.131,-1015,-684,0.0,0.058,0.0,0.0,0.058,155.119,533.792,0.0,688.912,3.929,916.596,0.0,920.526
23.787407518946566,23601,2,8,4,0.0,-0.002048,0.057364,0.000988,691.764,700.0,907.641,-95.16,-1002,-685,0.0,0.057,0.0,0.0,0.057,157.852,533.911,0.0,691.764,-6.588,914.23,0.0,907.641
23.79845779191237,23606,2,8,4,0.0,-0.002052,0.057462,-0.002066,700.718,701.0,920.239,-95.156,-1015,-701,0.0,0.057,0.0,0.0,0.057,166.682,534.036,0.0,700.718,-0.225,920.464,0.0,920.239
23.79845779191237,23611,2,8,4,0.0,-0.002001,0.056035,0.002306,684.592,683.0,917.113,-95.213,-1012,-683,0.0,0.056,0.0,0.0,0.056,150.443,534.149,0.0,684.592,1.274,915.839,0.0,917.113
23.8094302599784,23616,2,8,4,0.0,-0.001979,0.055433,-0.000813,691.757,699.0,909.572,-95.237,-1004,-699,0.0,0.055,0.0,0.0,0.055,157.49,534.267,0.0,691.757,-5.793,915.366,0.0,909.572
23.8094302599784,23621,2,8,4,0.0,-0.001966,0.055062,-0.001873,693.806,701.0,906.216,-95.251,-1001,-685,0.0,0.055,0.0,0.0,0.055,159.419,534.386,0.0,693.806,-5.754,911.971,0.0,906.216
23.82048951892648,23626,2,8,4,0.0,-0.001915,0.053628,-0.004498,697.263,699.0,915.289,-95.309,-1010,-699,0.0,0.053,0.0,0.0,0.053,162.754,534.509,0.0,697.263,-1.389,916.678,0.0,915.289
23.82048951892648,23631,2,8,4,0.0,-0.001906,0.053377,0.000666,682.21,698.0,895.849,-95.319,-991,-698,0.0,0.053,0.0,0.0,0.053,147.59,534.619,0.0,682.21,-12.631,908.481,0.0,895.849
23.83174752991181,23636,2,8,4,0.0,-0.001884,0.052779,0.004636,669.523,670.0,902.241,-95.342,-997,-670,0.0,0.052,0.0,0.0,0.052,134.802,534.72,0.0,669.523,-0.381,902.623,0.0,902.241
23.83174752991181,23641,2,8,4,0.0,-0.001835,0.051383,-0.001145,681.914,669.0,919.276,-95.398,-1014,-715,0.0,0.051,0.0,0.0,0.051,147.083,534.831,0.0,681.914,10.331,908.945,0.0,919.276
23.83174752991181,23646,2,8,4,0.0,-0.001842,0.051592,0.005663,663.528,653.0,899.046,-95.39,-994,-653,0.0,0.051,0.0,0.0,0.051,128.6,534.927,0.0,663.528,8.422,890.624,0.0,899.046
23.84308305301238,23651,2,8,4,0.0,-0.001812,0.050737,0.004551,664.343,668.0,890.425,-95.424,-985,-668,0.0,0.05,0.0,0.0,0.05,129.322,535.02,0.0,664.343,-2.925,893.351,0.0,890.425
23.84308305301238,23656,2,8,4,0.0,-0.001832,0.051303,0.00406,667.401,670.0,890.393,-95.401,-985,-670,0.0,0.051,0.0,0.0,0.051,132.281,535.119,0.0,667.401,-2.078,892.472,0.0,890.393
23.85418219398707,23661,2,8,4,0.0,-0.00183,0.051252,-0.002175,684.828,653.0,931.605,-95.403,-1027,-701,0.0,0.051,0.0,0.0,0.051,149.596,535.232,0.0,684.828,25.462,906.142,0.0,931.605
23.864970310009085,23670,2,8,4,0.0,-0.001909,0.053463,-0.004868,698.815,702.0,911.696,-95.315,-1007,-702,0.0,0.053,0.0,0.0,0.053,163.327,535.487,0.0,698.815,-2.547,914.244,0.0,911.696
23.864970310009085,23675,2,8,4,0.0,-0.00196,0.054885,1e-06,689.278,669.0,933.924,-95.258,-1029,-669,0.0,0.054,0.0,0.0,0.054,153.675,535.602,0.0,689.278,16.222,917.701,0.0,933.924
23.87596313096583,23680,2,8,4,0.0,-0.002038,0.057085,0.001593,691.096,701.0,907.86,-95.171,-1003,-684,0.0,0.057,0.0,0.0,0.057,155.377,535.719,0.0,691.096,-7.922,915.783,0.0,907.86
23.87596313096583,23686,2,8,4,0.0,-0.002044,0.057235,-0.007328,716.634,699.0,944.738,-95.165,-1039,-699,0.0,0.057,0.0,0.0,0.057,180.779,535.855,0.0,716.634,14.107,930.63,0.0,944.738
23.887456638971344,23691,2,8,4,0.0,-0.002059,0.057668,-0.003338,706.8,717.0,922.745,-95.148,-1017,-717,0.0,0.057,0.0,0.0,0.057,170.817,535.983,0.0,706.8,-8.159,930.905,0.0,922.745
23.887456638971344,23696,2,8,4,0.0,-0.002036,0.057008,-0.004621,708.678,700.0,939.1,-95.174,-1034,-700,0.0,0.057,0.0,0.0,0.057,172.565,536.112,0.0,708.678,6.942,932.157,0.0,939.1
23.887456638971344,23701,2,8,4,0.0,-0.001962,0.054959,-0.017326,738.665,701.0,981.202,-95.255,-1076,-717,0.0,0.054,0.0,0.0,0.054,202.4,536.264,0.0,738.665,30.132,951.07,0.0,981.202
23.898570574936457,23706,2,8,4,0.0,-0.00198,0.055441,-0.010896,722.149,732.0,944.237,-95.236,-1039,-732,0.0,0.055,0.0,0.0,0.055,185.745,536.403,0.0,722.149,-7.88,952.117,0.0,944.237
23.898570574936457,23711,2,8,4,0.0,-0.001917,0.053676,0.002214,680.603,698.0,919.958,-95.307,-1015,-698,0.0,0.053,0.0,0.0,0.053,144.091,536.511,0.0,680.603,-13.916,933.875,0.0,919.958
23.909477139939554,23716,2,8,4,0.0,-0.001941,0.054373,-0.003553,698.83,701.0,931.624,-95.279,-1026,-701,0.0,0.054,0.0,0.0,0.054,162.196,536.633,0.0,698.83,-1.735,933.36,0.0,931.624
23.909477139939554,23721,2,8,4,0.0,-0.002032,0.056912,-0.014101,735.62,686.0,996.146,-95.178,-1091,-749,0.0,0.056,0.0,0.0,0.056,198.837,536.782,0.0,735.62,39.696,956.45,0.0,996.146
23.92053104401566,23726,2,8,4,0.0,-0.001975,0.05531,0.005381,676.69,668.0,936.938,-95.241,-1032,-668,0.0,0.055,0.0,0.0,0.055,139.803,536.887,0.0,676.69,6.952,929.986,0.0,936.938
23.92053104401566,23731,2,8,4,0.0,-0.002006,0.056171,-0.006302,711.944,716.0,938.999,-95.207,-1034,-716,0.0,0.056,0.0,0.0,0.056,174.925,537.018,0.0,711.944,-3.244,942.243,0.0,938.999
23.931747591937892,23736,2,8,4,0.0,-0.002065,0.057835,-0.010936,729.725,700.0,977.66,-95.141,-1072,-700,0.0,0.057,0.0,0.0,0.057,192.562,537.163,0.0,729.725,23.78,953.879,0.0,977.66
23.931747591937892,23741,2,8,4,0.0,-0.002137,0.059849,-0.006218,722.286,731.0,946.183,-95.061,-1041,-716,0.0,0.059,0.0,0.0,0.059,184.99,537.296,0.0,722.286,-6.97,953.154,0.0,946.183
23.931747591937892,23746,2,8,4,0.0,-0.002159,0.060461,-0.007868,728.762,716.0,969.703,-95.036,-1064,-716,0.0,0.06,0.0,0.0,0.06,191.322,537.439,0.0,728.762,10.21,959.493,0.0,969.703
23.943063186947256,23751,2,8,4,0.0,-0.002221,0.062211,-0.010501,741.186,733.0,975.544,-94.966,-1070,-733,0.0,0.062,0.0,0.0,0.062,203.594,537.592,0.0,741.186,6.549,968.994,0.0,975.544
23.943063186947256,23756,2,8,4,0.0,-0.002272,0.063631,-0.005051,730.047,731.0,967.288,-94.91,-1062,-731,0.0,0.063,0.0,0.0,0.063,192.311,537.736,0.0,730.047,-0.761,968.05,0.0,967.288
23.954119406989776,23765,2,8,4,0.0,-0.002294,0.064243,0.002791,710.081,716.0,958.134,-94.885,-1053,-716,0.0,0.064,0.0,0.0,0.064,172.066,538.014,0.0,710.081,-4.735,962.869,0.0,958.134
23.964975537965074,23770,2,8,4,0.0,-0.002276,0.063751,0.015364,673.598,684.0,939.673,-94.905,-1034,-684,0.0,0.063,0.0,0.0,0.063,135.483,538.115,0.0,673.598,-8.32,947.994,0.0,939.673
23.964975537965074,23776,2,8,4,0.0,-0.002283,0.063924,0.003641,707.034,716.0,942.754,-94.898,-1037,-716,0.0,0.063,0.0,0.0,0.063,168.791,538.242,0.0,707.034,-7.172,949.927,0.0,942.754
23.97612115193624,23781,2,8,4,0.0,-0.002329,0.065219,-0.001144,724.201,716.0,960.561,-94.847,-1055,-717,0.0,0.065,0.0,0.0,0.065,185.819,538.382,0.0,724.201,6.561,953.999,0.0,960.561
23.97612115193624,23786,2,8,4,0.0,-0.002294,0.06425,-0.000923,721.005,716.0,960.079,-94.885,-1054,-716,0.0,0.064,0.0,0.0,0.064,182.486,538.519,0.0,721.005,4.004,956.075,0.0,960.079
23.987609587959014,23791,2,8,4,0.0,-0.002265,0.063431,-0.000125,716.612,732.0,940.844,-94.918,-1035,-732,0.0,0.063,0.0,0.0,0.063,177.96,538.652,0.0,716.612,-12.309,953.154,0.0,940.844
23.987609587959014,23796,2,8,4,0.0,-0.002284,0.063975,0.000322,717.014,700.0,968.904,-94.896,-1063,-700,0.0,0.063,0.0,0.0,0.063,178.227,538.786,0.0,717.014,13.611,955.293,0.0,968.904
23.987609587959014,23801,2,8,4,0.0,-0.00228,0.06386,0.015179,675.195,717.0,902.844,-94.901,-997,-685,0.0,0.063,0.0,0.0,0.063,136.307,538.888,0.0,675.195,-33.443,936.287,0.0,902.844
23.99863414198626,23806,2,8,4,0.0,-0.002341,0.065549,0.002669,715.085,716.0,947.474,-94.833,-1042,-716,0.0,0.065,0.0,0.0,0.065,176.065,539.02,0.0,715.085,-0.731,948.205,0.0,947.474
23.99863414198626,23811,2,8,4,0.0,-0.002367,0.066276,0.002309,718.262,717.0,950.101,-94.804,-1044,-717,0.0,0.066,0.0,0.0,0.066,179.108,539.154,0.0,718.262,1.01,949.091,0.0,950.101
24.00963068800047,23816,2,8,4,0.0,-0.002356,0.065988,0.016672,677.342,701.0,915.112,-94.816,-1009,-701,0.0,0.065,0.0,0.0,0.065,138.084,539.258,0.0,677.342,-18.925,934.038,0.0,915.112
24.00963068800047,23821,2,8,4,0.0,-0.002377,0.066559,-0.000962,728.461,683.0,991.077,-94.793,-1085,-732,0.0,0.066,0.0,0.0,0.066,189.061,539.4,0.0,728.461,36.369,954.708,0.0,991.077
24.020591269014403,23826,2,8,4,0.0,-0.002355,0.065949,-0.007788,746.02,732.0,972.905,-94.818,-1067,-732,0.0,0.065,0.0,0.0,0.065,206.465,539.555,0.0,746.02,11.216,961.689,0.0,972.905
24.020591269014403,23831,2,8,4,0.0,-0.002356,0.065976,-0.011519,756.701,747.0,978.579,-94.816,-1073,-747,0.0,0.065,0.0,0.0,0.065,216.99,539.711,0.0,756.701,7.761,970.818,0.0,978.579
24.031690572970547,23836,2,8,4,0.0,-0.00234,0.065522,-0.004469,735.836,732.0,972.478,-94.835,-1067,-732,0.0,0.065,0.0,0.0,0.065,195.978,539.858,0.0,735.836,3.069,969.409,0.0,972.478
24.031690572970547,23841,2,8,4,0.0,-0.002319,0.064947,0.002352,715.256,731.0,948.783,-94.857,-1043,-717,0.0,0.064,0.0,0.0,0.064,175.266,539.989,0.0,715.256,-12.594,961.378,0.0,948.783
24.031690572970547,23846,2,8,4,0.0,-0.002308,0.064648,-0.001142,724.344,717.0,970.898,-94.869,-1065,-717,0.0,0.064,0.0,0.0,0.064,184.216,540.128,0.0,724.344,5.875,965.023,0.0,970.898
24.04351747990586,23855,2,8,4,0.0,-0.002255,0.063164,0.006317,699.551,715.0,940.717,-94.928,-1035,-715,0.0,0.063,0.0,0.0,0.063,159.172,540.379,0.0,699.551,-12.358,953.075,0.0,940.717
24.054208084009588,23860,2,8,4,0.0,-0.002187,0.061259,0.007479,691.077,716.0,920.749,-95.004,-1015,-700,0.0,0.061,0.0,0.0,0.061,150.585,540.491,0.0,691.077,-19.938,940.687,0.0,920.749
24.054208084009588,23866,2,8,4,0.0,-0.002182,0.061122,0.006798,692.713,700.0,931.178,-95.01,-1026,-700,0.0,0.061,0.0,0.0,0.061,152.106,540.606,0.0,692.713,-5.829,937.008,0.0,931.178
24.065269261947833,23871,2,8,4,0.0,-0.002126,0.059532,0.010073,679.194,701.0,908.94,-95.073,-1004,-701,0.0,0.059,0.0,0.0,0.059,138.484,540.71,0.0,679.194,-17.444,926.384,0.0,908.94
24.065269261947833,23876,2,8,4,0.0,-0.002124,0.05948,0.007981,685.015,699.0,907.821,-95.075,-1002,-699,0.0,0.059,0.0,0.0,0.059,144.197,540.818,0.0,685.015,-11.187,919.009,0.0,907.821
24.076281687943265,23881,2,8,4,0.0,-0.002074,0.058083,0.007667,682.09,685.0,913.652,-95.131,-1008,-684,0.0,0.058,0.0,0.0,0.058,141.166,540.924,0.0,682.09,-2.327,915.98,0.0,913.652
24.076281687943265,23886,2,8,4,0.0,-0.002078,0.058203,-0.013647,742.255,732.0,948.483,-95.126,-1043,-732,0.0,0.058,0.0,0.0,0.058,201.18,541.075,0.0,742.255,8.204,940.278,0.0,948.483
24.08774771692697,23891,2,8,4,0.0,-0.002019,0.056558,0.004489,686.978,684.0,930.634,-95.192,-1025,-684,0.0,0.056,0.0,0.0,0.056,145.794,541.184,0.0,686.978,2.382,928.251,0.0,930.634
24.08774771692697,23896,2,8,4,0.0,-0.001974,0.055274,-0.003681,706.384,702.0,937.493,-95.243,-1032,-702,0.0,0.055,0.0,0.0,0.055,165.075,541.308,0.0,706.384,3.507,933.986,0.0,937.493
24.08774771692697,23901,2,8,4,0.0,-0.001997,0.055927,0.000281,697.233,700.0,930.141,-95.217,-1025,-716,0.0,0.055,0.0,0.0,0.055,155.808,541.425,0.0,697.233,-2.213,932.354,0.0,930.141
24.099454703973606,23906,2,8,4,0.0,-0.002013,0.056378,-0.003711,709.805,700.0,938.995,-95.199,-1034,-700,0.0,0.056,0.0,0.0,0.056,168.254,541.551,0.0,709.805,7.844,931.15,0.0,938.995
24.099454703973606,23911,2,8,4,0.0,-0.001964,0.055019,-0.011155,726.979,716.0,950.167,-95.253,-1045,-716,0.0,0.055,0.0,0.0,0.055,185.289,541.69,0.0,726.979,8.783,941.383,0.0,950.167
24.110434911912307,23916,2,8,4,0.0,-0.001986,0.055626,-0.006647,716.187,716.0,941.601,-95.229,-1036,-716,0.0,0.055,0.0,0.0,0.055,174.366,541.821,0.0,716.187,0.15,941.451,0.0,941.601
24.110434911912307,23921,2,8,4,0.0,-0.001968,0.055129,-0.002412,703.054,702.0,941.201,-95.249,-1036,-717,0.0,0.055,0.0,0.0,0.055,161.117,541.937,0.0,703.054,0.843,940.358,0.0,941.201
24.121348578017205,23926,2,8,4,0.0,-0.001972,0.055237,0.001077,693.699,700.0,925.031,-95.244,-1020,-700,0.0,0.055,0.0,0.0,0.055,151.648,542.051,0.0,693.699,-5.04,930.071,0.0,925.031
24.121348578017205,23931,2,8,4,0.0,-0.001984,0.055569,0.007183,677.632,699.0,901.954,-95.231,-997,-699,0.0,0.055,0.0,0.0,0.055,135.479,542.152,0.0,677.632,-17.094,919.048,0.0,901.954
24.13305424596183,23936,2,8,4,0.0,-0.001949,0.054579,0.002699,687.526,701.0,901.962,-95.271,-997,-701,0.0,0.054,0.0,0.0,0.054,145.265,542.261,0.0,687.526,-10.778,912.741,0.0,901.962
24.13305424596183,23945,2,8,4,0.0,-0.002015,0.056427,-0.003301,709.757,717.0,919.332,-95.197,-1014,-717,0.0,0.056,0.0,0.0,0.056,167.241,542.516,0.0,709.757,-5.793,925.126,0.0,919.332
24.144034924916923,23950,2,8,4,0.0,-0.00203,0.056852,0.001558,697.454,685.0,931.642,-95.18,-1026,-685,0.0,0.056,0.0,0.0,0.056,154.822,542.632,0.0,697.454,9.963,921.678,0.0,931.642
24.144034924916923,23956,2,8,4,0.0,-0.002037,0.057052,-0.004722,715.73,700.0,945.154,-95.172,-1040,-700,0.0,0.057,0.0,0.0,0.057,172.968,542.762,0.0,715.73,12.584,932.57,0.0,945.154
24.154921995010227,23961,2,8,4,0.0,-0.002098,0.058767,-0.002054,713.191,702.0,947.315,-95.104,-1042,-718,0.0,0.058,0.0,0.0,0.058,170.301,542.89,0.0,713.191,8.953,938.362,0.0,947.315
24.154921995010227,23966,2,8,4,0.0,-0.002125,0.059519,-0.003024,718.145,718.0,938.525,-95.074,-1033,-718,0.0,0.059,0.0,0.0,0.059,175.124,543.021,0.0,718.145,0.116,938.409,0.0,938.525
24.16578183392994,23971,2,8,4,0.0,-0.002049,0.057389,-0.001614,708.357,700.0,943.85,-95.159,-1039,-700,0.0,0.057,0.0,0.0,0.057,165.212,543.145,0.0,708.357,6.685,937.164,0.0,943.85
24.16578183392994,23976,2,8,4,0.0,-0.002019,0.056532,-0.000842,703.916,732.0,906.396,-95.193,-1001,-732,0.0,0.056,0.0,0.0,0.056,160.651,543.265,0.0,703.916,-22.466,928.862,0.0,906.396
24.177338131004944,23981,2,8,4,0.0,-0.002063,0.057771,0.00552,689.679,699.0,913.006,-95.143,-1008,-699,0.0,0.057,0.0,0.0,0.057,146.304,543.375,0.0,689.679,-7.456,920.462,0.0,913.006
24.177338131004944,23986,2,8,4,0.0,-0.002127,0.05958,0.012362,675.687,684.0,903.635,-95.071,-998,-684,0.0,0.059,0.0,0.0,0.059,132.212,543.474,0.0,675.687,-6.65,910.285,0.0,903.635
24.177338131004944,23991,2,8,4,0.0,-0.002182,0.061102,0.010735,684.605,685.0,910.033,-95.011,-1005,-685,0.0,0.061,0.0,0.0,0.061,141.025,543.58,0.0,684.605,-0.315,910.348,0.0,910.033
24.188796464004554,23996,2,8,4,0.0,-0.002175,0.060908,0.017176,666.122,683.0,887.989,-95.018,-983,-683,0.0,0.06,0.0,0.0,0.06,122.449,543.672,0.0,666.122,-13.502,901.491,0.0,887.989
24.188796464004554,24001,2,8,4,0.0,-0.002105,0.058964,0.019025,655.585,684.0,864.649,-95.096,-959,-667,0.0,0.058,0.0,0.0,0.058,111.829,543.756,0.0,655.585,-22.731,887.38,0.0,864.649
24.199788826983422,24006,2,8,4,0.0,-0.002165,0.060643,0.004674,700.584,699.0,901.58,-95.029,-996,-699,0.0,0.06,0.0,0.0,0.06,156.71,543.873,0.0,700.584,1.267,900.313,0.0,901.58
24.199788826983422,24011,2,8,4,0.0,-0.002174,0.060884,0.009418,688.08,668.0,916.695,-95.019,-1011,-668,0.0,0.06,0.0,0.0,0.06,144.103,543.977,0.0,688.08,16.064,900.63,0.0,916.695
24.211122671957128,24016,2,8,4,0.0,-0.002153,0.060284,0.006069,695.893,699.0,903.382,-95.043,-998,-699,0.0,0.06,0.0,0.0,0.06,151.802,544.091,0.0,695.893,-2.485,905.868,0.0,903.382
24.211122671957128,24021,2,8,4,0.0,-0.002156,0.060381,0.006341,695.514,685.0,917.673,-95.039,-1012,-685,0.0,0.06,0.0,0.0,0.06,151.309,544.205,0.0,695.514,8.411,909.261,0.0,917.673
24.221901856013574,24026,2,8,4,0.0,-0.002188,0.061279,0.000477,714.579,717.0,919.438,-95.004,-1014,-717,0.0,0.061,0.0,0.0,0.061,170.247,544.332,0.0,714.579,-1.936,921.374,0.0,919.438
24.221901856013574,24035,2,8,4,0.0,-0.002141,0.059962,0.01772,662.819,700.0,874.168,-95.056,-969,-700,0.0,0.059,0.0,0.0,0.059,118.276,544.543,0.0,662.819,-29.744,903.912,0.0,874.168
24.232623687013984,24040,2,8,4,0.0,-0.002153,0.060288,0.015631,669.677,668.0,903.019,-95.043,-998,-684,0.0,0.06,0.0,0.0,0.06,125.04,544.636,0.0,669.677,1.341,901.677,0.0,903.019
24.232623687013984,24046,2,8,4,0.0,-0.002133,0.059727,0.003149,703.175,685.0,925.717,-95.065,-1020,-685,0.0,0.059,0.0,0.0,0.059,158.419,544.755,0.0,703.175,14.54,911.177,0.0,925.717
24.243843411910348,24051,2,8,4,0.0,-0.002118,0.059312,-0.004938,724.795,716.0,931.879,-95.082,-1026,-716,0.0,0.059,0.0,0.0,0.059,179.904,544.89,0.0,724.795,7.036,924.843,0.0,931.879
24.243843411910348,24056,2,8,4,0.0,-0.001935,0.054189,0.004848,683.149,700.0,900.035,-95.286,-995,-700,0.0,0.054,0.0,0.0,0.054,138.154,544.994,0.0,683.149,-13.48,913.516,0.0,900.035
24.254770756931975,24061,2,8,4,0.0,-0.001873,0.052463,0.002327,685.481,668.0,932.674,-95.355,-1028,-700,0.0,0.052,0.0,0.0,0.052,140.381,545.099,0.0,685.481,13.985,918.689,0.0,932.674
24.254770756931975,24066,2,8,4,0.0,-0.00185,0.051816,-0.010079,718.536,700.0,942.76,-95.381,-1038,-700,0.0,0.051,0.0,0.0,0.051,173.306,545.229,0.0,718.536,14.828,927.931,0.0,942.76
24.265756213921122,24071,2,8,4,0.0,-0.001895,0.053071,-0.006728,712.795,717.0,927.218,-95.331,-1022,-717,0.0,0.053,0.0,0.0,0.053,167.44,545.355,0.0,712.795,-3.363,930.581,0.0,927.218
24.265756213921122,24076,2,8,4,0.0,-0.00185,0.051819,0.008952,665.473,699.0,883.411,-95.381,-978,-699,0.0,0.051,0.0,0.0,0.051,120.028,545.445,0.0,665.473,-26.821,910.232,0.0,883.411
24.27705455000978,24081,2,8,4,0.0,-0.001843,0.051612,-0.002643,697.476,668.0,945.034,-95.389,-1040,-718,0.0,0.051,0.0,0.0,0.051,151.917,545.559,0.0,697.476,23.581,921.453,0.0,945.034
24.27705455000978,24086,2,8,4,0.0,-0.001815,0.050828,-0.007341,708.557,685.0,939.507,-95.42,-1034,-685,0.0,0.05,0.0,0.0,0.05,162.876,545.681,0.0,708.557,18.846,920.66,0.0,939.507
24.27705455000978,24091,2,8,4,0.0,-0.001804,0.050526,-0.01604,732.207,716.0,950.951,-95.432,-1046,-716,0.0,0.05,0.0,0.0,0.05,186.386,545.821,0.0,732.207,12.966,937.985,0.0,950.951
24.28848501900211,24096,2,8,4,0.0,-0.001748,0.048956,9.6e-05,682.732,700.0,912.317,-95.495,-1007,-700,0.0,0.048,0.0,0.0,0.048,136.808,545.923,0.0,682.732,-13.813,926.131,0.0,912.317
24.28848501900211,24101,2,8,4,0.0,-0.001697,0.047517,0.001365,675.248,669.0,930.741,-95.552,-1026,-700,0.0,0.047,0.0,0.0,0.047,129.227,546.02,0.0,675.248,4.998,925.742,0.0,930.741
24.29917514999397,24106,2,8,4,0.0,-0.001694,0.047448,-0.013783,717.593,700.0,948.262,-95.555,-1043,-700,0.0,0.047,0.0,0.0,0.047,171.449,546.144,0.0,717.593,14.075,934.187,0.0,948.262
24.29917514999397,24111,2,8,4,0.0,-0.001656,0.046385,-0.003178,685.028,700.0,914.704,-95.597,-1010,-700,0.0,0.046,0.0,0.0,0.046,138.779,546.248,0.0,685.028,-11.977,926.681,0.0,914.704
24.310900116921403,24116,2,8,4,0.0,-0.001582,0.044306,0.005943,653.746,685.0,882.754,-95.68,-978,-685,0.0,0.044,0.0,0.0,0.044,107.417,546.329,0.0,653.746,-25.002,907.757,0.0,882.754
24.322514886967838,24125,2,8,4,0.0,-0.001546,0.043292,0.01045,638.458,685.0,855.984,-95.72,-951,-685,0.0,0.043,0.0,0.0,0.043,91.959,546.498,0.0,638.458,-37.233,893.218,0.0,855.984
24.322514886967838,24130,2,8,4,0.0,-0.001573,0.044054,0.000528,668.463,652.0,904.644,-95.69,-1000,-652,0.0,0.044,0.0,0.0,0.044,121.873,546.59,0.0,668.463,13.17,891.474,0.0,904.644
24.322514886967838,24136,2,8,4,0.0,-0.001596,0.044711,-0.002615,679.204,685.0,890.567,-95.664,-986,-685,0.0,0.044,0.0,0.0,0.044,132.515,546.689,0.0,679.204,-4.636,895.203,0.0,890.567
24.334027815959416,24141,2,8,4,0.0,-0.001599,0.044779,-0.004271,684.133,668.0,914.272,-95.661,-1009,-701,0.0,0.044,0.0,0.0,0.044,137.34,546.792,0.0,684.133,12.906,901.365,0.0,914.272
24.334027815959416,24146,2,8,4,0.0,-0.001623,0.045454,0.000804,671.909,652.0,907.628,-95.634,-1003,-652,0.0,0.045,0.0,0.0,0.045,125.022,546.886,0.0,671.909,15.927,891.701,0.0,907.628
24.344774093013257,24151,2,8,4,0.0,-0.001584,0.044376,0.000743,669.148,685.0,880.975,-95.677,-976,-685,0.0,0.044,0.0,0.0,0.044,122.169,546.978,0.0,669.148,-12.681,893.657,0.0,880.975
24.344774093013257,24156,2,8,4,0.0,-0.001724,0.048273,-0.008868,707.096,685.0,922.359,-95.522,-1017,-685,0.0,0.048,0.0,0.0,0.048,159.998,547.098,0.0,707.096,17.677,904.682,0.0,922.359
24.355852972948924,24161,2,8,4,0.0,-0.001724,0.048284,-0.005061,696.579,715.0,884.093,-95.521,-979,-669,0.0,0.048,0.0,0.0,0.048,149.368,547.21,0.0,696.579,-14.736,898.83,0.0,884.093
24.355852972948924,24166,2,8,4,0.0,-0.001765,0.049428,-0.002713,693.316,685.0,916.021,-95.476,-1011,-685,0.0,0.049,0.0,0.0,0.049,145.997,547.319,0.0,693.316,6.653,909.368,0.0,916.021
24.36801303399261,24171,2,8,4,0.0,-0.001765,0.049446,0.004823,672.357,685.0,892.915,-95.475,-988,-685,0.0,0.049,0.0,0.0,0.049,124.944,547.413,0.0,672.357,-10.113,903.028,0.0,892.915
24.36801303399261,24176,2,8,4,0.0,-0.001841,0.051571,0.009619,664.967,670.0,893.467,-95.39,-988,-670,0.0,0.051,0.0,0.0,0.051,117.466,547.501,0.0,664.967,-4.025,897.493,0.0,893.467
24.36801303399261,24181,2,8,4,0.0,-0.001956,0.054788,-0.006015,717.88,670.0,959.714,-95.262,-1054,-716,0.0,0.054,0.0,0.0,0.054,170.251,547.629,0.0,717.88,38.304,921.409,0.0,959.714
24.378740523941815,24186,2,8,4,0.0,-0.002016,0.056459,-0.006897,725.162,700.0,948.011,-95.196,-1043,-700,0.0,0.056,0.0,0.0,0.056,177.399,547.762,0.0,725.162,20.129,927.881,0.0,948.011
24.378740523941815,24191,2,8,4,0.0,-0.002015,0.056425,0.004839,692.311,685.0,932.891,-95.197,-1028,-685,0.0,0.056,0.0,0.0,0.056,144.44,547.87,0.0,692.311,5.849,927.042,0.0,932.891
24.389809736981988,24196,2,8,4,0.0,-0.002032,0.056902,-0.004961,721.212,701.0,956.093,-95.178,-1051,-701,0.0,0.056,0.0,0.0,0.056,173.217,547.995,0.0,721.212,16.17,939.923,0.0,956.093
24.389809736981988,24201,2,8,4,0.0,-0.002081,0.058294,-0.006723,730.184,731.0,942.813,-95.123,-1037,-731,0.0,0.058,0.0,0.0,0.058,182.052,548.132,0.0,730.184,-0.652,943.465,0.0,942.813
24.40055446093902,24206,2,8,4,0.0,-0.002125,0.059504,0.001222,711.443,716.0,931.242,-95.074,-1026,-716,0.0,0.059,0.0,0.0,0.059,163.189,548.254,0.0,711.443,-3.644,934.887,0.0,931.242
24.412805461906828,24215,2,8,4,0.0,-0.002272,0.063634,0.006451,708.62,701.0,949.443,-94.91,-1044,-701,-0.104719,0.063,0.0,0.0,0.063,160.112,548.508,0.0,708.62,6.096,943.347,0.0,949.443
24.412805461906828,24220,2,8,4,0.0,-0.00225,0.063015,0.008695,700.717,701.0,942.957,-94.934,-1037,-717,0.0,0.063,0.0,0.0,0.063,152.095,548.622,0.0,700.717,-0.225,943.183,0.0,942.957
24.412805461906828,24226,2,8,4,0.0,-0.002213,0.061978,0.006105,705.183,700.0,943.08,-94.976,-1038,-700,0.0,0.061,0.0,0.0,0.061,156.443,548.739,0.0,705.183,4.146,938.933,0.0,943.08
24.42376954096835,24231,2,8,4,0.0,-0.002327,0.065166,0.007274,710.959,717.0,936.154,-94.849,-1031,-717,0.0,0.065,0.0,0.0,0.065,162.098,548.861,0.0,710.959,-4.832,940.986,0.0,936.154
24.42376954096835,24236,2,8,4,0.0,-0.002316,0.064865,0.010183,702.085,701.0,939.49,-94.861,-1034,-701,0.0,0.064,0.0,0.0,0.064,153.108,548.976,0.0,702.085,0.868,938.622,0.0,939.49
24.43509694491513,24241,2,8,4,0.0,-0.002336,0.065429,-0.004485,744.883,717.0,976.621,-94.838,-1071,-732,0.0,0.065,0.0,0.0,0.065,195.76,549.123,0.0,744.883,22.307,954.314,0.0,976.621
24.43509694491513,24246,2,8,4,0.0,-0.002337,0.06544,0.001017,729.642,716.0,965.62,-94.838,-1060,-716,0.0,0.065,0.0,0.0,0.065,180.383,549.258,0.0,729.642,10.913,954.707,0.0,965.62
24.44659057399258,24251,2,8,4,0.0,-0.00232,0.064974,0.004585,718.476,718.0,955.863,-94.856,-1050,-718,0.0,0.064,0.0,0.0,0.064,169.091,549.385,0.0,718.476,0.381,955.482,0.0,955.863
24.44659057399258,24256,2,8,4,0.0,-0.002314,0.064809,-0.00388,741.86,733.0,969.944,-94.863,-1064,-733,0.0,0.064,0.0,0.0,0.064,192.331,549.529,0.0,741.86,7.088,962.856,0.0,969.944
24.44659057399258,24261,2,8,4,0.0,-0.002302,0.064482,0.003217,721.2,731.0,949.865,-94.876,-1044,-700,0.0,0.064,0.0,0.0,0.064,171.542,549.658,0.0,721.2,-7.839,957.705,0.0,949.865
24.458209953969344,24266,2,8,4,0.0,-0.002225,0.062302,0.013419,686.633,717.0,924.689,-94.963,-1019,-717,0.0,0.062,0.0,0.0,0.062,136.873,549.76,0.0,686.633,-24.292,948.982,0.0,924.689
24.458209953969344,24271,2,8,4,0.0,-0.002233,0.062548,-0.002775,732.805,732.0,954.475,-94.953,-1049,-732,0.0,0.062,0.0,0.0,0.062,182.907,549.897,0.0,732.805,0.644,953.83,0.0,954.475
24.469077992951497,24276,2,8,4,0.0,-0.002224,0.062294,0.001021,721.591,700.0,975.475,-94.963,-1070,-700,0.0,0.062,0.0,0.0,0.062,171.565,550.026,0.0,721.591,17.273,958.201,0.0,975.475
24.469077992951497,24281,2,8,4,0.0,-0.002145,0.060081,-0.001035,721.282,701.0,984.655,-95.051,-1079,-748,0.0,0.06,0.0,0.0,0.06,171.127,550.154,0.0,721.282,16.226,968.429,0.0,984.655
24.48012912995182,24286,2,8,4,0.0,-0.002134,0.059776,0.005699,701.681,699.0,952.332,-95.063,-1047,-699,0.0,0.059,0.0,0.0,0.059,151.417,550.264,0.0,701.681,2.145,950.186,0.0,952.332
24.48012912995182,24291,2,8,4,0.0,-0.002116,0.059274,0.004712,703.152,717.0,937.915,-95.084,-1032,-717,0.0,0.059,0.0,0.0,0.059,152.773,550.378,0.0,703.152,-11.078,948.993,0.0,937.915
24.491169005981646,24296,2,8,4,0.0,-0.002134,0.059752,-0.00032,718.71,685.0,985.791,-95.064,-1080,-685,0.0,0.059,0.0,0.0,0.059,168.205,550.505,0.0,718.71,26.968,958.823,0.0,985.791
24.50272266799584,24305,2,8,4,0.0,-0.002078,0.058197,0.001783,708.697,731.0,932.346,-95.126,-1027,-731,0.0,0.058,0.0,0.0,0.058,157.957,550.74,0.0,708.697,-17.841,950.187,0.0,932.346
24.50272266799584,24310,2,8,4,0.0,-0.00208,0.058264,-0.004117,725.538,701.0,973.009,-95.124,-1068,-701,0.0,0.058,0.0,0.0,0.058,174.666,550.871,0.0,725.538,19.63,953.378,0.0,973.009
24.50272266799584,24315,2,8,4,0.0,-0.002075,0.058107,-0.010301,742.562,748.0,955.765,-95.13,-1050,-748,0.0,0.058,0.0,0.0,0.058,191.547,551.015,0.0,742.562,-4.35,960.115,0.0,955.765
24.51402074494399,24321,2,8,4,0.0,-0.002071,0.05801,0.002066,707.776,748.0,907.731,-95.134,-1002,-699,0.0,0.058,0.0,0.0,0.058,156.643,551.133,0.0,707.776,-32.178,939.909,0.0,907.731
24.51402074494399,24326,2,8,4,0.0,-0.002057,0.057612,-0.007047,732.315,732.0,953.494,-95.15,-1048,-732,0.0,0.057,0.0,0.0,0.057,181.046,551.268,0.0,732.315,0.252,953.242,0.0,953.494
24.52592291496694,24331,2,8,4,0.0,-0.002034,0.056959,-0.0052,725.447,716.0,960.698,-95.176,-1055,-716,0.0,0.056,0.0,0.0,0.056,174.048,551.399,0.0,725.447,7.558,953.139,0.0,960.698
24.52592291496694,24336,2,8,4,0.0,-0.002018,0.05651,-0.00595,726.421,733.0,947.64,-95.194,-1042,-733,0.0,0.056,0.0,0.0,0.056,174.891,551.53,0.0,726.421,-5.262,952.903,0.0,947.64
24.537790618021972,24341,2,8,4,0.0,-0.002025,0.056726,-0.003121,719.23,716.0,955.162,-95.185,-1050,-716,0.0,0.056,0.0,0.0,0.056,167.573,551.656,0.0,719.23,2.584,952.578,0.0,955.162
24.537790618021972,24346,2,8,4,0.0,-0.002065,0.057826,-0.003477,723.435,732.0,947.82,-95.141,-1042,-732,0.0,0.057,0.0,0.0,0.057,171.65,551.784,0.0,723.435,-6.851,954.671,0.0,947.82
24.537790618021972,24351,2,8,4,0.0,-0.002044,0.057235,0.002623,704.814,717.0,934.603,-95.165,-1029,-717,0.0,0.057,0.0,0.0,0.057,152.914,551.899,0.0,704.814,-9.748,944.351,0.0,934.603
24.548604956944473,24356,2,8,4,0.0,-0.002065,0.057827,0.00082,711.639,716.0,938.458,-95.141,-1033,-716,0.0,0.057,0.0,0.0,0.057,159.619,552.019,0.0,711.639,-3.488,941.947,0.0,938.458
24.548604956944473,24361,2,8,4,0.0,-0.002076,0.058136,-0.002931,723.137,717.0,950.011,-95.129,-1045,-701,0.0,0.058,0.0,0.0,0.058,170.989,552.147,0.0,723.137,4.909,945.102,0.0,950.011
24.559757750015706,24366,2,8,4,0.0,-0.002085,0.058401,-0.002614,723.12,717.0,959.117,-95.118,-1054,-717,0.0,0.058,0.0,0.0,0.058,170.844,552.275,0.0,723.12,4.896,954.221,0.0,959.117
24.559757750015706,24371,2,8,4,0.0,-0.002168,0.060712,3.8e-05,722.29,733.0,945.045,-95.026,-1040,-733,0.0,0.06,0.0,0.0,0.06,169.887,552.403,0.0,722.29,-8.567,953.612,0.0,945.045
24.570468078018166,24376,2,8,4,0.0,-0.002214,0.061994,0.006499,707.901,717.0,938.736,-94.975,-1033,-717,0.0,0.061,0.0,0.0,0.061,155.386,552.515,0.0,707.901,-7.278,946.015,0.0,938.736
24.570468078018166,24381,2,8,4,0.0,-0.002204,0.061736,0.005879,709.03,700.0,955.494,-94.985,-1050,-732,0.0,0.061,0.0,0.0,0.061,156.398,552.632,0.0,709.03,7.224,948.269,0.0,955.494
24.58180902490858,24386,2,8,4,0.0,-0.002219,0.06214,0.01156,694.362,685.0,940.817,-94.969,-1035,-685,0.0,0.062,0.0,0.0,0.062,141.623,552.738,0.0,694.362,7.489,933.327,0.0,940.817
24.58180902490858,24395,2,8,4,0.0,-0.002301,0.064434,-0.000243,734.076,701.0,969.69,-94.878,-1064,-701,0.0,0.064,0.0,0.0,0.064,181.099,552.976,0.0,734.076,26.461,943.229,0.0,969.69
24.593055360019207,24400,2,8,4,0.0,-0.002308,0.064625,-0.000775,736.244,732.0,952.332,-94.87,-1047,-717,0.0,0.064,0.0,0.0,0.064,183.124,553.119,0.0,736.244,3.395,948.937,0.0,952.332
24.593055360019207,24405,2,8,4,0.0,-0.002209,0.061872,0.0041,715.002,703.0,958.891,-94.98,-1053,-703,0.0,0.061,0.0,0.0,0.061,161.76,553.241,0.0,715.002,9.601,949.289,0.0,958.891
24.604219272965565,24411,2,8,4,0.0,-0.002207,0.061811,0.004343,714.272,717.0,949.939,-94.982,-1044,-717,0.0,0.061,0.0,0.0,0.061,160.91,553.362,0.0,714.272,-2.181,952.121,0.0,949.939
24.604219272965565,24416,2,8,4,0.0,-0.002301,0.064449,0.007451,713.076,732.0,930.214,-94.877,-1025,-732,0.0,0.064,0.0,0.0,0.064,159.594,553.482,0.0,713.076,-15.138,945.353,0.0,930.214
24.615910100983456,24421,2,8,4,0.0,-0.002328,0.065189,0.004587,723.295,717.0,951.849,-94.848,-1046,-716,0.0,0.065,0.0,0.0,0.065,169.685,553.609,0.0,723.295,5.036,946.813,0.0,951.849
24.615910100983456,24426,2,8,4,0.0,-0.002362,0.066163,-0.00798,761.368,749.0,976.06,-94.809,-1070,-749,0.0,0.066,0.0,0.0,0.066,207.603,553.764,0.0,761.368,9.894,966.165,0.0,976.06
24.62670285301283,24431,2,8,4,0.0,-0.002329,0.06522,0.001768,731.562,717.0,976.107,-94.847,-1070,-717,0.0,0.065,0.0,0.0,0.065,177.664,553.898,0.0,731.562,11.649,964.457,0.0,976.107
24.62670285301283,24436,2,8,4,0.0,-0.002366,0.066265,0.002122,733.632,748.0,951.898,-94.805,-1046,-748,0.0,0.066,0.0,0.0,0.066,179.6,554.032,0.0,733.632,-11.493,963.391,0.0,951.898
24.62670285301283,24441,2,8,4,0.0,-0.002348,0.065769,0.005394,723.208,702.0,985.759,-94.825,-1080,-732,0.0,0.065,0.0,0.0,0.065,169.048,554.159,0.0,723.208,16.966,968.792,0.0,985.759
24.638184644980356,24446,2,8,4,0.0,-0.002329,0.065232,0.008661,712.676,718.0,956.526,-94.846,-1051,-718,0.0,0.065,0.0,0.0,0.065,158.398,554.278,0.0,712.676,-4.258,960.785,0.0,956.526
24.638184644980356,24451,2,8,4,0.0,-0.002256,0.063184,0.00561,715.608,732.0,943.626,-94.928,-1038,-732,0.0,0.063,0.0,0.0,0.063,161.208,554.399,0.0,715.608,-13.113,956.74,0.0,943.626
24.649147750926204,24456,2,8,4,0.0,-0.002213,0.06198,-0.010955,758.774,732.0,991.515,-94.976,-1086,-732,0.0,0.061,0.0,0.0,0.061,204.222,554.552,0.0,758.774,21.419,970.095,0.0,991.515
24.649147750926204,24461,2,8,4,0.0,-0.002218,0.062105,-0.004011,739.821,731.0,981.423,-94.971,-1076,-748,0.0,0.062,0.0,0.0,0.062,185.129,554.691,0.0,739.821,7.056,974.366,0.0,981.423
24.66013503493741,24466,2,8,4,0.0,-0.002163,0.060581,0.000284,723.644,733.0,956.384,-95.031,-1051,-733,0.0,0.06,0.0,0.0,0.06,168.83,554.813,0.0,723.644,-7.484,963.868,0.0,956.384
24.66013503493741,24471,2,8,4,0.0,-0.002201,0.061628,-0.009772,754.886,748.0,977.573,-94.99,-1072,-748,0.0,0.061,0.0,0.0,0.061,199.922,554.963,0.0,754.886,5.508,972.064,0.0,977.573
24.671092138974927,24476,2,8,4,0.0,-0.002152,0.060264,0.00216,717.774,732.0,950.047,-95.044,-1045,-732,0.0,0.06,0.0,0.0,0.06,162.689,555.085,0.0,717.774,-11.38,961.427,0.0,950.047
24.68238517001737,24485,2,8,4,0.0,-0.002021,0.056605,-0.010345,742.818,718.0,988.795,-95.19,-1083,-718,0.0,0.056,0.0,0.0,0.056,187.462,555.355,0.0,742.818,19.854,968.941,0.0,988.795
24.68238517001737,24490,2,8,4,0.0,-0.001978,0.0554,-0.006861,729.822,748.0,954.337,-95.238,-1049,-748,0.0,0.055,0.0,0.0,0.055,174.336,555.486,0.0,729.822,-14.542,968.879,0.0,954.337
24.68238517001737,24495,2,8,4,0.0,-0.001926,0.053934,-0.000918,709.191,702.0,968.931,-95.296,-1064,-702,0.0,0.053,0.0,0.0,0.053,153.59,555.601,0.0,709.191,5.753,963.177,0.0,968.931
24.693998513976112,24501,2,8,4,0.0,-0.001999,0.055972,-0.005497,727.846,732.0,960.605,-95.215,-1055,-732,0.0,0.055,0.0,0.0,0.055,172.115,555.73,0.0,727.846,-3.322,963.928,0.0,960.605
24.693998513976112,24506,2,8,4,0.0,-0.00199,0.055738,-0.009812,739.413,731.0,974.439,-95.224,-1069,-731,0.0,0.055,0.0,0.0,0.055,183.544,555.868,0.0,739.413,6.73,967.708,0.0,974.439
24.704900190001354,24511,2,8,4,0.0,-0.001956,0.054768,-0.007423,730.135,717.0,980.558,-95.263,-1075,-717,0.0,0.054,0.0,0.0,0.054,174.136,555.999,0.0,730.135,10.508,970.05,0.0,980.558
24.704900190001354,24516,2,8,4,0.0,-0.00191,0.0535,-0.001875,711.166,732.0,945.664,-95.314,-1040,-732,0.0,0.053,0.0,0.0,0.053,155.051,556.115,0.0,711.166,-16.666,962.33,0.0,945.664
24.71564824890811,24521,2,8,4,0.0,-0.001874,0.052483,-0.009084,728.635,716.0,976.927,-95.354,-1072,-732,0.0,0.052,0.0,0.0,0.052,172.39,556.244,0.0,728.635,10.108,966.819,0.0,976.927
24.71564824890811,24526,2,8,4,0.0,-0.001879,0.052613,-0.006066,720.673,717.0,965.57,-95.349,-1060,-717,0.0,0.052,0.0,0.0,0.052,164.305,556.367,0.0,720.673,2.938,962.631,0.0,965.57
24.726913988939486,24536,2,8,4,0.0,-0.001881,0.052686,-0.014577,744.981,731.0,986.531,-95.346,-1081,-731,0.0,0.052,0.0,0.0,0.052,188.337,556.644,0.0,744.981,11.185,975.346,0.0,986.531
24.726913988939486,24541,2,8,4,0.0,-0.001913,0.053588,-0.003566,716.799,732.0,955.674,-95.31,-1050,-716,0.0,0.053,0.0,0.0,0.053,160.035,556.764,0.0,716.799,-12.16,967.834,0.0,955.674
24.738319142954424,24546,2,8,4,0.0,-0.001986,0.055632,-0.007773,734.433,748.0,962.367,-95.229,-1057,-748,0.0,0.055,0.0,0.0,0.055,177.535,556.897,0.0,734.433,-10.853,973.221,0.0,962.367
24.738319142954424,24551,2,8,4,0.0,-0.002026,0.056751,-0.012246,750.235,747.0,977.099,-95.184,-1072,-747,0.0,0.056,0.0,0.0,0.056,193.192,557.042,0.0,750.235,2.587,974.511,0.0,977.099
24.749173240968958,24556,2,8,4,0.0,-0.001991,0.055771,-0.00418,725.028,732.0,962.556,-95.223,-1057,-732,0.0,0.055,0.0,0.0,0.055,167.865,557.163,0.0,725.028,-5.577,968.134,0.0,962.556
24.749173240968958,24561,2,8,4,0.0,-0.002034,0.056957,0.000867,714.331,700.0,982.535,-95.176,-1077,-733,0.0,0.056,0.0,0.0,0.056,157.05,557.28,0.0,714.331,11.464,971.07,0.0,982.535
24.7601950999815,24566,2,8,4,0.0,-0.002097,0.058727,-0.002468,728.758,717.0,979.658,-95.105,-1074,-717,0.0,0.058,0.0,0.0,0.058,171.348,557.409,0.0,728.758,9.406,970.251,0.0,979.658
24.77128093794454,24575,2,8,4,0.0,-0.002151,0.060235,0.002998,717.906,716.0,965.18,-95.045,-1060,-716,0.0,0.06,0.0,0.0,0.06,160.264,557.642,0.0,717.906,1.525,963.654,0.0,965.18
24.77128093794454,24580,2,8,4,0.0,-0.00214,0.059944,0.00503,711.517,730.0,940.941,-95.057,-1035,-717,0.0,0.059,0.0,0.0,0.059,153.759,557.757,0.0,711.517,-14.785,955.727,0.0,940.941
24.77128093794454,24585,2,8,4,0.0,-0.002239,0.062698,0.014348,693.238,701.0,939.188,-94.947,-1034,-701,0.0,0.062,0.0,0.0,0.062,135.378,557.859,0.0,693.238,-6.209,945.398,0.0,939.188
24.783140946994536,24591,2,8,4,0.0,-0.002286,0.064017,-0.002221,743.467,717.0,984.654,-94.894,-1079,-717,0.0,0.064,0.0,0.0,0.064,185.468,557.998,0.0,743.467,21.174,963.479,0.0,984.654
24.783140946994536,24596,2,8,4,0.0,-0.002319,0.064933,0.010127,711.572,732.0,939.603,-94.858,-1034,-732,0.0,0.064,0.0,0.0,0.064,153.458,558.113,0.0,711.572,-16.342,955.945,0.0,939.603
24.79407176398672,24601,2,8,4,0.0,-0.002313,0.064785,0.002374,732.996,716.0,976.241,-94.864,-1071,-717,0.0,0.064,0.0,0.0,0.064,174.751,558.244,0.0,732.996,13.597,962.644,0.0,976.241
24.79407176398672,24606,2,8,4,0.0,-0.002302,0.064474,0.001018,736.053,749.0,958.587,-94.876,-1053,-749,0.0,0.064,0.0,0.0,0.064,177.675,558.378,0.0,736.053,-10.356,968.944,0.0,958.587
24.805096762022004,24611,2,8,4,0.0,-0.00233,0.065256,0.007182,721.108,700.0,982.594,-94.845,-1077,-700,0.0,0.065,0.0,0.0,0.065,162.608,558.5,0.0,721.108,16.887,965.707,0.0,982.594
24.805096762022004,24616,2,8,4,0.0,-0.002348,0.065755,0.011669,710.054,716.0,961.127,-94.825,-1055,-716,0.0,0.065,0.0,0.0,0.065,151.44,558.613,0.0,710.054,-4.756,965.884,0.0,961.127
24.81682397890836,24621,2,8,4,0.0,-0.002413,0.067568,-0.002338,754.499,701.0,1033.712,-94.753,-1128,-780,0.0,0.067,0.0,0.0,0.067,195.738,558.76,0.0,754.499,42.799,990.913,0.0,1033.712
24.81682397890836,24626,2,8,4,0.0,-0.002434,0.068164,0.002291,743.343,732.0,986.435,-94.729,-1081,-732,0.0,0.068,0.0,0.0,0.068,184.444,558.899,0.0,743.343,9.074,977.361,0.0,986.435
24.81682397890836,24631,2,8,4,0.0,-0.002359,0.066067,0.001908,738.678,733.0,985.013,-94.813,-1079,-733,0.0,0.066,0.0,0.0,0.066,179.644,559.033,0.0,738.678,4.542,980.471,0.0,985.013
24.828138684970327,24636,2,8,4,0.0,-0.002398,0.067148,-0.006506,765.423,749.0,1004.987,-94.77,-1099,-749,0.0,0.067,0.0,0.0,0.067,206.234,559.188,0.0,765.423,13.138,991.849,0.0,1004.987
24.828138684970327,24641,2,8,4,0.0,-0.002396,0.067091,-0.000244,747.87,764.0,972.541,-94.772,-1067,-748,0.0,0.067,0.0,0.0,0.067,188.54,559.329,0.0,747.87,-12.903,985.445,0.0,972.541
24.83926962292753,24646,2,8,4,0.0,-0.002433,0.06815,0.000692,748.348,748.0,985.865,-94.73,-1080,-748,0.0,0.068,0.0,0.0,0.068,188.882,559.465,0.0,748.348,0.278,985.586,0.0,985.865
24.83926962292753,24651,2,8,4,0.0,-0.002442,0.068392,0.007278,730.714,717.0,993.509,-94.72,-1088,-717,0.0,0.068,0.0,0.0,0.068,171.12,559.594,0.0,730.714,10.971,982.537,0.0,993.509
24.85077498294413,24656,2,8,4,0.0,-0.002422,0.067837,0.013325,712.34,733.0,959.155,-94.742,-1053,-733,0.0,0.067,0.0,0.0,0.067,152.631,559.709,0.0,712.34,-16.527,975.683,0.0,959.155
24.86244211497251,24665,2,8,4,0.0,-0.002449,0.068596,0.002029,746.364,747.0,980.905,-94.712,-1075,-747,0.0,0.068,0.0,0.0,0.068,186.386,559.978,0.0,746.364,-0.508,981.413,0.0,980.905
24.86244211497251,24670,2,8,4,0.0,-0.002449,0.068596,0.000147,751.78,749.0,985.608,-94.712,-1080,-749,0.0,0.068,0.0,0.0,0.068,191.657,560.122,0.0,751.78,2.224,983.384,0.0,985.608
24.86244211497251,24675,2,8,4,0.0,-0.002449,0.068596,-0.000794,754.567,732.0,1009.757,-94.712,-1104,-732,0.0,0.068,0.0,0.0,0.068,194.293,560.274,0.0,754.567,18.054,991.703,0.0,1009.757
24.873330881935544,24681,2,8,4,0.0,-0.002244,0.062848,0.00472,723.155,749.0,959.657,-94.941,-1054,-717,0.0,0.062,0.0,0.0,0.062,162.758,560.397,0.0,723.155,-20.675,980.333,0.0,959.657
24.873330881935544,24686,2,8,4,0.0,-0.002204,0.061735,0.003493,723.597,733.0,974.485,-94.985,-1069,-733,0.0,0.061,0.0,0.0,0.061,163.077,560.519,0.0,723.597,-7.522,982.007,0.0,974.485
24.884538069949485,24691,2,8,4,0.0,-0.002149,0.060188,-0.008498,752.987,763.0,977.961,-95.047,-1073,-763,0.0,0.06,0.0,0.0,0.06,192.323,560.663,0.0,752.987,-8.009,985.971,0.0,977.961
24.884538069949485,24696,2,8,4,0.0,-0.002087,0.058441,-0.003314,733.71,733.0,981.433,-95.117,-1076,-733,0.0,0.058,0.0,0.0,0.058,172.917,560.793,0.0,733.71,0.568,980.865,0.0,981.433
24.8958404189907,24701,2,8,4,0.0,-0.002052,0.057469,0.005771,705.655,733.0,945.296,-95.155,-1040,-717,0.0,0.057,0.0,0.0,0.057,144.753,560.902,0.0,705.655,-21.875,967.171,0.0,945.296
24.8958404189907,24706,2,8,4,0.0,-0.002009,0.056267,0.002557,711.405,733.0,945.475,-95.203,-1040,-733,0.0,0.056,0.0,0.0,0.056,150.39,561.014,0.0,711.405,-17.275,962.751,0.0,945.475
24.907290912000462,24711,2,8,4,0.0,-0.002013,0.056365,-0.003117,727.691,716.0,973.145,-95.199,-1068,-716,0.0,0.056,0.0,0.0,0.056,166.551,561.139,0.0,727.691,9.353,963.792,0.0,973.145
24.907290912000462,24716,2,8,4,0.0,-0.001968,0.055118,0.003982,704.429,732.0,931.101,-95.249,-1026,-732,0.0,0.055,0.0,0.0,0.055,143.182,561.247,0.0,704.429,-22.056,953.158,0.0,931.101
24.907290912000462,24721,2,8,4,0.0,-0.001963,0.054964,0.009658,688.199,702.0,931.818,-95.255,-1027,-701,0.0,0.054,0.0,0.0,0.054,126.857,561.342,0.0,688.199,-11.04,942.859,0.0,931.818
24.91908990300726,24726,2,8,4,0.0,-0.001965,0.055021,0.005876,699.05,700.0,941.224,-95.253,-1036,-700,0.0,0.055,0.0,0.0,0.055,137.605,561.445,0.0,699.05,-0.759,941.984,0.0,941.224
24.91908990300726,24731,2,8,4,0.0,-0.001953,0.054693,-0.004705,727.886,732.0,946.152,-95.266,-1041,-732,0.0,0.054,0.0,0.0,0.054,166.316,561.57,0.0,727.886,-3.291,949.443,0.0,946.152
24.930221284972504,24736,2,8,4,0.0,-0.001849,0.051772,-0.001657,711.282,715.0,941.26,-95.382,-1036,-715,0.0,0.051,0.0,0.0,0.051,149.604,561.678,0.0,711.282,-2.974,944.234,0.0,941.26
24.930221284972504,24741,2,8,4,0.0,-0.001779,0.049821,0.005055,687.117,715.0,907.968,-95.46,-1003,-685,0.0,0.049,0.0,0.0,0.049,125.345,561.772,0.0,687.117,-22.306,930.274,0.0,907.968
24.941908443928696,24746,2,8,4,0.0,-0.001774,0.049682,-0.004173,712.682,717.0,937.99,-95.466,-1033,-717,0.0,0.049,0.0,0.0,0.049,150.797,561.885,0.0,712.682,-3.453,941.444,0.0,937.99
24.941908443928696,24751,2,8,4,0.0,-0.00174,0.048723,-0.009648,725.45,715.0,954.365,-95.504,-1049,-715,0.0,0.048,0.0,0.0,0.048,163.442,562.007,0.0,725.45,8.36,946.005,0.0,954.365
24.9531372099882,24760,2,8,4,0.0,-0.00171,0.047894,-0.010539,725.859,717.0,955.23,-95.537,-1050,-716,0.0,0.047,0.0,0.0,0.047,163.613,562.246,0.0,725.859,7.087,948.142,0.0,955.23
24.9531372099882,24765,2,8,4,0.0,-0.001733,0.048543,-0.001458,702.356,700.0,944.756,-95.511,-1040,-700,0.0,0.048,0.0,0.0,0.048,140.004,562.351,0.0,702.356,1.884,942.871,0.0,944.756
24.963978303945623,24771,2,8,4,0.0,-0.001694,0.047432,0.003397,685.742,701.0,923.292,-95.555,-1018,-701,0.0,0.047,0.0,0.0,0.047,123.298,562.444,0.0,685.742,-12.205,935.498,0.0,923.292
24.963978303945623,24776,2,8,4,0.0,-0.001675,0.046902,0.006355,676.061,700.0,904.18,-95.577,-999,-700,0.0,0.046,0.0,0.0,0.046,113.531,562.529,0.0,676.061,-19.15,923.331,0.0,904.18
24.974780484917574,24781,2,8,4,0.0,-0.00162,0.04537,0.006757,670.728,668.0,923.316,-95.638,-1018,-686,0.0,0.045,0.0,0.0,0.045,108.117,562.61,0.0,670.728,2.182,921.134,0.0,923.316
24.974780484917574,24786,2,8,4,0.0,-0.001648,0.046158,0.009661,664.878,683.0,896.36,-95.606,-991,-683,0.0,0.046,0.0,0.0,0.046,102.19,562.687,0.0,664.878,-14.497,910.858,0.0,896.36
24.985781625960954,24791,2,8,4,0.0,-0.001673,0.046856,0.003783,683.384,669.0,925.604,-95.578,-1021,-669,0.0,0.046,0.0,0.0,0.046,120.606,562.777,0.0,683.384,11.507,914.097,0.0,925.604
24.985781625960954,24796,2,8,4,0.0,-0.001714,0.048003,-0.007303,717.752,716.0,925.667,-95.533,-1021,-716,0.0,0.048,0.0,0.0,0.048,154.858,562.893,0.0,717.752,1.402,924.265,0.0,925.667
24.996925943996757,24805,2,8,4,0.0,-0.001741,0.04876,-0.01046,728.952,732.0,937.614,-95.503,-1033,-732,0.0,0.048,0.0,0.0,0.048,165.818,563.134,0.0,728.952,-2.438,940.052,0.0,937.614
24.996925943996757,24811,2,8,4,0.0,-0.001741,0.04876,-0.010986,730.556,701.0,969.687,-95.503,-1065,-701,0.0,0.048,0.0,0.0,0.048,167.291,563.265,0.0,730.556,23.645,946.042,0.0,969.687
25.00816839491017,24821,2,8,4,0.0,-0.001678,0.04701,-0.000477,696.437,700.0,931.419,-95.572,-1026,-685,0.0,0.047,0.0,0.0,0.047,132.966,563.471,0.0,696.437,-2.85,934.269,0.0,931.419
25.019096463918686,24826,2,8,4,0.0,-0.001651,0.046233,-0.00758,714.259,731.0,931.119,-95.603,-1026,-731,0.0,0.046,0.0,0.0,0.046,150.679,563.579,0.0,714.259,-13.392,944.512,0.0,931.119
25.019096463918686,24831,2,8,4,0.0,-0.001611,0.045127,0.002956,681.746,685.0,925.599,-95.647,-1021,-685,0.0,0.045,0.0,0.0,0.045,118.078,563.668,0.0,681.746,-2.602,928.202,0.0,925.599
25.030124960001558,24836,2,8,4,0.0,-0.001565,0.043835,0.004955,672.614,685.0,912.083,-95.699,-1007,-685,0.0,0.043,0.0,0.0,0.043,108.864,563.75,0.0,672.614,-9.908,921.992,0.0,912.083
25.030124960001558,24841,2,8,4,0.0,-0.001577,0.044162,0.008669,663.205,699.0,877.284,-95.686,-972,-668,0.0,0.044,0.0,0.0,0.044,99.381,563.824,0.0,663.205,-28.635,905.919,0.0,877.284
25.04163064295426,24850,2,8,4,0.0,-0.00171,0.047899,0.004119,686.577,668.0,927.64,-95.537,-1023,-668,0.0,0.047,0.0,0.0,0.047,122.584,563.993,0.0,686.577,14.862,912.778,0.0,927.64
25.053141427924857,24855,2,8,4,0.0,-0.00178,0.049844,0.009459,677.156,685.0,905.994,-95.459,-1001,-685,0.0,0.049,0.0,0.0,0.049,113.077,564.078,0.0,677.156,-6.274,912.269,0.0,905.994
25.053141427924857,24861,2,8,4,0.0,-0.001752,0.049077,0.000734,699.539,668.0,951.682,-95.49,-1047,-716,0.0,0.049,0.0,0.0,0.049,135.358,564.18,0.0,699.539,25.231,926.451,0.0,951.682
25.053141427924857,24866,2,8,4,0.0,-0.001781,0.049874,-0.007874,725.998,699.0,954.727,-95.458,-1050,-699,0.0,0.049,0.0,0.0,0.049,161.696,564.301,0.0,725.998,21.598,933.129,0.0,954.727
25.06393644202035,24871,2,8,4,0.0,-0.001837,0.05144,-6e-05,708.613,700.0,944.604,-95.396,-1040,-700,0.0,0.051,0.0,0.0,0.051,144.203,564.409,0.0,708.613,6.89,937.714,0.0,944.604
25.06393644202035,24876,2,8,4,0.0,-0.00188,0.052646,-0.004968,725.853,717.0,952.278,-95.348,-1047,-717,0.0,0.052,0.0,0.0,0.052,161.322,564.53,0.0,725.853,7.082,945.195,0.0,952.278
25.07493522996083,24881,2,8,4,0.0,-0.0019,0.053213,0.005236,698.967,746.0,887.303,-95.325,-982,-684,0.0,0.053,0.0,0.0,0.053,134.335,564.631,0.0,698.967,-37.626,924.929,0.0,887.303
25.07493522996083,24886,2,8,4,0.0,-0.001856,0.051968,0.014459,669.735,669.0,919.868,-95.375,-1015,-669,0.0,0.051,0.0,0.0,0.051,105.025,564.71,0.0,669.735,0.588,919.28,0.0,919.868
25.085530665004626,24891,2,8,4,0.0,-0.001871,0.052391,0.011772,678.528,684.0,916.351,-95.358,-1011,-684,-0.104719,0.052,0.0,0.0,0.052,113.732,564.795,0.0,678.528,-4.377,920.728,0.0,916.351
25.085530665004626,24896,2,8,4,0.0,-0.001834,0.051372,0.01093,678.117,685.0,911.962,-95.398,-1007,-685,0.0,0.051,0.0,0.0,0.051,113.236,564.88,0.0,678.117,-5.506,917.468,0.0,911.962
25.09757508500479,24901,2,8,4,0.0,-0.001764,0.049407,0.007606,682.01,684.0,914.751,-95.477,-1010,-685,0.0,0.049,0.0,0.0,0.049,117.041,564.968,0.0,682.01,-1.591,916.343,0.0,914.751
25.09757508500479,24906,2,8,4,0.0,-0.001748,0.048955,4.5e-05,702.018,684.0,939.367,-95.495,-1034,-684,0.0,0.048,0.0,0.0,0.048,136.948,565.07,0.0,702.018,14.415,924.952,0.0,939.367
25.09757508500479,24911,2,8,4,0.0,-0.001724,0.048278,-0.001026,703.228,715.0,918.874,-95.522,-1014,-715,0.0,0.048,0.0,0.0,0.048,138.053,565.174,0.0,703.228,-9.417,928.292,0.0,918.874
25.10884051793255,24916,2,8,4,0.0,-0.001703,0.047689,0.005881,682.321,685.0,918.845,-95.545,-1014,-685,0.0,0.047,0.0,0.0,0.047,117.062,565.258,0.0,682.321,-2.142,920.988,0.0,918.845
25.10884051793255,24921,2,8,4,0.0,-0.001755,0.049149,-0.008852,727.786,685.0,976.596,-95.487,-1072,-731,0.0,0.049,0.0,0.0,0.049,162.405,565.38,0.0,727.786,34.229,942.366,0.0,976.596
25.119471653015353,24931,2,8,4,0.0,-0.001677,0.046958,0.003663,686.798,701.0,911.914,-95.574,-1007,-701,0.0,0.046,0.0,0.0,0.046,121.225,565.572,0.0,686.798,-11.361,923.275,0.0,911.914
25.130361045943573,24940,2,8,4,0.0,-0.001569,0.043932,-0.008877,713.654,699.0,949.158,-95.695,-1044,-716,0.0,0.043,0.0,0.0,0.043,147.869,565.784,0.0,713.654,11.723,937.434,0.0,949.158
25.141178195015527,24945,2,8,4,0.0,-0.001483,0.041545,0.001142,679.002,684.0,917.887,-95.79,-1013,-684,0.0,0.041,0.0,0.0,0.041,113.129,565.873,0.0,679.002,-3.997,921.885,0.0,917.887
25.141178195015527,24951,2,8,4,0.0,-0.001413,0.039588,0.003924,665.808,684.0,898.189,-95.868,-994,-684,0.0,0.039,0.0,0.0,0.039,99.86,565.948,0.0,665.808,-14.553,912.742,0.0,898.189
25.141178195015527,24956,2,8,4,0.0,-0.001365,0.038223,0.00968,645.929,669.0,880.022,-95.922,-975,-669,0.0,0.038,0.0,0.0,0.038,79.921,566.008,0.0,645.929,-18.456,898.478,0.0,880.022
25.15303728694562,24961,2,8,4,0.0,-0.001344,0.037643,0.000905,668.95,652.0,918.614,-95.946,-1014,-700,0.0,0.037,0.0,0.0,0.037,102.865,566.085,0.0,668.95,13.56,905.054,0.0,918.614
25.15303728694562,24966,2,8,4,0.0,-0.001282,0.03592,-0.008101,689.439,684.0,905.707,-96.014,-1001,-684,0.0,0.035,0.0,0.0,0.035,123.262,566.177,0.0,689.439,4.351,901.356,0.0,905.707
25.164113598992117,24971,2,8,4,0.0,-0.001284,0.035954,-0.010339,695.898,685.0,915.786,-96.013,-1011,-685,0.0,0.035,0.0,0.0,0.035,129.623,566.274,0.0,695.898,8.719,907.067,0.0,915.786
25.164113598992117,24976,2,8,4,0.0,-0.001244,0.034859,0.004025,652.676,683.0,867.237,-96.056,-963,-683,0.0,0.034,0.0,0.0,0.034,86.337,566.339,0.0,652.676,-24.258,891.495,0.0,867.237
25.17515480192378,24981,2,8,4,0.0,-0.001231,0.034468,0.008288,639.699,667.0,854.192,-96.072,-950,-653,0.0,0.034,0.0,0.0,0.034,73.305,566.394,0.0,639.699,-21.84,876.032,0.0,854.192
25.17515480192378,24986,2,8,4,0.0,-0.001252,0.03506,0.008454,640.947,653.0,860.353,-96.048,-956,-653,0.0,0.035,0.0,0.0,0.035,74.497,566.45,0.0,640.947,-9.641,869.995,0.0,860.353
25.18610135500785,24991,2,8,4,0.0,-0.001291,0.036149,0.006615,649.207,653.0,865.052,-96.005,-961,-653,0.0,0.036,0.0,0.0,0.036,82.694,566.512,0.0,649.207,-3.034,868.086,0.0,865.052
25.18610135500785,24996,2,8,4,0.0,-0.001311,0.036712,0.001757,664.46,653.0,882.97,-95.983,-978,-653,0.0,0.036,0.0,0.0,0.036,97.874,566.585,0.0,664.46,9.168,873.802,0.0,882.97
25.197474653017707,25001,2,8,4,0.0,-0.001332,0.037298,-0.00727,691.474,653.0,923.802,-95.959,-1019,-669,0.0,0.037,0.0,0.0,0.037,124.794,566.679,0.0,691.474,30.779,893.022,0.0,923.802
25.197474653017707,25006,2,8,4,0.0,-0.001365,0.038239,-0.009709,701.033,699.0,907.554,-95.922,-1003,-699,0.0,0.038,0.0,0.0,0.038,134.256,566.776,0.0,701.033,1.626,905.928,0.0,907.554
25.197474653017707,25011,2,8,4,0.0,-0.001427,0.039961,-0.003996,689.95,668.0,924.537,-95.853,-1020,-668,0.0,0.039,0.0,0.0,0.039,123.081,566.868,0.0,689.95,17.56,906.977,0.0,924.537
25.20851668692194,25016,2,8,4,0.0,-0.00151,0.042293,-0.009754,712.711,701.0,929.438,-95.76,-1025,-701,0.0,0.042,0.0,0.0,0.042,145.734,566.977,0.0,712.711,9.369,920.068,0.0,929.438
25.20851668692194,25021,2,8,4,0.0,-0.001567,0.043896,-0.00188,695.248,700.0,913.735,-95.696,-1009,-685,0.0,0.043,0.0,0.0,0.043,128.173,567.074,0.0,695.248,-3.801,917.536,0.0,913.735
25.219623151933774,25030,2,8,4,0.0,-0.001633,0.045747,-0.001415,699.302,685.0,931.415,-95.623,-1027,-685,0.0,0.045,0.0,0.0,0.045,132.055,567.247,0.0,699.302,11.442,919.973,0.0,931.415
25.230330617981963,25035,2,8,4,0.0,-0.001703,0.047688,-0.004611,713.798,701.0,939.818,-95.545,-1035,-701,0.0,0.047,0.0,0.0,0.047,146.441,567.357,0.0,713.798,10.239,929.579,0.0,939.818
25.230330617981963,25041,2,8,4,0.0,-0.001723,0.048257,0.001233,699.124,699.0,929.531,-95.523,-1025,-701,0.0,0.048,0.0,0.0,0.048,131.668,567.456,0.0,699.124,0.099,929.431,0.0,929.531
25.24168221198488,25046,2,8,4,0.0,-0.001822,0.051016,0.011491,678.208,670.0,927.685,-95.413,-1023,-670,0.0,0.051,0.0,0.0,0.051,110.669,567.539,0.0,678.208,6.566,921.118,0.0,927.685
25.24168221198488,25051,2,8,4,0.0,-0.00189,0.052945,0.007357,695.282,686.0,937.966,-95.336,-1033,-686,0.0,0.052,0.0,0.0,0.052,127.647,567.634,0.0,695.282,7.425,930.54,0.0,937.966
25.252977416967042,25056,2,8,4,0.0,-0.002002,0.056061,0.016846,677.516,685.0,920.613,-95.212,-1015,-685,0.0,0.056,0.0,0.0,0.056,109.799,567.717,0.0,677.516,-5.986,926.6,0.0,920.613
25.252977416967042,25065,2,8,4,0.0,-0.002099,0.05878,0.004044,721.204,716.0,939.783,-95.103,-1034,-716,0.0,0.058,0.0,0.0,0.058,153.261,567.942,0.0,721.204,4.163,935.62,0.0,939.783
25.264315275941044,25070,2,8,4,0.0,-0.002099,0.05878,0.00461,719.731,700.0,956.435,-95.103,-1051,-700,0.0,0.058,0.0,0.0,0.058,151.675,568.055,0.0,719.731,15.785,940.65,0.0,956.435
25.264315275941044,25075,2,8,4,0.0,-0.002099,0.05878,0.004893,719.052,700.0,965.415,-95.103,-1060,-700,0.0,0.058,0.0,0.0,0.058,150.883,568.169,0.0,719.052,15.241,950.174,0.0,965.415
25.275138347991742,25080,2,8,4,0.0,-0.002225,0.062307,4.6e-05,742.635,716.0,987.133,-94.963,-1082,-732,0.0,0.062,0.0,0.0,0.062,174.329,568.305,0.0,742.635,21.308,965.824,0.0,987.133
25.275138347991742,25085,2,8,4,0.0,-0.002247,0.062931,0.000202,744.071,749.0,965.944,-94.938,-1060,-749,0.0,0.062,0.0,0.0,0.062,175.639,568.431,0.0,744.071,-3.943,969.887,0.0,965.944
25.286215179017745,25091,2,8,4,0.0,-0.002247,0.062931,0.00028,743.99,732.0,980.259,-94.938,-1075,-732,0.0,0.062,0.0,0.0,0.062,175.421,568.568,0.0,743.99,9.592,970.667,0.0,980.259
25.286215179017745,25096,2,8,4,0.0,-0.002273,0.063667,-0.006895,766.287,749.0,996.186,-94.908,-1091,-749,0.0,0.063,0.0,0.0,0.063,197.576,568.711,0.0,766.287,13.83,982.356,0.0,996.186
25.297686079982668,25101,2,8,4,0.0,-0.002249,0.062978,-0.003106,753.887,747.0,991.02,-94.936,-1085,-748,0.0,0.062,0.0,0.0,0.062,185.037,568.85,0.0,753.887,5.51,985.51,0.0,991.02
25.297686079982668,25106,2,8,4,0.0,-0.002197,0.06154,0.002188,735.161,716.0,997.049,-94.993,-1092,-716,0.0,0.061,0.0,0.0,0.061,166.186,568.974,0.0,735.161,15.329,981.719,0.0,997.049
25.297686079982668,25111,2,8,4,0.0,-0.002216,0.062065,0.000892,740.386,748.0,981.998,-94.972,-1076,-748,0.0,0.062,0.0,0.0,0.062,171.283,569.103,0.0,740.386,-6.09,988.089,0.0,981.998
25.308819849975407,25120,2,8,4,0.0,-0.002135,0.059805,-0.005224,751.445,732.0,1006.554,-95.062,-1101,-749,0.0,0.059,0.0,0.0,0.059,182.084,569.361,0.0,751.445,15.556,990.998,0.0,1006.554
25.319989688927308,25125,2,8,4,0.0,-0.002118,0.059311,0.001259,732.029,747.0,970.708,-95.082,-1065,-747,0.0,0.059,0.0,0.0,0.059,162.546,569.483,0.0,732.029,-11.976,982.685,0.0,970.708
25.319989688927308,25131,2,8,4,0.0,-0.002096,0.058708,0.004431,721.572,717.0,979.563,-95.106,-1074,-717,0.0,0.058,0.0,0.0,0.058,151.975,569.597,0.0,721.572,3.658,975.905,0.0,979.563
25.331158128916286,25136,2,8,4,0.0,-0.002025,0.056704,0.00185,723.304,718.0,982.959,-95.186,-1078,-718,0.0,0.056,0.0,0.0,0.056,153.591,569.712,0.0,723.304,4.243,978.715,0.0,982.959
25.331158128916286,25141,2,8,4,0.0,-0.001959,0.054867,0.008721,699.019,748.0,918.345,-95.259,-1013,-700,0.0,0.054,0.0,0.0,0.054,129.21,569.809,0.0,699.019,-39.184,957.529,0.0,918.345
25.34231560002081,25146,2,8,4,0.0,-0.001913,0.053565,-0.002495,726.896,733.0,962.771,-95.311,-1058,-733,0.0,0.053,0.0,0.0,0.053,156.969,569.927,0.0,726.896,-4.882,967.653,0.0,962.771
25.34231560002081,25151,2,8,4,0.0,-0.001915,0.053626,-0.000223,720.822,716.0,969.139,-95.309,-1064,-716,0.0,0.053,0.0,0.0,0.053,150.782,570.04,0.0,720.822,3.858,965.281,0.0,969.139
25.34231560002081,25156,2,8,4,0.0,-0.001796,0.050301,0.01815,660.129,700.0,910.265,-95.441,-1005,-700,0.0,0.05,0.0,0.0,0.05,90.021,570.108,0.0,660.129,-31.896,942.161,0.0,910.265
25.35320472798776,25161,2,8,4,0.0,-0.001775,0.049717,0.005595,693.741,669.0,970.814,-95.464,-1066,-732,0.0,0.049,0.0,0.0,0.049,123.541,570.2,0.0,693.741,19.793,951.02,0.0,970.814
25.35320472798776,25166,2,8,4,0.0,-0.001738,0.048691,0.008198,683.667,669.0,944.874,-95.505,-1040,-669,0.0,0.048,0.0,0.0,0.048,113.381,570.285,0.0,683.667,11.733,933.141,0.0,944.874
25.364104120992124,25171,2,8,4,0.0,-0.001647,0.046134,0.012342,664.972,699.0,897.842,-95.607,-993,-699,0.0,0.046,0.0,0.0,0.046,94.615,570.356,0.0,664.972,-27.222,925.064,0.0,897.842
25.364104120992124,25176,2,8,4,0.0,-0.001575,0.044101,0.007185,673.798,685.0,907.683,-95.688,-1003,-685,0.0,0.044,0.0,0.0,0.044,103.363,570.434,0.0,673.798,-8.961,916.644,0.0,907.683
25.37532479199581,25181,2,8,4,0.0,-0.001568,0.043929,0.009315,667.426,668.0,913.972,-95.695,-1009,-683,0.0,0.043,0.0,0.0,0.043,96.919,570.506,0.0,667.426,-0.459,914.431,0.0,913.972
25.37532479199581,25186,2,8,4,0.0,-0.001583,0.044344,0.0134,657.212,667.0,895.507,-95.679,-991,-667,0.0,0.044,0.0,0.0,0.044,86.643,570.569,0.0,657.212,-7.829,903.337,0.0,895.507
25.38635855098255,25191,2,8,4,0.0,-0.001612,0.045157,0.005491,681.717,699.0,891.061,-95.646,-986,-699,0.0,0.045,0.0,0.0,0.045,111.064,570.652,0.0,681.717,-13.826,904.887,0.0,891.061
25.38635855098255,25196,2,8,4,0.0,-0.001673,0.046865,-0.001179,705.279,683.0,930.331,-95.578,-1025,-683,0.0,0.046,0.0,0.0,0.046,134.525,570.753,0.0,705.279,17.823,912.507,0.0,930.331
25.38635855098255,25201,2,8,4,0.0,-0.001664,0.046617,0.008453,677.692,700.0,885.756,-95.588,-981,-668,0.0,0.046,0.0,0.0,0.046,106.859,570.833,0.0,677.692,-17.845,903.602,0.0,885.756
25.39838740497362,25210,2,8,4,0.0,-0.001654,0.046327,0.01494,658.855,652.0,898.561,-95.599,-994,-652,0.0,0.046,0.0,0.0,0.046,87.885,570.969,0.0,658.855,5.483,893.077,0.0,898.561
25.409781822003424,25216,2,8,4,0.0,-0.00171,0.047903,0.002937,696.97,669.0,933.022,-95.537,-1028,-669,0.0,0.047,0.0,0.0,0.047,125.904,571.065,0.0,696.97,22.375,910.646,0.0,933.022
25.421234539011493,25226,2,8,4,0.0,-0.001626,0.045555,0.013115,662.035,668.0,895.936,-95.63,-991,-668,0.0,0.045,0.0,0.0,0.045,90.832,571.203,0.0,662.035,-4.771,900.707,0.0,895.936
25.421234539011493,25231,2,8,4,0.0,-0.00171,0.047889,0.002033,699.701,684.0,926.482,-95.537,-1022,-684,0.0,0.047,0.0,0.0,0.047,128.398,571.303,0.0,699.701,12.561,913.92,0.0,926.482
25.432750514009967,25236,2,8,4,0.0,-0.00178,0.049865,0.003561,701.054,700.0,918.169,-95.458,-1013,-700,0.0,0.049,0.0,0.0,0.049,129.653,571.4,0.0,701.054,0.843,917.326,0.0,918.169
25.432750514009967,25241,2,8,4,0.0,-0.00185,0.051811,0.000274,715.81,684.0,956.856,-95.381,-1052,-701,0.0,0.051,0.0,0.0,0.051,144.301,571.508,0.0,715.81,25.448,931.407,0.0,956.856
25.432750514009967,25246,2,8,4,0.0,-0.001881,0.052671,-0.01056,748.691,717.0,978.979,-95.347,-1074,-717,0.0,0.052,0.0,0.0,0.052,177.05,571.641,0.0,748.691,25.353,953.625,0.0,978.979
25.444414976984262,25251,2,8,4,0.0,-0.001894,0.053052,0.001655,715.661,716.0,952.883,-95.331,-1048,-716,0.0,0.053,0.0,0.0,0.053,143.911,571.749,0.0,715.661,-0.27,953.154,0.0,952.883
25.444414976984262,25256,2,8,4,0.0,-0.001886,0.052833,0.00806,697.207,716.0,928.705,-95.34,-1024,-716,0.0,0.052,0.0,0.0,0.052,125.364,571.843,0.0,697.207,-15.033,943.739,0.0,928.705
25.45564001693856,25261,2,8,4,0.0,-0.001996,0.055913,0.002693,720.969,700.0,969.176,-95.217,-1064,-718,0.0,0.055,0.0,0.0,0.055,149.014,571.955,0.0,720.969,16.775,952.4,0.0,969.176
25.45564001693856,25266,2,8,4,0.0,-0.002091,0.058554,-0.004661,749.092,733.0,978.996,-95.112,-1074,-733,0.0,0.058,0.0,0.0,0.058,177.004,572.088,0.0,749.092,12.873,966.122,0.0,978.996
25.468179647927172,25271,2,8,4,0.0,-0.002087,0.058446,0.002611,728.543,731.0,962.309,-95.117,-1057,-731,0.0,0.058,0.0,0.0,0.058,156.337,572.205,0.0,728.543,-1.965,964.274,0.0,962.309
25.468179647927172,25276,2,8,4,0.0,-0.002149,0.060192,-0.006243,758.36,732.0,998.22,-95.047,-1093,-732,0.0,0.06,0.0,0.0,0.06,186.02,572.339,0.0,758.36,21.088,977.132,0.0,998.22
25.468179647927172,25281,2,8,4,0.0,-0.002199,0.061576,-0.002916,753.055,764.0,967.096,-94.992,-1062,-718,0.0,0.061,0.0,0.0,0.061,180.58,572.474,0.0,753.055,-8.755,975.852,0.0,967.096
25.479621917009354,25286,2,8,4,0.0,-0.002257,0.063213,-0.009567,776.414,780.0,997.083,-94.927,-1092,-780,0.0,0.063,0.0,0.0,0.063,203.787,572.627,0.0,776.414,-2.868,999.951,0.0,997.083
25.479621917009354,25291,2,8,4,0.0,-0.002288,0.064073,-0.009756,779.507,764.0,1014.976,-94.892,-1109,-764,0.0,0.064,0.0,0.0,0.064,206.725,572.782,0.0,779.507,12.406,1002.569,0.0,1014.976
25.490856984979473,25300,2,8,4,0.0,-0.002334,0.065363,-0.003861,766.924,795.0,980.889,-94.841,-1075,-750,0.0,0.065,0.0,0.0,0.065,193.829,573.095,0.0,766.924,-22.46,1003.349,0.0,980.889
25.502325995941646,25305,2,8,4,0.0,-0.002344,0.065655,-0.004987,771.045,765.0,1017.205,-94.829,-1112,-765,0.0,0.065,0.0,0.0,0.065,197.801,573.243,0.0,771.045,4.836,1012.368,0.0,1017.205
25.502325995941646,25311,2,8,4,0.0,-0.002427,0.067958,-0.012835,799.636,781.0,1041.418,-94.737,-1136,-781,0.0,0.067,0.0,0.0,0.067,226.222,573.413,0.0,799.636,14.908,1026.509,0.0,1041.418
25.502325995941646,25316,2,8,4,0.0,-0.002365,0.066233,-0.007547,780.155,780.0,1026.499,-94.806,-1121,-780,0.0,0.066,0.0,0.0,0.066,206.586,573.568,0.0,780.155,0.124,1026.375,0.0,1026.499
25.514046001946554,25321,2,8,4,0.0,-0.002265,0.063442,-0.00018,751.846,764.0,1008.773,-94.917,-1103,-779,0.0,0.063,0.0,0.0,0.063,178.144,573.702,0.0,751.846,-9.722,1018.496,0.0,1008.773
25.514046001946554,25326,2,8,4,0.0,-0.002226,0.062332,-0.005474,763.703,765.0,1011.181,-94.962,-1106,-765,0.0,0.062,0.0,0.0,0.062,189.859,573.844,0.0,763.703,-1.036,1012.218,0.0,1011.181
25.52537708694581,25331,2,8,4,0.0,-0.002222,0.06222,-0.001574,752.602,764.0,997.107,-94.966,-1092,-764,0.0,0.062,0.0,0.0,0.062,178.623,573.978,0.0,752.602,-9.118,1006.225,0.0,997.107
25.537440242012963,25340,2,8,4,0.0,-0.002187,0.061254,-0.008401,769.302,779.0,994.46,-95.005,-1089,-763,0.0,0.061,0.0,0.0,0.061,195.036,574.265,0.0,769.302,-7.758,1002.218,0.0,994.46
25.537440242012963,25346,2,8,4,0.0,-0.002112,0.059147,0.0003,739.158,748.0,985.128,-95.089,-1080,-748,0.0,0.059,0.0,0.0,0.059,164.773,574.385,0.0,739.158,-7.072,992.201,0.0,985.128
25.548611587961204,25356,2,8,4,0.0,-0.002019,0.056559,0.00931,706.891,732.0,951.967,-95.192,-1047,-732,0.0,0.056,0.0,0.0,0.056,132.297,574.594,0.0,706.891,-20.087,972.054,0.0,951.967
25.548611587961204,25361,2,8,4,0.0,-0.002098,0.058763,0.003145,730.443,717.0,987.819,-95.104,-1082,-748,0.0,0.058,0.0,0.0,0.058,155.732,574.71,0.0,730.443,10.754,977.064,0.0,987.819
25.559660142986104,25366,2,8,4,0.0,-0.002151,0.060246,-0.002429,750.331,733.0,993.271,-95.045,-1088,-733,0.0,0.06,0.0,0.0,0.06,175.494,574.837,0.0,750.331,13.865,979.406,0.0,993.271
25.559660142986104,25371,2,8,4,0.0,-0.002143,0.060024,0.001191,739.694,747.0,974.347,-95.054,-1069,-747,0.0,0.06,0.0,0.0,0.06,164.733,574.961,0.0,739.694,-5.844,980.192,0.0,974.347
25.571016466012225,25376,2,8,4,0.0,-0.002077,0.058171,0.008052,715.398,702.0,987.743,-95.127,-1082,-702,0.0,0.058,0.0,0.0,0.058,140.332,575.066,0.0,715.398,10.718,977.024,0.0,987.743
25.571016466012225,25381,2,8,4,0.0,-0.002108,0.059033,-0.003182,749.401,731.0,1004.733,-95.093,-1099,-764,0.0,0.059,0.0,0.0,0.059,174.204,575.197,0.0,749.401,14.721,990.011,0.0,1004.733
25.58260906499345,25390,2,8,4,0.0,-0.002179,0.06102,-0.002869,754.353,763.0,975.016,-95.014,-1070,-763,0.0,0.061,0.0,0.0,0.061,178.891,575.462,0.0,754.353,-6.917,981.933,0.0,975.016
25.58260906499345,25395,2,8,4,0.0,-0.002185,0.061207,-0.005999,763.782,750.0,997.2,-95.007,-1092,-750,0.0,0.061,0.0,0.0,0.061,188.178,575.603,0.0,763.782,11.025,986.174,0.0,997.2
25.59358182491269,25401,2,8,4,0.0,-0.002186,0.061233,0.001167,743.914,749.0,979.432,-95.005,-1074,-763,0.0,0.061,0.0,0.0,0.061,168.184,575.729,0.0,743.914,-4.068,983.501,0.0,979.432
25.59358182491269,25406,2,8,4,0.0,-0.002231,0.062478,0.002799,742.957,717.0,998.823,-94.956,-1093,-717,0.0,0.062,0.0,0.0,0.062,167.101,575.855,0.0,742.957,20.765,978.057,0.0,998.823
25.60456000897102,25411,2,8,4,0.0,-0.002257,0.063201,-0.008546,776.901,764.0,1008.897,-94.927,-1103,-764,0.0,0.063,0.0,0.0,0.063,200.895,576.005,0.0,776.901,10.321,998.575,0.0,1008.897
25.60456000897102,25416,2,8,4,0.0,-0.002296,0.064289,-0.010348,785.149,765.0,1024.921,-94.884,-1119,-765,0.0,0.064,0.0,0.0,0.064,208.986,576.162,0.0,785.149,16.119,1008.801,0.0,1024.921
25.615663325996138,25421,2,8,4,0.0,-0.002274,0.063693,-0.010147,783.074,780.0,1014.43,-94.907,-1109,-780,0.0,0.063,0.0,0.0,0.063,206.756,576.317,0.0,783.074,2.459,1011.97,0.0,1014.43
25.615663325996138,25426,2,8,4,0.0,-0.002322,0.065042,-0.005395,773.69,749.0,1031.635,-94.854,-1126,-749,0.0,0.065,0.0,0.0,0.065,197.225,576.465,0.0,773.69,19.752,1011.882,0.0,1031.635
25.627473371918313,25431,2,8,4,0.0,-0.002367,0.066289,-0.012524,797.311,796.0,1026.725,-94.804,-1121,-796,0.0,0.066,0.0,0.0,0.066,220.68,576.631,0.0,797.311,1.049,1025.676,0.0,1026.725
25.627473371918313,25436,2,8,4,0.0,-0.002465,0.069034,-0.014916,811.871,782.0,1061.699,-94.695,-1156,-782,0.0,0.069,0.0,0.0,0.069,235.063,576.807,0.0,811.871,23.896,1037.802,0.0,1061.699
25.627473371918313,25441,2,8,4,0.0,-0.002453,0.068689,-0.006253,786.806,812.0,1008.396,-94.708,-1103,-765,0.0,0.068,0.0,0.0,0.068,209.842,576.964,0.0,786.806,-20.154,1028.551,0.0,1008.396
25.63906641898211,25446,2,8,4,0.0,-0.002493,0.069806,0.002622,765.219,781.0,1014.09,-94.664,-1108,-781,0.0,0.069,0.0,0.0,0.069,188.113,577.105,0.0,765.219,-12.624,1026.714,0.0,1014.09
25.63906641898211,25451,2,8,4,0.0,-0.002532,0.070896,0.010273,746.978,764.0,999.492,-94.62,-1094,-764,0.0,0.07,0.0,0.0,0.07,169.744,577.233,0.0,746.978,-13.617,1013.109,0.0,999.492
25.650202758959495,25456,2,8,4,0.0,-0.002596,0.072694,-0.001848,786.102,781.0,1023.015,-94.549,-1117,-781,0.0,0.072,0.0,0.0,0.072,208.719,577.383,0.0,786.102,4.082,1018.933,0.0,1023.015
25.650202758959495,25461,2,8,4,0.0,-0.002639,0.073909,-0.004557,797.257,780.0,1041.199,-94.5,-1135,-780,0.0,0.073,0.0,0.0,0.073,219.708,577.548,0.0,797.257,13.805,1027.393,0.0,1041.199
25.661310171009973,25470,2,8,4,0.0,-0.002659,0.07446,0.004862,772.722,764.0,1034.416,-94.478,-1128,-764,0.0,0.074,0.0,0.0,0.074,194.875,577.846,0.0,772.722,6.977,1027.438,0.0,1034.416
25.661310171009973,25475,2,8,4,0.0,-0.002659,0.07446,0.006432,768.469,780.0,1015.635,-94.478,-1110,-780,0.0,0.074,0.0,0.0,0.074,190.479,577.989,0.0,768.469,-9.224,1024.86,0.0,1015.635
25.672850303933956,25480,2,8,4,0.0,-0.002659,0.07446,0.007217,766.418,764.0,1026.207,-94.478,-1120,-780,0.0,0.074,0.0,0.0,0.074,188.281,578.136,0.0,766.418,1.934,1024.273,0.0,1026.207
25.672850303933956,25485,2,8,4,0.0,-0.002655,0.074355,0.003874,775.625,780.0,1018.653,-94.483,-1113,-780,0.0,0.074,0.0,0.0,0.074,197.346,578.278,0.0,775.625,-3.499,1022.153,0.0,1018.653
25.68436433793977,25491,2,8,4,0.0,-0.002671,0.074807,0.002674,780.408,764.0,1038.957,-94.465,-1133,-764,0.0,0.074,0.0,0.0,0.074,201.971,578.437,0.0,780.408,13.126,1025.83,0.0,1038.957
25.68436433793977,25496,2,8,4,0.0,-0.00266,0.074501,0.012027,753.493,780.0,994.244,-94.477,-1088,-780,0.0,0.074,0.0,0.0,0.074,174.924,578.568,0.0,753.493,-21.205,1015.45,0.0,994.244
25.695537047926337,25501,2,8,4,0.0,-0.002639,0.073919,0.004706,772.51,749.0,1042.549,-94.5,-1137,-767,0.0,0.073,0.0,0.0,0.073,193.797,578.713,0.0,772.51,18.808,1023.74,0.0,1042.549
25.695537047926337,25506,2,8,4,0.0,-0.002622,0.07344,-0.001623,789.049,781.0,1039.773,-94.519,-1134,-781,0.0,0.073,0.0,0.0,0.073,210.178,578.871,0.0,789.049,6.439,1033.333,0.0,1039.773
25.706750131910667,25511,2,8,4,0.0,-0.002545,0.071269,0.009627,751.6,765.0,1011.088,-94.605,-1105,-765,0.0,0.071,0.0,0.0,0.071,172.599,579.0,0.0,751.6,-10.719,1021.808,0.0,1011.088
25.706750131910667,25516,2,8,4,0.0,-0.00245,0.068608,0.01465,730.197,764.0,977.644,-94.712,-1072,-764,0.0,0.068,0.0,0.0,0.068,151.083,579.114,0.0,730.197,-27.042,1004.686,0.0,977.644
25.706750131910667,25521,2,8,4,0.0,-0.002435,0.068196,0.002895,762.095,749.0,1019.993,-94.728,-1114,-750,0.0,0.068,0.0,0.0,0.068,182.844,579.251,0.0,762.095,10.476,1009.517,0.0,1019.993
25.71818123292178,25526,2,8,4,0.0,-0.002399,0.067176,0.004346,755.305,764.0,1003.787,-94.769,-1098,-764,0.0,0.067,0.0,0.0,0.067,175.922,579.383,0.0,755.305,-6.955,1010.743,0.0,1003.787
25.71818123292178,25531,2,8,4,0.0,-0.002345,0.065678,-0.002852,771.414,781.0,1003.322,-94.828,-1098,-781,0.0,0.065,0.0,0.0,0.065,191.887,579.527,0.0,771.414,-7.668,1010.991,0.0,1003.322
25.72920371592045,25536,2,8,4,0.0,-0.002299,0.064389,-0.009011,785.204,780.0,1017.525,-94.88,-1112,-780,0.0,0.064,0.0,0.0,0.064,205.523,579.681,0.0,785.204,4.163,1013.362,0.0,1017.525
25.72920371592045,25541,2,8,4,0.0,-0.002331,0.065274,-0.013638,800.802,780.0,1040.374,-94.844,-1135,-780,0.0,0.065,0.0,0.0,0.065,220.955,579.846,0.0,800.802,16.641,1023.732,0.0,1040.374
25.74047162698116,25546,2,8,4,0.0,-0.002241,0.06275,0.011001,724.846,748.0,981.309,-94.945,-1076,-748,0.0,0.062,0.0,0.0,0.062,144.895,579.951,0.0,724.846,-18.522,999.832,0.0,981.309
25.74047162698116,25551,2,8,4,0.0,-0.002232,0.062498,0.004409,742.725,748.0,992.95,-94.955,-1087,-748,0.0,0.062,0.0,0.0,0.062,162.651,580.073,0.0,742.725,-4.22,997.17,0.0,992.95
25.75156452495139,25556,2,8,4,0.0,-0.002216,0.062065,-0.007536,775.103,780.0,997.783,-94.972,-1092,-780,0.0,0.062,0.0,0.0,0.062,194.884,580.219,0.0,775.103,-3.916,1001.7,0.0,997.783
25.75156452495139,25561,2,8,4,0.0,-0.002179,0.061032,-0.005631,767.02,780.0,984.8,-95.013,-1079,-750,0.0,0.061,0.0,0.0,0.061,186.661,580.359,0.0,767.02,-10.383,995.183,0.0,984.8
25.762745768995956,25570,2,8,4,0.0,-0.002017,0.056483,0.00147,734.641,750.0,981.708,-95.195,-1076,-750,0.0,0.056,0.0,0.0,0.056,154.035,580.605,0.0,734.641,-12.287,993.995,0.0,981.708
25.762745768995956,25575,2,8,4,0.0,-0.001982,0.055502,0.000392,735.029,748.0,976.707,-95.234,-1071,-748,-0.104719,0.055,0.0,0.0,0.055,154.308,580.721,0.0,735.029,-10.376,987.083,0.0,976.707
25.773893216974102,25581,2,8,4,0.0,-0.001908,0.053425,0.000966,727.717,764.0,941.355,-95.317,-1036,-717,0.0,0.053,0.0,0.0,0.053,146.885,580.831,0.0,727.717,-29.025,970.381,0.0,941.355
25.773893216974102,25586,2,8,4,0.0,-0.00182,0.050965,0.003446,713.985,716.0,967.343,-95.415,-1062,-716,0.0,0.05,0.0,0.0,0.05,133.053,580.931,0.0,713.985,-1.612,968.955,0.0,967.343
25.785172262927517,25591,2,8,4,0.0,-0.001803,0.050495,0.005527,706.938,717.0,956.156,-95.433,-1051,-717,0.0,0.05,0.0,0.0,0.05,125.912,581.026,0.0,706.938,-8.049,964.205,0.0,956.156
25.785172262927517,25596,2,8,4,0.0,-0.001803,0.05049,0.004154,710.863,731.0,940.545,-95.434,-1035,-731,0.0,0.05,0.0,0.0,0.05,129.739,581.123,0.0,710.863,-16.109,956.654,0.0,940.545
25.796924110967666,25601,2,8,4,0.0,-0.001814,0.050813,-0.003593,733.579,716.0,977.799,-95.421,-1073,-731,0.0,0.05,0.0,0.0,0.05,152.341,581.237,0.0,733.579,14.063,963.735,0.0,977.799
25.796924110967666,25610,2,8,4,0.0,-0.00181,0.050685,-0.007506,744.411,732.0,977.485,-95.426,-1072,-732,0.0,0.05,0.0,0.0,0.05,162.936,581.474,0.0,744.411,9.928,967.556,0.0,977.485
25.808153933961876,25615,2,8,4,0.0,-0.001817,0.05088,-0.005619,739.797,748.0,959.895,-95.418,-1055,-748,0.0,0.05,0.0,0.0,0.05,158.2,581.597,0.0,739.797,-6.561,966.456,0.0,959.895
25.808153933961876,25620,2,8,4,0.0,-0.001783,0.049939,-0.001023,724.395,717.0,973.048,-95.456,-1068,-733,0.0,0.049,0.0,0.0,0.049,142.695,581.7,0.0,724.395,5.916,967.131,0.0,973.048
25.819597691996023,25626,2,8,4,0.0,-0.001783,0.049939,0.001274,718.068,717.0,962.049,-95.456,-1057,-717,0.0,0.049,0.0,0.0,0.049,136.261,581.807,0.0,718.068,0.854,961.194,0.0,962.049
25.819597691996023,25631,2,8,4,0.0,-0.001657,0.046406,-0.000719,713.859,732.0,942.065,-95.596,-1037,-732,0.0,0.046,0.0,0.0,0.046,131.953,581.906,0.0,713.859,-14.512,956.578,0.0,942.065
25.83027106290683,25636,2,8,4,0.0,-0.001682,0.047115,-0.00067,715.804,730.0,937.973,-95.568,-1033,-730,0.0,0.047,0.0,0.0,0.047,133.802,582.002,0.0,715.804,-11.356,949.329,0.0,937.973
25.83027106290683,25641,2,8,4,0.0,-0.001752,0.04908,-0.012103,753.447,716.0,996.144,-95.49,-1091,-749,0.0,0.049,0.0,0.0,0.049,171.316,582.131,0.0,753.447,29.958,966.186,0.0,996.144
25.841369219939224,25646,2,8,4,0.0,-0.001785,0.049997,-0.013194,759.201,732.0,994.432,-95.453,-1089,-732,0.0,0.049,0.0,0.0,0.049,176.937,582.263,0.0,759.201,21.761,972.671,0.0,994.432
25.841369219939224,25651,2,8,4,0.0,-0.001779,0.049823,-0.007827,743.806,748.0,972.297,-95.46,-1067,-748,0.0,0.049,0.0,0.0,0.049,161.421,582.384,0.0,743.806,-3.354,975.651,0.0,972.297
25.852275503915735,25660,2,8,4,0.0,-0.001861,0.052109,-0.00554,744.049,748.0,966.618,-95.369,-1061,-762,0.0,0.052,0.0,0.0,0.052,161.419,582.629,0.0,744.049,-3.16,969.779,0.0,966.618
25.852275503915735,25665,2,8,4,0.0,-0.001887,0.052848,0.002753,723.0,700.0,974.755,-95.34,-1070,-700,0.0,0.052,0.0,0.0,0.052,140.266,582.734,0.0,723.0,18.4,956.354,0.0,974.755
25.86330799490679,25671,2,8,4,0.0,-0.001892,0.052996,0.009112,705.703,732.0,931.757,-95.334,-1027,-732,0.0,0.052,0.0,0.0,0.052,122.877,582.826,0.0,705.703,-21.036,952.794,0.0,931.757
25.86330799490679,25676,2,8,4,0.0,-0.001888,0.052878,0.016487,684.797,700.0,927.226,-95.338,-1022,-700,0.0,0.052,0.0,0.0,0.052,101.894,582.903,0.0,684.797,-12.161,939.388,0.0,927.226
25.87438316992484,25681,2,8,4,0.0,-0.002065,0.057828,-0.007796,766.79,716.0,1007.164,-95.141,-1102,-733,0.0,0.057,0.0,0.0,0.057,183.749,583.041,0.0,766.79,40.632,966.531,0.0,1007.164
25.87438316992484,25686,2,8,4,0.0,-0.002081,0.058268,-0.005433,761.539,763.0,976.606,-95.124,-1071,-763,0.0,0.058,0.0,0.0,0.058,178.364,583.174,0.0,761.539,-1.168,977.774,0.0,976.606
25.885861719958484,25691,2,8,4,0.0,-0.002025,0.056723,0.003946,731.062,716.0,983.236,-95.185,-1078,-716,0.0,0.056,0.0,0.0,0.056,147.777,583.285,0.0,731.062,12.05,971.186,0.0,983.236
25.885861719958484,25696,2,8,4,0.0,-0.001978,0.05539,-0.0067,757.269,748.0,989.552,-95.238,-1084,-748,0.0,0.055,0.0,0.0,0.055,173.853,583.416,0.0,757.269,7.415,982.136,0.0,989.552
25.89684761397075,25701,2,8,4,0.0,-0.002025,0.056706,-0.000437,743.537,749.0,975.124,-95.186,-1070,-749,0.0,0.056,0.0,0.0,0.056,160.001,583.536,0.0,743.537,-4.369,979.494,0.0,975.124
25.89684761397075,25706,2,8,4,0.0,-0.002052,0.057462,-0.001412,748.507,731.0,995.03,-95.156,-1090,-731,0.0,0.057,0.0,0.0,0.057,164.847,583.659,0.0,748.507,14.006,981.023,0.0,995.03
25.89684761397075,25711,2,8,4,0.0,-0.00209,0.058524,0.003682,737.331,763.0,957.177,-95.113,-1052,-763,0.0,0.058,0.0,0.0,0.058,153.556,583.774,0.0,737.331,-20.535,977.712,0.0,957.177
25.908496389980428,25716,2,8,4,0.0,-0.002043,0.05723,0.001954,738.665,732.0,980.155,-95.165,-1075,-732,0.0,0.057,0.0,0.0,0.057,154.774,583.891,0.0,738.665,5.332,974.823,0.0,980.155
25.908496389980428,25721,2,8,4,0.0,-0.00203,0.056857,0.019318,689.076,748.0,900.008,-95.18,-995,-685,0.0,0.056,0.0,0.0,0.056,105.106,583.969,0.0,689.076,-47.138,947.147,0.0,900.008
25.919752190937288,25726,2,8,4,0.0,-0.002082,0.05831,0.012579,712.113,717.0,952.973,-95.122,-1048,-717,0.0,0.058,0.0,0.0,0.058,128.047,584.065,0.0,712.113,-3.909,956.883,0.0,952.973
25.919752190937288,25731,2,8,4,0.0,-0.002163,0.060581,0.004982,739.854,749.0,954.745,-95.031,-1049,-749,0.0,0.06,0.0,0.0,0.06,155.675,584.178,0.0,739.854,-7.316,962.062,0.0,954.745
25.93131449597422,25736,2,8,4,0.0,-0.002175,0.060923,0.009041,729.556,731.0,956.226,-95.018,-1051,-731,0.0,0.06,0.0,0.0,0.06,145.269,584.287,0.0,729.556,-1.154,957.381,0.0,956.226
25.93131449597422,25745,2,8,4,0.0,-0.002196,0.061508,-0.007438,777.614,780.0,986.508,-94.994,-1081,-780,0.0,0.061,0.0,0.0,0.061,193.051,584.563,0.0,777.614,-1.908,988.416,0.0,986.508
25.94310155394487,25750,2,8,4,0.0,-0.002196,0.061508,-0.010185,785.462,764.0,1011.86,-94.994,-1106,-764,0.0,0.061,0.0,0.0,0.061,200.741,584.72,0.0,785.462,17.169,994.691,0.0,1011.86
25.94310155394487,25755,2,8,4,0.0,-0.002207,0.061807,-0.007548,779.058,764.0,1013.931,-94.983,-1108,-764,0.0,0.061,0.0,0.0,0.061,194.198,584.859,0.0,779.058,12.046,1001.884,0.0,1013.931
25.954346721991897,25761,2,8,4,0.0,-0.002232,0.062496,-0.014674,801.108,764.0,1050.924,-94.955,-1145,-781,0.0,0.062,0.0,0.0,0.062,216.079,585.029,0.0,801.108,29.686,1021.238,0.0,1050.924
25.954346721991897,25766,2,8,4,0.0,-0.002094,0.058659,-0.017016,797.082,782.0,1041.211,-95.108,-1136,-782,0.0,0.058,0.0,0.0,0.058,211.894,585.188,0.0,797.082,12.065,1029.146,0.0,1041.211
25.96567209099885,25771,2,8,4,0.0,-0.001944,0.054448,-0.004992,751.748,780.0,991.796,-95.276,-1087,-780,0.0,0.054,0.0,0.0,0.054,166.435,585.312,0.0,751.748,-22.6,1014.397,0.0,991.796
25.96567209099885,25776,2,8,4,0.0,-0.001846,0.051692,-0.004699,743.329,764.0,984.602,-95.386,-1079,-764,0.0,0.051,0.0,0.0,0.051,157.897,585.431,0.0,743.329,-16.536,1001.139,0.0,984.602
25.97671916591935,25781,2,8,4,0.0,-0.001799,0.050378,-0.007842,748.572,748.0,1000.083,-95.438,-1095,-748,0.0,0.05,0.0,0.0,0.05,163.018,585.553,0.0,748.572,0.457,999.626,0.0,1000.083
25.97671916591935,25786,2,8,4,0.0,-0.001749,0.048977,-0.006706,741.584,779.0,963.364,-95.494,-1058,-779,0.0,0.048,0.0,0.0,0.048,155.913,585.67,0.0,741.584,-29.932,993.297,0.0,963.364
25.97671916591935,25791,2,8,4,0.0,-0.001638,0.045869,0.010557,684.617,685.0,966.362,-95.618,-1061,-685,0.0,0.045,0.0,0.0,0.045,98.873,585.744,0.0,684.617,-0.305,966.668,0.0,966.362
25.988134393002838,25796,2,8,4,0.0,-0.00156,0.043702,-0.001451,712.27,716.0,967.955,-95.704,-1063,-716,0.0,0.043,0.0,0.0,0.043,126.431,585.839,0.0,712.27,-2.983,970.939,0.0,967.955
25.988134393002838,25801,2,8,4,0.0,-0.001553,0.043498,0.00526,692.985,732.0,921.993,-95.712,-1017,-700,0.0,0.043,0.0,0.0,0.043,107.065,585.919,0.0,692.985,-31.211,953.205,0.0,921.993
25.999070593970828,25806,2,8,4,0.0,-0.001512,0.042339,-0.001298,708.198,732.0,934.439,-95.758,-1030,-732,0.0,0.042,0.0,0.0,0.042,122.186,586.011,0.0,708.198,-19.041,953.481,0.0,934.439
25.999070593970828,25811,2,8,4,0.0,-0.001446,0.040497,-0.011783,732.507,717.0,969.143,-95.832,-1064,-717,0.0,0.04,0.0,0.0,0.04,146.385,586.121,0.0,732.507,12.405,956.737,0.0,969.143
26.010978623991832,25816,2,8,4,0.0,-0.001431,0.040069,-0.015529,741.914,733.0,971.502,-95.849,-1067,-733,0.0,0.04,0.0,0.0,0.04,155.676,586.238,0.0,741.914,7.131,964.371,0.0,971.502
26.010978623991832,25821,2,8,4,0.0,-0.001431,0.040072,-0.021238,758.032,747.0,980.059,-95.849,-1075,-748,0.0,0.04,0.0,0.0,0.04,171.67,586.362,0.0,758.032,8.826,971.233,0.0,980.059
26.022888229927048,25826,2,8,4,0.0,-0.001445,0.040465,-0.013476,737.513,718.0,984.06,-95.833,-1079,-718,0.0,0.04,0.0,0.0,0.04,151.038,586.475,0.0,737.513,15.61,968.45,0.0,984.06
26.022888229927048,25831,2,8,4,0.0,-0.001418,0.039724,-0.007502,718.81,717.0,970.464,-95.863,-1066,-717,0.0,0.039,0.0,0.0,0.039,132.236,586.574,0.0,718.81,1.448,969.016,0.0,970.464
26.034053962910548,25840,2,8,4,0.0,-0.001394,0.039059,0.00621,678.706,716.0,911.051,-95.889,-1006,-699,0.0,0.039,0.0,0.0,0.039,91.976,586.729,0.0,678.706,-29.834,940.885,0.0,911.051
26.034053962910548,25845,2,8,4,0.0,-0.001474,0.041294,-0.003477,712.185,717.0,941.839,-95.8,-1037,-717,0.0,0.041,0.0,0.0,0.041,125.361,586.823,0.0,712.185,-3.851,945.691,0.0,941.839
26.04497889301274,25851,2,8,4,0.0,-0.00157,0.043982,0.000482,708.716,701.0,950.891,-95.693,-1046,-701,0.0,0.043,0.0,0.0,0.043,121.801,586.915,0.0,708.716,6.173,944.718,0.0,950.891
26.04497889301274,25856,2,8,4,0.0,-0.001459,0.040867,0.000714,699.427,717.0,924.754,-95.817,-1020,-717,0.0,0.04,0.0,0.0,0.04,112.427,587.0,0.0,699.427,-14.058,938.813,0.0,924.754
26.055870300973766,25861,2,8,4,0.0,-0.001484,0.041557,-0.016977,751.02,716.0,984.204,-95.79,-1079,-748,0.0,0.041,0.0,0.0,0.041,163.897,587.122,0.0,751.02,28.016,956.187,0.0,984.204
26.055870300973766,25866,2,8,4,0.0,-0.001539,0.043097,-0.016165,753.184,717.0,990.808,-95.728,-1086,-717,0.0,0.043,0.0,0.0,0.043,165.936,587.247,0.0,753.184,28.947,961.861,0.0,990.808
26.06744280096609,25871,2,8,4,0.0,-0.001526,0.042744,-0.010529,736.527,717.0,987.199,-95.742,-1082,-717,0.0,0.042,0.0,0.0,0.042,149.168,587.358,0.0,736.527,15.621,971.577,0.0,987.199
26.06744280096609,25881,2,8,4,0.0,-0.001556,0.043578,-0.010981,740.355,732.0,982.384,-95.709,-1078,-749,0.0,0.043,0.0,0.0,0.043,152.767,587.587,0.0,740.355,6.684,975.699,0.0,982.384
26.078168618958443,25890,2,8,4,0.0,-0.001861,0.052116,-0.025205,804.398,781.0,1029.713,-95.369,-1125,-781,0.0,0.052,0.0,0.0,0.052,216.502,587.896,0.0,804.398,18.718,1010.994,0.0,1029.713
26.089161115931347,25896,2,8,4,0.0,-0.001787,0.050047,-0.005346,743.122,748.0,997.954,-95.451,-1093,-748,0.0,0.05,0.0,0.0,0.05,155.104,588.017,0.0,743.122,-3.902,1001.856,0.0,997.954
26.089161115931347,25901,2,8,4,0.0,-0.001843,0.051628,-0.007137,752.684,764.0,988.925,-95.388,-1084,-763,0.0,0.051,0.0,0.0,0.051,164.543,588.14,0.0,752.684,-9.052,997.977,0.0,988.925
26.100278242956847,25906,2,8,4,0.0,-0.001902,0.053278,-0.004717,750.644,734.0,1007.731,-95.322,-1103,-734,0.0,0.053,0.0,0.0,0.053,162.386,588.258,0.0,750.644,13.315,994.415,0.0,1007.731
26.100278242956847,25911,2,8,4,0.0,-0.001951,0.054652,0.002054,735.641,764.0,967.093,-95.268,-1062,-764,0.0,0.054,0.0,0.0,0.054,147.273,588.368,0.0,735.641,-22.686,989.779,0.0,967.093
26.11122593493201,25916,2,8,4,0.0,-0.002006,0.056172,-0.003773,756.34,748.0,997.096,-95.207,-1092,-748,0.0,0.056,0.0,0.0,0.056,167.846,588.494,0.0,756.34,6.672,990.423,0.0,997.096
26.11122593493201,25921,2,8,4,0.0,-0.002033,0.056951,-0.000403,749.209,750.0,989.635,-95.176,-1084,-749,0.0,0.056,0.0,0.0,0.056,160.594,588.614,0.0,749.209,-0.632,990.268,0.0,989.635
26.122971425997093,25930,2,8,4,0.0,-0.002061,0.057709,0.000315,749.555,764.0,978.207,-95.146,-1073,-764,0.0,0.057,0.0,0.0,0.057,160.701,588.853,0.0,749.555,-11.555,989.763,0.0,978.207
26.122971425997093,25935,2,8,4,0.0,-0.002116,0.059252,-0.003005,763.307,764.0,988.836,-95.084,-1083,-764,0.0,0.059,0.0,0.0,0.059,174.322,588.984,0.0,763.307,-0.554,989.39,0.0,988.836
26.13366612093523,25941,2,8,4,0.0,-0.002047,0.057341,0.00681,730.578,780.0,926.557,-95.161,-1021,-730,0.0,0.057,0.0,0.0,0.057,141.487,589.091,0.0,730.578,-39.537,966.095,0.0,926.557
26.13366612093523,25946,2,8,4,0.0,-0.002021,0.056592,0.008715,723.248,717.0,968.999,-95.19,-1064,-717,0.0,0.056,0.0,0.0,0.056,134.056,589.191,0.0,723.248,4.998,964.0,0.0,968.999
26.14477149990853,25951,2,8,4,0.0,-0.002084,0.058375,0.0015,748.56,733.0,989.004,-95.119,-1084,-733,0.0,0.058,0.0,0.0,0.058,159.249,589.311,0.0,748.56,12.448,976.556,0.0,989.004
26.14477149990853,25956,2,8,4,0.0,-0.002051,0.057452,0.00591,733.735,750.0,958.469,-95.156,-1053,-750,0.0,0.057,0.0,0.0,0.057,144.315,589.419,0.0,733.735,-13.011,971.481,0.0,958.469
26.155541446991265,25966,2,8,4,0.0,-0.002103,0.058901,-0.008772,779.18,764.0,1006.167,-95.098,-1101,-764,0.0,0.058,0.0,0.0,0.058,189.486,589.693,0.0,779.18,12.144,994.023,0.0,1006.167
26.16692480794154,25971,2,8,4,0.0,-0.002108,0.059036,-0.002594,762.391,763.0,992.925,-95.093,-1088,-763,0.0,0.059,0.0,0.0,0.059,172.568,589.823,0.0,762.391,-0.486,993.412,0.0,992.925
26.16692480794154,25976,2,8,4,0.0,-0.002044,0.057244,0.00101,747.396,749.0,988.526,-95.164,-1083,-749,0.0,0.057,0.0,0.0,0.057,157.454,589.941,0.0,747.396,-1.282,989.809,0.0,988.526
26.16692480794154,25981,2,8,4,0.0,-0.002088,0.058485,0.002753,746.106,763.0,969.402,-95.115,-1064,-748,0.0,0.058,0.0,0.0,0.058,156.047,590.058,0.0,746.106,-13.515,982.917,0.0,969.402
26.178214642917737,25986,2,8,4,0.0,-0.002077,0.058183,0.008349,729.7,749.0,958.184,-95.127,-1053,-749,0.0,0.058,0.0,0.0,0.058,139.537,590.163,0.0,729.7,-15.439,973.624,0.0,958.184
26.178214642917737,25991,2,8,4,0.0,-0.00206,0.057687,-0.002887,759.898,732.0,1004.797,-95.147,-1099,-732,0.0,0.057,0.0,0.0,0.057,169.608,590.29,0.0,759.898,22.318,982.478,0.0,1004.797
26.189028799999505,25996,2,8,4,0.0,-0.002088,0.05848,-0.004366,766.39,750.0,1007.049,-95.115,-1102,-750,0.0,0.058,0.0,0.0,0.058,175.972,590.417,0.0,766.39,13.112,993.936,0.0,1007.049
26.200031484942883,26005,2,8,4,0.0,-0.001994,0.055853,0.003597,736.958,749.0,971.466,-95.22,-1066,-749,0.0,0.055,0.0,0.0,0.055,146.316,590.642,0.0,736.958,-9.633,981.099,0.0,971.466
26.200031484942883,26010,2,8,4,0.0,-0.001994,0.055853,0.004924,733.349,731.0,978.667,-95.22,-1073,-731,0.0,0.055,0.0,0.0,0.055,142.599,590.749,0.0,733.349,1.879,976.788,0.0,978.667
26.21116466401145,26016,2,8,4,0.0,-0.001994,0.055853,0.005588,731.601,748.0,958.492,-95.22,-1053,-748,0.0,0.055,0.0,0.0,0.055,140.741,590.859,0.0,731.601,-13.119,971.611,0.0,958.492
26.21116466401145,26025,2,8,4,0.0,-0.00184,0.05153,-0.013176,772.295,748.0,1002.151,-95.392,-1097,-748,0.0,0.051,0.0,0.0,0.051,181.181,591.114,0.0,772.295,19.436,982.715,0.0,1002.151
26.22312732890714,26031,2,8,4,0.0,-0.001884,0.052774,-0.02116,798.294,764.0,1033.246,-95.343,-1128,-764,0.0,0.052,0.0,0.0,0.052,207.017,591.277,0.0,798.294,27.435,1005.811,0.0,1033.246
26.22312732890714,26036,2,8,4,0.0,-0.001856,0.05197,-0.016614,783.46,797.0,994.156,-95.375,-1089,-797,0.0,0.051,0.0,0.0,0.051,192.038,591.421,0.0,783.46,-10.831,1004.988,0.0,994.156
26.23467667994555,26041,2,8,4,0.0,-0.001811,0.050732,-0.001052,736.528,765.0,964.404,-95.424,-1059,-732,0.0,0.05,0.0,0.0,0.05,144.998,591.529,0.0,736.528,-22.777,987.182,0.0,964.404
26.23467667994555,26046,2,8,4,0.0,-0.001818,0.050908,-0.001948,739.639,764.0,968.289,-95.417,-1063,-764,0.0,0.05,0.0,0.0,0.05,147.998,591.64,0.0,739.639,-19.488,987.778,0.0,968.289
26.24621276394464,26051,2,8,4,0.0,-0.001841,0.051548,0.001329,732.359,733.0,978.209,-95.391,-1073,-733,0.0,0.051,0.0,0.0,0.051,140.613,591.746,0.0,732.359,-0.512,978.721,0.0,978.209
26.24621276394464,26056,2,8,4,0.0,-0.001785,0.050003,0.013113,695.116,716.0,948.19,-95.453,-1043,-716,0.0,0.05,0.0,0.0,0.05,103.292,591.823,0.0,695.116,-16.707,964.897,0.0,948.19
26.256965919979848,26061,2,8,4,0.0,-0.001771,0.049607,0.005169,716.343,716.0,965.325,-95.469,-1060,-717,0.0,0.049,0.0,0.0,0.049,124.426,591.917,0.0,716.343,0.275,965.05,0.0,965.325
26.256965919979848,26066,2,8,4,0.0,-0.001715,0.048022,-0.000749,728.581,732.0,966.589,-95.532,-1062,-732,0.0,0.048,0.0,0.0,0.048,136.561,592.019,0.0,728.581,-2.735,969.324,0.0,966.589
26.256965919979848,26071,2,8,4,0.0,-0.001677,0.046958,0.00402,712.337,718.0,957.777,-95.574,-1053,-718,0.0,0.046,0.0,0.0,0.046,120.227,592.109,0.0,712.337,-4.53,962.307,0.0,957.777
26.268782617989928,26076,2,8,4,0.0,-0.001648,0.046166,-0.001321,725.176,717.0,972.71,-95.606,-1068,-717,0.0,0.046,0.0,0.0,0.046,132.967,592.209,0.0,725.176,6.541,966.169,0.0,972.71
26.268782617989928,26081,2,8,4,0.0,-0.001694,0.047455,-0.003116,733.917,748.0,951.32,-95.555,-1046,-716,0.0,0.047,0.0,0.0,0.047,141.601,592.315,0.0,733.917,-11.266,962.586,0.0,951.32
26.280140922986902,26086,2,8,4,0.0,-0.00167,0.046779,0.009969,695.456,717.0,935.37,-95.581,-1030,-717,0.0,0.046,0.0,0.0,0.046,103.066,592.39,0.0,695.456,-17.235,952.605,0.0,935.37
26.280140922986902,26091,2,8,4,0.0,-0.001714,0.047996,-7.4e-05,727.091,733.0,950.006,-95.533,-1045,-733,0.0,0.047,0.0,0.0,0.047,134.6,592.49,0.0,727.091,-4.727,954.733,0.0,950.006
26.29094501095824,26096,2,8,4,0.0,-0.001821,0.051004,-0.004465,747.923,747.0,958.974,-95.413,-1054,-747,0.0,0.051,0.0,0.0,0.051,155.316,592.607,0.0,747.923,0.738,958.236,0.0,958.974
26.29094501095824,26101,2,8,4,0.0,-0.001893,0.053018,-0.009395,767.499,717.0,1019.91,-95.333,-1115,-764,0.0,0.053,0.0,0.0,0.053,174.76,592.738,0.0,767.499,40.399,979.511,0.0,1019.91
26.30249745491892,26110,2,8,4,0.0,-0.002053,0.057496,-0.000755,756.094,749.0,987.454,-95.154,-1082,-749,0.0,0.057,0.0,0.0,0.057,163.106,592.988,0.0,756.094,5.675,981.779,0.0,987.454
26.30249745491892,26115,2,8,4,0.0,-0.002118,0.059304,0.006715,740.348,733.0,988.083,-95.082,-1083,-733,0.0,0.059,0.0,0.0,0.059,147.249,593.098,0.0,740.348,5.878,982.204,0.0,988.083
26.313177802949212,26121,2,8,4,0.0,-0.002217,0.06209,-0.000551,768.63,749.0,1009.26,-94.971,-1104,-764,0.0,0.062,0.0,0.0,0.062,175.399,593.23,0.0,768.63,15.704,993.556,0.0,1009.26
26.313177802949212,26126,2,8,4,0.0,-0.002275,0.063715,-0.003191,780.71,764.0,1015.252,-94.907,-1110,-764,0.0,0.063,0.0,0.0,0.063,187.338,593.371,0.0,780.71,13.368,1001.884,0.0,1015.252
26.325061111012474,26131,2,8,4,0.0,-0.002269,0.06354,0.002053,765.662,763.0,1005.02,-94.914,-1099,-763,0.0,0.063,0.0,0.0,0.063,172.162,593.5,0.0,765.662,2.13,1002.89,0.0,1005.02
26.325061111012474,26136,2,8,4,0.0,-0.002343,0.065618,-0.008367,800.819,765.0,1049.791,-94.831,-1144,-765,0.0,0.065,0.0,0.0,0.065,207.163,593.655,0.0,800.819,28.655,1021.136,0.0,1049.791
26.336267607985064,26145,2,8,4,0.0,-0.00236,0.066099,0.002975,770.681,764.0,1022.592,-94.812,-1117,-764,0.0,0.066,0.0,0.0,0.066,176.747,593.933,0.0,770.681,5.345,1017.247,0.0,1022.592
26.336267607985064,26150,2,8,4,0.0,-0.00221,0.061899,0.015391,724.25,749.0,981.407,-94.979,-1076,-749,0.0,0.061,0.0,0.0,0.061,130.222,594.027,0.0,724.25,-19.799,1001.207,0.0,981.407
26.348109242971987,26156,2,8,4,0.0,-0.00221,0.061899,0.021599,706.955,734.0,962.117,-94.979,-1057,-734,0.0,0.061,0.0,0.0,0.061,112.84,594.115,0.0,706.955,-21.635,983.752,0.0,962.117
26.358956147916615,26166,2,8,4,0.0,-0.002282,0.063902,0.000316,772.374,765.0,997.566,-94.899,-1092,-765,0.0,0.063,0.0,0.0,0.063,178.039,594.335,0.0,772.374,5.899,991.666,0.0,997.566
26.358956147916615,26171,2,8,4,0.0,-0.002287,0.064056,0.000312,772.955,763.0,1004.129,-94.893,-1099,-763,0.0,0.064,0.0,0.0,0.064,178.481,594.474,0.0,772.955,7.964,996.165,0.0,1004.129
26.370099110994488,26176,2,8,4,0.0,-0.002268,0.063512,-0.000179,772.94,765.0,1006.714,-94.915,-1101,-765,0.0,0.063,0.0,0.0,0.063,178.337,594.602,0.0,772.94,6.352,1000.361,0.0,1006.714
26.370099110994488,26181,2,8,4,0.0,-0.002287,0.064048,0.001199,770.712,749.0,1026.457,-94.893,-1121,-779,0.0,0.064,0.0,0.0,0.064,175.977,594.734,0.0,770.712,17.37,1009.087,0.0,1026.457
26.38162099092733,26186,2,8,4,0.0,-0.002249,0.062972,-0.0114,803.136,780.0,1039.55,-94.936,-1134,-780,0.0,0.062,0.0,0.0,0.062,208.245,594.891,0.0,803.136,18.508,1021.041,0.0,1039.55
26.38162099092733,26191,2,8,4,0.0,-0.00219,0.061332,-0.002186,772.876,780.0,1011.755,-95.002,-1106,-780,0.0,0.061,0.0,0.0,0.061,177.851,595.024,0.0,772.876,-5.699,1017.454,0.0,1011.755
26.392876322963275,26200,2,8,4,0.0,-0.002132,0.059698,-0.017081,810.329,781.0,1073.057,-95.067,-1168,-814,0.0,0.059,0.0,0.0,0.059,214.983,595.345,0.0,810.329,23.463,1049.593,0.0,1073.057
26.392876322963275,26205,2,8,4,0.0,-0.002023,0.056661,-0.00586,770.54,764.0,1038.016,-95.188,-1133,-764,0.0,0.056,0.0,0.0,0.056,175.062,595.477,0.0,770.54,5.232,1032.784,0.0,1038.016
26.40436550497543,26211,2,8,4,0.0,-0.002008,0.056249,-0.001912,758.452,782.0,1007.541,-95.204,-1102,-782,0.0,0.056,0.0,0.0,0.056,162.853,595.599,0.0,758.452,-18.837,1026.379,0.0,1007.541
26.40436550497543,26216,2,8,4,0.0,-0.002014,0.056405,-0.011946,787.129,780.0,1035.262,-95.198,-1130,-780,0.0,0.056,0.0,0.0,0.056,191.386,595.743,0.0,787.129,5.703,1029.559,0.0,1035.262
26.41576904593967,26221,2,8,4,0.0,-0.002021,0.056612,-0.008223,777.421,780.0,1026.18,-95.19,-1121,-765,0.0,0.056,0.0,0.0,0.056,181.542,595.879,0.0,777.421,-2.062,1028.243,0.0,1026.18
26.41576904593967,26226,2,8,4,0.0,-0.001972,0.055224,-0.000159,751.07,781.0,995.711,-95.245,-1090,-781,0.0,0.055,0.0,0.0,0.055,155.075,595.995,0.0,751.07,-23.943,1019.654,0.0,995.711
26.427222091006115,26236,2,8,4,0.0,-0.001903,0.053303,-0.000825,747.785,749.0,1008.183,-95.321,-1103,-749,0.0,0.053,0.0,0.0,0.053,151.563,596.222,0.0,747.785,-0.971,1009.155,0.0,1008.183
26.427222091006115,26241,2,8,4,0.0,-0.001875,0.052521,0.005223,728.756,765.0,963.822,-95.353,-1059,-732,0.0,0.052,0.0,0.0,0.052,132.434,596.321,0.0,728.756,-28.994,992.817,0.0,963.822
26.438677807920612,26246,2,8,4,0.0,-0.001795,0.050278,0.00615,719.973,732.0,977.163,-95.442,-1072,-732,-0.104719,0.05,0.0,0.0,0.05,123.558,596.414,0.0,719.973,-9.621,986.785,0.0,977.163
26.438677807920612,26251,2,8,4,0.0,-0.001759,0.049274,-0.004649,747.514,749.0,989.902,-95.482,-1085,-749,0.0,0.049,0.0,0.0,0.049,150.987,596.527,0.0,747.514,-1.188,991.09,0.0,989.902
26.449688375927508,26256,2,8,4,0.0,-0.001696,0.047499,-0.000121,729.966,749.0,966.327,-95.553,-1061,-749,0.0,0.047,0.0,0.0,0.047,133.339,596.627,0.0,729.966,-15.226,981.553,0.0,966.327
26.449688375927508,26261,2,8,4,0.0,-0.001657,0.046415,0.008126,703.915,731.0,944.297,-95.596,-1039,-717,0.0,0.046,0.0,0.0,0.046,107.207,596.708,0.0,703.915,-21.667,965.964,0.0,944.297
26.46076775493566,26266,2,8,4,0.0,-0.001689,0.047304,-0.007746,750.964,764.0,967.96,-95.561,-1063,-764,0.0,0.047,0.0,0.0,0.047,154.144,596.819,0.0,750.964,-10.428,978.389,0.0,967.96
26.46076775493566,26271,2,8,4,0.0,-0.001675,0.046925,-0.006755,747.238,731.0,988.953,-95.576,-1084,-731,0.0,0.046,0.0,0.0,0.046,150.306,596.932,0.0,747.238,12.99,975.962,0.0,988.953
26.47199966199696,26281,2,8,4,0.0,-0.001613,0.045173,0.000283,722.817,717.0,974.217,-95.645,-1069,-732,0.0,0.045,0.0,0.0,0.045,125.692,597.125,0.0,722.817,4.653,969.563,0.0,974.217
26.484223741921596,26290,2,8,4,0.0,-0.001669,0.04675,-0.011388,760.15,749.0,991.245,-95.583,-1086,-749,0.0,0.046,0.0,0.0,0.046,162.789,597.36,0.0,760.15,8.92,982.325,0.0,991.245
26.484223741921596,26295,2,8,4,0.0,-0.001659,0.046458,-0.00498,741.501,748.0,973.519,-95.594,-1069,-748,0.0,0.046,0.0,0.0,0.046,144.027,597.473,0.0,741.501,-5.199,978.718,0.0,973.519
26.495610569021665,26301,2,8,4,0.0,-0.001693,0.047406,-0.011854,763.529,749.0,997.704,-95.556,-1093,-748,0.0,0.047,0.0,0.0,0.047,165.931,597.598,0.0,763.529,11.623,986.08,0.0,997.704
26.495610569021665,26306,2,8,4,0.0,-0.001743,0.048825,-0.003033,742.911,748.0,979.444,-95.5,-1074,-748,0.0,0.048,0.0,0.0,0.048,145.204,597.707,0.0,742.911,-4.07,983.515,0.0,979.444
26.506677598925307,26311,2,8,4,0.0,-0.001763,0.049376,-0.008729,760.526,765.0,982.775,-95.478,-1078,-765,0.0,0.049,0.0,0.0,0.049,162.697,597.829,0.0,760.526,-3.579,986.354,0.0,982.775
26.506677598925307,26316,2,8,4,0.0,-0.001892,0.052995,-0.010251,775.053,763.0,1001.636,-95.334,-1096,-763,0.0,0.052,0.0,0.0,0.052,177.092,597.961,0.0,775.053,9.643,991.992,0.0,1001.636
26.506677598925307,26321,2,8,4,0.0,-0.001964,0.055015,-0.008344,775.503,763.0,1008.22,-95.253,-1103,-748,0.0,0.055,0.0,0.0,0.055,177.408,598.094,0.0,775.503,10.002,998.217,0.0,1008.22
26.51817127491813,26326,2,8,4,0.0,-0.002001,0.056052,-0.00728,775.56,781.0,1004.322,-95.212,-1099,-781,0.0,0.056,0.0,0.0,0.056,177.332,598.227,0.0,775.56,-4.351,1008.673,0.0,1004.322
26.5297311169561,26336,2,8,4,0.0,-0.002089,0.058501,0.004807,748.806,764.0,989.274,-95.114,-1084,-764,0.0,0.058,0.0,0.0,0.058,150.343,598.463,0.0,748.806,-12.154,1001.429,0.0,989.274
26.5297311169561,26341,2,8,4,0.0,-0.002295,0.064261,0.007074,758.707,763.0,995.711,-94.885,-1090,-749,0.0,0.064,0.0,0.0,0.064,160.124,598.583,0.0,758.707,-3.433,999.145,0.0,995.711
26.5409912369214,26346,2,8,4,0.0,-0.002384,0.066772,0.009524,758.997,764.0,998.338,-94.785,-1093,-764,0.0,0.066,0.0,0.0,0.066,160.294,598.703,0.0,758.997,-4.001,1002.34,0.0,998.338
26.552816418930888,26356,2,8,4,0.0,-0.002451,0.068638,-0.001015,794.021,750.0,1057.385,-94.71,-1152,-750,0.0,0.068,0.0,0.0,0.068,195.031,598.989,0.0,794.021,35.216,1022.168,0.0,1057.385
26.552816418930888,26366,2,8,4,0.0,-0.002547,0.071316,-0.009501,825.599,812.0,1060.046,-94.604,-1154,-812,0.0,0.071,0.0,0.0,0.071,226.29,599.309,0.0,825.599,10.879,1049.166,0.0,1060.046
26.56391556293238,26371,2,8,4,0.0,-0.002596,0.072705,-0.007311,823.523,796.0,1079.811,-94.548,-1174,-796,0.0,0.072,0.0,0.0,0.072,224.046,599.477,0.0,823.523,22.018,1057.793,0.0,1079.811
26.575526888947934,26380,2,8,4,0.0,-0.002675,0.074916,0.000253,808.852,781.0,1085.932,-94.46,-1180,-828,0.0,0.074,0.0,0.0,0.074,209.057,599.794,0.0,808.852,22.282,1063.65,0.0,1085.932
26.575526888947934,26385,2,8,4,0.0,-0.002653,0.074285,0.009391,781.628,780.0,1047.496,-94.485,-1141,-780,0.0,0.074,0.0,0.0,0.074,181.702,599.925,0.0,781.628,1.302,1046.193,0.0,1047.496
26.586837923969142,26391,2,8,4,0.0,-0.002622,0.073432,0.012594,770.402,781.0,1032.474,-94.519,-1126,-781,0.0,0.073,0.0,0.0,0.073,170.343,600.059,0.0,770.402,-8.477,1040.951,0.0,1032.474
26.586837923969142,26396,2,8,4,0.0,-0.002583,0.072335,0.008256,779.615,782.0,1038.005,-94.563,-1132,-782,0.0,0.072,0.0,0.0,0.072,179.421,600.193,0.0,779.615,-1.908,1039.913,0.0,1038.005
26.586837923969142,26401,2,8,4,0.0,-0.002558,0.071642,0.01053,771.436,780.0,1028.535,-94.591,-1123,-796,0.0,0.071,0.0,0.0,0.071,171.114,600.321,0.0,771.436,-6.85,1035.386,0.0,1028.535
26.598441813956015,26406,2,8,4,0.0,-0.002513,0.070369,0.005714,781.492,780.0,1030.897,-94.641,-1125,-780,0.0,0.07,0.0,0.0,0.07,181.034,600.457,0.0,781.492,1.194,1029.703,0.0,1030.897
26.610120659926906,26416,2,8,4,0.0,-0.002311,0.064732,0.005072,767.787,796.0,1009.429,-94.866,-1104,-796,0.0,0.064,0.0,0.0,0.064,167.049,600.738,0.0,767.787,-22.569,1031.999,0.0,1009.429
26.621798926964402,26426,2,8,4,0.0,-0.002355,0.065961,-0.012672,821.232,812.0,1053.173,-94.817,-1147,-812,0.0,0.065,0.0,0.0,0.065,220.175,601.056,0.0,821.232,7.385,1045.787,0.0,1053.173
26.621798926964402,26431,2,8,4,0.0,-0.002326,0.065128,-0.011736,816.439,795.0,1068.557,-94.85,-1163,-795,0.0,0.065,0.0,0.0,0.065,215.221,601.218,0.0,816.439,17.151,1051.406,0.0,1068.557
26.621798926964402,26436,2,8,4,0.0,-0.002295,0.06428,-0.013549,819.306,828.0,1046.671,-94.884,-1141,-828,0.0,0.064,0.0,0.0,0.064,217.924,601.381,0.0,819.306,-6.954,1053.626,0.0,1046.671
26.634143761941232,26441,2,8,4,0.0,-0.00226,0.063287,-0.00303,787.21,796.0,1038.566,-94.924,-1133,-796,0.0,0.063,0.0,0.0,0.063,185.689,601.521,0.0,787.21,-7.031,1045.597,0.0,1038.566
26.634143761941232,26446,2,8,4,0.0,-0.002211,0.061918,0.004729,761.766,780.0,1015.843,-94.978,-1110,-780,0.0,0.061,0.0,0.0,0.061,160.129,601.636,0.0,761.766,-14.586,1030.43,0.0,1015.843
26.645067850942723,26451,2,8,4,0.0,-0.002245,0.062871,-0.005325,792.729,781.0,1045.968,-94.94,-1140,-781,0.0,0.062,0.0,0.0,0.062,190.949,601.779,0.0,792.729,9.383,1036.585,0.0,1045.968
26.645067850942723,26456,2,8,4,0.0,-0.002247,0.062938,-0.004466,790.656,795.0,1033.973,-94.937,-1128,-795,0.0,0.062,0.0,0.0,0.062,188.734,601.921,0.0,790.656,-3.475,1037.448,0.0,1033.973
26.65633450495079,26465,2,8,4,0.0,-0.002213,0.061964,-0.004695,788.846,813.0,1022.216,-94.976,-1117,-813,0.0,0.061,0.0,0.0,0.061,186.648,602.197,0.0,788.846,-19.323,1041.539,0.0,1022.216
26.65633450495079,26470,2,8,4,0.0,-0.002138,0.059874,-0.006601,788.468,781.0,1041.552,-95.06,-1136,-781,0.0,0.059,0.0,0.0,0.059,186.131,602.337,0.0,788.468,5.974,1035.577,0.0,1041.552
26.668100205948576,26475,2,8,4,0.0,-0.002063,0.057765,-0.007351,784.8,797.0,1022.93,-95.144,-1118,-797,0.0,0.057,0.0,0.0,0.057,182.326,602.473,0.0,784.8,-9.759,1032.69,0.0,1022.93
26.668100205948576,26480,2,8,4,0.0,-0.001937,0.054257,-0.008638,778.709,780.0,1029.361,-95.283,-1124,-795,0.0,0.054,0.0,0.0,0.054,176.108,602.6,0.0,778.709,-1.032,1030.394,0.0,1029.361
26.679266552906483,26486,2,8,4,0.0,-0.00189,0.052931,0.0026,743.637,748.0,1004.801,-95.336,-1100,-748,0.0,0.052,0.0,0.0,0.052,140.927,602.71,0.0,743.637,-3.489,1008.291,0.0,1004.801
26.679266552906483,26491,2,8,4,0.0,-0.001948,0.054557,-0.011098,786.686,780.0,1026.528,-95.272,-1121,-780,0.0,0.054,0.0,0.0,0.054,183.837,602.848,0.0,786.686,5.348,1021.179,0.0,1026.528
26.690659892978147,26496,2,8,4,0.0,-0.00188,0.052659,-0.003522,760.278,764.0,1013.433,-95.347,-1108,-764,0.0,0.052,0.0,0.0,0.052,157.311,602.966,0.0,760.278,-2.977,1016.41,0.0,1013.433
26.690659892978147,26501,2,8,4,0.0,-0.001957,0.054803,-0.001444,760.578,765.0,1010.75,-95.262,-1106,-780,0.0,0.054,0.0,0.0,0.054,157.493,603.084,0.0,760.578,-3.537,1014.287,0.0,1010.75
26.701865125913173,26506,2,8,4,0.0,-0.001994,0.055859,0.000443,758.368,764.0,1000.543,-95.22,-1095,-764,0.0,0.055,0.0,0.0,0.055,155.167,603.201,0.0,758.368,-4.505,1005.048,0.0,1000.543
26.701865125913173,26516,2,8,4,0.0,-0.002049,0.057389,-0.002581,771.367,780.0,1004.822,-95.159,-1099,-780,0.0,0.057,0.0,0.0,0.057,167.917,603.45,0.0,771.367,-6.905,1011.728,0.0,1004.822
26.713411598000675,26521,2,8,4,0.0,-0.002273,0.06367,0.004353,769.662,764.0,1017.26,-94.908,-1112,-781,0.0,0.063,0.0,0.0,0.063,166.087,603.574,0.0,769.662,4.529,1012.73,0.0,1017.26
26.713411598000675,26526,2,8,4,0.0,-0.002361,0.066118,-0.007559,810.029,781.0,1050.438,-94.811,-1145,-781,0.0,0.066,0.0,0.0,0.066,206.3,603.729,0.0,810.029,23.223,1027.214,0.0,1050.438
26.72516443801578,26531,2,8,4,0.0,-0.002337,0.065462,0.006566,768.763,780.0,1012.284,-94.837,-1107,-780,0.0,0.065,0.0,0.0,0.065,164.91,603.853,0.0,768.763,-8.989,1021.273,0.0,1012.284
26.72516443801578,26536,2,8,4,0.0,-0.002328,0.06521,0.006063,769.585,781.0,1006.827,-94.847,-1101,-781,0.0,0.065,0.0,0.0,0.065,165.613,603.972,0.0,769.585,-9.131,1015.959,0.0,1006.827
26.73697849002201,26541,2,8,4,0.0,-0.002398,0.067154,-0.003529,802.035,765.0,1061.893,-94.769,-1156,-797,0.0,0.067,0.0,0.0,0.067,197.914,604.12,0.0,802.035,29.628,1032.264,0.0,1061.893
26.73697849002201,26550,2,8,4,0.0,-0.002472,0.06924,-0.003443,807.939,797.0,1052.679,-94.686,-1147,-797,0.0,0.069,0.0,0.0,0.069,203.514,604.425,0.0,807.939,8.751,1043.928,0.0,1052.679
26.748397553921677,26555,2,8,4,0.0,-0.00235,0.065802,0.001952,783.346,781.0,1043.814,-94.823,-1138,-781,0.0,0.065,0.0,0.0,0.065,178.781,604.564,0.0,783.346,1.876,1041.937,0.0,1043.814
26.748397553921677,26560,2,8,4,0.0,-0.002384,0.066754,-0.000332,792.544,780.0,1057.851,-94.785,-1152,-813,0.0,0.066,0.0,0.0,0.066,187.844,604.699,0.0,792.544,10.035,1047.815,0.0,1057.851
26.759973612963222,26565,2,8,4,0.0,-0.002469,0.069151,-0.008842,823.252,797.0,1075.702,-94.69,-1170,-797,0.0,0.069,0.0,0.0,0.069,218.381,604.87,0.0,823.252,21.001,1054.7,0.0,1075.702
26.759973612963222,26571,2,8,4,0.0,-0.002468,0.069119,-0.009841,826.127,814.0,1075.584,-94.691,-1170,-814,0.0,0.069,0.0,0.0,0.069,221.09,605.037,0.0,826.127,9.702,1065.882,0.0,1075.584
26.771090943017043,26576,2,8,4,0.0,-0.002561,0.071726,0.000801,803.775,813.0,1053.68,-94.587,-1148,-813,0.0,0.071,0.0,0.0,0.071,198.589,605.186,0.0,803.775,-7.379,1061.059,0.0,1053.68
26.771090943017043,26581,2,8,4,0.0,-0.002646,0.074092,-0.004518,825.46,797.0,1096.251,-94.493,-1190,-828,0.0,0.074,0.0,0.0,0.074,220.109,605.351,0.0,825.46,22.768,1073.483,0.0,1096.251
26.783148626913317,26586,2,8,4,0.0,-0.002719,0.076144,-0.001181,822.027,813.0,1079.187,-94.411,-1173,-813,0.0,0.076,0.0,0.0,0.076,216.514,605.513,0.0,822.027,7.222,1071.964,0.0,1079.187
26.783148626913317,26591,2,8,4,0.0,-0.002615,0.073246,0.000215,810.155,827.0,1054.236,-94.527,-1148,-827,0.0,0.073,0.0,0.0,0.073,204.488,605.666,0.0,810.155,-13.475,1067.711,0.0,1054.236
26.783148626913317,26596,2,8,4,0.0,-0.002609,0.073059,0.002477,803.442,797.0,1070.111,-94.534,-1164,-797,0.0,0.073,0.0,0.0,0.073,197.627,605.815,0.0,803.442,5.153,1064.957,0.0,1070.111
26.79489327594638,26601,2,8,4,0.0,-0.002597,0.07274,0.00989,781.925,813.0,1026.375,-94.547,-1120,-781,0.0,0.072,0.0,0.0,0.072,175.978,605.946,0.0,781.925,-24.859,1051.235,0.0,1026.375
26.80596745701041,26611,2,8,4,0.0,-0.002509,0.070276,0.013662,764.707,782.0,1024.093,-94.645,-1118,-782,0.0,0.07,0.0,0.0,0.07,158.518,606.189,0.0,764.707,-13.833,1037.927,0.0,1024.093
26.80596745701041,26616,2,8,4,0.0,-0.00248,0.069464,0.015588,757.153,765.0,1024.304,-94.677,-1118,-765,0.0,0.069,0.0,0.0,0.069,150.85,606.302,0.0,757.153,-6.277,1030.581,0.0,1024.304
26.817029920988716,26621,2,8,4,0.0,-0.002512,0.070345,-0.002715,811.026,780.0,1072.592,-94.642,-1167,-827,0.0,0.07,0.0,0.0,0.07,204.57,606.455,0.0,811.026,24.82,1047.771,0.0,1072.592
26.817029920988716,26631,2,8,4,0.0,-0.002494,0.069847,0.001046,799.371,795.0,1043.039,-94.662,-1137,-795,0.0,0.069,0.0,0.0,0.069,192.642,606.729,0.0,799.371,3.497,1039.541,0.0,1043.039
26.828442474943586,26636,2,8,4,0.0,-0.002387,0.066861,0.008216,771.057,781.0,1023.536,-94.781,-1118,-781,0.0,0.066,0.0,0.0,0.066,164.205,606.852,0.0,771.057,-7.953,1031.49,0.0,1023.536
26.828442474943586,26641,2,8,4,0.0,-0.002291,0.064157,0.003038,778.113,780.0,1028.876,-94.889,-1123,-764,0.0,0.064,0.0,0.0,0.064,171.133,606.98,0.0,778.113,-1.508,1030.385,0.0,1028.876
26.83918063994497,26650,2,8,4,0.0,-0.002224,0.062279,-0.003801,792.285,813.0,1023.382,-94.964,-1118,-813,0.0,0.062,0.0,0.0,0.062,185.025,607.259,0.0,792.285,-16.572,1039.954,0.0,1023.382
26.8503404869698,26655,2,8,4,0.0,-0.002133,0.059738,0.003141,765.845,764.0,1032.587,-95.065,-1127,-764,0.0,0.059,0.0,0.0,0.059,158.472,607.373,0.0,765.845,1.476,1031.11,0.0,1032.587
26.8503404869698,26660,2,8,4,0.0,-0.002156,0.06037,-0.007225,796.783,795.0,1036.892,-95.04,-1131,-781,0.0,0.06,0.0,0.0,0.06,189.268,607.515,0.0,796.783,1.426,1035.465,0.0,1036.892
26.861371994949877,26666,2,8,4,0.0,-0.002156,0.06037,-0.012409,811.456,813.0,1046.905,-95.04,-1141,-813,0.0,0.06,0.0,0.0,0.06,203.781,607.674,0.0,811.456,-1.234,1048.14,0.0,1046.905
26.873002285021357,26676,2,8,4,0.0,-0.00185,0.051806,0.010615,723.229,749.0,994.912,-95.381,-1090,-749,0.0,0.051,0.0,0.0,0.051,115.335,607.893,0.0,723.229,-20.616,1015.528,0.0,994.912
26.873002285021357,26686,2,8,4,0.0,-0.001842,0.051579,-0.000981,755.268,781.0,990.615,-95.39,-1086,-781,0.0,0.051,0.0,0.0,0.051,147.169,608.099,0.0,755.268,-20.585,1011.2,0.0,990.615
26.88407519098837,26691,2,8,4,0.0,-0.001817,0.050903,-0.000717,752.748,732.0,1023.824,-95.417,-1119,-732,0.0,0.05,0.0,0.0,0.05,144.537,608.211,0.0,752.748,16.599,1007.225,0.0,1023.824
26.89499211497605,26701,2,8,4,0.0,-0.001772,0.049618,-0.012481,782.343,765.0,1032.336,-95.468,-1127,-780,0.0,0.049,0.0,0.0,0.049,173.878,608.464,0.0,782.343,13.874,1018.462,0.0,1032.336
26.89499211497605,26706,2,8,4,0.0,-0.001696,0.047493,0.000947,738.891,733.0,1008.185,-95.553,-1103,-733,0.0,0.047,0.0,0.0,0.047,130.329,608.562,0.0,738.891,4.713,1003.472,0.0,1008.185
26.90580255992245,26711,2,8,4,0.0,-0.0017,0.047612,-0.005606,757.689,779.0,989.464,-95.548,-1085,-779,0.0,0.047,0.0,0.0,0.047,149.015,608.674,0.0,757.689,-17.048,1006.512,0.0,989.464
26.90580255992245,26716,2,8,4,0.0,-0.001657,0.046414,-0.007461,759.635,764.0,997.9,-95.596,-1093,-764,0.0,0.046,0.0,0.0,0.046,150.852,608.783,0.0,759.635,-3.491,1001.392,0.0,997.9
26.91694959497545,26721,2,8,4,0.0,-0.001627,0.04558,0.002274,730.131,749.0,974.843,-95.629,-1070,-748,0.0,0.045,0.0,0.0,0.045,121.256,608.874,0.0,730.131,-15.095,989.939,0.0,974.843
26.91694959497545,26726,2,8,4,0.0,-0.001593,0.044625,-0.00538,748.996,747.0,992.096,-95.667,-1087,-747,0.0,0.044,0.0,0.0,0.044,140.017,608.979,0.0,748.996,1.596,990.499,0.0,992.096
26.927912265993655,26735,2,8,4,0.0,-0.001616,0.045266,0.006464,717.793,748.0,951.647,-95.642,-1047,-748,0.0,0.045,0.0,0.0,0.045,108.643,609.149,0.0,717.793,-24.165,975.812,0.0,951.647
26.927912265993655,26740,2,8,4,0.0,-0.001673,0.046846,-0.000311,741.287,733.0,984.954,-95.579,-1080,-747,0.0,0.046,0.0,0.0,0.046,132.043,609.244,0.0,741.287,6.63,978.323,0.0,984.954
26.93868007196579,26745,2,8,4,0.0,-0.001708,0.047834,-0.00788,765.368,749.0,1000.742,-95.539,-1096,-749,0.0,0.047,0.0,0.0,0.047,156.002,609.366,0.0,765.368,13.094,987.647,0.0,1000.742
26.93868007196579,26751,2,8,4,0.0,-0.001644,0.046051,-0.009579,765.25,749.0,1008.781,-95.61,-1104,-749,0.0,0.046,0.0,0.0,0.046,155.766,609.483,0.0,765.25,13.0,995.781,0.0,1008.781
26.950005503022112,26756,2,8,4,0.0,-0.001619,0.045334,-0.013121,773.283,766.0,1008.308,-95.639,-1103,-766,0.0,0.045,0.0,0.0,0.045,163.676,609.606,0.0,773.283,5.826,1002.482,0.0,1008.308
26.950005503022112,26761,2,8,4,0.0,-0.001651,0.046233,-0.009619,766.112,765.0,1003.794,-95.603,-1099,-763,0.0,0.046,0.0,0.0,0.046,156.388,609.723,0.0,766.112,0.89,1002.904,0.0,1003.794
26.960869447910227,26766,2,8,4,0.0,-0.001705,0.047762,0.000331,742.631,764.0,975.504,-95.542,-1071,-764,0.0,0.047,0.0,0.0,0.047,132.807,609.823,0.0,742.631,-17.095,992.599,0.0,975.504
26.960869447910227,26771,2,8,4,0.0,-0.001815,0.050831,0.00256,745.083,748.0,983.988,-95.42,-1079,-748,0.0,0.05,0.0,0.0,0.05,135.158,609.924,0.0,745.083,-2.332,986.321,0.0,983.988
26.971661463961937,26776,2,8,4,0.0,-0.001865,0.052224,-0.000681,758.173,764.0,981.883,-95.364,-1077,-764,0.0,0.052,0.0,0.0,0.052,148.137,610.035,0.0,758.173,-4.661,986.545,0.0,981.883
26.971661463961937,26785,2,8,4,0.0,-0.00198,0.055462,-0.003119,774.302,765.0,1007.571,-95.235,-1102,-765,0.0,0.055,0.0,0.0,0.055,164.029,610.273,0.0,774.302,7.442,1000.129,0.0,1007.571
26.983171985019,26790,2,8,4,0.0,-0.00198,0.055462,-0.003525,775.564,780.0,998.875,-95.235,-1094,-780,0.0,0.055,0.0,0.0,0.055,165.167,610.397,0.0,775.564,-3.548,1002.424,0.0,998.875
26.983171985019,26795,2,8,4,0.0,-0.00198,0.055462,-0.003728,776.257,765.0,1014.034,-95.235,-1109,-765,0.0,0.055,0.0,0.0,0.055,165.735,610.521,0.0,776.257,9.005,1005.028,0.0,1014.034
26.994158959947526,26800,2,8,4,0.0,-0.00198,0.055462,-0.00383,776.666,764.0,1021.389,-95.235,-1116,-765,0.0,0.055,0.0,0.0,0.055,166.02,610.646,0.0,776.666,10.133,1011.256,0.0,1021.389
26.994158959947526,26805,2,8,4,0.0,-0.00198,0.055462,-0.003881,776.933,796.0,998.813,-95.235,-1094,-796,0.0,0.055,0.0,0.0,0.055,166.162,610.77,0.0,776.933,-15.253,1014.067,0.0,998.813
27.005160856992006,26810,2,8,4,0.0,-0.00198,0.055462,-0.003906,777.128,765.0,1020.51,-95.235,-1115,-765,0.0,0.055,0.0,0.0,0.055,166.233,610.895,0.0,777.128,9.703,1010.807,0.0,1020.51
27.005160856992006,26815,2,8,4,0.0,-0.00198,0.055462,-0.003919,777.289,764.0,1027.856,-95.235,-1123,-764,0.0,0.055,0.0,0.0,0.055,166.269,611.02,0.0,777.289,10.631,1017.224,0.0,1027.856
27.01632294396404,26821,2,8,4,0.0,-0.00198,0.055462,-0.003925,777.432,780.0,1015.658,-95.235,-1110,-780,0.0,0.055,0.0,0.0,0.055,166.287,611.145,0.0,777.432,-2.054,1017.712,0.0,1015.658
27.01632294396404,26830,2,8,4,0.0,-0.001324,0.037091,0.005313,700.264,718.0,965.873,-95.968,-1061,-718,0.0,0.037,0.0,0.0,0.037,88.979,611.284,0.0,700.264,-14.188,980.062,0.0,965.873
27.02821432100609,26835,2,8,4,0.0,-0.001563,0.04377,-0.016764,780.915,779.0,994.765,-95.701,-1090,-779,0.0,0.043,0.0,0.0,0.043,169.497,611.417,0.0,780.915,1.532,993.233,0.0,994.765
27.02821432100609,26841,2,8,4,0.0,-0.001735,0.048597,-0.008821,772.311,764.0,1002.568,-95.509,-1098,-750,0.0,0.048,0.0,0.0,0.048,160.773,611.538,0.0,772.311,6.649,995.918,0.0,1002.568
27.039548321976326,26846,2,8,4,0.0,-0.001741,0.048754,3.4e-05,748.057,764.0,980.771,-95.503,-1076,-764,0.0,0.048,0.0,0.0,0.048,136.416,611.64,0.0,748.057,-12.754,993.526,0.0,980.771
27.039548321976326,26851,2,8,4,0.0,-0.001793,0.050208,0.005659,736.47,749.0,972.719,-95.445,-1068,-749,0.0,0.05,0.0,0.0,0.05,124.736,611.734,0.0,736.47,-10.023,982.743,0.0,972.719
27.050404299981892,26856,2,8,4,0.0,-0.001753,0.049106,0.008899,724.398,733.0,968.646,-95.489,-1064,-733,0.0,0.049,0.0,0.0,0.049,112.579,611.818,0.0,724.398,-6.881,975.527,0.0,968.646
27.050404299981892,26861,2,8,4,0.0,-0.001741,0.048768,0.009572,721.649,731.0,963.127,-95.502,-1058,-748,0.0,0.048,0.0,0.0,0.048,109.749,611.9,0.0,721.649,-7.48,970.607,0.0,963.127
27.061360285966657,26866,2,8,4,0.0,-0.001656,0.046388,0.02126,682.311,684.0,942.808,-95.597,-1038,-684,0.0,0.046,0.0,0.0,0.046,70.358,611.953,0.0,682.311,-1.35,944.159,0.0,942.808
27.061360285966657,26871,2,8,4,0.0,-0.001624,0.045481,0.014902,697.64,717.0,928.26,-95.633,-1023,-717,0.0,0.045,0.0,0.0,0.045,85.622,612.017,0.0,697.64,-15.487,943.747,0.0,928.26
27.07294890691992,26876,2,8,4,0.0,-0.001616,0.045262,0.006676,720.138,700.0,966.528,-95.642,-1062,-700,0.0,0.045,0.0,0.0,0.045,108.039,612.098,0.0,720.138,16.11,950.418,0.0,966.528
27.07294890691992,26886,2,8,4,0.0,-0.001583,0.044335,0.001111,733.313,718.0,972.583,-95.679,-1068,-718,0.0,0.044,0.0,0.0,0.044,121.026,612.287,0.0,733.313,12.251,960.332,0.0,972.583
27.083935873000883,26891,2,8,4,0.0,-0.001565,0.043823,-0.006881,754.368,763.0,962.459,-95.699,-1058,-763,0.0,0.043,0.0,0.0,0.043,141.974,612.393,0.0,754.368,-6.905,969.364,0.0,962.459
27.083935873000883,26896,2,8,4,0.0,-0.001636,0.045826,-0.016186,786.154,749.0,1014.11,-95.619,-1109,-749,0.0,0.045,0.0,0.0,0.045,173.636,612.518,0.0,786.154,29.723,984.386,0.0,1014.11
27.095293860998936,26901,2,8,4,0.0,-0.001578,0.044208,0.000985,733.634,780.0,928.225,-95.684,-1023,-717,0.0,0.044,0.0,0.0,0.044,121.025,612.609,0.0,733.634,-37.092,965.317,0.0,928.225
27.095293860998936,26906,2,8,4,0.0,-0.001572,0.044043,-0.010908,766.593,765.0,987.431,-95.69,-1083,-765,0.0,0.044,0.0,0.0,0.044,153.867,612.725,0.0,766.593,1.274,986.157,0.0,987.431
27.10668221791275,26911,2,8,4,0.0,-0.001516,0.042458,-0.000411,732.85,733.0,975.743,-95.754,-1071,-733,0.0,0.042,0.0,0.0,0.042,120.035,612.815,0.0,732.85,-0.119,975.862,0.0,975.743
27.10668221791275,26920,2,8,4,0.0,-0.001426,0.03994,0.003432,715.203,731.0,948.549,-95.854,-1044,-700,0.0,0.039,0.0,0.0,0.039,102.224,612.979,0.0,715.203,-12.637,961.186,0.0,948.549
27.118019483983517,26925,2,8,4,0.0,-0.001485,0.041603,-0.004453,742.034,764.0,958.199,-95.788,-1053,-764,0.0,0.041,0.0,0.0,0.041,128.957,613.076,0.0,742.034,-17.572,975.771,0.0,958.199
27.118019483983517,26930,2,8,4,0.0,-0.001485,0.041603,-0.008395,753.178,748.0,977.711,-95.788,-1073,-748,0.0,0.041,0.0,0.0,0.041,139.996,613.181,0.0,753.178,4.142,973.569,0.0,977.711
27.12903201393783,26935,2,8,4,0.0,-0.001485,0.041603,-0.010367,758.807,763.0,971.411,-95.788,-1067,-763,0.0,0.041,0.0,0.0,0.041,145.516,613.29,0.0,758.807,-3.354,974.765,0.0,971.411
27.12903201393783,26940,2,8,4,0.0,-0.001315,0.036837,-0.000231,717.163,749.0,931.114,-95.978,-1027,-716,0.0,0.036,0.0,0.0,0.036,103.792,613.371,0.0,717.163,-25.469,956.583,0.0,931.114
27.14013057097327,26945,2,8,4,0.0,-0.001467,0.041093,-0.011847,761.712,749.0,985.327,-95.808,-1081,-749,0.0,0.041,0.0,0.0,0.041,148.234,613.478,0.0,761.712,10.17,975.157,0.0,985.327
27.14013057097327,26950,2,8,4,0.0,-0.001467,0.041093,-0.017655,778.099,764.0,997.992,-95.808,-1093,-764,0.0,0.041,0.0,0.0,0.041,164.497,613.601,0.0,778.099,11.279,986.713,0.0,997.992
27.15124986495357,26955,2,8,4,0.0,-0.00154,0.043146,-0.010647,764.337,748.0,1004.713,-95.726,-1100,-748,0.0,0.043,0.0,0.0,0.043,150.623,613.714,0.0,764.337,13.07,991.643,0.0,1004.713
27.15124986495357,26961,2,8,4,0.0,-0.00154,0.043146,-0.007143,754.632,764.0,981.214,-95.726,-1076,-749,0.0,0.043,0.0,0.0,0.043,140.811,613.82,0.0,754.632,-7.494,988.708,0.0,981.214
27.162420802982524,26966,2,8,4,0.0,-0.001514,0.042408,-0.002462,739.557,747.0,978.038,-95.756,-1073,-747,0.0,0.042,0.0,0.0,0.042,125.638,613.918,0.0,739.557,-5.954,983.993,0.0,978.038
27.162420802982524,26971,2,8,4,0.0,-0.001667,0.046681,0.004854,731.121,733.0,977.333,-95.585,-1072,-733,0.0,0.046,0.0,0.0,0.046,117.115,614.006,0.0,731.121,-1.502,978.835,0.0,977.333
27.162420802982524,26976,2,8,4,0.0,-0.001869,0.05235,-0.00051,762.129,749.0,999.082,-95.359,-1094,-749,0.0,0.052,0.0,0.0,0.052,148.011,614.117,0.0,762.129,10.503,988.578,0.0,999.082
27.17345627094619,26981,2,8,4,0.0,-0.00204,0.057122,0.006861,754.952,764.0,978.512,-95.169,-1073,-733,0.0,0.057,0.0,0.0,0.057,140.729,614.222,0.0,754.952,-7.237,985.75,0.0,978.512
27.17345627094619,26986,2,8,4,0.0,-0.002158,0.060427,5.7e-05,783.382,765.0,1022.08,-95.038,-1117,-765,0.0,0.06,0.0,0.0,0.06,169.037,614.345,0.0,783.382,14.706,1007.374,0.0,1022.08
27.184890648000874,26991,2,8,4,0.0,-0.002202,0.061675,0.013568,749.144,765.0,986.742,-94.988,-1081,-765,0.0,0.061,0.0,0.0,0.061,134.698,614.445,0.0,749.144,-12.684,999.427,0.0,986.742
27.184890648000874,26996,2,8,4,0.0,-0.002256,0.063178,0.004404,779.134,762.0,1021.019,-94.928,-1115,-762,0.0,0.063,0.0,0.0,0.063,164.565,614.569,0.0,779.134,13.707,1007.311,0.0,1021.019
27.195741441915743,27006,2,8,4,0.0,-0.002442,0.068396,-0.005284,821.184,781.0,1073.572,-94.72,-1168,-781,0.0,0.068,0.0,0.0,0.068,206.308,614.875,0.0,821.184,32.147,1041.424,0.0,1073.572
27.206385012017563,27015,2,8,4,0.0,-0.002438,0.068282,-0.007058,826.129,828.0,1055.152,-94.725,-1149,-828,0.0,0.068,0.0,0.0,0.068,210.955,615.174,0.0,826.129,-1.496,1056.648,0.0,1055.152
27.217856256989762,27021,2,8,4,0.0,-0.002507,0.070207,-0.003928,822.912,797.0,1087.372,-94.648,-1182,-829,0.0,0.07,0.0,0.0,0.07,207.582,615.329,0.0,822.912,20.729,1066.642,0.0,1087.372
27.217856256989762,27026,2,8,4,0.0,-0.0026,0.0728,-0.014727,860.592,844.0,1094.189,-94.544,-1188,-844,0.0,0.072,0.0,0.0,0.072,245.079,615.513,0.0,860.592,13.274,1080.915,0.0,1094.189
27.217856256989762,27031,2,8,4,0.0,-0.002633,0.073745,-0.005327,837.085,828.0,1087.893,-94.507,-1182,-828,0.0,0.073,0.0,0.0,0.073,221.405,615.679,0.0,837.085,7.268,1080.625,0.0,1087.893
27.229160260991193,27036,2,8,4,0.0,-0.00272,0.07618,0.005685,813.215,813.0,1078.159,-94.41,-1172,-813,0.0,0.076,0.0,0.0,0.076,197.387,615.827,0.0,813.215,0.172,1077.986,0.0,1078.159
27.229160260991193,27041,2,8,4,0.0,-0.002789,0.078094,0.007811,812.766,813.0,1077.655,-94.334,-1171,-813,0.0,0.078,0.0,0.0,0.078,196.791,615.975,0.0,812.766,-0.186,1077.841,0.0,1077.655
27.240191365010105,27046,2,8,4,0.0,-0.002878,0.080592,0.011032,810.888,828.0,1061.582,-94.234,-1155,-828,0.0,0.08,0.0,0.0,0.08,194.767,616.121,0.0,810.888,-13.689,1075.271,0.0,1061.582
27.251274441950954,27055,2,8,4,0.0,-0.002841,0.079551,0.010282,810.362,828.0,1048.838,-94.275,-1143,-828,0.0,0.079,0.0,0.0,0.079,193.951,616.411,0.0,810.362,-14.11,1062.948,0.0,1048.838
27.251274441950954,27061,2,8,4,0.0,-0.002649,0.074177,0.008552,800.294,796.0,1065.472,-94.49,-1159,-796,0.0,0.074,0.0,0.0,0.074,183.75,616.544,0.0,800.294,3.435,1062.036,0.0,1065.472
27.26235265098512,27070,2,8,4,0.0,-0.002599,0.072783,0.005809,804.348,813.0,1057.033,-94.545,-1151,-813,0.0,0.072,0.0,0.0,0.072,187.528,616.82,0.0,804.348,-6.92,1063.954,0.0,1057.033
27.26235265098512,27076,2,8,4,0.0,-0.002501,0.070045,0.010532,783.583,811.0,1027.721,-94.654,-1122,-811,0.0,0.07,0.0,0.0,0.07,166.636,616.946,0.0,783.583,-21.933,1049.654,0.0,1027.721
27.273451866931282,27085,2,8,4,0.0,-0.002411,0.067508,0.005749,790.119,796.0,1036.39,-94.755,-1131,-796,0.0,0.067,0.0,0.0,0.067,172.924,617.194,0.0,790.119,-4.704,1041.095,0.0,1036.39
27.28424924297724,27091,2,8,4,0.0,-0.002398,0.067156,0.00331,796.098,797.0,1040.192,-94.769,-1134,-797,0.0,0.067,0.0,0.0,0.067,178.768,617.329,0.0,796.098,-0.721,1040.914,0.0,1040.192
27.295290463021956,27100,2,8,4,0.0,-0.002362,0.066154,0.004029,791.552,812.0,1024.169,-94.809,-1118,-781,0.0,0.066,0.0,0.0,0.066,173.949,617.603,0.0,791.552,-16.357,1040.526,0.0,1024.169
27.295290463021956,27105,2,8,4,0.0,-0.002373,0.066465,-0.004955,817.732,813.0,1059.445,-94.797,-1154,-813,0.0,0.066,0.0,0.0,0.066,199.979,617.753,0.0,817.732,3.785,1055.659,0.0,1059.445
27.30634561891202,27111,2,8,4,0.0,-0.002319,0.064937,0.003093,791.044,782.0,1058.094,-94.858,-1152,-782,0.0,0.064,0.0,0.0,0.064,173.161,617.882,0.0,791.044,7.235,1050.859,0.0,1058.094
27.30634561891202,27116,2,8,4,0.0,-0.002303,0.064488,0.00055,797.041,813.0,1035.703,-94.876,-1130,-813,0.0,0.064,0.0,0.0,0.064,179.024,618.017,0.0,797.041,-12.766,1048.47,0.0,1035.703
27.31788470398169,27121,2,8,4,0.0,-0.002232,0.062508,-4.3e-05,793.294,797.0,1041.852,-94.955,-1136,-797,0.0,0.062,0.0,0.0,0.062,175.145,618.148,0.0,793.294,-2.964,1044.817,0.0,1041.852
27.31788470398169,27126,2,8,4,0.0,-0.002228,0.062391,0.003255,783.853,782.0,1041.203,-94.959,-1136,-782,0.0,0.062,0.0,0.0,0.062,165.581,618.272,0.0,783.853,1.483,1039.72,0.0,1041.203
27.31788470398169,27131,2,8,4,0.0,-0.00218,0.061056,-0.001279,792.945,798.0,1037.621,-95.012,-1132,-798,0.0,0.061,0.0,0.0,0.061,174.541,618.403,0.0,792.945,-4.043,1041.665,0.0,1037.621
27.329197810962796,27136,2,8,4,0.0,-0.002149,0.060189,-0.012792,822.906,797.0,1075.114,-95.047,-1170,-797,0.0,0.06,0.0,0.0,0.06,204.349,618.556,0.0,822.906,20.725,1054.389,0.0,1075.114
27.329197810962796,27141,2,8,4,0.0,-0.002056,0.05757,-0.005228,794.526,813.0,1032.153,-95.151,-1127,-765,0.0,0.057,0.0,0.0,0.057,175.837,618.688,0.0,794.526,-14.778,1046.932,0.0,1032.153
27.340183303924277,27151,2,8,4,0.0,-0.001996,0.055902,0.008035,752.929,780.0,1011.101,-95.218,-1106,-780,0.0,0.055,0.0,0.0,0.055,134.027,618.901,0.0,752.929,-21.656,1032.758,0.0,1011.101
27.35089528898243,27156,2,8,4,0.0,-0.002092,0.05859,0.005777,766.887,781.0,1014.579,-95.111,-1109,-781,0.0,0.058,0.0,0.0,0.058,147.875,619.012,0.0,766.887,-11.289,1025.869,0.0,1014.579
27.35089528898243,27161,2,8,4,0.0,-0.002173,0.06086,-0.003214,798.556,765.0,1067.678,-95.02,-1162,-813,0.0,0.06,0.0,0.0,0.06,179.409,619.146,0.0,798.556,26.845,1040.833,0.0,1067.678
27.361861647921614,27166,2,8,4,0.0,-0.002238,0.062682,-0.00888,819.668,827.0,1037.001,-94.948,-1131,-827,0.0,0.062,0.0,0.0,0.062,200.377,619.291,0.0,819.668,-5.865,1042.867,0.0,1037.001
27.361861647921614,27171,2,8,4,0.0,-0.002308,0.064625,-0.016783,847.408,811.0,1085.042,-94.87,-1179,-811,0.0,0.064,0.0,0.0,0.064,227.946,619.462,0.0,847.408,29.126,1055.915,0.0,1085.042
27.361861647921614,27176,2,8,4,0.0,-0.002372,0.066435,-0.022454,868.541,829.0,1111.265,-94.798,-1206,-829,0.0,0.066,0.0,0.0,0.066,248.892,619.649,0.0,868.541,31.633,1079.632,0.0,1111.265
27.37337106000632,27186,2,8,4,0.0,-0.002423,0.067862,-0.002726,817.58,828.0,1062.438,-94.741,-1157,-828,0.0,0.067,0.0,0.0,0.067,197.651,619.929,0.0,817.58,-8.335,1070.773,0.0,1062.438
27.3841113159433,27195,2,8,4,0.0,-0.002411,0.067534,0.00271,801.712,828.0,1038.54,-94.754,-1133,-828,0.0,0.067,0.0,0.0,0.067,181.507,620.204,0.0,801.712,-21.03,1059.571,0.0,1038.54
27.395206875982694,27201,2,8,4,0.0,-0.002519,0.070554,-0.00689,837.218,781.0,1128.594,-94.634,-1223,-846,0.0,0.07,0.0,0.0,0.07,216.843,620.374,0.0,837.218,44.974,1083.619,0.0,1128.594
27.40611950296443,27211,2,8,4,0.0,-0.002565,0.071836,-0.003133,830.601,830.0,1085.206,-94.583,-1179,-830,0.0,0.071,0.0,0.0,0.071,209.916,620.685,0.0,830.601,0.481,1084.724,0.0,1085.206
27.41743425792083,27221,2,8,4,0.0,-0.002743,0.076813,-0.007777,857.895,859.0,1100.997,-94.385,-1195,-860,0.0,0.076,0.0,0.0,0.076,236.854,621.04,0.0,857.895,-0.883,1101.881,0.0,1100.997
27.41743425792083,27231,2,8,4,0.0,-0.0029,0.081227,-0.002061,854.608,859.0,1105.154,-94.209,-1199,-859,0.0,0.081,0.0,0.0,0.081,233.208,621.399,0.0,854.608,-3.513,1108.667,0.0,1105.154
27.4286262789974,27236,2,8,4,0.0,-0.002879,0.080632,0.00233,840.816,846.0,1098.933,-94.232,-1193,-846,0.0,0.08,0.0,0.0,0.08,219.246,621.569,0.0,840.816,-4.146,1103.08,0.0,1098.933
27.4286262789974,27241,2,8,4,0.0,-0.002961,0.082935,-0.007782,875.772,845.0,1142.934,-94.141,-1237,-861,0.0,0.082,0.0,0.0,0.082,254.012,621.76,0.0,875.772,24.618,1118.316,0.0,1142.934
27.43976143200416,27246,2,8,4,0.0,-0.002952,0.082661,-0.001827,858.505,845.0,1129.739,-94.152,-1223,-845,0.0,0.082,0.0,0.0,0.082,236.568,621.937,0.0,858.505,10.804,1118.934,0.0,1129.739
27.43976143200416,27251,2,8,4,0.0,-0.002963,0.082968,0.005262,839.678,860.0,1096.986,-94.139,-1191,-860,0.0,0.082,0.0,0.0,0.082,217.577,622.1,0.0,839.678,-16.257,1113.243,0.0,1096.986
27.45075066492427,27256,2,8,4,0.0,-0.003032,0.084905,0.006013,843.158,845.0,1107.853,-94.062,-1201,-845,0.0,0.084,0.0,0.0,0.084,220.897,622.26,0.0,843.158,-1.473,1109.327,0.0,1107.853
27.45075066492427,27261,2,8,4,0.0,-0.003086,0.086425,0.000703,862.461,830.0,1149.522,-94.002,-1243,-877,0.0,0.086,0.0,0.0,0.086,240.021,622.44,0.0,862.461,25.969,1123.552,0.0,1149.522
27.461907255928963,27266,2,8,4,0.0,-0.003077,0.086182,0.012933,827.691,815.0,1114.047,-94.011,-1208,-815,0.0,0.086,0.0,0.0,0.086,205.097,622.594,0.0,827.691,10.153,1103.893,0.0,1114.047
27.461907255928963,27275,2,8,4,0.0,-0.003085,0.086401,-0.009259,890.819,876.0,1138.589,-94.002,-1232,-876,0.0,0.086,0.0,0.0,0.086,267.851,622.967,0.0,890.819,11.855,1126.733,0.0,1138.589
27.47320372099057,27280,2,8,4,0.0,-0.003051,0.085455,-0.000336,863.364,877.0,1109.06,-94.04,-1203,-875,0.0,0.085,0.0,0.0,0.085,240.216,623.148,0.0,863.364,-10.908,1119.968,0.0,1109.06
27.47320372099057,27285,2,8,4,0.0,-0.002967,0.083078,-0.00664,874.549,861.0,1131.935,-94.135,-1226,-861,0.0,0.083,0.0,0.0,0.083,251.213,623.336,0.0,874.549,10.839,1121.095,0.0,1131.935
27.484183848951943,27291,2,8,4,0.0,-0.002923,0.081851,-0.00376,863.231,846.0,1138.994,-94.184,-1233,-846,0.0,0.081,0.0,0.0,0.081,239.715,623.516,0.0,863.231,13.785,1125.209,0.0,1138.994
27.484183848951943,27296,2,8,4,0.0,-0.002883,0.080749,-0.002558,856.954,861.0,1122.606,-94.228,-1216,-861,0.0,0.08,0.0,0.0,0.08,233.263,623.691,0.0,856.954,-3.236,1125.842,0.0,1122.606
27.496009289985523,27301,2,8,4,0.0,-0.002853,0.079907,-0.004643,860.61,862.0,1124.113,-94.261,-1218,-861,0.0,0.079,0.0,0.0,0.079,236.741,623.868,0.0,860.61,-1.111,1125.224,0.0,1124.113
27.496009289985523,27306,2,8,4,0.0,-0.002802,0.078463,0.003802,833.076,828.0,1118.561,-94.319,-1212,-828,0.0,0.078,0.0,0.0,0.078,209.051,624.025,0.0,833.076,4.061,1114.499,0.0,1118.561
27.50692229694687,27311,2,8,4,0.0,-0.002676,0.074932,0.020057,777.789,831.0,1046.161,-94.46,-1140,-831,0.0,0.074,0.0,0.0,0.074,153.649,624.14,0.0,777.789,-42.568,1088.729,0.0,1046.161
27.50692229694687,27316,2,8,4,0.0,-0.002703,0.075705,0.010853,805.861,812.0,1076.926,-94.429,-1171,-812,0.0,0.075,0.0,0.0,0.075,181.584,624.276,0.0,805.861,-4.91,1081.837,0.0,1076.926
27.517864282941446,27325,2,8,4,0.0,-0.002701,0.075647,-0.010573,866.034,860.0,1111.778,-94.431,-1206,-860,0.0,0.075,0.0,0.0,0.075,241.417,624.616,0.0,866.034,4.827,1106.951,0.0,1111.778
27.517864282941446,27330,2,8,4,0.0,-0.002701,0.075647,-0.014144,876.23,861.0,1127.35,-94.431,-1221,-861,0.0,0.075,0.0,0.0,0.075,251.416,624.813,0.0,876.23,12.184,1115.166,0.0,1127.35
27.528990483959205,27335,2,8,4,0.0,-0.002903,0.081291,-0.029113,934.167,893.0,1173.46,-94.206,-1267,-893,0.0,0.081,0.0,0.0,0.081,309.132,625.035,0.0,934.167,32.933,1140.526,0.0,1173.46
27.528990483959205,27340,2,8,4,0.0,-0.002903,0.081291,-0.036597,955.371,895.0,1219.193,-94.206,-1313,-940,0.0,0.081,0.0,0.0,0.081,330.089,625.282,0.0,955.371,48.297,1170.895,0.0,1219.193
27.53977530496195,27346,2,8,4,0.0,-0.002659,0.074479,-0.002774,841.764,830.0,1139.834,-94.478,-1234,-830,0.0,0.074,0.0,0.0,0.074,216.311,625.452,0.0,841.764,9.411,1130.423,0.0,1139.834
27.53977530496195,27351,2,8,4,0.0,-0.00255,0.071422,-0.016542,871.933,877.0,1137.996,-94.599,-1232,-877,0.0,0.071,0.0,0.0,0.071,246.302,625.63,0.0,871.933,-4.053,1142.049,0.0,1137.996
27.550898003973998,27356,2,8,4,0.0,-0.00251,0.070297,-0.02226,884.984,877.0,1152.391,-94.644,-1247,-877,0.0,0.07,0.0,0.0,0.07,259.16,625.824,0.0,884.984,6.387,1146.003,0.0,1152.391
27.56194036290981,27365,2,8,4,0.0,-0.002321,0.064988,-0.017188,856.247,861.0,1120.685,-94.856,-1215,-861,0.0,0.064,0.0,0.0,0.064,230.094,626.153,0.0,856.247,-3.801,1124.487,0.0,1120.685
27.56194036290981,27370,2,8,4,0.0,-0.002264,0.063398,-0.011527,836.104,845.0,1108.094,-94.919,-1203,-845,0.0,0.063,0.0,0.0,0.063,209.793,626.311,0.0,836.104,-7.116,1115.211,0.0,1108.094
27.56194036290981,27375,2,8,4,0.0,-0.002251,0.063044,-0.006295,820.61,830.0,1099.977,-94.933,-1194,-830,0.0,0.063,0.0,0.0,0.063,194.153,626.456,0.0,820.61,-7.511,1107.488,0.0,1099.977
27.573263073922135,27381,2,8,4,0.0,-0.002217,0.0621,-0.01789,850.598,845.0,1116.147,-94.971,-1211,-846,0.0,0.062,0.0,0.0,0.062,223.973,626.625,0.0,850.598,4.479,1111.668,0.0,1116.147
27.573263073922135,27386,2,8,4,0.0,-0.002222,0.06224,-0.004099,812.516,830.0,1082.58,-94.965,-1177,-830,0.0,0.062,0.0,0.0,0.062,185.752,626.764,0.0,812.516,-13.987,1096.567,0.0,1082.58
27.58410745591391,27391,2,8,4,0.0,-0.002281,0.063872,-0.010279,834.544,844.0,1088.444,-94.9,-1183,-844,0.0,0.063,0.0,0.0,0.063,207.625,626.919,0.0,834.544,-7.564,1096.008,0.0,1088.444
27.58410745591391,27396,2,8,4,0.0,-0.002289,0.064116,-0.003317,815.878,828.0,1077.323,-94.891,-1172,-828,0.0,0.064,0.0,0.0,0.064,188.817,627.061,0.0,815.878,-9.697,1087.02,0.0,1077.323
27.59518336795736,27401,2,8,4,0.0,-0.002366,0.066248,0.00126,809.164,828.0,1062.506,-94.806,-1157,-814,0.0,0.066,0.0,0.0,0.066,181.966,627.197,0.0,809.164,-15.068,1077.575,0.0,1062.506
27.59518336795736,27406,2,8,4,0.0,-0.002419,0.067736,0.008064,794.402,827.0,1040.355,-94.746,-1135,-827,0.0,0.067,0.0,0.0,0.067,167.079,627.323,0.0,794.402,-26.077,1066.433,0.0,1040.355
27.60658570600208,27416,2,8,4,0.0,-0.002446,0.068495,0.008614,795.24,813.0,1037.928,-94.716,-1132,-813,0.0,0.068,0.0,0.0,0.068,167.666,627.574,0.0,795.24,-14.207,1052.136,0.0,1037.928
27.61799429100938,27425,2,8,4,0.0,-0.002531,0.070872,-0.002441,833.148,812.0,1084.069,-94.621,-1178,-812,0.0,0.07,0.0,0.0,0.07,205.279,627.869,0.0,833.148,16.918,1067.15,0.0,1084.069
27.61799429100938,27430,2,8,4,0.0,-0.002531,0.070872,-0.003913,837.428,813.0,1099.194,-94.621,-1193,-813,0.0,0.07,0.0,0.0,0.07,209.402,628.026,0.0,837.428,19.543,1079.651,0.0,1099.194
27.62929481093306,27436,2,8,4,0.0,-0.002451,0.06863,-0.003783,830.945,844.0,1068.549,-94.711,-1163,-844,0.0,0.068,0.0,0.0,0.068,202.759,628.185,0.0,830.945,-10.443,1078.993,0.0,1068.549
27.64034179598093,27445,2,8,4,0.0,-0.002346,0.065689,0.001819,807.284,798.0,1075.086,-94.828,-1169,-798,0.0,0.065,0.0,0.0,0.065,178.833,628.45,0.0,807.284,7.427,1067.659,0.0,1075.086
27.64034179598093,27450,2,8,4,0.0,-0.002402,0.067279,-0.007153,837.019,845.0,1071.526,-94.765,-1166,-845,0.0,0.067,0.0,0.0,0.067,208.412,628.607,0.0,837.019,-6.384,1077.91,0.0,1071.526
27.652384248911403,27455,2,8,4,0.0,-0.002402,0.067279,-0.01164,849.748,844.0,1085.155,-94.765,-1179,-844,0.0,0.067,0.0,0.0,0.067,220.975,628.773,0.0,849.748,4.598,1080.557,0.0,1085.155
27.652384248911403,27461,2,8,4,0.0,-0.002402,0.067279,-0.013883,856.2,830.0,1113.098,-94.765,-1207,-845,0.0,0.067,0.0,0.0,0.067,227.256,628.944,0.0,856.2,20.96,1092.138,0.0,1113.098
27.663511716993526,27470,2,8,4,0.0,-0.00283,0.079245,-0.020414,908.405,877.0,1158.044,-94.288,-1252,-877,0.0,0.079,0.0,0.0,0.079,279.047,629.357,0.0,908.405,25.124,1132.919,0.0,1158.044
27.663511716993526,27476,2,8,4,0.0,-0.002832,0.079304,-0.00836,875.011,845.0,1166.193,-94.285,-1260,-845,0.0,0.079,0.0,0.0,0.079,245.461,629.55,0.0,875.011,24.009,1142.184,0.0,1166.193
27.67461478698533,27481,2,8,4,0.0,-0.002734,0.076555,-0.013987,883.261,878.0,1152.614,-94.395,-1247,-893,0.0,0.076,0.0,0.0,0.076,253.52,629.74,0.0,883.261,4.208,1148.405,0.0,1152.614
27.67461478698533,27486,2,8,4,0.0,-0.002762,0.077357,-0.01124,878.0,875.0,1145.082,-94.363,-1239,-875,0.0,0.077,0.0,0.0,0.077,248.074,629.926,0.0,878.0,2.4,1142.682,0.0,1145.082
27.685622269986197,27491,2,8,4,0.0,-0.002751,0.077055,-0.005602,861.542,861.0,1139.153,-94.375,-1233,-861,0.0,0.077,0.0,0.0,0.077,231.442,630.099,0.0,861.542,0.433,1138.719,0.0,1139.153
27.69739948597271,27501,2,8,4,0.0,-0.0028,0.078414,-0.005269,864.772,877.0,1127.263,-94.321,-1221,-862,0.0,0.078,0.0,0.0,0.078,234.316,630.456,0.0,864.772,-9.781,1137.045,0.0,1127.263
27.69739948597271,27506,2,8,4,0.0,-0.002916,0.081659,-0.013092,895.966,893.0,1153.818,-94.191,-1248,-893,0.0,0.081,0.0,0.0,0.081,265.304,630.661,0.0,895.966,2.373,1151.445,0.0,1153.818
27.69739948597271,27511,2,8,4,0.0,-0.002789,0.078104,-0.001598,853.997,846.0,1147.705,-94.333,-1242,-846,0.0,0.078,0.0,0.0,0.078,223.168,630.829,0.0,853.997,6.397,1141.307,0.0,1147.705
27.70851910696365,27516,2,8,4,0.0,-0.002689,0.075308,3.7e-05,841.747,846.0,1135.747,-94.445,-1230,-846,0.0,0.075,0.0,0.0,0.075,210.76,630.987,0.0,841.747,-3.401,1139.149,0.0,1135.747
27.70851910696365,27521,2,8,4,0.0,-0.002599,0.072777,-0.009705,862.112,862.0,1141.062,-94.545,-1235,-877,0.0,0.072,0.0,0.0,0.072,230.951,631.16,0.0,862.112,0.089,1140.972,0.0,1141.062
27.719469807925634,27526,2,8,4,0.0,-0.002524,0.07068,0.001586,824.766,813.0,1131.943,-94.629,-1226,-813,0.0,0.07,0.0,0.0,0.07,193.46,631.305,0.0,824.766,9.413,1122.529,0.0,1131.943
27.719469807925634,27531,2,8,4,0.0,-0.002374,0.066499,-0.002797,825.477,876.0,1076.694,-94.796,-1171,-876,0.0,0.066,0.0,0.0,0.066,194.031,631.446,0.0,825.477,-40.418,1117.112,0.0,1076.694
27.730560204014182,27536,2,8,4,0.0,-0.002273,0.063668,-0.009042,835.191,845.0,1097.571,-94.908,-1192,-845,0.0,0.063,0.0,0.0,0.063,203.592,631.598,0.0,835.191,-7.847,1105.418,0.0,1097.571
27.741786354919896,27545,2,8,4,0.0,-0.002109,0.059065,-0.004054,808.628,813.0,1086.347,-95.092,-1181,-813,0.0,0.059,0.0,0.0,0.059,176.734,631.894,0.0,808.628,-3.496,1089.843,0.0,1086.347
27.741786354919896,27550,2,8,4,0.0,-0.002022,0.056617,0.001408,786.59,812.0,1057.016,-95.189,-1152,-812,0.0,0.056,0.0,0.0,0.056,154.585,632.005,0.0,786.59,-20.327,1077.343,0.0,1057.016
27.741786354919896,27555,2,8,4,0.0,-0.001971,0.055209,-0.006279,804.307,812.0,1067.166,-95.246,-1162,-812,0.0,0.055,0.0,0.0,0.055,172.167,632.139,0.0,804.307,-6.153,1073.32,0.0,1067.166
27.753428129013628,27560,2,8,4,0.0,-0.001832,0.051322,-0.003463,785.653,814.0,1037.19,-95.4,-1132,-812,0.0,0.051,0.0,0.0,0.051,153.402,632.25,0.0,785.653,-22.677,1059.867,0.0,1037.19
27.753428129013628,27565,2,8,4,0.0,-0.001751,0.049041,-0.001309,773.342,781.0,1037.213,-95.491,-1132,-781,0.0,0.049,0.0,0.0,0.049,140.982,632.36,0.0,773.342,-6.126,1043.339,0.0,1037.213
27.76442555396352,27571,2,8,4,0.0,-0.001732,0.048505,0.000201,767.71,765.0,1042.323,-95.513,-1137,-765,0.0,0.048,0.0,0.0,0.048,135.252,632.458,0.0,767.71,2.168,1040.155,0.0,1042.323
27.775679476908408,27581,2,8,4,0.0,-0.001799,0.050388,-0.003665,784.041,813.0,1007.446,-95.438,-1102,-764,0.0,0.05,0.0,0.0,0.05,151.35,632.691,0.0,784.041,-23.166,1030.613,0.0,1007.446
27.78692481899634,27590,2,8,4,0.0,-0.00186,0.052106,-0.005968,795.539,795.0,1041.101,-95.369,-1136,-795,0.0,0.052,0.0,0.0,0.052,162.608,632.931,0.0,795.539,0.431,1040.669,0.0,1041.101
27.78692481899634,27595,2,8,4,0.0,-0.001838,0.051486,0.001462,773.103,796.0,1011.106,-95.394,-1106,-796,0.0,0.051,0.0,0.0,0.051,140.067,633.036,0.0,773.103,-18.317,1029.424,0.0,1011.106
27.78692481899634,27601,2,8,4,0.0,-0.001838,0.051486,0.005177,762.799,780.0,1005.14,-95.394,-1100,-766,0.0,0.051,0.0,0.0,0.051,129.664,633.134,0.0,762.799,-13.76,1018.9,0.0,1005.14
27.79896160797216,27611,2,8,4,0.0,-0.00193,0.054049,-0.002473,791.634,781.0,1034.179,-95.292,-1129,-781,0.0,0.054,0.0,0.0,0.054,158.263,633.37,0.0,791.634,8.507,1025.672,0.0,1034.179
27.81002783391159,27616,2,8,4,0.0,-0.001875,0.052523,0.011165,749.257,766.0,1001.178,-95.353,-1096,-766,0.0,0.052,0.0,0.0,0.052,115.803,633.454,0.0,749.257,-13.394,1014.572,0.0,1001.178
27.81002783391159,27621,2,8,4,0.0,-0.001915,0.05364,0.000404,782.626,749.0,1056.012,-95.308,-1151,-796,0.0,0.053,0.0,0.0,0.053,149.061,633.565,0.0,782.626,26.901,1029.111,0.0,1056.012
27.821451668976806,27626,2,8,4,0.0,-0.002068,0.057918,-0.011354,827.675,813.0,1055.251,-95.138,-1150,-813,0.0,0.057,0.0,0.0,0.057,193.964,633.711,0.0,827.675,11.74,1043.511,0.0,1055.251
27.821451668976806,27631,2,8,4,0.0,-0.002283,0.063947,-0.007641,834.31,813.0,1071.185,-94.897,-1166,-813,0.0,0.063,0.0,0.0,0.063,200.449,633.861,0.0,834.31,17.048,1054.137,0.0,1071.185
27.832955203019083,27640,2,8,4,0.0,-0.002653,0.074285,-0.001897,847.494,828.0,1095.014,-94.485,-1189,-830,0.0,0.074,0.0,0.0,0.074,213.312,634.181,0.0,847.494,15.595,1079.418,0.0,1095.014
27.832955203019083,27645,2,8,4,0.0,-0.002752,0.077069,0.002463,843.236,845.0,1083.121,-94.374,-1177,-845,0.0,0.077,0.0,0.0,0.077,208.898,634.338,0.0,843.236,-1.41,1084.532,0.0,1083.121
27.843679941957816,27651,2,8,4,0.0,-0.002804,0.078513,0.006656,835.692,812.0,1105.433,-94.317,-1199,-812,0.0,0.078,0.0,0.0,0.078,201.202,634.49,0.0,835.692,18.954,1086.479,0.0,1105.433
27.843679941957816,27656,2,8,4,0.0,-0.002896,0.08111,0.010988,830.977,830.0,1090.943,-94.213,-1185,-830,0.0,0.081,0.0,0.0,0.081,196.34,634.637,0.0,830.977,0.781,1090.161,0.0,1090.943
27.854643687955104,27661,2,8,4,0.0,-0.003016,0.084472,0.019955,815.418,844.0,1054.476,-94.079,-1148,-827,0.0,0.084,0.0,0.0,0.084,180.645,634.773,0.0,815.418,-22.865,1077.341,0.0,1054.476
27.854643687955104,27666,2,8,4,0.0,-0.003054,0.08552,0.015874,829.928,828.0,1080.219,-94.038,-1174,-828,0.0,0.085,0.0,0.0,0.085,195.009,634.919,0.0,829.928,1.542,1078.676,0.0,1080.219
27.865772470948286,27671,2,8,4,0.0,-0.003144,0.088041,0.015209,839.001,814.0,1106.913,-93.937,-1200,-814,0.0,0.088,0.0,0.0,0.088,203.93,635.071,0.0,839.001,20.001,1086.912,0.0,1106.913
27.876587755978107,27680,2,8,4,0.0,-0.003188,0.089281,0.007685,863.87,844.0,1123.6,-93.888,-1217,-861,0.0,0.089,0.0,0.0,0.089,228.468,635.401,0.0,863.87,15.896,1107.703,0.0,1123.6
27.876587755978107,27685,2,8,4,0.0,-0.003113,0.087169,0.011192,848.304,846.0,1104.643,-93.972,-1198,-846,0.0,0.087,0.0,0.0,0.087,212.737,635.567,0.0,848.304,1.843,1102.799,0.0,1104.643
27.876587755978107,27691,2,8,4,0.0,-0.003075,0.086111,0.008493,853.058,845.0,1112.852,-94.014,-1206,-845,0.0,0.086,0.0,0.0,0.086,217.332,635.725,0.0,853.058,6.446,1106.405,0.0,1112.852
27.8882008229848,27701,2,8,4,0.0,-0.002963,0.082979,0.012401,833.65,844.0,1094.7,-94.139,-1188,-831,0.0,0.082,0.0,0.0,0.082,197.616,636.033,0.0,833.65,-8.279,1102.98,0.0,1094.7
27.899539240985177,27711,2,8,4,0.0,-0.002994,0.083854,0.00429,859.151,861.0,1114.49,-94.104,-1208,-861,0.0,0.083,0.0,0.0,0.083,222.779,636.372,0.0,859.151,-1.478,1115.969,0.0,1114.49
27.911114856018685,27716,2,8,4,0.0,-0.002979,0.083438,0.006022,853.302,845.0,1123.229,-94.121,-1217,-845,0.0,0.083,0.0,0.0,0.083,216.767,636.534,0.0,853.302,6.641,1116.587,0.0,1123.229
27.922938687959686,27725,2,8,4,0.0,-0.002809,0.078654,-0.005219,871.724,847.0,1145.158,-94.311,-1239,-847,0.0,0.078,0.0,0.0,0.078,234.845,636.878,0.0,871.724,19.779,1125.378,0.0,1145.158
27.922938687959686,27730,2,8,4,0.0,-0.002716,0.07606,-0.000795,852.243,863.0,1115.939,-94.415,-1210,-863,0.0,0.076,0.0,0.0,0.076,215.197,637.046,0.0,852.243,-8.604,1124.544,0.0,1115.939
27.922938687959686,27735,2,8,4,0.0,-0.002652,0.074263,0.001764,840.19,861.0,1097.489,-94.486,-1191,-861,0.0,0.074,0.0,0.0,0.074,202.997,637.192,0.0,840.19,-16.647,1114.137,0.0,1097.489
27.934300136985257,27741,2,8,4,0.0,-0.002595,0.072664,-0.005253,855.534,845.0,1126.241,-94.55,-1220,-846,0.0,0.072,0.0,0.0,0.072,218.17,637.364,0.0,855.534,8.427,1117.813,0.0,1126.241
27.934300136985257,27746,2,8,4,0.0,-0.002417,0.067685,-0.003687,837.36,859.0,1094.866,-94.748,-1189,-859,0.0,0.067,0.0,0.0,0.067,199.846,637.514,0.0,837.36,-17.311,1112.178,0.0,1094.866
27.945683263940737,27751,2,8,4,0.0,-0.002231,0.062473,-0.006712,831.378,830.0,1105.241,-94.956,-1200,-830,0.0,0.062,0.0,0.0,0.062,193.718,637.659,0.0,831.378,1.102,1104.138,0.0,1105.241
27.945683263940737,27756,2,8,4,0.0,-0.002036,0.057032,-0.010935,828.11,845.0,1084.872,-95.173,-1180,-845,0.0,0.057,0.0,0.0,0.057,190.308,637.802,0.0,828.11,-13.511,1098.383,0.0,1084.872
27.956774463993497,27761,2,8,4,0.0,-0.001938,0.05429,-0.001955,795.409,828.0,1054.09,-95.282,-1149,-812,0.0,0.054,0.0,0.0,0.054,157.488,637.92,0.0,795.409,-26.072,1080.162,0.0,1054.09
27.956774463993497,27766,2,8,4,0.0,-0.001864,0.052209,-0.005659,800.077,813.0,1063.738,-95.365,-1159,-813,0.0,0.052,0.0,0.0,0.052,162.035,638.042,0.0,800.077,-10.337,1074.076,0.0,1063.738
27.956774463993497,27771,2,8,4,0.0,-0.001734,0.048559,-0.009473,800.655,812.0,1059.023,-95.511,-1154,-812,0.0,0.048,0.0,0.0,0.048,162.491,638.163,0.0,800.655,-9.075,1068.099,0.0,1059.023
27.96820928598754,27776,2,8,4,0.0,-0.001658,0.046427,-0.002281,774.652,812.0,1019.526,-95.595,-1115,-812,0.0,0.046,0.0,0.0,0.046,136.385,638.266,0.0,774.652,-29.878,1049.404,0.0,1019.526
27.96820928598754,27781,2,8,4,0.0,-0.001596,0.044707,-0.013582,801.601,780.0,1073.918,-95.664,-1169,-813,0.0,0.044,0.0,0.0,0.044,163.212,638.388,0.0,801.601,17.28,1056.637,0.0,1073.918
27.9800242659403,27786,2,8,4,0.0,-0.001508,0.042249,-0.004518,769.438,780.0,1030.31,-95.762,-1126,-780,0.0,0.042,0.0,0.0,0.042,130.951,638.486,0.0,769.438,-8.449,1038.759,0.0,1030.31
27.9800242659403,27791,2,8,4,0.0,-0.001453,0.040696,-0.011293,784.166,781.0,1043.151,-95.824,-1138,-781,0.0,0.04,0.0,0.0,0.04,145.57,638.596,0.0,784.166,2.533,1040.617,0.0,1043.151
27.99081463192124,27796,2,8,4,0.0,-0.001489,0.041706,-0.012194,789.628,781.0,1051.651,-95.784,-1147,-781,0.0,0.041,0.0,0.0,0.041,150.923,638.705,0.0,789.628,6.902,1044.748,0.0,1051.651
27.99081463192124,27801,2,8,4,0.0,-0.001496,0.0419,-0.00979,783.549,782.0,1046.869,-95.776,-1142,-798,0.0,0.041,0.0,0.0,0.041,144.736,638.813,0.0,783.549,1.239,1045.629,0.0,1046.869
