host_time_s,tick_ms,seq_index,mode,phase,angle_ref_rad,angle_feedback_rad,speed_ref_rad_s,speed_feedback_rad_s,current_ref_raw,current_feedback_raw,voltage_ref_raw,output_ff_raw,output_cmd,real_current,motor_speed_rad_s,angle_pid_pout,angle_pid_iout,angle_pid_dout,angle_pid_output,speed_pid_pout,speed_pid_iout,speed_pid_dout,speed_pid_output,current_pid_pout,current_pid_iout,current_pid_dout,current_pid_output
0.742885714978911,415,0,0,0,0.0,0.0,0.0,0.0,0.0,0.0,0.0,0.0,0,105,0.0,0.0,0.0,0.0,0.0,0.0,0.0,0.0,0.0,0.0,0.0,0.0,0.0
0.7541105239652097,421,0,0,0,0.0,0.0,0.0,0.0,0.0,0.0,0.0,0.0,0,86,0.0,0.0,0.0,0.0,0.0,0.0,0.0,0.0,0.0,0.0,0.0,0.0,0.0
0.7541105239652097,426,0,0,0,0.0,0.0,0.0,0.0,0.0,0.0,0.0,0.0,0,99,0.0,0.0,0.0,0.0,0.0,0.0,0.0,0.0,0.0,0.0,0.0,0.0,0.0
0.7651982249226421,431,0,0,0,0.0,0.0,0.0,0.0,0.0,0.0,0.0,0.0,0,123,0.0,0.0,0.0,0.0,0.0,0.0,0.0,0.0,0.0,0.0,0.0,0.0,0.0
0.7651982249226421,436,0,0,0,0.0,0.0,0.0,0.0,0.0,0.0,0.0,0.0,0,123,0.0,0.0,0.0,0.0,0.0,0.0,0.0,0.0,0.0,0.0,0.0,0.0,0.0
0.7763265279354528,441,0,0,0,0.0,0.0,0.0,0.0,0.0,0.0,0.0,0.0,0,92,0.0,0.0,0.0,0.0,0.0,0.0,0.0,0.0,0.0,0.0,0.0,0.0,0.0
0.7763265279354528,446,0,0,0,0.0,0.0,0.0,0.0,0.0,0.0,0.0,0.0,0,92,0.0,0.0,0.0,0.0,0.0,0.0,0.0,0.0,0.0,0.0,0.0,0.0,0.0
0.7763265279354528,451,0,0,0,0.0,0.0,0.0,0.0,0.0,0.0,0.0,0.0,0,86,0.0,0.0,0.0,0.0,0.0,0.0,0.0,0.0,0.0,0.0,0.0,0.0,0.0
0.7880467550130561,456,0,0,0,0.0,0.0,0.0,0.0,0.0,0.0,0.0,0.0,0,105,0.0,0.0,0.0,0.0,0.0,0.0,0.0,0.0,0.0,0.0,0.0,0.0,0.0
0.7880467550130561,461,0,0,0,0.0,0.0,0.0,0.0,0.0,0.0,0.0,0.0,0,69,0.0,0.0,0.0,0.0,0.0,0.0,0.0,0.0,0.0,0.0,0.0,0.0,0.0
0.7993725140113384,466,0,0,0,0.0,0.0,0.0,0.0,0.0,0.0,0.0,0.0,0,117,0.0,0.0,0.0,0.0,0.0,0.0,0.0,0.0,0.0,0.0,0.0,0.0,0.0
0.7993725140113384,471,0,0,0,0.0,0.0,0.0,0.0,0.0,0.0,0.0,0.0,0,105,0.0,0.0,0.0,0.0,0.0,0.0,0.0,0.0,0.0,0.0,0.0,0.0,0.0
0.8106730479048565,476,0,0,0,0.0,0.0,0.0,0.0,0.0,0.0,0.0,0.0,0,99,0.0,0.0,0.0,0.0,0.0,0.0,0.0,0.0,0.0,0.0,0.0,0.0,0.0
0.8106730479048565,485,0,0,0,0.0,0.0,0.0,0.0,0.0,0.0,0.0,0.0,0,105,0.0,0.0,0.0,0.0,0.0,0.0,0.0,0.0,0.0,0.0,0.0,0.0,0.0
0.8225735069718212,490,0,0,0,0.0,0.0,0.0,0.0,0.0,0.0,0.0,0.0,0,98,0.0,0.0,0.0,0.0,0.0,0.0,0.0,0.0,0.0,0.0,0.0,0.0,0.0
0.8225735069718212,496,0,0,0,0.0,0.0,0.0,0.0,0.0,0.0,0.0,0.0,0,87,0.0,0.0,0.0,0.0,0.0,0.0,0.0,0.0,0.0,0.0,0.0,0.0,0.0
0.8339235469466075,501,0,0,0,0.0,0.0,0.0,0.0,0.0,0.0,0.0,0.0,0,86,0.0,0.0,0.0,0.0,0.0,0.0,0.0,0.0,0.0,0.0,0.0,0.0,0.0
0.8339235469466075,506,0,0,0,0.0,0.0,0.0,0.0,0.0,0.0,0.0,0.0,0,117,0.0,0.0,0.0,0.0,0.0,0.0,0.0,0.0,0.0,0.0,0.0,0.0,0.0
0.8456170109566301,511,0,0,0,0.0,0.0,0.0,0.0,0.0,0.0,0.0,0.0,0,117,0.0,0.0,0.0,0.0,0.0,0.0,0.0,0.0,0.0,0.0,0.0,0.0,0.0
0.8456170109566301,516,0,0,0,0.0,0.0,0.0,0.0,0.0,0.0,0.0,0.0,0,86,0.0,0.0,0.0,0.0,0.0,0.0,0.0,0.0,0.0,0.0,0.0,0.0,0.0
0.8577709419187158,521,0,0,0,0.0,0.0,0.0,0.0,0.0,0.0,0.0,0.0,0,105,0.0,0.0,0.0,0.0,0.0,0.0,0.0,0.0,0.0,0.0,0.0,0.0,0.0
0.8577709419187158,526,0,0,0,0.0,0.0,0.0,0.0,0.0,0.0,0.0,0.0,0,92,0.0,0.0,0.0,0.0,0.0,0.0,0.0,0.0,0.0,0.0,0.0,0.0,0.0
0.8577709419187158,531,0,0,0,0.0,0.0,0.0,0.0,0.0,0.0,0.0,0.0,0,73,0.0,0.0,0.0,0.0,0.0,0.0,0.0,0.0,0.0,0.0,0.0,0.0,0.0
0.8690516359638423,536,0,0,0,0.0,0.0,0.0,0.0,0.0,0.0,0.0,0.0,0,99,0.0,0.0,0.0,0.0,0.0,0.0,0.0,0.0,0.0,0.0,0.0,0.0,0.0
0.8690516359638423,541,0,0,0,0.0,0.0,0.0,0.0,0.0,0.0,0.0,0.0,0,86,0.0,0.0,0.0,0.0,0.0,0.0,0.0,0.0,0.0,0.0,0.0,0.0,0.0
0.8804220439633355,546,0,0,0,0.0,0.0,0.0,0.0,0.0,0.0,0.0,0.0,0,92,0.0,0.0,0.0,0.0,0.0,0.0,0.0,0.0,0.0,0.0,0.0,0.0,0.0
0.8804220439633355,551,0,0,0,0.0,0.0,0.0,0.0,0.0,0.0,0.0,0.0,0,86,0.0,0.0,0.0,0.0,0.0,0.0,0.0,0.0,0.0,0.0,0.0,0.0,0.0
0.8923707569483668,556,0,0,0,0.0,0.0,0.0,0.0,0.0,0.0,0.0,0.0,0,73,0.0,0.0,0.0,0.0,0.0,0.0,0.0,0.0,0.0,0.0,0.0,0.0,0.0
0.8923707569483668,561,0,0,0,0.0,0.0,0.0,0.0,0.0,0.0,0.0,0.0,0,92,0.0,0.0,0.0,0.0,0.0,0.0,0.0,0.0,0.0,0.0,0.0,0.0,0.0
0.8923707569483668,566,0,0,0,0.0,0.0,0.0,0.0,0.0,0.0,0.0,0.0,0,105,0.0,0.0,0.0,0.0,0.0,0.0,0.0,0.0,0.0,0.0,0.0,0.0,0.0
0.9038855519611388,575,0,0,0,0.0,0.0,0.0,0.0,0.0,0.0,0.0,0.0,0,105,0.0,0.0,0.0,0.0,0.0,0.0,0.0,0.0,0.0,0.0,0.0,0.0,0.0
0.9152180280070752,580,0,0,0,0.0,0.0,0.0,0.0,0.0,0.0,0.0,0.0,0,87,0.0,0.0,0.0,0.0,0.0,0.0,0.0,0.0,0.0,0.0,0.0,0.0,0.0
0.9152180280070752,586,0,0,0,0.0,0.0,0.0,0.0,0.0,0.0,0.0,0.0,0,105,0.0,0.0,0.0,0.0,0.0,0.0,0.0,0.0,0.0,0.0,0.0,0.0,0.0
0.9261931849177927,591,0,0,0,0.0,0.0,0.0,0.0,0.0,0.0,0.0,0.0,0,99,0.0,0.0,0.0,0.0,0.0,0.0,0.0,0.0,0.0,0.0,0.0,0.0,0.0
0.9261931849177927,596,0,0,0,0.0,0.0,0.0,0.0,0.0,0.0,0.0,0.0,0,117,0.0,0.0,0.0,0.0,0.0,0.0,0.0,0.0,0.0,0.0,0.0,0.0,0.0
0.9261931849177927,601,0,0,0,0.0,0.0,0.0,0.0,0.0,0.0,0.0,0.0,0,86,0.0,0.0,0.0,0.0,0.0,0.0,0.0,0.0,0.0,0.0,0.0,0.0,0.0
0.9387625639792532,606,0,0,0,0.0,0.0,0.0,0.0,0.0,0.0,0.0,0.0,0,105,0.0,0.0,0.0,0.0,0.0,0.0,0.0,0.0,0.0,0.0,0.0,0.0,0.0
0.9387625639792532,611,0,0,0,0.0,0.0,0.0,0.0,0.0,0.0,0.0,0.0,0,105,0.0,0.0,0.0,0.0,0.0,0.0,0.0,0.0,0.0,0.0,0.0,0.0,0.0
0.9499285839265212,616,0,0,0,0.0,0.0,0.0,0.0,0.0,0.0,0.0,0.0,0,105,0.0,0.0,0.0,0.0,0.0,0.0,0.0,0.0,0.0,0.0,0.0,0.0,0.0
0.9499285839265212,621,0,0,0,0.0,0.0,0.0,0.0,0.0,0.0,0.0,0.0,0,123,0.0,0.0,0.0,0.0,0.0,0.0,0.0,0.0,0.0,0.0,0.0,0.0,0.0
0.9610640238970518,626,0,0,0,0.0,0.0,0.0,0.0,0.0,0.0,0.0,0.0,0,117,0.0,0.0,0.0,0.0,0.0,0.0,0.0,0.0,0.0,0.0,0.0,0.0,0.0
0.9610640238970518,631,0,0,0,0.0,0.0,0.0,0.0,0.0,0.0,0.0,0.0,0,117,0.0,0.0,0.0,0.0,0.0,0.0,0.0,0.0,0.0,0.0,0.0,0.0,0.0
0.9727102169999853,636,0,0,0,0.0,0.0,0.0,0.0,0.0,0.0,0.0,0.0,0,117,0.0,0.0,0.0,0.0,0.0,0.0,0.0,0.0,0.0,0.0,0.0,0.0,0.0
0.9727102169999853,641,0,0,0,0.0,0.0,0.0,0.0,0.0,0.0,0.0,0.0,0,110,0.0,0.0,0.0,0.0,0.0,0.0,0.0,0.0,0.0,0.0,0.0,0.0,0.0
0.9727102169999853,646,0,0,0,0.0,0.0,0.0,0.0,0.0,0.0,0.0,0.0,0,105,0.0,0.0,0.0,0.0,0.0,0.0,0.0,0.0,0.0,0.0,0.0,0.0,0.0
0.9844799150014296,651,0,0,0,0.0,0.0,0.0,0.0,0.0,0.0,0.0,0.0,0,86,0.0,0.0,0.0,0.0,0.0,0.0,0.0,0.0,0.0,0.0,0.0,0.0,0.0
0.9844799150014296,656,0,0,0,0.0,0.0,0.0,0.0,0.0,0.0,0.0,0.0,0,123,0.0,0.0,0.0,0.0,0.0,0.0,0.0,0.0,0.0,0.0,0.0,0.0,0.0
0.9960085389902815,665,0,0,0,0.0,0.0,0.0,0.0,0.0,0.0,0.0,0.0,0,105,0.0,0.0,0.0,0.0,0.0,0.0,0.0,0.0,0.0,0.0,0.0,0.0,0.0
1.0072606418980286,670,0,0,0,0.0,0.0,0.0,0.0,0.0,0.0,0.0,0.0,0,92,0.0,0.0,0.0,0.0,0.0,0.0,0.0,0.0,0.0,0.0,0.0,0.0,0.0
1.0072606418980286,676,0,0,0,0.0,0.0,0.0,0.0,0.0,0.0,0.0,0.0,0,92,0.0,0.0,0.0,0.0,0.0,0.0,0.0,0.0,0.0,0.0,0.0,0.0,0.0
1.0072606418980286,681,0,0,0,0.0,0.0,0.0,0.0,0.0,0.0,0.0,0.0,0,110,0.0,0.0,0.0,0.0,0.0,0.0,0.0,0.0,0.0,0.0,0.0,0.0,0.0
1.0189527570037171,686,0,0,0,0.0,0.0,0.0,0.0,0.0,0.0,0.0,0.0,0,123,0.0,0.0,0.0,0.0,0.0,0.0,0.0,0.0,0.0,0.0,0.0,0.0,0.0
1.0189527570037171,691,0,0,0,0.0,0.0,0.0,0.0,0.0,0.0,0.0,0.0,0,117,0.0,0.0,0.0,0.0,0.0,0.0,0.0,0.0,0.0,0.0,0.0,0.0,0.0
1.0282069959212095,696,0,0,0,0.0,0.0,0.0,0.0,0.0,0.0,0.0,0.0,0,117,0.0,0.0,0.0,0.0,0.0,0.0,0.0,0.0,0.0,0.0,0.0,0.0,0.0
1.0282069959212095,701,0,0,0,0.0,0.0,0.0,0.0,0.0,0.0,0.0,0.0,0,117,0.0,0.0,0.0,0.0,0.0,0.0,0.0,0.0,0.0,0.0,0.0,0.0,0.0
1.0406333439750597,706,0,0,0,0.0,0.0,0.0,0.0,0.0,0.0,0.0,0.0,0,105,0.0,0.0,0.0,0.0,0.0,0.0,0.0,0.0,0.0,0.0,0.0,0.0,0.0
1.0406333439750597,711,0,0,0,0.0,0.0,0.0,0.0,0.0,0.0,0.0,0.0,0,110,0.0,0.0,0.0,0.0,0.0,0.0,0.0,0.0,0.0,0.0,0.0,0.0,0.0
1.0524069899693131,716,0,0,0,0.0,0.0,0.0,0.0,0.0,0.0,0.0,0.0,0,92,0.0,0.0,0.0,0.0,0.0,0.0,0.0,0.0,0.0,0.0,0.0,0.0,0.0
1.0524069899693131,721,0,0,0,0.0,0.0,0.0,0.0,0.0,0.0,0.0,0.0,0,105,0.0,0.0,0.0,0.0,0.0,0.0,0.0,0.0,0.0,0.0,0.0,0.0,0.0
1.0524069899693131,726,0,0,0,0.0,0.0,0.0,0.0,0.0,0.0,0.0,0.0,0,105,0.0,0.0,0.0,0.0,0.0,0.0,0.0,0.0,0.0,0.0,0.0,0.0,0.0
1.064005804946646,731,0,0,0,0.0,0.0,0.0,0.0,0.0,0.0,0.0,0.0,0,105,0.0,0.0,0.0,0.0,0.0,0.0,0.0,0.0,0.0,0.0,0.0,0.0,0.0
1.064005804946646,736,0,0,0,0.0,0.0,0.0,0.0,0.0,0.0,0.0,0.0,0,123,0.0,0.0,0.0,0.0,0.0,0.0,0.0,0.0,0.0,0.0,0.0,0.0,0.0
1.0752565579023212,741,0,0,0,0.0,0.0,0.0,0.0,0.0,0.0,0.0,0.0,0,86,0.0,0.0,0.0,0.0,0.0,0.0,0.0,0.0,0.0,0.0,0.0,0.0,0.0
1.0752565579023212,746,0,0,0,0.0,0.0,0.0,0.0,0.0,0.0,0.0,0.0,0,98,0.0,0.0,0.0,0.0,0.0,0.0,0.0,0.0,0.0,0.0,0.0,0.0,0.0
1.0865763039328158,755,0,0,0,0.0,0.0,0.0,0.0,0.0,0.0,0.0,0.0,0,73,0.0,0.0,0.0,0.0,0.0,0.0,0.0,0.0,0.0,0.0,0.0,0.0,0.0
1.0865763039328158,760,0,0,0,0.0,0.0,0.0,0.0,0.0,0.0,0.0,0.0,0,110,0.0,0.0,0.0,0.0,0.0,0.0,0.0,0.0,0.0,0.0,0.0,0.0,0.0
1.0978333379607648,765,0,0,0,0.0,0.0,0.0,0.0,0.0,0.0,0.0,0.0,0,123,0.0,0.0,0.0,0.0,0.0,0.0,0.0,0.0,0.0,0.0,0.0,0.0,0.0
1.0978333379607648,771,0,0,0,0.0,0.0,0.0,0.0,0.0,0.0,0.0,0.0,0,105,0.0,0.0,0.0,0.0,0.0,0.0,0.0,0.0,0.0,0.0,0.0,0.0,0.0
1.1088572589214891,776,0,0,0,0.0,0.0,0.0,0.0,0.0,0.0,0.0,0.0,0,117,0.0,0.0,0.0,0.0,0.0,0.0,0.0,0.0,0.0,0.0,0.0,0.0,0.0
1.1088572589214891,781,0,0,0,0.0,0.0,0.0,0.0,0.0,0.0,0.0,0.0,0,123,0.0,0.0,0.0,0.0,0.0,0.0,0.0,0.0,0.0,0.0,0.0,0.0,0.0
1.119755336898379,786,0,0,0,0.0,0.0,0.0,0.0,0.0,0.0,0.0,0.0,0,123,0.0,0.0,0.0,0.0,0.0,0.0,0.0,0.0,0.0,0.0,0.0,0.0,0.0
1.119755336898379,791,0,0,0,0.0,0.0,0.0,0.0,0.0,0.0,0.0,0.0,0,105,0.0,0.0,0.0,0.0,0.0,0.0,0.0,0.0,0.0,0.0,0.0,0.0,0.0
1.1308892499655485,796,0,0,0,0.0,0.0,0.0,0.0,0.0,0.0,0.0,0.0,0,117,0.0,0.0,0.0,0.0,0.0,0.0,0.0,0.0,0.0,0.0,0.0,0.0,0.0
1.1308892499655485,801,0,0,0,0.0,0.0,0.0,0.0,0.0,0.0,0.0,0.0,0,123,0.0,0.0,0.0,0.0,0.0,0.0,0.0,0.0,0.0,0.0,0.0,0.0,0.0
1.141897095949389,806,0,0,0,0.0,0.0,0.0,0.0,0.0,0.0,0.0,0.0,0,86,0.0,0.0,0.0,0.0,0.0,0.0,0.0,0.0,0.0,0.0,0.0,0.0,0.0
1.141897095949389,811,0,0,0,0.0,0.0,0.0,0.0,0.0,0.0,0.0,0.0,0,105,0.0,0.0,0.0,0.0,0.0,0.0,0.0,0.0,0.0,0.0,0.0,0.0,0.0
1.141897095949389,816,0,0,0,0.0,0.0,0.0,0.0,0.0,0.0,0.0,0.0,0,123,0.0,0.0,0.0,0.0,0.0,0.0,0.0,0.0,0.0,0.0,0.0,0.0,0.0
1.1537861889228225,821,0,0,0,0.0,0.0,0.0,0.0,0.0,0.0,0.0,0.0,0,123,0.0,0.0,0.0,0.0,0.0,0.0,0.0,0.0,0.0,0.0,0.0,0.0,0.0
1.1537861889228225,826,0,0,0,0.0,0.0,0.0,0.0,0.0,0.0,0.0,0.0,0,105,0.0,0.0,0.0,0.0,0.0,0.0,0.0,0.0,0.0,0.0,0.0,0.0,0.0
1.165599999949336,831,0,0,0,0.0,0.0,0.0,0.0,0.0,0.0,0.0,0.0,0,105,0.0,0.0,0.0,0.0,0.0,0.0,0.0,0.0,0.0,0.0,0.0,0.0,0.0
1.165599999949336,836,0,0,0,0.0,0.0,0.0,0.0,0.0,0.0,0.0,0.0,0,86,0.0,0.0,0.0,0.0,0.0,0.0,0.0,0.0,0.0,0.0,0.0,0.0,0.0
1.177655347972177,845,0,0,0,0.0,0.0,0.0,0.0,0.0,0.0,0.0,0.0,0,92,0.0,0.0,0.0,0.0,0.0,0.0,0.0,0.0,0.0,0.0,0.0,0.0,0.0
1.177655347972177,850,0,0,0,0.0,0.0,0.0,0.0,0.0,0.0,0.0,0.0,0,73,0.0,0.0,0.0,0.0,0.0,0.0,0.0,0.0,0.0,0.0,0.0,0.0,0.0
1.1891098310006782,855,0,0,0,0.0,0.0,0.0,0.0,0.0,0.0,0.0,0.0,0,135,0.0,0.0,0.0,0.0,0.0,0.0,0.0,0.0,0.0,0.0,0.0,0.0,0.0
1.1891098310006782,861,0,0,0,0.0,0.0,0.0,0.0,0.0,0.0,0.0,0.0,0,135,0.0,0.0,0.0,0.0,0.0,0.0,0.0,0.0,0.0,0.0,0.0,0.0,0.0
1.2005246159387752,866,0,0,0,0.0,0.0,0.0,0.0,0.0,0.0,0.0,0.0,0,110,0.0,0.0,0.0,0.0,0.0,0.0,0.0,0.0,0.0,0.0,0.0,0.0,0.0
1.2005246159387752,871,0,0,0,0.0,0.0,0.0,0.0,0.0,0.0,0.0,0.0,0,98,0.0,0.0,0.0,0.0,0.0,0.0,0.0,0.0,0.0,0.0,0.0,0.0,0.0
1.212548588984646,876,0,0,0,0.0,0.0,0.0,0.0,0.0,0.0,0.0,0.0,0,105,0.0,0.0,0.0,0.0,0.0,0.0,0.0,0.0,0.0,0.0,0.0,0.0,0.0
1.212548588984646,881,0,0,0,0.0,0.0,0.0,0.0,0.0,0.0,0.0,0.0,0,105,0.0,0.0,0.0,0.0,0.0,0.0,0.0,0.0,0.0,0.0,0.0,0.0,0.0
1.212548588984646,886,0,0,0,0.0,0.0,0.0,0.0,0.0,0.0,0.0,0.0,0,117,0.0,0.0,0.0,0.0,0.0,0.0,0.0,0.0,0.0,0.0,0.0,0.0,0.0
1.224904706934467,891,0,0,0,0.0,0.0,0.0,0.0,0.0,0.0,0.0,0.0,0,110,0.0,0.0,0.0,0.0,0.0,0.0,0.0,0.0,0.0,0.0,0.0,0.0,0.0
1.224904706934467,896,0,0,0,0.0,0.0,0.0,0.0,0.0,0.0,0.0,0.0,0,123,0.0,0.0,0.0,0.0,0.0,0.0,0.0,0.0,0.0,0.0,0.0,0.0,0.0
1.2360665960004553,901,0,0,0,0.0,0.0,0.0,0.0,0.0,0.0,0.0,0.0,0,86,0.0,0.0,0.0,0.0,0.0,0.0,0.0,0.0,0.0,0.0,0.0,0.0,0.0
1.2360665960004553,906,0,0,0,0.0,0.0,0.0,0.0,0.0,0.0,0.0,0.0,0,123,0.0,0.0,0.0,0.0,0.0,0.0,0.0,0.0,0.0,0.0,0.0,0.0,0.0
1.2360665960004553,911,0,0,0,0.0,0.0,0.0,0.0,0.0,0.0,0.0,0.0,0,110,0.0,0.0,0.0,0.0,0.0,0.0,0.0,0.0,0.0,0.0,0.0,0.0,0.0
1.2481783969560638,916,0,0,0,0.0,0.0,0.0,0.0,0.0,0.0,0.0,0.0,0,105,0.0,0.0,0.0,0.0,0.0,0.0,0.0,0.0,0.0,0.0,0.0,0.0,0.0
1.2481783969560638,921,0,0,0,0.0,0.0,0.0,0.0,0.0,0.0,0.0,0.0,0,117,0.0,0.0,0.0,0.0,0.0,0.0,0.0,0.0,0.0,0.0,0.0,0.0,0.0
1.2592813780065626,926,0,0,0,0.0,0.0,0.0,0.0,0.0,0.0,0.0,0.0,0,146,0.0,0.0,0.0,0.0,0.0,0.0,0.0,0.0,0.0,0.0,0.0,0.0,0.0
1.2705025039613247,935,0,0,0,0.0,0.0,0.0,0.0,0.0,0.0,0.0,0.0,0,123,0.0,0.0,0.0,0.0,0.0,0.0,0.0,0.0,0.0,0.0,0.0,0.0,0.0
1.2705025039613247,940,0,0,0,0.0,0.0,0.0,0.0,0.0,0.0,0.0,0.0,0,92,0.0,0.0,0.0,0.0,0.0,0.0,0.0,0.0,0.0,0.0,0.0,0.0,0.0
1.2705025039613247,945,0,0,0,0.0,0.0,0.0,0.0,0.0,0.0,0.0,0.0,0,99,0.0,0.0,0.0,0.0,0.0,0.0,0.0,0.0,0.0,0.0,0.0,0.0,0.0
1.2830072779906914,951,0,0,0,0.0,0.0,0.0,0.0,0.0,0.0,0.0,0.0,0,105,0.0,0.0,0.0,0.0,0.0,0.0,0.0,0.0,0.0,0.0,0.0,0.0,0.0
1.2830072779906914,956,0,0,0,0.0,0.0,0.0,0.0,0.0,0.0,0.0,0.0,0,117,0.0,0.0,0.0,0.0,0.0,0.0,0.0,0.0,0.0,0.0,0.0,0.0,0.0
1.294633236946538,961,0,0,0,0.0,0.0,0.0,0.0,0.0,0.0,0.0,0.0,0,105,0.0,0.0,0.0,0.0,0.0,0.0,0.0,0.0,0.0,0.0,0.0,0.0,0.0
1.294633236946538,966,0,0,0,0.0,0.0,0.0,0.0,0.0,0.0,0.0,0.0,0,128,0.0,0.0,0.0,0.0,0.0,0.0,0.0,0.0,0.0,0.0,0.0,0.0,0.0
1.3064694489585236,971,0,0,0,0.0,0.0,0.0,0.0,0.0,0.0,0.0,0.0,0,123,0.0,0.0,0.0,0.0,0.0,0.0,0.0,0.0,0.0,0.0,0.0,0.0,0.0
1.3064694489585236,976,0,0,0,0.0,0.0,0.0,0.0,0.0,0.0,0.0,0.0,0,134,0.0,0.0,0.0,0.0,0.0,0.0,0.0,0.0,0.0,0.0,0.0,0.0,0.0
1.3064694489585236,981,0,0,0,0.0,0.0,0.0,0.0,0.0,0.0,0.0,0.0,0,117,0.0,0.0,0.0,0.0,0.0,0.0,0.0,0.0,0.0,0.0,0.0,0.0,0.0
1.3179636619752273,986,0,0,0,0.0,0.0,0.0,0.0,0.0,0.0,0.0,0.0,0,117,0.0,0.0,0.0,0.0,0.0,0.0,0.0,0.0,0.0,0.0,0.0,0.0,0.0
1.3179636619752273,991,0,0,0,0.0,0.0,0.0,0.0,0.0,0.0,0.0,0.0,0,117,0.0,0.0,0.0,0.0,0.0,0.0,0.0,0.0,0.0,0.0,0.0,0.0,0.0
1.3296146009815857,996,0,0,0,0.0,0.0,0.0,0.0,0.0,0.0,0.0,0.0,0,92,0.0,0.0,0.0,0.0,0.0,0.0,0.0,0.0,0.0,0.0,0.0,0.0,0.0
1.3296146009815857,1001,0,0,0,0.0,0.0,0.0,0.0,0.0,0.0,0.0,0.0,0,105,0.0,0.0,0.0,0.0,0.0,0.0,0.0,0.0,0.0,0.0,0.0,0.0,0.0
1.3407927060034126,1006,0,0,0,0.0,0.0,0.0,0.0,0.0,0.0,0.0,0.0,0,123,0.0,0.0,0.0,0.0,0.0,0.0,0.0,0.0,0.0,0.0,0.0,0.0,0.0
1.3407927060034126,1011,0,0,0,0.0,0.0,0.0,0.0,0.0,0.0,0.0,0.0,0,92,0.0,0.0,0.0,0.0,0.0,0.0,0.0,0.0,0.0,0.0,0.0,0.0,0.0
1.3526787459850311,1016,0,0,0,0.0,0.0,0.0,0.0,0.0,0.0,0.0,0.0,0,134,0.0,0.0,0.0,0.0,0.0,0.0,0.0,0.0,0.0,0.0,0.0,0.0,0.0
1.3526787459850311,1021,0,0,0,0.0,0.0,0.0,0.0,0.0,0.0,0.0,0.0,0,105,0.0,0.0,0.0,0.0,0.0,0.0,0.0,0.0,0.0,0.0,0.0,0.0,0.0
1.3639237598981708,1030,0,0,0,0.0,0.0,0.0,0.0,0.0,0.0,0.0,0.0,0,86,0.0,0.0,0.0,0.0,0.0,0.0,0.0,0.0,0.0,0.0,0.0,0.0,0.0
1.3639237598981708,1035,0,0,0,0.0,0.0,0.0,0.0,0.0,0.0,0.0,0.0,0,86,0.0,0.0,0.0,0.0,0.0,0.0,0.0,0.0,0.0,0.0,0.0,0.0,0.0
1.3749515559757128,1041,0,0,0,0.0,0.0,0.0,0.0,0.0,0.0,0.0,0.0,0,86,0.0,0.0,0.0,0.0,0.0,0.0,0.0,0.0,0.0,0.0,0.0,0.0,0.0
1.3749515559757128,1046,0,0,0,0.0,0.0,0.0,0.0,0.0,0.0,0.0,0.0,0,92,0.0,0.0,0.0,0.0,0.0,0.0,0.0,0.0,0.0,0.0,0.0,0.0,0.0
1.3863577569136396,1051,0,0,0,0.0,0.0,0.0,0.0,0.0,0.0,0.0,0.0,0,105,0.0,0.0,0.0,0.0,0.0,0.0,0.0,0.0,0.0,0.0,0.0,0.0,0.0
1.3863577569136396,1056,0,0,0,0.0,0.0,0.0,0.0,0.0,0.0,0.0,0.0,0,123,0.0,0.0,0.0,0.0,0.0,0.0,0.0,0.0,0.0,0.0,0.0,0.0,0.0
1.3863577569136396,1061,0,0,0,0.0,0.0,0.0,0.0,0.0,0.0,0.0,0.0,0,117,0.0,0.0,0.0,0.0,0.0,0.0,0.0,0.0,0.0,0.0,0.0,0.0,0.0
1.3982389739248902,1066,0,0,0,0.0,0.0,0.0,0.0,0.0,0.0,0.0,0.0,0,87,0.0,0.0,0.0,0.0,0.0,0.0,0.0,0.0,0.0,0.0,0.0,0.0,0.0
1.3982389739248902,1071,0,0,0,0.0,0.0,0.0,0.0,0.0,0.0,0.0,0.0,0,87,0.0,0.0,0.0,0.0,0.0,0.0,0.0,0.0,0.0,0.0,0.0,0.0,0.0
1.4092944839503616,1076,0,0,0,0.0,0.0,0.0,0.0,0.0,0.0,0.0,0.0,0,117,0.0,0.0,0.0,0.0,0.0,0.0,0.0,0.0,0.0,0.0,0.0,0.0,0.0
1.4092944839503616,1081,0,0,0,0.0,0.0,0.0,0.0,0.0,0.0,0.0,0.0,0,110,0.0,0.0,0.0,0.0,0.0,0.0,0.0,0.0,0.0,0.0,0.0,0.0,0.0
1.420801023952663,1086,0,0,0,0.0,0.0,0.0,0.0,0.0,0.0,0.0,0.0,0,105,0.0,0.0,0.0,0.0,0.0,0.0,0.0,0.0,0.0,0.0,0.0,0.0,0.0
1.420801023952663,1091,0,0,0,0.0,0.0,0.0,0.0,0.0,0.0,0.0,0.0,0,98,0.0,0.0,0.0,0.0,0.0,0.0,0.0,0.0,0.0,0.0,0.0,0.0,0.0
1.420801023952663,1096,0,0,0,0.0,0.0,0.0,0.0,0.0,0.0,0.0,0.0,0,92,0.0,0.0,0.0,0.0,0.0,0.0,0.0,0.0,0.0,0.0,0.0,0.0,0.0
1.4333201909903437,1101,0,0,0,0.0,0.0,0.0,0.0,0.0,0.0,0.0,0.0,0,87,0.0,0.0,0.0,0.0,0.0,0.0,0.0,0.0,0.0,0.0,0.0,0.0,0.0
1.4333201909903437,1106,0,0,0,0.0,0.0,0.0,0.0,0.0,0.0,0.0,0.0,0,86,0.0,0.0,0.0,0.0,0.0,0.0,0.0,0.0,0.0,0.0,0.0,0.0,0.0
1.4448646559612826,1111,0,0,0,0.0,0.0,0.0,0.0,0.0,0.0,0.0,0.0,0,105,0.0,0.0,0.0,0.0,0.0,0.0,0.0,0.0,0.0,0.0,0.0,0.0,0.0
1.4561325379181653,1120,0,0,0,0.0,0.0,0.0,0.0,0.0,0.0,0.0,0.0,0,135,0.0,0.0,0.0,0.0,0.0,0.0,0.0,0.0,0.0,0.0,0.0,0.0,0.0
1.4561325379181653,1125,0,0,0,0.0,0.0,0.0,0.0,0.0,0.0,0.0,0.0,0,105,0.0,0.0,0.0,0.0,0.0,0.0,0.0,0.0,0.0,0.0,0.0,0.0,0.0
1.4681943859905005,1131,0,0,0,0.0,0.0,0.0,0.0,0.0,0.0,0.0,0.0,0,105,0.0,0.0,0.0,0.0,0.0,0.0,0.0,0.0,0.0,0.0,0.0,0.0,0.0
1.4681943859905005,1136,0,0,0,0.0,0.0,0.0,0.0,0.0,0.0,0.0,0.0,0,87,0.0,0.0,0.0,0.0,0.0,0.0,0.0,0.0,0.0,0.0,0.0,0.0,0.0
1.4681943859905005,1141,0,0,0,0.0,0.0,0.0,0.0,0.0,0.0,0.0,0.0,0,134,0.0,0.0,0.0,0.0,0.0,0.0,0.0,0.0,0.0,0.0,0.0,0.0,0.0
1.4802546210121363,1146,0,0,0,0.0,0.0,0.0,0.0,0.0,0.0,0.0,0.0,0,92,0.0,0.0,0.0,0.0,0.0,0.0,0.0,0.0,0.0,0.0,0.0,0.0,0.0
1.4802546210121363,1151,0,0,0,0.0,0.0,0.0,0.0,0.0,0.0,0.0,0.0,0,73,0.0,0.0,0.0,0.0,0.0,0.0,0.0,0.0,0.0,0.0,0.0,0.0,0.0
1.49163199798204,1156,0,0,0,0.0,0.0,0.0,0.0,0.0,0.0,0.0,0.0,0,117,0.0,0.0,0.0,0.0,0.0,0.0,0.0,0.0,0.0,0.0,0.0,0.0,0.0
1.49163199798204,1161,0,0,0,0.0,0.0,0.0,0.0,0.0,0.0,0.0,0.0,0,105,0.0,0.0,0.0,0.0,0.0,0.0,0.0,0.0,0.0,0.0,0.0,0.0,0.0
1.49163199798204,1166,0,0,0,0.0,0.0,0.0,0.0,0.0,0.0,0.0,0.0,0,92,0.0,0.0,0.0,0.0,0.0,0.0,0.0,0.0,0.0,0.0,0.0,0.0,0.0
1.5035894719185308,1171,0,0,0,0.0,0.0,0.0,0.0,0.0,0.0,0.0,0.0,0,86,0.0,0.0,0.0,0.0,0.0,0.0,0.0,0.0,0.0,0.0,0.0,0.0,0.0
1.5035894719185308,1176,0,0,0,0.0,0.0,0.0,0.0,0.0,0.0,0.0,0.0,0,110,0.0,0.0,0.0,0.0,0.0,0.0,0.0,0.0,0.0,0.0,0.0,0.0,0.0
1.515094581991434,1181,0,0,0,0.0,0.0,0.0,0.0,0.0,0.0,0.0,0.0,0,86,0.0,0.0,0.0,0.0,0.0,0.0,0.0,0.0,0.0,0.0,0.0,0.0,0.0
1.515094581991434,1186,0,0,0,0.0,0.0,0.0,0.0,0.0,0.0,0.0,0.0,0,123,0.0,0.0,0.0,0.0,0.0,0.0,0.0,0.0,0.0,0.0,0.0,0.0,0.0
1.5261200258973986,1191,0,0,0,0.0,0.0,0.0,0.0,0.0,0.0,0.0,0.0,0,123,0.0,0.0,0.0,0.0,0.0,0.0,0.0,0.0,0.0,0.0,0.0,0.0,0.0
1.5261200258973986,1196,0,0,0,0.0,0.0,0.0,0.0,0.0,0.0,0.0,0.0,0,105,0.0,0.0,0.0,0.0,0.0,0.0,0.0,0.0,0.0,0.0,0.0,0.0,0.0
1.5261200258973986,1201,0,0,0,0.0,0.0,0.0,0.0,0.0,0.0,0.0,0.0,0,134,0.0,0.0,0.0,0.0,0.0,0.0,0.0,0.0,0.0,0.0,0.0,0.0,0.0
1.538308457005769,1210,0,0,0,0.0,0.0,0.0,0.0,0.0,0.0,0.0,0.0,0,105,0.0,0.0,0.0,0.0,0.0,0.0,0.0,0.0,0.0,0.0,0.0,0.0,0.0
1.5497131309239194,1215,0,0,0,0.0,0.0,0.0,0.0,0.0,0.0,0.0,0.0,0,123,0.0,0.0,0.0,0.0,0.0,0.0,0.0,0.0,0.0,0.0,0.0,0.0,0.0
1.5497131309239194,1221,0,0,0,0.0,0.0,0.0,0.0,0.0,0.0,0.0,0.0,0,117,0.0,0.0,0.0,0.0,0.0,0.0,0.0,0.0,0.0,0.0,0.0,0.0,0.0
1.561189503991045,1226,0,0,0,0.0,0.0,0.0,0.0,0.0,0.0,0.0,0.0,0,87,0.0,0.0,0.0,0.0,0.0,0.0,0.0,0.0,0.0,0.0,0.0,0.0,0.0
1.561189503991045,1231,0,0,0,0.0,0.0,0.0,0.0,0.0,0.0,0.0,0.0,0,135,0.0,0.0,0.0,0.0,0.0,0.0,0.0,0.0,0.0,0.0,0.0,0.0,0.0
1.561189503991045,1236,0,0,0,0.0,0.0,0.0,0.0,0.0,0.0,0.0,0.0,0,105,0.0,0.0,0.0,0.0,0.0,0.0,0.0,0.0,0.0,0.0,0.0,0.0,0.0
1.5739211649633944,1241,0,0,0,0.0,0.0,0.0,0.0,0.0,0.0,0.0,0.0,0,135,0.0,0.0,0.0,0.0,0.0,0.0,0.0,0.0,0.0,0.0,0.0,0.0,0.0
1.5739211649633944,1246,0,0,0,0.0,0.0,0.0,0.0,0.0,0.0,0.0,0.0,0,105,0.0,0.0,0.0,0.0,0.0,0.0,0.0,0.0,0.0,0.0,0.0,0.0,0.0
1.5855703869601712,1251,0,0,0,0.0,0.0,0.0,0.0,0.0,0.0,0.0,0.0,0,99,0.0,0.0,0.0,0.0,0.0,0.0,0.0,0.0,0.0,0.0,0.0,0.0,0.0
1.5855703869601712,1256,0,0,0,0.0,0.0,0.0,0.0,0.0,0.0,0.0,0.0,0,98,0.0,0.0,0.0,0.0,0.0,0.0,0.0,0.0,0.0,0.0,0.0,0.0,0.0
1.5978285109158605,1261,0,0,0,0.0,0.0,0.0,0.0,0.0,0.0,0.0,0.0,0,99,0.0,0.0,0.0,0.0,0.0,0.0,0.0,0.0,0.0,0.0,0.0,0.0,0.0
1.5978285109158605,1266,0,0,0,0.0,0.0,0.0,0.0,0.0,0.0,0.0,0.0,0,99,0.0,0.0,0.0,0.0,0.0,0.0,0.0,0.0,0.0,0.0,0.0,0.0,0.0
1.5978285109158605,1271,0,0,0,0.0,0.0,0.0,0.0,0.0,0.0,0.0,0.0,0,123,0.0,0.0,0.0,0.0,0.0,0.0,0.0,0.0,0.0,0.0,0.0,0.0,0.0
1.6091479189926758,1276,0,0,0,0.0,0.0,0.0,0.0,0.0,0.0,0.0,0.0,0,123,0.0,0.0,0.0,0.0,0.0,0.0,0.0,0.0,0.0,0.0,0.0,0.0,0.0
1.6091479189926758,1281,0,0,0,0.0,0.0,0.0,0.0,0.0,0.0,0.0,0.0,0,135,0.0,0.0,0.0,0.0,0.0,0.0,0.0,0.0,0.0,0.0,0.0,0.0,0.0
1.6203775599133223,1286,0,0,0,0.0,0.0,0.0,0.0,0.0,0.0,0.0,0.0,0,74,0.0,0.0,0.0,0.0,0.0,0.0,0.0,0.0,0.0,0.0,0.0,0.0,0.0
1.6203775599133223,1291,0,0,0,0.0,0.0,0.0,0.0,0.0,0.0,0.0,0.0,0,105,0.0,0.0,0.0,0.0,0.0,0.0,0.0,0.0,0.0,0.0,0.0,0.0,0.0
1.6315134660108015,1300,0,0,0,0.0,0.0,0.0,0.0,0.0,0.0,0.0,0.0,0,129,0.0,0.0,0.0,0.0,0.0,0.0,0.0,0.0,0.0,0.0,0.0,0.0,0.0
1.6315134660108015,1305,0,0,0,0.0,0.0,0.0,0.0,0.0,0.0,0.0,0.0,0,110,0.0,0.0,0.0,0.0,0.0,0.0,0.0,0.0,0.0,0.0,0.0,0.0,0.0
1.6427918520057574,1311,0,0,0,0.0,0.0,0.0,0.0,0.0,0.0,0.0,0.0,0,105,0.0,0.0,0.0,0.0,0.0,0.0,0.0,0.0,0.0,0.0,0.0,0.0,0.0
1.6427918520057574,1316,0,0,0,0.0,0.0,0.0,0.0,0.0,0.0,0.0,0.0,0,87,0.0,0.0,0.0,0.0,0.0,0.0,0.0,0.0,0.0,0.0,0.0,0.0,0.0
1.6540193889522925,1321,0,0,0,0.0,0.0,0.0,0.0,0.0,0.0,0.0,0.0,0,98,0.0,0.0,0.0,0.0,0.0,0.0,0.0,0.0,0.0,0.0,0.0,0.0,0.0
1.6540193889522925,1326,0,0,0,0.0,0.0,0.0,0.0,0.0,0.0,0.0,0.0,0,105,0.0,0.0,0.0,0.0,0.0,0.0,0.0,0.0,0.0,0.0,0.0,0.0,0.0
1.665888946969062,1331,0,0,0,0.0,0.0,0.0,0.0,0.0,0.0,0.0,0.0,0,92,0.0,0.0,0.0,0.0,0.0,0.0,0.0,0.0,0.0,0.0,0.0,0.0,0.0
1.665888946969062,1336,0,0,0,0.0,0.0,0.0,0.0,0.0,0.0,0.0,0.0,0,134,0.0,0.0,0.0,0.0,0.0,0.0,0.0,0.0,0.0,0.0,0.0,0.0,0.0
1.6777352119097486,1341,0,0,0,0.0,0.0,0.0,0.0,0.0,0.0,0.0,0.0,0,105,0.0,0.0,0.0,0.0,0.0,0.0,0.0,0.0,0.0,0.0,0.0,0.0,0.0
1.6777352119097486,1346,0,0,0,0.0,0.0,0.0,0.0,0.0,0.0,0.0,0.0,0,129,0.0,0.0,0.0,0.0,0.0,0.0,0.0,0.0,0.0,0.0,0.0,0.0,0.0
1.6777352119097486,1351,0,0,0,0.0,0.0,0.0,0.0,0.0,0.0,0.0,0.0,0,135,0.0,0.0,0.0,0.0,0.0,0.0,0.0,0.0,0.0,0.0,0.0,0.0,0.0
1.688927136012353,1356,0,0,0,0.0,0.0,0.0,0.0,0.0,0.0,0.0,0.0,0,123,0.0,0.0,0.0,0.0,0.0,0.0,0.0,0.0,0.0,0.0,0.0,0.0,0.0
1.688927136012353,1361,0,0,0,0.0,0.0,0.0,0.0,0.0,0.0,0.0,0.0,0,99,0.0,0.0,0.0,0.0,0.0,0.0,0.0,0.0,0.0,0.0,0.0,0.0,0.0
1.6999742089537904,1366,0,0,0,0.0,0.0,0.0,0.0,0.0,0.0,0.0,0.0,0,105,0.0,0.0,0.0,0.0,0.0,0.0,0.0,0.0,0.0,0.0,0.0,0.0,0.0
1.6999742089537904,1371,0,0,0,0.0,0.0,0.0,0.0,0.0,0.0,0.0,0.0,0,86,0.0,0.0,0.0,0.0,0.0,0.0,0.0,0.0,0.0,0.0,0.0,0.0,0.0
1.7118271709186956,1376,0,0,0,0.0,0.0,0.0,0.0,0.0,0.0,0.0,0.0,0,105,0.0,0.0,0.0,0.0,0.0,0.0,0.0,0.0,0.0,0.0,0.0,0.0,0.0
1.7118271709186956,1381,0,0,0,0.0,0.0,0.0,0.0,0.0,0.0,0.0,0.0,0,87,0.0,0.0,0.0,0.0,0.0,0.0,0.0,0.0,0.0,0.0,0.0,0.0,0.0
1.723403196898289,1390,0,0,0,0.0,0.0,0.0,0.0,0.0,0.0,0.0,0.0,0,110,0.0,0.0,0.0,0.0,0.0,0.0,0.0,0.0,0.0,0.0,0.0,0.0,0.0
1.723403196898289,1395,0,0,0,0.0,0.0,0.0,0.0,0.0,0.0,0.0,0.0,0,117,0.0,0.0,0.0,0.0,0.0,0.0,0.0,0.0,0.0,0.0,0.0,0.0,0.0
1.73293344094418,1401,0,0,0,0.0,0.0,0.0,0.0,0.0,0.0,0.0,0.0,0,98,0.0,0.0,0.0,0.0,0.0,0.0,0.0,0.0,0.0,0.0,0.0,0.0,0.0
1.73293344094418,1406,0,0,0,0.0,0.0,0.0,0.0,0.0,0.0,0.0,0.0,0,105,0.0,0.0,0.0,0.0,0.0,0.0,0.0,0.0,0.0,0.0,0.0,0.0,0.0
1.7458306779153645,1411,0,7,1,0.0,1.9e-05,-0.000943,0.008147,-32.774,-17.0,-108.151,0.0,-108,-29,0.0,0.0,0.0,0.0,0.0,-32.725,-0.048,0.0,-32.774,-12.619,-95.532,0.0,-108.151
1.7458306779153645,1416,0,7,1,0.0,-3.4e-05,0.001658,-0.001681,11.984,19.0,-100.949,0.0,-100,19,0.0,0.001,0.0,0.0,0.001,12.023,-0.038,0.0,11.984,-5.612,-95.336,0.0,-100.949
1.757754344958812,1421,0,7,1,0.0,-0.000111,0.005343,-0.006752,43.54,50.0,-93.145,0.0,-93,68,0.0,0.005,0.0,0.0,0.005,43.543,-0.002,0.0,43.54,-5.167,-87.978,0.0,-93.145
1.757754344958812,1426,0,7,1,0.0,-0.000192,0.009231,-0.004973,51.177,44.0,-73.717,0.0,-73,56,0.0,0.009,0.0,0.0,0.009,51.137,0.04,0.0,51.177,5.742,-79.459,0.0,-73.717
1.757754344958812,1431,0,7,1,0.0,-0.000237,0.011415,6e-05,40.951,68.0,-104.503,0.0,-104,37,0.0,0.011,0.0,0.0,0.011,40.877,0.074,0.0,40.951,-21.638,-82.864,0.0,-104.503
1.7692582339514047,1436,0,7,1,0.0,-0.000208,0.010026,-0.003175,47.64,56.0,-84.054,0.0,-84,69,0.0,0.01,0.0,0.0,0.01,47.526,0.113,0.0,47.64,-6.687,-77.367,0.0,-84.054
1.7692582339514047,1441,0,7,1,0.0,-0.000195,0.009393,-0.003031,44.882,2.0,-38.717,0.0,-38,32,0.0,0.009,0.0,0.0,0.009,44.731,0.151,0.0,44.882,34.305,-73.023,0.0,-38.717
1.7808376050088555,1446,0,7,1,0.0,-0.00018,0.008649,0.009041,-1.261,2.0,-90.599,0.0,-90,14,0.0,0.008,0.0,0.0,0.008,-1.411,0.15,0.0,-1.261,-2.609,-87.989,0.0,-90.599
1.7808376050088555,1451,0,7,1,0.0,-0.000184,0.008844,0.007262,5.848,19.0,-106.294,0.0,-106,19,0.0,0.008,0.0,0.0,0.008,5.693,0.154,0.0,5.848,-10.521,-95.772,0.0,-106.294
1.7925753860035911,1456,0,7,1,0.0,-0.0002,0.009614,-0.004778,52.015,56.0,-90.124,0.0,-90,37,0.0,0.009,0.0,0.0,0.009,51.817,0.197,0.0,52.015,-3.187,-86.936,0.0,-90.124
1.7925753860035911,1461,0,7,1,0.0,-0.000238,0.011438,-0.003993,55.798,69.0,-88.32,0.0,-88,69,0.0,0.011,0.0,0.0,0.011,55.555,0.242,0.0,55.798,-10.561,-77.759,0.0,-88.32
1.7925753860035911,1466,0,7,1,0.0,-0.000287,0.013792,-0.021286,126.633,92.0,-18.338,0.0,-18,87,0.0,0.013,0.0,0.0,0.013,126.285,0.347,0.0,126.633,27.706,-46.045,0.0,-18.338
1.8031057779444382,1471,0,7,1,0.0,-0.000288,0.013834,-0.004729,67.231,37.0,-27.77,0.0,-27,37,0.0,0.013,0.0,0.0,0.013,66.828,0.403,0.0,67.231,24.185,-51.955,0.0,-27.77
1.8147910139523447,1480,0,7,1,0.0,-0.000256,0.012292,0.003939,30.562,68.0,-93.069,0.0,-93,50,0.0,0.012,0.0,0.0,0.012,30.071,0.491,0.0,30.562,-29.95,-63.119,0.0,-93.069
1.8147910139523447,1485,0,7,1,0.0,-0.00027,0.012984,-0.005518,67.157,69.0,-57.838,0.0,-57,87,0.0,0.012,0.0,0.0,0.012,66.611,0.546,0.0,67.157,-1.473,-56.364,0.0,-57.838
1.8261038089403883,1491,0,7,1,0.0,-0.000321,0.015431,-0.005648,76.496,50.0,-29.259,0.0,-29,87,0.0,0.015,0.0,0.0,0.015,75.886,0.61,0.0,76.496,21.196,-50.456,0.0,-29.259
1.8261038089403883,1496,0,7,1,0.0,-0.000325,0.015645,0.014685,4.07,50.0,-117.628,0.0,-117,19,0.0,0.015,0.0,0.0,0.015,3.457,0.612,0.0,4.07,-36.743,-80.885,0.0,-117.628
1.8261038089403883,1501,0,7,1,0.0,-0.000343,0.016483,-0.007018,85.29,105.0,-75.833,0.0,-75,74,0.0,0.016,0.0,0.0,0.016,84.607,0.683,0.0,85.29,-15.767,-60.065,0.0,-75.833
1.8382867289474234,1506,0,7,1,0.0,-0.00035,0.016814,0.002161,53.479,69.0,-79.806,0.0,-79,32,0.0,0.016,0.0,0.0,0.016,52.751,0.727,0.0,53.479,-12.416,-67.389,0.0,-79.806
1.8382867289474234,1511,0,7,1,0.0,-0.000363,0.017431,0.001699,57.408,55.0,-62.982,0.0,-62,55,0.0,0.017,0.0,0.0,0.017,56.633,0.774,0.0,57.408,1.926,-64.908,0.0,-62.982
1.8493636089842767,1516,0,7,1,0.0,-0.000372,0.017888,0.007402,38.554,19.0,-57.639,0.0,-57,50,0.0,0.017,0.0,0.0,0.017,37.748,0.806,0.0,38.554,15.643,-73.282,0.0,-57.639
1.8493636089842767,1521,0,7,1,0.0,-0.000382,0.018361,0.006716,42.763,37.0,-66.986,0.0,-66,37,0.0,0.018,0.0,0.0,0.018,41.922,0.84,0.0,42.763,4.61,-71.596,0.0,-66.986
1.8609453350072727,1526,0,7,1,0.0,-0.000378,0.018189,0.000331,65.185,50.0,-53.789,0.0,-53,37,0.0,0.018,0.0,0.0,0.018,64.291,0.894,0.0,65.185,12.148,-65.938,0.0,-53.789
1.8609453350072727,1531,0,7,1,0.0,-0.000362,0.017385,0.004984,45.576,37.0,-64.118,0.0,-64,44,0.0,0.017,0.0,0.0,0.017,44.644,0.931,0.0,45.576,6.861,-70.98,0.0,-64.118
1.872319362941198,1536,0,7,1,0.0,-0.000362,0.017391,-0.009331,97.214,87.0,-47.551,0.0,-47,69,0.0,0.017,0.0,0.0,0.017,96.202,1.011,0.0,97.214,8.171,-55.723,0.0,-47.551
1.872319362941198,1541,0,7,1,0.0,-0.000423,0.020328,-0.018242,139.98,117.0,-13.332,0.0,-13,105,0.0,0.02,0.0,0.0,0.02,138.852,1.127,0.0,139.98,18.384,-31.716,0.0,-13.332
1.872319362941198,1546,0,7,1,0.0,-0.000431,0.020733,-0.000874,78.982,87.0,-40.875,0.0,-40,74,0.0,0.02,0.0,0.0,0.02,77.789,1.192,0.0,78.982,-6.414,-34.461,0.0,-40.875
1.8845544349169359,1551,0,7,1,0.0,-0.000436,0.020942,0.001943,69.645,69.0,-36.447,0.0,-36,62,0.0,0.02,0.0,0.0,0.02,68.397,1.247,0.0,69.645,0.516,-36.963,0.0,-36.447
1.8845544349169359,1556,0,7,1,0.0,-0.000412,0.019782,-0.009695,107.454,105.0,-25.341,0.0,-25,117,0.0,0.019,0.0,0.0,0.019,106.119,1.335,0.0,107.454,1.963,-27.305,0.0,-25.341
1.8958453459199518,1561,0,7,1,0.0,-0.000426,0.020448,0.001559,69.393,87.0,-48.732,0.0,-48,69,0.0,0.02,0.0,0.0,0.02,68.001,1.392,0.0,69.393,-14.085,-34.647,0.0,-48.732
1.8958453459199518,1570,0,7,1,0.0,-0.00043,0.020671,0.004488,59.749,87.0,-69.321,0.0,-69,69,0.0,0.02,0.0,0.0,0.02,58.256,1.492,0.0,59.749,-21.8,-47.52,0.0,-69.321
1.9080452509224415,1575,0,7,1,0.0,-0.000406,0.019523,-0.011101,111.835,105.0,-26.561,0.0,-26,105,0.0,0.019,0.0,0.0,0.019,110.25,1.584,0.0,111.835,5.468,-32.029,0.0,-26.561
1.9080452509224415,1581,0,7,1,0.0,-0.000396,0.019009,0.008538,39.313,26.0,-35.168,0.0,-35,37,0.0,0.019,0.0,0.0,0.019,37.696,1.616,0.0,39.313,10.65,-45.819,0.0,-35.168
1.9197081469465047,1586,0,7,1,0.0,-0.000378,0.018151,0.010029,30.877,50.0,-73.621,0.0,-73,44,0.0,0.018,0.0,0.0,0.018,29.236,1.64,0.0,30.877,-15.298,-58.322,0.0,-73.621
1.9197081469465047,1591,0,7,1,0.0,-0.000363,0.017438,0.004351,48.791,69.0,-74.651,0.0,-74,56,0.0,0.017,0.0,0.0,0.017,47.111,1.679,0.0,48.791,-16.167,-58.484,0.0,-74.651
1.9292273099999875,1596,0,7,1,0.0,-0.000366,0.017582,-0.002041,72.384,55.0,-35.951,0.0,-35,87,0.0,0.017,0.0,0.0,0.017,70.645,1.738,0.0,72.384,13.907,-49.859,0.0,-35.951
1.9292273099999875,1601,0,7,1,0.0,-0.000415,0.019922,-0.002678,83.171,69.0,-36.449,0.0,-36,69,0.0,0.019,0.0,0.0,0.019,81.365,1.806,0.0,83.171,11.337,-47.786,0.0,-36.449
1.9420144929317757,1606,0,7,1,0.0,-0.000383,0.0184,-0.015021,122.227,74.0,9.774,0.0,9,87,0.0,0.018,0.0,0.0,0.018,120.321,1.906,0.0,122.227,38.582,-28.807,0.0,9.774
1.9420144929317757,1611,0,7,1,0.0,-0.000372,0.01787,0.001158,62.118,56.0,-39.202,0.0,-39,37,0.0,0.017,0.0,0.0,0.017,60.161,1.956,0.0,62.118,4.894,-44.096,0.0,-39.202
1.9420144929317757,1616,0,7,1,0.0,-0.000331,0.015904,0.006598,35.485,69.0,-81.341,0.0,-81,56,0.0,0.015,0.0,0.0,0.015,33.5,1.984,0.0,35.485,-26.811,-54.529,0.0,-81.341
1.9522080509923398,1621,0,7,1,0.0,-0.00033,0.015871,-0.011237,99.656,87.0,-31.409,0.0,-31,86,0.0,0.015,0.0,0.0,0.015,97.59,2.066,0.0,99.656,10.125,-41.534,0.0,-31.409
1.9522080509923398,1626,0,7,1,0.0,-0.000378,0.018168,-0.003296,79.405,87.0,-51.741,0.0,-51,56,0.0,0.018,0.0,0.0,0.018,77.274,2.13,0.0,79.405,-6.075,-45.665,0.0,-51.741
1.9648092619609088,1631,0,7,1,0.0,-0.000363,0.017437,-0.022021,144.301,123.0,-1.234,0.0,-1,123,0.0,0.017,0.0,0.0,0.017,142.052,2.248,0.0,144.301,17.041,-18.276,0.0,-1.234
1.9648092619609088,1636,0,7,1,0.0,-0.000393,0.01889,0.00547,50.599,55.0,-41.645,0.0,-41,56,0.0,0.018,0.0,0.0,0.018,48.31,2.289,0.0,50.599,-3.52,-38.124,0.0,-41.645
1.976436760975048,1641,0,7,1,0.0,-0.000328,0.015751,0.017394,-3.63,19.0,-83.01,0.0,-83,37,0.0,0.015,0.0,0.0,0.015,-5.914,2.284,0.0,-3.63,-18.104,-64.906,0.0,-83.01
1.976436760975048,1646,0,7,1,0.0,-0.000364,0.017503,-0.001293,70.009,87.0,-65.365,0.0,-65,74,0.0,0.017,0.0,0.0,0.017,67.668,2.34,0.0,70.009,-13.592,-51.773,0.0,-65.365
1.976436760975048,1651,0,7,1,0.0,-0.000372,0.017887,-0.000237,67.643,80.0,-61.212,0.0,-61,87,0.0,0.017,0.0,0.0,0.017,65.247,2.395,0.0,67.643,-9.885,-51.327,0.0,-61.212
1.9886802919209003,1656,0,7,1,0.0,-0.000368,0.017665,0.007796,37.952,50.0,-72.84,0.0,-72,37,0.0,0.017,0.0,0.0,0.017,35.527,2.424,0.0,37.952,-9.637,-63.202,0.0,-72.84
1.9981879099505022,1665,0,7,1,0.0,-0.000397,0.019091,-0.018065,136.393,105.0,2.845,0.0,2,117,0.0,0.019,0.0,0.0,0.019,133.764,2.629,0.0,136.393,25.114,-22.269,0.0,2.845
1.9981879099505022,1670,0,7,1,0.0,-0.000344,0.016549,0.016027,4.51,37.0,-85.411,0.0,-85,19,0.0,0.016,0.0,0.0,0.016,1.879,2.631,0.0,4.51,-25.991,-59.419,0.0,-85.411
2.0110620509367436,1676,0,7,1,0.0,-0.000344,0.016533,0.000463,60.532,69.0,-61.697,0.0,-61,55,0.0,0.016,0.0,0.0,0.016,57.853,2.679,0.0,60.532,-6.773,-54.923,0.0,-61.697
2.0110620509367436,1681,0,7,1,0.0,-0.000362,0.017405,-0.004139,80.303,86.0,-54.497,0.0,-54,74,0.0,0.017,0.0,0.0,0.017,77.56,2.743,0.0,80.303,-4.556,-49.94,0.0,-54.497
2.022959469933994,1686,0,7,1,0.0,-0.000379,0.018218,-0.00669,92.49,74.0,-24.659,0.0,-24,105,0.0,0.018,0.0,0.0,0.018,89.672,2.818,0.0,92.49,14.792,-39.451,0.0,-24.659
2.022959469933994,1691,0,7,1,0.0,-0.00039,0.018726,0.01565,13.9,37.0,-84.943,0.0,-84,8,0.0,0.018,0.0,0.0,0.018,11.072,2.827,0.0,13.9,-18.479,-66.464,0.0,-84.943
2.022959469933994,1696,0,7,1,0.0,-0.000416,0.019974,0.001533,69.272,80.0,-64.307,0.0,-64,68,0.0,0.019,0.0,0.0,0.019,66.389,2.883,0.0,69.272,-8.582,-55.724,0.0,-64.307
2.034197586006485,1701,0,7,1,0.0,-0.000441,0.021191,-0.002214,87.216,87.0,-47.344,0.0,-47,80,0.0,0.021,0.0,0.0,0.021,84.263,2.953,0.0,87.216,0.173,-47.518,0.0,-47.344
2.034197586006485,1706,0,7,1,0.0,-0.000466,0.022374,0.003742,70.083,74.0,-48.997,0.0,-48,87,0.0,0.022,0.0,0.0,0.022,67.074,3.009,0.0,70.083,-3.133,-45.863,0.0,-48.997
2.045481633977033,1711,0,7,1,0.0,-0.000468,0.022502,-0.00664,108.011,87.0,-19.693,0.0,-19,87,0.0,0.022,0.0,0.0,0.022,104.915,3.096,0.0,108.011,16.809,-36.502,0.0,-19.693
2.045481633977033,1716,0,7,1,0.0,-0.000432,0.020766,0.014379,26.109,19.0,-50.444,0.0,-50,37,0.0,0.02,0.0,0.0,0.02,22.993,3.115,0.0,26.109,5.687,-56.131,0.0,-50.444
2.0568589189788327,1721,0,7,1,0.0,-0.000419,0.020117,-0.000765,78.359,99.0,-70.153,0.0,-70,69,0.0,0.02,0.0,0.0,0.02,75.181,3.178,0.0,78.359,-16.512,-53.641,0.0,-70.153
2.0568589189788327,1726,0,7,1,0.0,-0.000441,0.021188,0.003402,67.263,80.0,-67.791,0.0,-67,74,0.0,0.021,0.0,0.0,0.021,64.032,3.231,0.0,67.263,-10.188,-57.602,0.0,-67.791
2.0568589189788327,1731,0,7,1,0.0,-0.000449,0.021587,-0.00527,100.0,105.0,-52.358,0.0,-52,99,0.0,0.021,0.0,0.0,0.021,96.691,3.309,0.0,100.0,-3.999,-48.358,0.0,-52.358
2.0688476879149675,1736,0,7,1,0.0,-0.000439,0.02108,-0.000575,81.336,74.0,-40.297,0.0,-40,69,0.0,0.021,0.0,0.0,0.021,77.962,3.374,0.0,81.336,5.869,-46.166,0.0,-40.297
2.0688476879149675,1741,0,7,1,0.0,-0.000445,0.021395,-0.009128,113.352,105.0,-25.844,0.0,-25,92,0.0,0.021,0.0,0.0,0.021,109.886,3.465,0.0,113.352,6.682,-32.526,0.0,-25.844
2.080299053923227,1746,0,7,1,0.0,-0.000432,0.020755,0.001671,72.226,56.0,-21.337,0.0,-21,87,0.0,0.02,0.0,0.0,0.02,68.702,3.523,0.0,72.226,12.98,-34.318,0.0,-21.337
2.091387339984067,1755,0,7,1,0.0,-0.0004,0.019238,-0.011636,114.75,105.0,-35.929,0.0,-35,87,0.0,0.019,0.0,0.0,0.019,111.151,3.598,0.0,114.75,7.8,-43.73,0.0,-35.929
2.091387339984067,1760,0,7,1,0.0,-0.000434,0.020878,-0.01151,120.296,92.0,-4.252,0.0,-4,92,0.0,0.02,0.0,0.0,0.02,116.6,3.696,0.0,120.296,22.637,-26.889,0.0,-4.252
2.091387339984067,1766,0,7,1,0.0,-0.000456,0.02189,0.008777,50.941,56.0,-44.514,0.0,-44,69,0.0,0.021,0.0,0.0,0.021,47.206,3.735,0.0,50.941,-4.046,-40.467,0.0,-44.514
2.1038113419199362,1771,0,7,1,0.0,-0.000386,0.018544,0.015134,16.024,50.0,-82.994,0.0,-82,37,0.0,0.018,0.0,0.0,0.018,12.278,3.745,0.0,16.024,-27.18,-55.814,0.0,-82.994
2.1038113419199362,1776,0,7,1,0.0,-0.00039,0.018751,-0.001827,77.89,99.0,-65.759,0.0,-65,74,0.0,0.018,0.0,0.0,0.018,74.083,3.807,0.0,77.89,-16.887,-48.872,0.0,-65.759
2.1140569359995425,1781,0,7,1,0.0,-0.000405,0.019467,-0.019083,142.707,110.0,8.771,0.0,8,92,0.0,0.019,0.0,0.0,0.019,138.784,3.923,0.0,142.707,26.166,-17.394,0.0,8.771
2.1140569359995425,1786,0,7,1,0.0,-0.000392,0.018835,-0.0172,133.761,92.0,31.761,0.0,31,98,0.0,0.018,0.0,0.0,0.018,129.73,4.031,0.0,133.761,33.409,-1.647,0.0,31.761
2.1244614738970995,1791,0,7,1,0.0,-0.000344,0.016542,0.013652,14.442,50.0,-65.35,0.0,-65,37,0.0,0.016,0.0,0.0,0.016,10.403,4.039,0.0,14.442,-28.445,-36.905,0.0,-65.35
2.1244614738970995,1796,0,7,1,0.0,-0.000313,0.015032,0.012436,13.394,44.0,-78.015,0.0,-78,37,0.0,0.015,0.0,0.0,0.015,9.346,4.047,0.0,13.394,-24.484,-53.53,0.0,-78.015
2.1351785379229113,1801,0,7,1,0.0,-0.000389,0.018701,-0.009012,103.903,123.0,-56.145,0.0,-56,87,0.0,0.018,0.0,0.0,0.018,99.772,4.13,0.0,103.903,-15.277,-40.868,0.0,-56.145
2.1351785379229113,1806,0,7,1,0.0,-0.000448,0.021518,-0.001029,85.369,69.0,-23.613,0.0,-23,99,0.0,0.021,0.0,0.0,0.021,81.171,4.198,0.0,85.369,13.095,-36.708,0.0,-23.613
2.147121742949821,1811,0,7,1,0.0,-0.000466,0.022413,0.012003,41.706,56.0,-65.291,0.0,-65,37,0.0,0.022,0.0,0.0,0.022,37.476,4.229,0.0,41.706,-11.434,-53.857,0.0,-65.291
2.147121742949821,1816,0,7,1,0.0,-0.00041,0.019697,0.008526,44.476,19.0,-32.773,0.0,-32,50,0.0,0.019,0.0,0.0,0.019,40.213,4.263,0.0,44.476,20.381,-53.154,0.0,-32.773
2.147121742949821,1821,0,7,1,0.0,-0.000475,0.022846,-0.01412,137.451,105.0,0.193,0.0,0,105,0.0,0.022,0.0,0.0,0.022,133.081,4.369,0.0,137.451,25.96,-25.767,0.0,0.193
2.1591681719291955,1826,0,7,1,0.0,-0.000453,0.021788,0.00909,50.123,55.0,-47.721,0.0,-47,69,0.0,0.021,0.0,0.0,0.021,45.715,4.408,0.0,50.123,-3.901,-43.82,0.0,-47.721
2.1591681719291955,1831,0,7,1,0.0,-0.000411,0.019738,0.00583,54.519,69.0,-60.69,0.0,-60,56,0.0,0.019,0.0,0.0,0.019,50.069,4.449,0.0,54.519,-11.584,-49.106,0.0,-60.69
2.1700379688991234,1836,0,7,1,0.0,-0.000449,0.021561,-0.016714,142.357,123.0,-4.899,0.0,-4,105,0.0,0.021,0.0,0.0,0.021,137.792,4.564,0.0,142.357,15.485,-20.385,0.0,-4.899
2.1700379688991234,1845,0,7,1,0.0,-0.000384,0.01846,0.006637,47.191,69.0,-73.265,0.0,-73,50,0.0,0.018,0.0,0.0,0.018,42.561,4.629,0.0,47.191,-17.446,-55.818,0.0,-73.265
2.1826391939539462,1850,0,7,1,0.0,-0.000404,0.019422,-0.007142,100.346,98.0,-42.614,0.0,-42,87,0.0,0.019,0.0,0.0,0.019,95.637,4.709,0.0,100.346,1.877,-44.491,0.0,-42.614
2.1826391939539462,1856,0,7,1,0.0,-0.000461,0.02216,-0.010573,122.65,105.0,-14.736,0.0,-14,117,0.0,0.022,0.0,0.0,0.022,117.842,4.808,0.0,122.65,14.12,-28.856,0.0,-14.736
2.195576377911493,1861,0,7,1,0.0,-0.000397,0.019073,0.007065,48.073,80.0,-72.372,0.0,-72,50,0.0,0.019,0.0,0.0,0.019,43.229,4.844,0.0,48.073,-25.541,-46.831,0.0,-72.372
2.195576377911493,1866,0,7,1,0.0,-0.000423,0.020312,-0.002908,88.509,105.0,-49.522,0.0,-49,74,0.0,0.02,0.0,0.0,0.02,83.595,4.913,0.0,88.509,-13.192,-36.33,0.0,-49.522
2.2077100789174438,1871,0,7,1,0.0,-0.000432,0.020769,-0.010931,119.134,123.0,-26.764,0.0,-26,123,0.0,0.02,0.0,0.0,0.02,114.125,5.008,0.0,119.134,-3.092,-23.672,0.0,-26.764
2.2077100789174438,1876,0,7,1,0.0,-0.000438,0.021035,0.005301,61.7,87.0,-61.269,0.0,-61,50,0.0,0.021,0.0,0.0,0.021,56.644,5.056,0.0,61.7,-20.239,-41.029,0.0,-61.269
2.2077100789174438,1881,0,7,1,0.0,-0.00039,0.018721,0.00956,38.062,69.0,-72.855,0.0,-72,69,0.0,0.018,0.0,0.0,0.018,32.978,5.083,0.0,38.062,-24.75,-48.104,0.0,-72.855
2.2177944279974326,1886,0,7,1,0.0,-0.000389,0.018687,0.016589,12.645,50.0,-94.515,0.0,-94,37,0.0,0.018,0.0,0.0,0.018,7.555,5.089,0.0,12.645,-29.883,-64.631,0.0,-94.515
2.2177944279974326,1891,0,7,1,0.0,-0.00043,0.020651,0.001879,72.725,80.0,-61.301,0.0,-61,69,0.0,0.02,0.0,0.0,0.02,67.579,5.146,0.0,72.725,-5.819,-55.482,0.0,-61.301
2.230699477950111,1896,0,7,1,0.0,-0.000465,0.022366,0.005855,64.635,69.0,-61.165,0.0,-61,32,0.0,0.022,0.0,0.0,0.022,59.439,5.195,0.0,64.635,-3.491,-57.674,0.0,-61.165
2.230699477950111,1901,0,7,1,0.0,-0.000466,0.022402,-0.005048,104.1,87.0,-28.082,0.0,-28,92,0.0,0.022,0.0,0.0,0.022,98.822,5.278,0.0,104.1,13.68,-41.762,0.0,-28.082
2.24223568092566,1906,0,7,1,0.0,-0.000457,0.021971,0.009556,50.009,37.0,-41.393,0.0,-41,37,0.0,0.021,0.0,0.0,0.021,44.693,5.315,0.0,50.009,10.407,-51.8,0.0,-41.393
2.24223568092566,1911,0,7,1,0.0,-0.000386,0.018547,0.01441,20.22,19.0,-62.065,0.0,-62,19,0.0,0.018,0.0,0.0,0.018,14.893,5.327,0.0,20.22,0.976,-63.041,0.0,-62.065
2.24223568092566,1916,0,7,1,0.0,-0.000346,0.016645,-0.009132,98.202,105.0,-52.076,0.0,-52,74,0.0,0.016,0.0,0.0,0.016,92.8,5.402,0.0,98.202,-5.437,-46.638,0.0,-52.076
2.253958593006246,1921,0,7,1,0.0,-0.000338,0.016247,0.005763,43.174,37.0,-53.76,0.0,-53,50,0.0,0.016,0.0,0.0,0.016,37.741,5.433,0.0,43.174,4.939,-58.699,0.0,-53.76
2.253958593006246,1926,0,7,1,0.0,-0.000331,0.015902,-0.000441,64.321,56.0,-52.268,0.0,-52,37,0.0,0.015,0.0,0.0,0.015,58.838,5.482,0.0,64.321,6.657,-58.926,0.0,-52.268
2.265570304938592,1935,0,7,1,0.0,-0.00031,0.014907,0.001662,53.275,56.0,-52.572,0.0,-52,62,0.0,0.014,0.0,0.0,0.014,47.681,5.594,0.0,53.275,-2.179,-50.393,0.0,-52.572
2.2769525710027665,1940,0,7,1,0.0,-0.000294,0.014123,0.017436,-6.339,19.0,-99.455,0.0,-99,19,0.0,0.014,0.0,0.0,0.014,-11.924,5.584,0.0,-6.339,-20.271,-79.183,0.0,-99.455
2.2769525710027665,1946,0,7,1,0.0,-0.0003,0.014414,-0.009041,90.097,92.0,-62.892,0.0,-62,74,0.0,0.014,0.0,0.0,0.014,84.442,5.655,0.0,90.097,-1.521,-61.37,0.0,-62.892
2.2769525710027665,1951,0,7,1,0.0,-0.000387,0.018607,-0.016341,131.576,87.0,-0.435,0.0,0,87,0.0,0.018,0.0,0.0,0.018,125.816,5.759,0.0,131.576,35.661,-36.097,0.0,-0.435
2.2885387539863586,1956,0,7,1,0.0,-0.000383,0.018384,-0.005077,90.293,69.0,-17.585,0.0,-17,56,0.0,0.018,0.0,0.0,0.018,84.463,5.829,0.0,90.293,17.035,-34.62,0.0,-17.585
2.2885387539863586,1961,0,7,1,0.0,-0.000385,0.018504,0.015042,18.302,19.0,-55.464,0.0,-55,32,0.0,0.018,0.0,0.0,0.018,12.462,5.84,0.0,18.302,-0.557,-54.906,0.0,-55.464
2.300497439922765,1966,0,7,1,0.0,-0.000377,0.018131,0.010219,34.346,37.0,-68.646,0.0,-68,62,0.0,0.018,0.0,0.0,0.018,28.482,5.864,0.0,34.346,-2.123,-66.522,0.0,-68.646
2.300497439922765,1971,0,7,1,0.0,-0.000407,0.019539,-0.02205,155.711,123.0,-9.152,0.0,-9,99,0.0,0.019,0.0,0.0,0.019,149.723,5.988,0.0,155.711,26.169,-35.322,0.0,-9.152
2.31192252994515,1976,0,7,1,0.0,-0.000434,0.02085,-0.000728,83.737,80.0,-37.901,0.0,-37,99,0.0,0.02,0.0,0.0,0.02,77.683,6.053,0.0,83.737,2.989,-40.891,0.0,-37.901
2.31192252994515,1981,0,7,1,0.0,-0.000433,0.020813,0.00491,63.35,80.0,-55.436,0.0,-55,69,0.0,0.02,0.0,0.0,0.02,57.249,6.101,0.0,63.35,-13.319,-42.117,0.0,-55.436
2.31192252994515,1986,0,7,1,0.0,-0.000423,0.02031,-0.015527,135.227,123.0,-11.417,0.0,-11,105,0.0,0.02,0.0,0.0,0.02,129.018,6.208,0.0,135.227,9.781,-21.199,0.0,-11.417
2.323949826997705,1991,0,7,1,0.0,-0.000406,0.019531,0.008796,44.885,69.0,-61.617,0.0,-61,56,0.0,0.019,0.0,0.0,0.019,38.645,6.24,0.0,44.885,-19.291,-42.326,0.0,-61.617
2.323949826997705,1996,0,7,1,0.0,-0.000441,0.021206,-0.017986,147.454,128.0,-0.531,0.0,0,86,0.0,0.021,0.0,0.0,0.021,141.096,6.358,0.0,147.454,15.563,-16.095,0.0,-0.531
2.3351780889788643,2001,0,7,1,0.0,-0.000483,0.02322,-0.017426,152.809,153.0,-1.247,0.0,-1,123,0.0,0.023,0.0,0.0,0.023,146.328,6.48,0.0,152.809,-0.152,-1.094,0.0,-1.247
2.3351780889788643,2006,0,7,1,0.0,-0.000474,0.022784,0.022267,8.342,44.0,-69.656,0.0,-69,26,0.0,0.022,0.0,0.0,0.022,1.86,6.481,0.0,8.342,-28.526,-41.13,0.0,-69.656
2.3462829269701615,2011,0,7,1,0.0,-0.000452,0.02171,0.007448,57.869,87.0,-64.146,0.0,-64,99,0.0,0.021,0.0,0.0,0.021,51.344,6.524,0.0,57.869,-23.304,-40.841,0.0,-64.146
2.3462829269701615,2016,0,7,1,0.0,-0.000505,0.024275,-0.021751,172.358,123.0,34.108,0.0,34,123,0.0,0.024,0.0,0.0,0.024,165.695,6.662,0.0,172.358,39.486,-5.377,0.0,34.108
2.3574972439091653,2025,0,7,1,0.0,-0.000494,0.023722,0.014318,40.599,56.0,-56.007,0.0,-56,50,0.0,0.023,0.0,0.0,0.023,33.855,6.744,0.0,40.599,-12.32,-43.686,0.0,-56.007
2.3574972439091653,2030,0,7,1,0.0,-0.000505,0.024262,-0.003225,105.784,146.0,-66.142,0.0,-66,87,0.0,0.024,0.0,0.0,0.024,98.958,6.826,0.0,105.784,-32.172,-33.97,0.0,-66.142
2.369216079940088,2036,0,7,1,0.0,-0.000501,0.024073,-0.018207,159.164,134.0,15.081,0.0,15,141,0.0,0.024,0.0,0.0,0.024,152.21,6.953,0.0,159.164,20.131,-5.05,0.0,15.081
2.369216079940088,2041,0,7,1,0.0,-0.00044,0.021141,-0.002157,90.899,74.0,-0.055,0.0,0,99,0.0,0.021,0.0,0.0,0.021,83.876,7.023,0.0,90.899,13.519,-13.574,0.0,-0.055
2.3808403839357197,2046,0,7,1,0.0,-0.000399,0.019156,0.014296,24.535,32.0,-47.509,0.0,-47,19,0.0,0.019,0.0,0.0,0.019,17.497,7.037,0.0,24.535,-5.971,-41.537,0.0,-47.509
2.3808403839357197,2051,0,7,1,0.0,-0.000435,0.020923,0.015052,28.19,56.0,-77.094,0.0,-77,50,0.0,0.02,0.0,0.0,0.02,21.134,7.055,0.0,28.19,-22.247,-54.846,0.0,-77.094
2.392655978910625,2056,0,7,1,0.0,-0.000508,0.024384,-0.007038,120.27,117.0,-28.234,0.0,-28,105,0.0,0.024,0.0,0.0,0.024,113.12,7.149,0.0,120.27,2.616,-30.85,0.0,-28.234
2.392655978910625,2061,0,7,1,0.0,-0.000534,0.02564,-0.011113,139.574,123.0,0.944,0.0,0,105,0.0,0.025,0.0,0.0,0.025,132.314,7.26,0.0,139.574,13.259,-12.314,0.0,0.944
2.392655978910625,2066,0,7,1,0.0,-0.000554,0.026603,0.008945,70.883,56.0,-9.102,0.0,-9,117,0.0,0.026,0.0,0.0,0.026,63.57,7.313,0.0,70.883,11.907,-21.009,0.0,-9.102
2.4041469279909506,2071,0,7,1,0.0,-0.000545,0.026169,0.006461,78.32,99.0,-48.846,0.0,-48,56,0.0,0.026,0.0,0.0,0.026,70.948,7.372,0.0,78.32,-16.543,-32.303,0.0,-48.846
2.4041469279909506,2076,0,7,1,0.0,-0.00053,0.025474,-0.001313,103.891,98.0,-14.715,0.0,-14,105,0.0,0.025,0.0,0.0,0.025,96.438,7.452,0.0,103.891,4.712,-19.428,0.0,-14.715
2.415611531934701,2081,0,7,1,0.0,-0.000563,0.027041,-0.021728,183.171,141.0,47.098,0.0,47,110,0.0,0.027,0.0,0.0,0.027,175.572,7.598,0.0,183.171,33.737,13.361,0.0,47.098
2.415611531934701,2086,0,7,1,0.0,-0.000577,0.027741,0.00563,87.264,63.0,15.739,0.0,15,68,0.0,0.027,0.0,0.0,0.027,79.599,7.665,0.0,87.264,19.411,-3.672,0.0,15.739
2.4280720739625394,2091,0,7,1,0.0,-0.000545,0.026182,0.011586,60.255,99.0,-55.135,0.0,-55,74,0.0,0.026,0.0,0.0,0.026,52.546,7.709,0.0,60.255,-30.995,-24.14,0.0,-55.135
2.4280720739625394,2096,0,7,1,0.0,-0.00053,0.025459,-0.001501,104.845,123.0,-33.896,0.0,-33,87,0.0,0.025,0.0,0.0,0.025,97.059,7.786,0.0,104.845,-14.523,-19.373,0.0,-33.896
2.4280720739625394,2101,0,7,1,0.0,-0.00057,0.027398,-0.01445,158.571,152.0,12.775,0.0,12,123,0.0,0.027,0.0,0.0,0.027,150.659,7.912,0.0,158.571,5.257,7.518,0.0,12.775
2.4396891409996897,2106,0,7,1,0.0,-0.000586,0.02816,0.012167,65.536,87.0,-25.509,0.0,-25,87,0.0,0.028,0.0,0.0,0.028,57.576,7.96,0.0,65.536,-17.17,-8.339,0.0,-25.509
2.450785464956425,2115,0,7,1,0.0,-0.000509,0.024469,-0.008444,126.574,141.0,-28.828,0.0,-28,105,0.0,0.024,0.0,0.0,0.024,118.49,8.084,0.0,126.574,-11.54,-17.288,0.0,-28.828
2.450785464956425,2120,0,7,1,0.0,-0.00059,0.028346,-0.020117,182.698,141.0,43.681,0.0,43,152,0.0,0.028,0.0,0.0,0.028,174.468,8.229,0.0,182.698,33.358,10.322,0.0,43.681
2.4629042429151013,2126,0,7,1,0.0,-0.000607,0.029171,-0.001411,118.421,134.0,-7.003,0.0,-7,141,0.0,0.029,0.0,0.0,0.029,110.099,8.321,0.0,118.421,-12.462,5.459,0.0,-7.003
2.4629042429151013,2131,0,7,1,0.0,-0.000577,0.027696,0.016798,47.586,56.0,-22.296,0.0,-22,74,0.0,0.027,0.0,0.0,0.027,39.232,8.354,0.0,47.586,-6.73,-15.566,0.0,-22.296
2.4629042429151013,2136,0,7,1,0.0,-0.000576,0.027678,0.005296,88.996,105.0,-26.84,0.0,-26,99,0.0,0.027,0.0,0.0,0.027,80.575,8.421,0.0,88.996,-12.802,-14.037,0.0,-26.84
2.475276782992296,2141,0,7,1,0.0,-0.000618,0.029702,-0.003087,126.566,134.0,-5.727,0.0,-5,134,0.0,0.029,0.0,0.0,0.029,118.046,8.519,0.0,126.566,-5.946,0.219,0.0,-5.727
2.475276782992296,2146,0,7,1,0.0,-0.000654,0.031408,-0.004809,139.012,134.0,17.845,0.0,17,134,0.0,0.031,0.0,0.0,0.031,130.384,8.628,0.0,139.012,4.01,13.834,0.0,17.845
2.487065968918614,2151,0,7,1,0.0,-0.000669,0.032118,0.017815,60.163,87.0,-32.604,0.0,-32,99,0.0,0.032,0.0,0.0,0.032,51.492,8.671,0.0,60.163,-21.469,-11.135,0.0,-32.604
2.487065968918614,2156,0,7,1,0.0,-0.00062,0.029803,-0.016055,173.902,152.0,33.811,0.0,33,152,0.0,0.029,0.0,0.0,0.029,165.094,8.808,0.0,173.902,17.522,16.289,0.0,33.811
2.487065968918614,2161,0,7,1,0.0,-0.0006,0.028817,-0.002921,123.164,134.0,3.301,0.0,3,87,0.0,0.028,0.0,0.0,0.028,114.26,8.903,0.0,123.164,-8.668,11.969,0.0,3.301
2.4987703189253807,2166,0,7,1,0.0,-0.00058,0.027846,-0.010029,145.372,171.0,3.158,0.0,3,128,0.0,0.027,0.0,0.0,0.027,136.355,9.017,0.0,145.372,-20.501,23.659,0.0,3.158
2.4987703189253807,2171,0,7,1,0.0,-0.000624,0.029996,-0.002399,125.742,152.0,0.44,0.0,0,152,0.0,0.029,0.0,0.0,0.029,116.627,9.114,0.0,125.742,-21.005,21.446,0.0,0.44
2.510374359902926,2176,0,7,1,0.0,-0.000632,0.030358,-0.009436,152.496,171.0,18.846,0.0,18,141,0.0,0.03,0.0,0.0,0.03,143.261,9.234,0.0,152.496,-14.803,33.649,0.0,18.846
2.510374359902926,2181,0,7,1,0.0,-0.00061,0.029319,0.006891,90.041,105.0,9.472,0.0,9,134,0.0,0.029,0.0,0.0,0.029,80.74,9.301,0.0,90.041,-11.966,21.439,0.0,9.472
2.5218337069964036,2186,0,7,1,0.0,-0.000594,0.028512,0.016784,51.554,69.0,-14.501,0.0,-14,152,0.0,0.028,0.0,0.0,0.028,42.219,9.335,0.0,51.554,-13.956,-0.544,0.0,-14.501
2.5218337069964036,2191,0,7,1,0.0,-0.000622,0.029891,-0.009262,150.405,164.0,9.106,0.0,9,123,0.0,0.029,0.0,0.0,0.029,140.952,9.452,0.0,150.405,-10.875,19.982,0.0,9.106
2.5218337069964036,2196,0,7,1,0.0,-0.000624,0.02996,-0.001059,121.215,105.0,35.44,0.0,35,105,0.0,0.029,0.0,0.0,0.029,111.669,9.545,0.0,121.215,12.972,22.467,0.0,35.44
2.533687226008624,2201,0,7,1,0.0,-0.000602,0.028936,-0.002219,121.804,117.0,29.76,0.0,29,152,0.0,0.028,0.0,0.0,0.028,112.164,9.639,0.0,121.804,3.843,25.917,0.0,29.76
2.5450204119551927,2210,0,7,1,0.0,-0.000615,0.029551,0.004727,99.133,98.0,6.403,0.0,6,87,0.0,0.029,0.0,0.0,0.029,89.367,9.765,0.0,99.133,0.906,5.496,0.0,6.403
2.5450204119551927,2215,0,7,1,0.0,-0.000667,0.032043,0.011998,81.988,92.0,-14.143,0.0,-14,87,0.0,0.032,0.0,0.0,0.032,72.163,9.825,0.0,81.988,-8.009,-6.134,0.0,-14.143
2.5563204489881173,2221,0,7,1,0.0,-0.000686,0.032961,-0.017512,191.684,141.0,76.105,0.0,76,171,0.0,0.032,0.0,0.0,0.032,181.707,9.977,0.0,191.684,40.547,35.558,0.0,76.105
2.5563204489881173,2226,0,7,1,0.0,-0.000711,0.034169,-0.007844,161.352,152.0,50.664,0.0,50,135,0.0,0.034,0.0,0.0,0.034,151.249,10.103,0.0,161.352,7.482,43.182,0.0,50.664
2.567971508949995,2231,0,7,1,0.0,-0.000645,0.030998,0.021379,44.761,74.0,-13.689,0.0,-13,87,0.0,0.03,0.0,0.0,0.03,34.629,10.132,0.0,44.761,-23.39,9.7,0.0,-13.689
2.567971508949995,2236,0,7,1,0.0,-0.000643,0.030897,0.003289,109.604,92.0,26.885,0.0,26,134,0.0,0.03,0.0,0.0,0.03,99.39,10.214,0.0,109.604,14.083,12.801,0.0,26.885
2.567971508949995,2241,0,7,1,0.0,-0.000694,0.033357,-0.015561,186.468,152.0,61.807,0.0,61,134,0.0,0.033,0.0,0.0,0.033,176.106,10.361,0.0,186.468,27.574,34.233,0.0,61.807
2.579732968006283,2246,0,7,1,0.0,-0.000693,0.033268,-0.0033,142.119,123.0,57.158,0.0,57,141,0.0,0.033,0.0,0.0,0.033,131.648,10.471,0.0,142.119,15.295,41.863,0.0,57.158
2.579732968006283,2251,0,7,1,0.0,-0.00072,0.03456,-0.003723,148.406,134.0,59.544,0.0,59,141,0.0,0.034,0.0,0.0,0.034,137.82,10.586,0.0,148.406,11.525,48.019,0.0,59.544
2.591204400989227,2256,0,7,1,0.0,-0.000644,0.030949,-0.001803,128.597,134.0,41.77,0.0,41,134,0.0,0.03,0.0,0.0,0.03,117.912,10.684,0.0,128.597,-4.322,46.092,0.0,41.77
2.591204400989227,2261,0,7,1,0.0,-0.00064,0.030753,-0.002893,131.916,123.0,56.92,0.0,56,152,0.0,0.03,0.0,0.0,0.03,121.131,10.785,0.0,131.916,7.133,49.787,0.0,56.92
2.602746122982353,2266,0,7,1,0.0,-0.000625,0.03002,0.002333,110.542,134.0,19.501,0.0,19,134,0.0,0.03,0.0,0.0,0.03,99.674,10.868,0.0,110.542,-18.765,38.267,0.0,19.501
2.602746122982353,2271,0,7,1,0.0,-0.000665,0.031922,-0.015864,183.044,134.0,101.582,0.0,101,171,0.0,0.031,0.0,0.0,0.031,172.032,11.011,0.0,183.044,39.235,62.347,0.0,101.582
2.602746122982353,2276,0,7,1,0.0,-0.000689,0.033079,-0.002489,139.16,128.0,65.039,0.0,65,164,0.0,0.033,0.0,0.0,0.033,128.046,11.114,0.0,139.16,8.928,56.111,0.0,65.039
2.6146102929487824,2281,0,7,1,0.0,-0.000684,0.032835,0.010649,91.049,128.0,6.177,0.0,6,134,0.0,0.032,0.0,0.0,0.032,79.868,11.181,0.0,91.049,-29.56,35.737,0.0,6.177
2.6146102929487824,2286,0,7,1,0.0,-0.000662,0.031808,0.003883,111.793,135.0,6.961,0.0,6,117,0.0,0.031,0.0,0.0,0.031,100.528,11.264,0.0,111.793,-18.565,25.527,0.0,6.961
2.624680551001802,2291,0,7,1,0.0,-0.000668,0.032109,-0.001441,132.15,134.0,28.851,0.0,28,134,0.0,0.032,0.0,0.0,0.032,120.785,11.365,0.0,132.15,-1.479,30.331,0.0,28.851
2.6371908149449155,2300,0,7,1,0.0,-0.000717,0.034439,0.005699,115.115,110.0,53.697,0.0,53,134,0.0,0.034,0.0,0.0,0.034,103.463,11.652,0.0,115.115,4.092,49.605,0.0,53.697
2.6371908149449155,2305,0,7,1,0.0,-0.00065,0.031214,0.029053,19.439,74.0,-36.506,0.0,-36,80,0.0,0.031,0.0,0.0,0.031,7.78,11.658,0.0,19.439,-43.648,7.142,0.0,-36.506
2.6371908149449155,2311,0,7,1,0.0,-0.00068,0.032678,-0.008584,160.33,141.0,48.181,0.0,48,134,0.0,0.032,0.0,0.0,0.032,148.547,11.783,0.0,160.33,15.464,32.717,0.0,48.181
2.649484455003403,2316,0,7,1,0.0,-0.000747,0.035865,-0.005443,160.618,141.0,57.661,0.0,57,141,0.0,0.035,0.0,0.0,0.035,148.711,11.906,0.0,160.618,15.694,41.966,0.0,57.661
2.649484455003403,2321,0,7,1,0.0,-0.000736,0.035367,0.003896,125.295,105.0,53.744,0.0,53,105,0.0,0.035,0.0,0.0,0.035,113.293,12.001,0.0,125.295,16.236,37.508,0.0,53.744
2.6609371659578755,2326,0,7,1,0.0,-0.000731,0.035108,0.014931,84.701,134.0,-22.939,0.0,-22,105,0.0,0.035,0.0,0.0,0.035,72.639,12.061,0.0,84.701,-39.438,16.499,0.0,-22.939
2.6609371659578755,2331,0,7,1,0.0,-0.000771,0.037028,-0.015206,200.264,182.0,59.005,0.0,59,159,0.0,0.037,0.0,0.0,0.037,188.046,12.218,0.0,200.264,14.611,44.393,0.0,59.005
2.672131814993918,2336,0,7,1,0.0,-0.000745,0.035789,-0.014849,194.671,159.0,91.127,0.0,91,171,0.0,0.035,0.0,0.0,0.035,182.3,12.37,0.0,194.671,28.537,62.59,0.0,91.127
2.672131814993918,2341,0,7,1,0.0,-0.000738,0.035452,-0.013163,187.535,171.0,89.246,0.0,89,182,0.0,0.035,0.0,0.0,0.035,175.018,12.516,0.0,187.535,13.228,76.018,0.0,89.246
2.672131814993918,2346,0,7,1,0.0,-0.000734,0.035239,0.015519,83.567,141.0,2.055,0.0,2,134,0.0,0.035,0.0,0.0,0.035,70.992,12.575,0.0,83.567,-45.945,48.001,0.0,2.055
2.683303030906245,2351,0,7,1,0.0,-0.000712,0.0342,0.006942,110.786,146.0,9.363,0.0,9,141,0.0,0.034,0.0,0.0,0.034,98.129,12.657,0.0,110.786,-28.17,37.534,0.0,9.363
2.683303030906245,2356,0,7,1,0.0,-0.000739,0.035513,-0.002144,148.34,141.0,52.569,0.0,52,135,0.0,0.035,0.0,0.0,0.035,135.57,12.77,0.0,148.34,5.872,46.697,0.0,52.569
2.6947589579503983,2361,0,7,1,0.0,-0.000745,0.035773,0.017191,79.722,87.0,21.8,0.0,21,123,0.0,0.035,0.0,0.0,0.035,66.896,12.826,0.0,79.722,-5.822,27.622,0.0,21.8
2.6947589579503983,2366,0,7,1,0.0,-0.00076,0.036485,-0.009299,177.785,164.0,52.066,0.0,52,159,0.0,0.036,0.0,0.0,0.036,164.826,12.958,0.0,177.785,11.028,41.038,0.0,52.066
2.7059306129813194,2371,0,7,1,0.0,-0.000752,0.036138,-0.005171,161.798,128.0,75.595,0.0,75,141,0.0,0.036,0.0,0.0,0.036,148.716,13.082,0.0,161.798,27.038,48.556,0.0,75.595
2.7059306129813194,2376,0,7,1,0.0,-0.000726,0.034859,-0.005424,158.224,153.0,54.21,0.0,54,135,0.0,0.034,0.0,0.0,0.034,145.021,13.202,0.0,158.224,4.179,50.03,0.0,54.21
2.7182241199770942,2381,0,7,1,0.0,-0.000712,0.034206,0.002027,129.144,159.0,20.704,0.0,20,105,0.0,0.034,0.0,0.0,0.034,115.844,13.299,0.0,129.144,-23.884,44.588,0.0,20.704
2.7182241199770942,2390,0,7,1,0.0,-0.000679,0.032618,-0.009684,165.797,141.0,72.988,0.0,72,141,0.0,0.032,0.0,0.0,0.032,152.292,13.505,0.0,165.797,19.838,53.149,0.0,72.988
2.7296953089535236,2395,0,7,1,0.0,-0.000677,0.032527,-0.002916,141.208,105.0,81.428,0.0,81,128,0.0,0.032,0.0,0.0,0.032,127.596,13.612,0.0,141.208,28.967,52.46,0.0,81.428
2.7296953089535236,2401,0,7,1,0.0,-0.000686,0.032954,-0.00101,135.989,141.0,47.778,0.0,47,123,0.0,0.032,0.0,0.0,0.032,122.274,13.714,0.0,135.989,-4.008,51.786,0.0,47.778
2.7414588519604877,2406,0,7,1,0.0,-0.000691,0.033168,-0.00559,153.364,152.0,50.136,0.0,50,123,0.0,0.033,0.0,0.0,0.033,139.533,13.831,0.0,153.364,1.091,49.044,0.0,50.136
2.7414588519604877,2411,0,7,1,0.0,-0.000667,0.032058,0.013289,81.454,117.0,0.81,0.0,0,105,0.0,0.032,0.0,0.0,0.032,67.566,13.887,0.0,81.454,-28.436,29.246,0.0,0.81
2.7414588519604877,2416,0,7,1,0.0,-0.000675,0.032436,0.01804,65.756,105.0,-21.773,0.0,-21,87,0.0,0.032,0.0,0.0,0.032,51.825,13.93,0.0,65.756,-31.395,9.621,0.0,-21.773
2.7537389509379864,2421,0,7,1,0.0,-0.000711,0.034159,-0.001824,143.581,134.0,26.059,0.0,26,134,0.0,0.034,0.0,0.0,0.034,129.543,14.038,0.0,143.581,7.665,18.393,0.0,26.059
2.7537389509379864,2426,0,7,1,0.0,-0.000707,0.033936,-0.005771,157.106,105.0,68.566,0.0,68,123,0.0,0.033,0.0,0.0,0.033,142.949,14.157,0.0,157.106,41.685,26.88,0.0,68.566
2.764807238942012,2431,0,7,1,0.0,-0.000708,0.033994,0.005793,115.762,92.0,51.24,0.0,51,141,0.0,0.033,0.0,0.0,0.033,101.52,14.242,0.0,115.762,19.01,32.23,0.0,51.24
2.764807238942012,2436,0,7,1,0.0,-0.000669,0.032152,0.023721,44.618,87.0,-36.769,0.0,-36,87,0.0,0.032,0.0,0.0,0.032,30.35,14.267,0.0,44.618,-33.905,-2.863,0.0,-36.769
2.776401884970255,2441,0,7,1,0.0,-0.00066,0.031703,0.003764,114.929,105.0,13.479,0.0,13,134,0.0,0.031,0.0,0.0,0.031,100.578,14.351,0.0,114.929,7.943,5.535,0.0,13.479
2.776401884970255,2446,0,7,1,0.0,-0.000716,0.034404,-0.011923,181.271,175.0,33.07,0.0,33,141,0.0,0.034,0.0,0.0,0.034,166.78,14.49,0.0,181.271,5.016,28.053,0.0,33.07
2.776401884970255,2451,0,7,1,0.0,-0.000725,0.0348,0.008075,110.78,117.0,12.93,0.0,12,105,0.0,0.034,0.0,0.0,0.034,96.209,14.57,0.0,110.78,-4.975,17.905,0.0,12.93
2.7883956469595432,2456,0,7,1,0.0,-0.000719,0.034528,-0.003689,152.271,123.0,58.315,0.0,58,135,0.0,0.034,0.0,0.0,0.034,137.586,14.685,0.0,152.271,23.417,34.898,0.0,58.315
2.7883956469595432,2461,0,7,1,0.0,-0.00074,0.035523,-0.017313,205.048,201.0,59.677,0.0,59,189,0.0,0.035,0.0,0.0,0.035,190.211,14.837,0.0,205.048,3.238,56.438,0.0,59.677
2.8001446949783713,2466,0,7,1,0.0,-0.000701,0.033666,0.00976,100.968,135.0,11.09,0.0,11,92,0.0,0.033,0.0,0.0,0.033,86.059,14.909,0.0,100.968,-27.224,38.315,0.0,11.09
2.8001446949783713,2471,0,7,1,0.0,-0.000717,0.034427,0.0021,131.384,141.0,39.955,0.0,39,141,0.0,0.034,0.0,0.0,0.034,116.378,15.006,0.0,131.384,-7.692,47.647,0.0,39.955
2.8116298179375008,2480,0,7,1,0.0,-0.000755,0.036283,-0.010504,183.681,152.0,83.685,0.0,83,152,0.0,0.036,0.0,0.0,0.036,168.434,15.247,0.0,183.681,25.345,58.34,0.0,83.685
2.8116298179375008,2485,0,7,1,0.0,-0.000773,0.03715,0.002868,138.764,134.0,59.561,0.0,59,141,0.0,0.037,0.0,0.0,0.037,123.414,15.35,0.0,138.764,3.811,55.75,0.0,59.561
2.8229398059193045,2490,0,7,1,0.0,-0.00076,0.036508,0.008737,115.406,117.0,42.453,0.0,42,153,0.0,0.036,0.0,0.0,0.036,99.972,15.433,0.0,115.406,-1.274,43.727,0.0,42.453
2.8229398059193045,2496,0,7,1,0.0,-0.000729,0.035021,0.01032,104.432,105.0,31.125,0.0,31,110,0.0,0.035,0.0,0.0,0.035,88.923,15.508,0.0,104.432,-0.454,31.579,0.0,31.125
2.8341353359865025,2501,0,7,1,0.0,-0.000734,0.035239,-0.004848,159.943,152.0,44.673,0.0,44,134,0.0,0.035,0.0,0.0,0.035,144.314,15.628,0.0,159.943,6.354,38.318,0.0,44.673
2.8341353359865025,2506,0,7,1,0.0,-0.000759,0.036436,-0.015397,202.386,171.0,83.695,0.0,83,159,0.0,0.036,0.0,0.0,0.036,186.602,15.784,0.0,202.386,25.109,58.585,0.0,83.695
2.8457189959008247,2511,0,7,1,0.0,-0.000772,0.037062,0.005512,129.46,92.0,79.524,0.0,79,134,0.0,0.037,0.0,0.0,0.037,113.581,15.878,0.0,129.46,29.968,49.556,0.0,79.524
2.8457189959008247,2516,0,7,1,0.0,-0.000721,0.034627,0.015798,83.719,117.0,2.379,0.0,2,105,0.0,0.034,0.0,0.0,0.034,67.784,15.935,0.0,83.719,-26.624,29.004,0.0,2.379
2.8574995408998802,2521,0,7,1,0.0,-0.00073,0.035041,-0.009833,177.619,134.0,91.499,0.0,91,171,0.0,0.035,0.0,0.0,0.035,161.549,16.069,0.0,177.619,34.895,56.603,0.0,91.499
2.8574995408998802,2526,0,7,1,0.0,-0.000828,0.039776,-0.00628,182.011,159.0,86.264,0.0,86,141,0.0,0.039,0.0,0.0,0.039,165.803,16.207,0.0,182.011,18.409,67.855,0.0,86.264
2.8574995408998802,2531,0,7,1,0.0,-0.000835,0.040084,0.004832,143.22,141.0,64.166,0.0,64,152,0.0,0.04,0.0,0.0,0.04,126.906,16.313,0.0,143.22,1.776,62.39,0.0,64.166
2.869281808962114,2536,0,7,1,0.0,-0.000829,0.039799,0.001615,153.892,141.0,73.777,0.0,73,152,0.0,0.039,0.0,0.0,0.039,137.464,16.428,0.0,153.892,10.313,63.463,0.0,73.777
2.869281808962114,2541,0,7,1,0.0,-0.000786,0.037747,0.000593,150.294,141.0,71.048,0.0,71,105,0.0,0.037,0.0,0.0,0.037,133.754,16.539,0.0,150.294,7.435,63.612,0.0,71.048
2.878596958005801,2546,0,7,1,0.0,-0.000791,0.037973,0.006684,129.275,164.0,22.418,0.0,22,134,0.0,0.037,0.0,0.0,0.037,112.641,16.633,0.0,129.275,-27.779,50.198,0.0,22.418
2.878596958005801,2551,0,7,1,0.0,-0.000763,0.036647,-0.005938,170.065,152.0,78.492,0.0,78,171,0.0,0.036,0.0,0.0,0.036,153.309,16.756,0.0,170.065,14.452,64.04,0.0,78.492
2.8919059389736503,2556,0,7,1,0.0,-0.000791,0.037974,0.002922,143.046,134.0,66.681,0.0,66,117,0.0,0.037,0.0,0.0,0.037,126.185,16.861,0.0,143.046,7.237,59.444,0.0,66.681
2.8919059389736503,2561,0,7,1,0.0,-0.000795,0.038189,-0.011985,197.639,189.0,89.572,0.0,89,194,0.0,0.038,0.0,0.0,0.038,180.627,17.011,0.0,197.639,6.911,82.661,0.0,89.572
2.9014954019803554,2570,0,7,1,0.0,-0.000738,0.03544,0.001014,141.158,152.0,61.515,0.0,61,152,0.0,0.035,0.0,0.0,0.035,123.932,17.225,0.0,141.158,-8.673,70.189,0.0,61.515
2.9014954019803554,2575,0,7,1,0.0,-0.00071,0.034086,-0.005277,159.054,123.0,105.866,0.0,105,159,0.0,0.034,0.0,0.0,0.034,141.71,17.343,0.0,159.054,28.843,77.022,0.0,105.866
2.9153495609061792,2580,0,7,1,0.0,-0.000742,0.035648,-0.005128,164.26,141.0,98.107,0.0,98,146,0.0,0.035,0.0,0.0,0.035,146.794,17.466,0.0,164.26,18.608,79.498,0.0,98.107
2.9153495609061792,2586,0,7,1,0.0,-0.00076,0.036526,-0.003346,161.127,171.0,68.453,0.0,68,171,0.0,0.036,0.0,0.0,0.036,143.541,17.586,0.0,161.127,-7.897,76.351,0.0,68.453
2.9257291340036318,2591,0,7,1,0.0,-0.00072,0.034605,0.004754,125.14,135.0,54.654,0.0,54,141,0.0,0.034,0.0,0.0,0.034,107.464,17.676,0.0,125.14,-7.887,62.542,0.0,54.654
2.9257291340036318,2596,0,7,1,0.0,-0.000741,0.035572,0.003714,132.457,152.0,41.33,0.0,41,141,0.0,0.035,0.0,0.0,0.035,114.685,17.771,0.0,132.457,-15.634,56.964,0.0,41.33
2.937079063965939,2601,0,7,1,0.0,-0.000753,0.036185,-0.005629,168.432,201.0,40.845,0.0,40,171,0.0,0.036,0.0,0.0,0.036,150.535,17.897,0.0,168.432,-26.053,66.899,0.0,40.845
2.937079063965939,2606,0,7,1,0.0,-0.000791,0.038012,-0.007436,181.649,171.0,84.578,0.0,84,201,0.0,0.038,0.0,0.0,0.038,163.615,18.033,0.0,181.649,8.519,76.059,0.0,84.578
2.937079063965939,2611,0,7,1,0.0,-0.000772,0.037103,0.028169,50.224,105.0,-10.987,0.0,-10,105,0.0,0.037,0.0,0.0,0.037,32.164,18.06,0.0,50.224,-43.82,32.833,0.0,-10.987
2.9491698399651796,2616,0,7,1,0.0,-0.00076,0.036513,0.012673,103.958,105.0,31.894,0.0,31,153,0.0,0.036,0.0,0.0,0.036,85.826,18.131,0.0,103.958,-0.833,32.728,0.0,31.894
2.9491698399651796,2621,0,7,1,0.0,-0.000822,0.039487,-0.005289,179.461,141.0,82.453,0.0,82,152,0.0,0.039,0.0,0.0,0.039,161.195,18.266,0.0,179.461,30.769,51.684,0.0,82.453
2.959867247962393,2626,0,7,1,0.0,-0.000828,0.039776,-0.001277,166.181,141.0,76.305,0.0,76,165,0.0,0.039,0.0,0.0,0.039,147.792,18.389,0.0,166.181,20.145,56.159,0.0,76.305
2.959867247962393,2631,0,7,1,0.0,-0.000875,0.042027,-0.01931,239.392,201.0,116.246,0.0,116,219,0.0,0.042,0.0,0.0,0.042,220.819,18.573,0.0,239.392,30.714,85.532,0.0,116.246
2.971695440937765,2636,0,7,1,0.0,-0.000843,0.040492,0.004021,149.978,123.0,95.369,0.0,95,153,0.0,0.04,0.0,0.0,0.04,131.295,18.682,0.0,149.978,21.582,73.786,0.0,95.369
2.971695440937765,2641,0,7,1,0.0,-0.000771,0.037046,0.03443,28.109,87.0,-26.065,0.0,-26,87,0.0,0.037,0.0,0.0,0.037,9.418,18.69,0.0,28.109,-47.112,21.047,0.0,-26.065
2.971695440937765,2646,0,7,1,0.0,-0.000789,0.037893,-0.00414,170.136,171.0,47.19,0.0,47,153,0.0,0.037,0.0,0.0,0.037,151.319,18.816,0.0,170.136,-0.69,47.881,0.0,47.19
2.98364391294308,2651,0,7,1,0.0,-0.000858,0.041225,-0.021907,246.283,189.0,127.202,0.0,127,189,0.0,0.041,0.0,0.0,0.041,227.278,19.005,0.0,246.283,45.827,81.375,0.0,127.202
2.994146198965609,2660,0,7,1,0.0,-0.000865,0.041541,-0.003237,180.513,182.0,84.74,0.0,84,171,0.0,0.041,0.0,0.0,0.041,161.205,19.307,0.0,180.513,-1.189,85.93,0.0,84.74
2.994146198965609,2665,0,7,1,0.0,-0.000775,0.037214,0.011201,113.031,123.0,57.875,0.0,57,134,0.0,0.037,0.0,0.0,0.037,93.645,19.385,0.0,113.031,-7.975,65.85,0.0,57.875
3.0083489059470594,2670,0,7,1,0.0,-0.000715,0.034361,-0.002833,153.399,153.0,68.771,0.0,68,189,0.0,0.034,0.0,0.0,0.034,133.902,19.497,0.0,153.399,0.319,68.451,0.0,68.771
3.0083489059470594,2676,0,7,1,0.0,-0.000757,0.036338,-0.024528,238.8,189.0,138.867,0.0,138,218,0.0,0.036,0.0,0.0,0.036,219.119,19.681,0.0,238.8,39.84,99.027,0.0,138.867
3.0083489059470594,2681,0,7,1,0.0,-0.000824,0.039562,-0.01254,207.407,189.0,119.375,0.0,119,189,0.0,0.039,0.0,0.0,0.039,187.57,19.837,0.0,207.407,14.726,104.649,0.0,119.375
3.0178730719489977,2686,0,7,1,0.0,-0.000821,0.039448,0.005588,141.834,171.0,55.975,0.0,55,134,0.0,0.039,0.0,0.0,0.039,121.895,19.939,0.0,141.834,-23.332,79.307,0.0,55.975
3.0178730719489977,2691,0,7,1,0.0,-0.000794,0.038146,-0.01506,211.644,207.0,100.702,0.0,100,189,0.0,0.038,0.0,0.0,0.038,191.546,20.098,0.0,211.644,3.715,96.986,0.0,100.702
3.030753967934288,2696,0,7,1,0.0,-0.0008,0.038423,0.001553,152.941,152.0,87.097,0.0,87,159,0.0,0.038,0.0,0.0,0.038,132.732,20.209,0.0,152.941,0.753,86.344,0.0,87.097
3.030753967934288,2701,0,7,1,0.0,-0.000821,0.039422,-0.011786,204.714,189.0,111.616,0.0,111,189,0.0,0.039,0.0,0.0,0.039,184.351,20.362,0.0,204.714,12.571,99.044,0.0,111.616
3.0431237259181216,2706,0,7,1,0.0,-0.000837,0.040218,-0.008508,195.925,171.0,121.867,0.0,121,189,0.0,0.04,0.0,0.0,0.04,175.416,20.509,0.0,195.925,19.94,101.926,0.0,121.867
3.0431237259181216,2711,0,7,1,0.0,-0.000805,0.038655,0.016356,100.85,123.0,54.761,0.0,54,152,0.0,0.038,0.0,0.0,0.038,80.274,20.575,0.0,100.85,-17.719,72.481,0.0,54.761
3.0431237259181216,2716,0,7,1,0.0,-0.000836,0.040169,-0.01347,213.841,218.0,84.063,0.0,84,159,0.0,0.04,0.0,0.0,0.04,193.104,20.736,0.0,213.841,-3.326,87.39,0.0,84.063
3.0527950859395787,2721,0,7,1,0.0,-0.000887,0.042612,-0.022179,254.182,225.0,137.338,0.0,137,230,0.0,0.042,0.0,0.0,0.042,233.251,20.931,0.0,254.182,23.346,113.992,0.0,137.338
3.0527950859395787,2726,0,7,1,0.0,-0.000826,0.039662,0.008385,133.621,153.0,74.856,0.0,74,159,0.0,0.039,0.0,0.0,0.039,112.596,21.025,0.0,133.621,-15.502,90.359,0.0,74.856
3.065463225939311,2731,0,7,1,0.0,-0.000793,0.038106,0.012958,111.633,141.0,48.058,0.0,48,134,0.0,0.038,0.0,0.0,0.038,90.536,21.097,0.0,111.633,-23.493,71.551,0.0,48.058
3.065463225939311,2736,0,7,1,0.0,-0.000801,0.038495,0.000163,159.21,177.0,60.145,0.0,60,171,0.0,0.038,0.0,0.0,0.038,137.997,21.212,0.0,159.21,-14.231,74.377,0.0,60.145
3.075028204941191,2741,0,7,1,0.0,-0.000842,0.040421,-0.008709,198.231,178.0,105.454,0.0,105,171,0.0,0.04,0.0,0.0,0.04,176.871,21.359,0.0,198.231,16.185,89.269,0.0,105.454
3.075028204941191,2750,0,7,1,0.0,-0.000824,0.039572,-0.008617,195.076,189.0,87.446,0.0,87,171,0.0,0.039,0.0,0.0,0.039,173.484,21.592,0.0,195.076,4.861,82.585,0.0,87.446
3.0888204919174314,2755,0,7,1,0.0,-0.000805,0.038669,0.005407,141.435,117.0,92.515,0.0,92,134,0.0,0.038,0.0,0.0,0.038,119.743,21.691,0.0,141.435,19.548,72.966,0.0,92.515
3.0888204919174314,2760,0,7,1,0.0,-0.000794,0.038118,0.009415,125.105,152.0,41.903,0.0,41,171,0.0,0.038,0.0,0.0,0.038,103.327,21.777,0.0,125.105,-21.515,63.419,0.0,41.903
3.1008064720081165,2766,0,7,1,0.0,-0.000814,0.039106,-0.002484,171.632,171.0,69.117,0.0,69,159,0.0,0.039,0.0,0.0,0.039,149.728,21.903,0.0,171.632,0.505,68.611,0.0,69.117
3.1008064720081165,2771,0,7,1,0.0,-0.000865,0.041538,0.012308,127.22,134.0,43.785,0.0,43,123,0.0,0.041,0.0,0.0,0.041,105.229,21.991,0.0,127.22,-5.423,49.209,0.0,43.785
3.111115800915286,2776,0,7,1,0.0,-0.000877,0.042121,-0.015091,228.13,219.0,86.574,0.0,86,189,0.0,0.042,0.0,0.0,0.042,205.967,22.162,0.0,228.13,7.304,79.27,0.0,86.574
3.111115800915286,2781,0,7,1,0.0,-0.000892,0.042859,-0.009319,210.164,189.0,108.007,0.0,108,189,0.0,0.042,0.0,0.0,0.042,187.845,22.319,0.0,210.164,16.931,91.075,0.0,108.007
3.111115800915286,2786,0,7,1,0.0,-0.000829,0.039797,-0.002863,176.029,171.0,93.132,0.0,93,177,0.0,0.039,0.0,0.0,0.039,153.581,22.447,0.0,176.029,4.023,89.108,0.0,93.132
3.124213144998066,2791,0,7,1,0.0,-0.000819,0.039324,0.016376,105.129,92.0,83.56,0.0,83,110,0.0,0.039,0.0,0.0,0.039,82.612,22.516,0.0,105.129,10.503,73.057,0.0,83.56
3.124213144998066,2796,0,7,1,0.0,-0.000818,0.0393,-0.006974,189.247,177.0,91.502,0.0,91,178,0.0,0.039,0.0,0.0,0.039,166.591,22.655,0.0,189.247,9.797,81.704,0.0,91.502
3.1359229889931157,2801,0,7,1,0.0,-0.000853,0.040969,-0.007874,198.64,177.0,106.097,0.0,106,171,0.0,0.04,0.0,0.0,0.04,175.838,22.802,0.0,198.64,17.312,88.785,0.0,106.097
3.1359229889931157,2806,0,7,1,0.0,-0.000869,0.041745,-0.003349,185.28,171.0,107.308,0.0,107,171,0.0,0.041,0.0,0.0,0.041,162.343,22.937,0.0,185.28,11.424,95.883,0.0,107.308
3.147831070004031,2811,0,7,1,0.0,-0.000862,0.041403,-0.004623,188.771,189.0,94.065,0.0,94,159,0.0,0.041,0.0,0.0,0.041,165.696,23.075,0.0,188.771,-0.183,94.248,0.0,94.065
3.147831070004031,2816,0,7,1,0.0,-0.00083,0.039885,-0.004543,183.154,182.0,96.329,0.0,96,171,0.0,0.039,0.0,0.0,0.039,159.945,23.208,0.0,183.154,0.923,95.406,0.0,96.329
3.147831070004031,2821,0,7,1,0.0,-0.000796,0.038251,0.000506,159.197,171.0,77.902,0.0,77,189,0.0,0.038,0.0,0.0,0.038,135.88,23.317,0.0,159.197,-9.441,87.344,0.0,77.902
3.15941938792821,2826,0,7,1,0.0,-0.000844,0.040534,-0.020297,242.493,237.0,121.154,0.0,121,230,0.0,0.04,0.0,0.0,0.04,218.994,23.499,0.0,242.493,4.395,116.759,0.0,121.154
3.15941938792821,2831,0,7,1,0.0,-0.000862,0.041391,0.005948,151.199,171.0,81.66,0.0,81,159,0.0,0.041,0.0,0.0,0.041,127.593,23.605,0.0,151.199,-15.84,97.5,0.0,81.66
3.171046001953073,2836,0,7,1,0.0,-0.000806,0.038701,0.021123,86.938,117.0,45.234,0.0,45,141,0.0,0.038,0.0,0.0,0.038,63.279,23.658,0.0,86.938,-24.049,69.283,0.0,45.234
3.183097854955122,2845,0,7,1,0.0,-0.000828,0.039759,0.002434,158.248,141.0,86.039,0.0,86,159,0.0,0.039,0.0,0.0,0.039,134.368,23.88,0.0,158.248,13.799,72.24,0.0,86.039
3.183097854955122,2850,0,7,1,0.0,-0.000865,0.041546,0.007391,146.939,153.0,62.675,0.0,62,164,0.0,0.041,0.0,0.0,0.041,122.956,23.983,0.0,146.939,-4.848,67.523,0.0,62.675
3.183097854955122,2856,0,7,1,0.0,-0.000855,0.041041,0.019584,101.291,123.0,35.804,0.0,35,153,0.0,0.041,0.0,0.0,0.041,77.243,24.048,0.0,101.291,-17.366,53.171,0.0,35.804
3.194551363005303,2861,0,7,1,0.0,-0.000863,0.041426,-0.003471,185.816,171.0,80.461,0.0,80,141,0.0,0.041,0.0,0.0,0.041,161.633,24.182,0.0,185.816,11.853,68.607,0.0,80.461
3.194551363005303,2866,0,7,1,0.0,-0.000827,0.039738,-0.004247,182.664,171.0,83.778,0.0,83,171,0.0,0.039,0.0,0.0,0.039,158.349,24.314,0.0,182.664,9.331,74.446,0.0,83.778
3.20811133494135,2871,0,7,1,0.0,-0.000801,0.038489,-0.001244,167.479,171.0,75.104,0.0,75,159,0.0,0.038,0.0,0.0,0.038,143.045,24.434,0.0,167.479,-2.816,77.921,0.0,75.104
3.20811133494135,2876,0,7,1,0.0,-0.000833,0.040002,-0.028148,269.979,219.0,157.575,0.0,157,237,0.0,0.04,0.0,0.0,0.04,245.341,24.638,0.0,269.979,40.783,116.791,0.0,157.575
3.20811133494135,2881,0,7,1,0.0,-0.000846,0.040629,0.004496,154.828,152.0,103.054,0.0,103,189,0.0,0.04,0.0,0.0,0.04,130.081,24.746,0.0,154.828,2.262,100.792,0.0,103.054
3.2198363959323615,2886,0,7,1,0.0,-0.0008,0.038436,0.024159,76.188,123.0,23.71,0.0,23,134,0.0,0.038,0.0,0.0,0.038,51.398,24.789,0.0,76.188,-37.449,61.16,0.0,23.71
3.2198363959323615,2891,0,7,1,0.0,-0.000777,0.03733,0.004826,141.902,171.0,40.278,0.0,40,123,0.0,0.037,0.0,0.0,0.037,117.015,24.887,0.0,141.902,-23.277,63.556,0.0,40.278
3.231597283971496,2896,0,7,1,0.0,-0.000881,0.042323,-0.009808,212.717,189.0,107.53,0.0,107,189,0.0,0.042,0.0,0.0,0.042,187.673,25.043,0.0,212.717,18.973,88.556,0.0,107.53
3.231597283971496,2901,0,7,1,0.0,-0.000911,0.043738,-0.012503,227.683,219.0,110.498,0.0,110,189,0.0,0.043,0.0,0.0,0.043,202.47,25.212,0.0,227.683,6.946,103.551,0.0,110.498
3.243537280941382,2906,0,7,1,0.0,-0.000834,0.04007,0.016576,109.863,117.0,65.583,0.0,65,134,0.0,0.04,0.0,0.0,0.04,84.58,25.282,0.0,109.863,-5.709,71.293,0.0,65.583
3.243537280941382,2911,0,7,1,0.0,-0.000811,0.038932,0.008745,134.043,152.0,54.428,0.0,54,159,0.0,0.038,0.0,0.0,0.038,108.674,25.369,0.0,134.043,-14.364,68.793,0.0,54.428
3.243537280941382,2916,0,7,1,0.0,-0.00083,0.039851,-0.007216,194.955,178.0,94.546,0.0,94,178,0.0,0.039,0.0,0.0,0.039,169.444,25.51,0.0,194.955,13.564,80.982,0.0,94.546
3.253268191940151,2921,0,7,1,0.0,-0.000861,0.041342,-0.008863,206.403,189.0,107.06,0.0,107,207,0.0,0.041,0.0,0.0,0.041,180.741,25.661,0.0,206.403,13.922,93.138,0.0,107.06
3.253268191940151,2926,0,7,1,0.0,-0.000891,0.042806,-0.00559,200.034,219.0,85.057,0.0,85,189,0.0,0.042,0.0,0.0,0.042,174.227,25.806,0.0,200.034,-15.172,100.229,0.0,85.057
3.2659500809386373,2935,0,7,1,0.0,-0.000809,0.038842,-0.002006,173.033,171.0,75.428,0.0,75,159,0.0,0.038,0.0,0.0,0.038,147.055,25.977,0.0,173.033,1.626,73.801,0.0,75.428
3.2785847089253366,2940,0,7,1,0.0,-0.000793,0.038074,0.005617,142.919,135.0,75.138,0.0,75,141,0.0,0.038,0.0,0.0,0.038,116.844,26.075,0.0,142.919,6.335,68.802,0.0,75.138
3.2785847089253366,2946,0,7,1,0.0,-0.000887,0.042586,-0.003665,192.721,178.0,94.216,0.0,94,189,0.0,0.042,0.0,0.0,0.042,166.506,26.214,0.0,192.721,11.777,82.439,0.0,94.216
3.2785847089253366,2951,0,7,1,0.0,-0.000917,0.044029,-0.012335,229.297,201.0,121.063,0.0,121,218,0.0,0.044,0.0,0.0,0.044,202.913,26.383,0.0,229.297,22.637,98.425,0.0,121.063
3.2891567850019783,2956,0,7,1,0.0,-0.000867,0.041659,0.006386,153.474,171.0,71.321,0.0,71,171,0.0,0.041,0.0,0.0,0.041,126.984,26.489,0.0,153.474,-14.02,85.342,0.0,71.321
3.2891567850019783,2961,0,7,1,0.0,-0.000776,0.037251,-0.007719,188.519,178.0,103.802,0.0,103,189,0.0,0.037,0.0,0.0,0.037,161.894,26.624,0.0,188.519,8.415,95.387,0.0,103.802
3.3012379069114104,2966,0,7,1,0.0,-0.00077,0.03698,-0.016176,218.151,159.0,151.257,0.0,151,189,0.0,0.036,0.0,0.0,0.036,191.366,26.784,0.0,218.151,47.32,103.937,0.0,151.257
3.3012379069114104,2971,0,7,1,0.0,-0.000723,0.034749,-0.003255,163.716,159.0,95.853,0.0,95,171,0.0,0.034,0.0,0.0,0.034,136.818,26.898,0.0,163.716,3.773,92.079,0.0,95.853
3.3130962799768895,2976,0,7,1,0.0,-0.000765,0.036747,-0.007778,187.324,201.0,80.327,0.0,80,189,0.0,0.036,0.0,0.0,0.036,160.292,27.031,0.0,187.324,-10.94,91.268,0.0,80.327
3.3130962799768895,2981,0,7,1,0.0,-0.000771,0.037033,-0.012052,203.888,189.0,115.899,0.0,115,189,0.0,0.037,0.0,0.0,0.037,176.709,27.179,0.0,203.888,11.91,103.989,0.0,115.899
3.3130962799768895,2986,0,7,1,0.0,-0.00077,0.037005,0.000706,157.964,171.0,79.313,0.0,79,153,0.0,0.037,0.0,0.0,0.037,130.676,27.287,0.0,157.964,-10.428,89.742,0.0,79.313
3.3247950859367847,2991,0,7,1,0.0,-0.000712,0.03421,-0.004428,166.505,171.0,85.946,0.0,85,152,0.0,0.034,0.0,0.0,0.034,139.101,27.403,0.0,166.505,-3.595,89.542,0.0,85.946
3.3247950859367847,2996,0,7,1,0.0,-0.000759,0.036452,0.001583,153.033,152.0,83.576,0.0,83,164,0.0,0.036,0.0,0.0,0.036,125.525,27.508,0.0,153.033,0.827,82.749,0.0,83.576
3.3359372779959813,3001,0,7,1,0.0,-0.000761,0.03656,-0.000324,160.402,171.0,71.39,0.0,71,152,0.0,0.036,0.0,0.0,0.036,132.787,27.614,0.0,160.402,-8.477,79.868,0.0,71.39
3.3359372779959813,3006,0,7,1,0.0,-0.000759,0.036476,0.002185,151.167,171.0,60.071,0.0,60,141,0.0,0.036,0.0,0.0,0.036,123.449,27.717,0.0,151.167,-15.866,75.938,0.0,60.071
3.3480910619255155,3011,0,7,1,0.0,-0.000752,0.036131,-0.006245,180.402,177.0,89.461,0.0,89,171,0.0,0.036,0.0,0.0,0.036,152.557,27.844,0.0,180.402,2.721,86.74,0.0,89.461
3.3480910619255155,3016,0,7,1,0.0,-0.000751,0.036071,-0.011401,198.892,171.0,119.404,0.0,119,171,0.0,0.036,0.0,0.0,0.036,170.905,27.987,0.0,198.892,22.313,97.09,0.0,119.404
3.359204296953976,3025,0,7,1,0.0,-0.000702,0.033704,0.000925,146.164,153.0,61.657,0.0,61,152,0.0,0.033,0.0,0.0,0.033,118.003,28.16,0.0,146.164,-5.468,67.125,0.0,61.657
3.359204296953976,3030,0,7,1,0.0,-0.000705,0.03388,-0.003041,161.19,159.0,70.831,0.0,70,159,0.0,0.033,0.0,0.0,0.033,132.918,28.271,0.0,161.19,1.752,69.079,0.0,70.831
3.370861762901768,3036,0,7,1,0.0,-0.000721,0.034648,-0.004977,171.044,152.0,90.6,0.0,90,164,0.0,0.034,0.0,0.0,0.034,142.652,28.391,0.0,171.044,15.235,75.365,0.0,90.6
3.370861762901768,3041,0,7,1,0.0,-0.000725,0.034832,-0.010383,191.302,189.0,83.702,0.0,83,182,0.0,0.034,0.0,0.0,0.034,162.775,28.526,0.0,191.302,1.842,81.86,0.0,83.702
3.3819726819638163,3046,0,7,1,0.0,-0.00068,0.032672,0.021061,70.363,117.0,9.654,0.0,9,135,0.0,0.032,0.0,0.0,0.032,41.801,28.561,0.0,70.363,-37.309,46.963,0.0,9.654
3.3819726819638163,3051,0,7,1,0.0,-0.000644,0.030925,0.006315,117.232,105.0,47.752,0.0,47,105,0.0,0.03,0.0,0.0,0.03,88.596,28.635,0.0,117.232,9.785,37.966,0.0,47.752
3.3819726819638163,3056,0,7,1,0.0,-0.000717,0.034462,-0.016186,211.125,189.0,81.037,0.0,81,171,0.0,0.034,0.0,0.0,0.034,182.337,28.787,0.0,211.125,17.7,63.337,0.0,81.037
3.3943057749420404,3061,0,7,1,0.0,-0.000734,0.035262,-0.003892,169.864,146.0,87.535,0.0,87,159,0.0,0.035,0.0,0.0,0.035,140.959,28.905,0.0,169.864,19.091,68.443,0.0,87.535
3.3943057749420404,3066,0,7,1,0.0,-0.000678,0.032552,0.003551,133.395,123.0,68.326,0.0,68,123,0.0,0.032,0.0,0.0,0.032,104.403,28.992,0.0,133.395,8.316,60.009,0.0,68.326
3.4054857830051333,3071,0,7,1,0.0,-0.000629,0.030193,0.028484,35.149,105.0,-38.124,0.0,-38,87,0.0,0.03,0.0,0.0,0.03,6.152,28.997,0.0,35.149,-55.88,17.756,0.0,-38.124
3.4054857830051333,3076,0,7,1,0.0,-0.00063,0.030243,0.012294,93.67,117.0,-9.748,0.0,-9,117,0.0,0.03,0.0,0.0,0.03,64.618,29.051,0.0,93.67,-18.663,8.915,0.0,-9.748
3.41806860093493,3081,0,7,1,0.0,-0.00068,0.032675,-0.018796,214.505,196.0,66.211,0.0,66,196,0.0,0.032,0.0,0.0,0.032,185.299,29.205,0.0,214.505,14.804,51.407,0.0,66.211
3.41806860093493,3086,0,7,1,0.0,-0.000742,0.035618,-0.011092,197.504,182.0,76.181,0.0,76,171,0.0,0.035,0.0,0.0,0.035,168.159,29.345,0.0,197.504,12.403,63.777,0.0,76.181
3.41806860093493,3091,0,7,1,0.0,-0.000694,0.033341,0.008139,120.148,123.0,46.157,0.0,46,134,0.0,0.033,0.0,0.0,0.033,90.727,29.421,0.0,120.148,-2.281,48.438,0.0,46.157
3.4280379669507965,3096,0,7,1,0.0,-0.000598,0.028734,0.014246,81.621,105.0,3.101,0.0,3,73,0.0,0.028,0.0,0.0,0.028,52.158,29.462,0.0,81.621,-18.703,21.805,0.0,3.101
3.4280379669507965,3101,0,7,1,0.0,-0.000561,0.026972,0.00961,92.019,105.0,7.707,0.0,7,92,0.0,0.026,0.0,0.0,0.026,62.504,29.514,0.0,92.019,-10.384,18.091,0.0,7.707
3.44056992395781,3106,0,7,1,0.0,-0.000624,0.029979,-0.013649,186.711,171.0,55.894,0.0,55,171,0.0,0.029,0.0,0.0,0.029,157.066,29.645,0.0,186.711,12.569,43.324,0.0,55.894
3.451579749933444,3115,0,7,1,0.0,-0.000651,0.031279,0.00771,114.667,134.0,13.249,0.0,13,117,0.0,0.031,0.0,0.0,0.031,84.849,29.818,0.0,114.667,-15.465,28.715,0.0,13.249
3.451579749933444,3120,0,7,1,0.0,-0.000599,0.028794,0.017245,71.431,86.0,-0.068,0.0,0,86,0.0,0.028,0.0,0.0,0.028,41.578,29.853,0.0,71.431,-11.654,11.586,0.0,-0.068
3.451579749933444,3126,0,7,1,0.0,-0.000583,0.027991,-0.005101,149.086,152.0,23.743,0.0,23,141,0.0,0.027,0.0,0.0,0.027,119.133,29.953,0.0,149.086,-2.33,26.073,0.0,23.743
3.463210449903272,3131,0,7,1,0.0,-0.000634,0.030472,-0.00899,172.138,146.0,60.492,0.0,60,152,0.0,0.03,0.0,0.0,0.03,142.067,30.071,0.0,172.138,20.911,39.581,0.0,60.492
3.463210449903272,3136,0,7,1,0.0,-0.000653,0.031387,-0.008103,172.357,159.0,61.401,0.0,61,141,0.0,0.031,0.0,0.0,0.031,142.167,30.189,0.0,172.357,10.686,50.715,0.0,61.401
3.4747671629302204,3141,0,7,1,0.0,-0.000633,0.030431,-0.009082,172.561,159.0,77.792,0.0,77,178,0.0,0.03,0.0,0.0,0.03,142.252,30.308,0.0,172.561,10.848,66.943,0.0,77.792
3.4747671629302204,3146,0,7,1,0.0,-0.000587,0.028186,0.003323,119.887,123.0,48.32,0.0,48,134,0.0,0.028,0.0,0.0,0.028,89.504,30.383,0.0,119.887,-2.49,50.811,0.0,48.32
3.4862408000044525,3151,0,7,1,0.0,-0.000527,0.025306,-0.003596,134.521,123.0,60.28,0.0,60,134,0.0,0.025,0.0,0.0,0.025,104.052,30.469,0.0,134.521,9.217,51.062,0.0,60.28
3.4862408000044525,3156,0,7,1,0.0,-0.000581,0.027906,0.002908,120.539,123.0,39.959,0.0,39,152,0.0,0.027,0.0,0.0,0.027,89.995,30.544,0.0,120.539,-1.968,41.927,0.0,39.959
3.498105197912082,3161,0,7,1,0.0,-0.000578,0.027752,0.00549,110.755,105.0,42.431,0.0,42,134,0.0,0.027,0.0,0.0,0.027,80.143,30.611,0.0,110.755,4.604,37.827,0.0,42.431
3.498105197912082,3166,0,7,1,0.0,-0.000555,0.02665,-0.005208,145.4,153.0,38.581,0.0,38,152,0.0,0.026,0.0,0.0,0.026,114.693,30.707,0.0,145.4,-6.079,44.661,0.0,38.581
3.498105197912082,3171,0,7,1,0.0,-0.000522,0.025062,-0.00148,126.342,117.0,46.782,0.0,46,117,0.0,0.025,0.0,0.0,0.025,95.555,30.786,0.0,126.342,7.474,39.308,0.0,46.782
3.5095919729210436,3176,0,7,1,0.0,-0.000548,0.026324,0.006843,100.977,134.0,2.898,0.0,2,128,0.0,0.026,0.0,0.0,0.026,70.132,30.845,0.0,100.977,-26.418,29.316,0.0,2.898
3.5095919729210436,3181,0,7,1,0.0,-0.000563,0.027065,0.011996,85.138,146.0,-38.292,0.0,-38,99,0.0,0.027,0.0,0.0,0.027,54.248,30.89,0.0,85.138,-48.688,10.396,0.0,-38.292
3.5209745509782806,3186,0,7,1,0.0,-0.000528,0.025347,-0.002095,129.763,117.0,29.827,0.0,29,134,0.0,0.025,0.0,0.0,0.025,98.794,30.969,0.0,129.763,10.21,19.616,0.0,29.827
3.5209745509782806,3191,0,7,1,0.0,-0.000522,0.025084,0.010652,82.965,92.0,-0.25,0.0,0,123,0.0,0.025,0.0,0.0,0.025,51.952,31.012,0.0,82.965,-7.227,6.976,0.0,-0.25
3.532159319962375,3196,0,7,1,0.0,-0.000546,0.026226,-0.007913,154.018,110.0,60.586,0.0,60,134,0.0,0.026,0.0,0.0,0.026,122.903,31.115,0.0,154.018,35.215,25.371,0.0,60.586
3.532159319962375,3205,0,7,1,0.0,-0.00048,0.023045,0.018003,49.333,86.0,-45.57,0.0,-45,73,0.0,0.023,0.0,0.0,0.023,18.152,31.18,0.0,49.333,-29.333,-16.237,0.0,-45.57
3.543470171978697,3210,0,7,1,0.0,-0.000501,0.024054,-0.007295,144.137,123.0,22.004,0.0,22,134,0.0,0.024,0.0,0.0,0.024,112.862,31.275,0.0,144.137,16.909,5.094,0.0,22.004
3.543470171978697,3216,0,7,1,0.0,-0.00049,0.023526,-0.005843,137.096,117.0,32.764,0.0,32,123,0.0,0.023,0.0,0.0,0.023,105.732,31.364,0.0,137.096,16.077,16.687,0.0,32.764
3.5551089519867674,3221,0,7,1,0.0,-0.000481,0.023112,0.00833,84.622,105.0,-11.707,0.0,-11,105,0.0,0.023,0.0,0.0,0.023,53.214,31.408,0.0,84.622,-16.301,4.593,0.0,-11.707
3.5551089519867674,3226,0,7,1,0.0,-0.000475,0.022814,0.009175,80.548,105.0,-27.201,0.0,-27,105,0.0,0.022,0.0,0.0,0.022,49.098,31.449,0.0,80.548,-19.561,-7.64,0.0,-27.201
3.566196718951687,3231,0,7,1,0.0,-0.000469,0.02253,-0.013367,160.789,152.0,18.28,0.0,18,128,0.0,0.022,0.0,0.0,0.022,129.232,31.556,0.0,160.789,7.031,11.248,0.0,18.28
3.566196718951687,3236,0,7,1,0.0,-0.00047,0.022583,-0.007462,139.811,123.0,34.399,0.0,34,134,0.0,0.022,0.0,0.0,0.022,108.165,31.646,0.0,139.811,13.449,20.949,0.0,34.399
3.5776921999640763,3241,0,7,1,0.0,-0.000503,0.024189,-0.007992,147.599,105.0,64.849,0.0,64,152,0.0,0.024,0.0,0.0,0.024,115.856,31.743,0.0,147.599,34.079,30.769,0.0,64.849
3.5776921999640763,3246,0,7,1,0.0,-0.000464,0.022302,-0.001248,116.6,128.0,12.949,0.0,12,146,0.0,0.022,0.0,0.0,0.022,84.786,31.814,0.0,116.6,-9.119,22.068,0.0,12.949
3.5776921999640763,3251,0,7,1,0.0,-0.00048,0.023063,0.002931,104.349,117.0,5.446,0.0,5,117,0.0,0.023,0.0,0.0,0.023,72.474,31.874,0.0,104.349,-10.12,15.567,0.0,5.446
3.5889947019750252,3256,0,7,1,0.0,-0.000503,0.024162,0.006084,97.007,92.0,13.879,0.0,13,117,0.0,0.024,0.0,0.0,0.024,65.079,31.928,0.0,97.007,4.006,9.872,0.0,13.879
3.5889947019750252,3261,0,7,1,0.0,-0.000526,0.02528,-0.003724,136.435,152.0,8.797,0.0,8,123,0.0,0.025,0.0,0.0,0.025,104.419,32.015,0.0,136.435,-12.451,21.249,0.0,8.797
3.600263081956655,3266,0,7,1,0.0,-0.000551,0.026456,0.000423,125.811,146.0,5.974,0.0,5,123,0.0,0.026,0.0,0.0,0.026,93.717,32.093,0.0,125.811,-16.15,22.125,0.0,5.974
3.600263081956655,3271,0,7,1,0.0,-0.000523,0.02513,-0.001948,129.661,117.0,39.555,0.0,39,123,0.0,0.025,0.0,0.0,0.025,97.486,32.175,0.0,129.661,10.128,29.426,0.0,39.555
3.6117541239364073,3276,0,7,1,0.0,-0.000519,0.024948,-0.003004,132.886,134.0,28.782,0.0,28,105,0.0,0.024,0.0,0.0,0.024,100.63,32.255,0.0,132.886,-0.891,29.674,0.0,28.782
3.6117541239364073,3281,0,7,1,0.0,-0.000497,0.023875,0.014243,66.958,110.0,-22.365,0.0,-22,74,0.0,0.023,0.0,0.0,0.023,34.674,32.284,0.0,66.958,-34.433,12.067,0.0,-22.365
3.6117541239364073,3286,0,7,1,0.0,-0.000488,0.023429,0.001521,111.217,105.0,23.205,0.0,23,123,0.0,0.023,0.0,0.0,0.023,78.867,32.35,0.0,111.217,4.973,18.232,0.0,23.205
3.6245878789341077,3295,0,7,1,0.0,-0.000563,0.027043,-0.01045,167.56,141.0,71.575,0.0,71,152,0.0,0.027,0.0,0.0,0.027,134.978,32.581,0.0,167.56,21.248,50.327,0.0,71.575
3.635515200905502,3300,0,7,1,0.0,-0.000549,0.02637,0.003809,113.871,117.0,33.669,0.0,33,134,0.0,0.026,0.0,0.0,0.026,81.221,32.649,0.0,113.871,-2.502,36.172,0.0,33.669
3.635515200905502,3305,0,7,1,0.0,-0.000502,0.024117,0.032173,3.622,37.0,-34.954,0.0,-34,50,0.0,0.024,0.0,0.0,0.024,-29.002,32.625,0.0,3.622,-26.701,-8.252,0.0,-34.954
3.646943519008346,3311,0,7,1,0.0,-0.000512,0.024617,0.004912,103.621,123.0,-18.438,0.0,-18,87,0.0,0.024,0.0,0.0,0.024,70.936,32.685,0.0,103.621,-15.503,-2.935,0.0,-18.438
3.646943519008346,3316,0,7,1,0.0,-0.00058,0.027848,-0.013037,180.0,141.0,54.595,0.0,54,123,0.0,0.027,0.0,0.0,0.027,147.192,32.807,0.0,180.0,31.2,23.395,0.0,54.595
3.646943519008346,3321,0,7,1,0.0,-0.000589,0.028287,0.017941,70.083,69.0,1.768,0.0,1,99,0.0,0.028,0.0,0.0,0.028,37.244,32.838,0.0,70.083,0.866,0.901,0.0,1.768
3.6587987429229543,3326,0,7,1,0.0,-0.000574,0.027568,0.00508,113.862,105.0,20.101,0.0,20,123,0.0,0.027,0.0,0.0,0.027,80.956,32.906,0.0,113.862,7.089,13.011,0.0,20.101
3.6587987429229543,3331,0,7,1,0.0,-0.000574,0.027582,0.003068,121.23,123.0,16.433,0.0,16,117,0.0,0.027,0.0,0.0,0.027,88.25,32.979,0.0,121.23,-1.415,17.849,0.0,16.433
3.6698214159114286,3336,0,7,1,0.0,-0.000581,0.02791,0.002199,125.617,117.0,23.495,0.0,23,128,0.0,0.027,0.0,0.0,0.027,92.561,33.056,0.0,125.617,6.894,16.601,0.0,23.495
3.6698214159114286,3341,0,7,1,0.0,-0.000595,0.028577,-0.005837,157.055,152.0,35.18,0.0,35,123,0.0,0.028,0.0,0.0,0.028,123.895,33.16,0.0,157.055,4.044,31.136,0.0,35.18
3.68167254794389,3346,0,7,1,0.0,-0.000613,0.029438,-0.002346,147.681,134.0,51.284,0.0,51,141,0.0,0.029,0.0,0.0,0.029,114.425,33.255,0.0,147.681,10.945,40.339,0.0,51.284
3.68167254794389,3351,0,7,1,0.0,-0.000584,0.028054,0.005033,116.201,105.0,44.511,0.0,44,105,0.0,0.028,0.0,0.0,0.028,82.877,33.324,0.0,116.201,8.961,35.55,0.0,44.511
3.68167254794389,3356,0,7,1,0.0,-0.000538,0.025833,0.000706,123.854,152.0,8.625,0.0,8,152,0.0,0.025,0.0,0.0,0.025,90.454,33.4,0.0,123.854,-22.516,31.142,0.0,8.625
3.6935438190121204,3361,0,7,1,0.0,-0.000574,0.027571,-0.009303,166.261,159.0,48.422,0.0,48,141,0.0,0.027,0.0,0.0,0.027,132.75,33.51,0.0,166.261,5.809,42.613,0.0,48.422
3.6935438190121204,3366,0,7,1,0.0,-0.000547,0.026263,-7.4e-05,128.402,105.0,59.0,0.0,59,141,0.0,0.026,0.0,0.0,0.026,94.816,33.586,0.0,128.402,18.722,40.277,0.0,59.0
3.704865337931551,3371,0,7,1,0.0,-0.000521,0.025012,0.01419,72.577,87.0,8.114,0.0,8,87,0.0,0.025,0.0,0.0,0.025,38.958,33.618,0.0,72.577,-11.537,19.652,0.0,8.114
3.704865337931551,3376,0,7,1,0.0,-0.000519,0.024919,0.00276,113.458,123.0,15.76,0.0,15,141,0.0,0.024,0.0,0.0,0.024,79.773,33.685,0.0,113.458,-7.632,23.393,0.0,15.76
3.7165723979705945,3385,0,7,1,0.0,-0.000534,0.025639,0.011542,84.628,73.0,44.774,0.0,44,123,0.0,0.025,0.0,0.0,0.025,50.749,33.879,0.0,84.628,9.302,35.471,0.0,44.774
3.7165723979705945,3390,0,7,1,0.0,-0.000502,0.024122,0.002476,111.87,117.0,23.904,0.0,23,141,0.0,0.024,0.0,0.0,0.024,77.925,33.944,0.0,111.87,-4.103,28.008,0.0,23.904
3.728619977948256,3395,0,7,1,0.0,-0.000465,0.022338,0.003223,102.812,117.0,8.036,0.0,8,123,0.0,0.022,0.0,0.0,0.022,68.811,34.001,0.0,102.812,-11.349,19.386,0.0,8.036
3.728619977948256,3401,0,7,1,0.0,-0.000514,0.024687,0.003725,109.53,105.0,16.949,0.0,16,105,0.0,0.024,0.0,0.0,0.024,75.465,34.064,0.0,109.53,3.624,13.325,0.0,16.949
3.7399828009074554,3406,0,7,1,0.0,-0.000573,0.027535,-0.007204,159.232,152.0,35.069,0.0,35,152,0.0,0.027,0.0,0.0,0.027,125.063,34.169,0.0,159.232,5.786,29.283,0.0,35.069
3.7399828009074554,3411,0,7,1,0.0,-0.000548,0.026316,0.01831,63.015,87.0,-17.823,0.0,-17,56,0.0,0.026,0.0,0.0,0.026,28.822,34.193,0.0,63.015,-19.187,1.363,0.0,-17.823
3.7512742979452014,3416,0,7,1,0.0,-0.000548,0.026344,-0.001358,134.006,123.0,23.905,0.0,23,135,0.0,0.026,0.0,0.0,0.026,99.73,34.276,0.0,134.006,8.805,15.1,0.0,23.905
3.7512742979452014,3421,0,7,1,0.0,-0.000508,0.024388,0.00062,119.91,123.0,7.802,0.0,7,146,0.0,0.024,0.0,0.0,0.024,85.562,34.347,0.0,119.91,-2.471,10.274,0.0,7.802
3.763097173999995,3426,0,7,1,0.0,-0.000528,0.025376,0.001678,119.733,105.0,18.617,0.0,18,134,0.0,0.025,0.0,0.0,0.025,85.315,34.418,0.0,119.733,11.787,6.83,0.0,18.617
3.763097173999995,3431,0,7,1,0.0,-0.00051,0.024517,-0.001082,126.655,123.0,16.376,0.0,16,123,0.0,0.024,0.0,0.0,0.024,92.159,34.495,0.0,126.655,2.924,13.452,0.0,16.376
3.763097173999995,3436,0,7,1,0.0,-0.000545,0.026184,-0.003864,142.764,105.0,54.949,0.0,54,123,0.0,0.026,0.0,0.0,0.026,108.178,34.585,0.0,142.764,30.211,24.737,0.0,54.949
3.775096657918766,3441,0,7,1,0.0,-0.000565,0.02712,-0.016908,193.22,152.0,78.796,0.0,78,164,0.0,0.027,0.0,0.0,0.027,158.503,34.717,0.0,193.22,32.976,45.819,0.0,78.796
3.775096657918766,3446,0,7,1,0.0,-0.000511,0.024566,0.012998,76.397,105.0,-3.735,0.0,-3,153,0.0,0.024,0.0,0.0,0.024,41.645,34.752,0.0,76.397,-22.881,19.146,0.0,-3.735
3.786457601003349,3451,0,7,1,0.0,-0.000489,0.023511,0.009233,86.196,92.0,-2.526,0.0,-2,105,0.0,0.023,0.0,0.0,0.023,51.401,34.795,0.0,86.196,-4.643,2.116,0.0,-2.526
3.786457601003349,3456,0,7,1,0.0,-0.000515,0.024726,-0.017873,188.275,171.0,42.27,0.0,42,153,0.0,0.024,0.0,0.0,0.024,153.357,34.917,0.0,188.275,13.82,28.45,0.0,42.27
3.786457601003349,3461,0,7,1,0.0,-0.000534,0.025672,0.003744,113.924,128.0,6.355,0.0,6,134,0.0,0.025,0.0,0.0,0.025,78.941,34.983,0.0,113.924,-11.26,17.616,0.0,6.355
3.798753754934296,3466,0,7,1,0.0,-0.000529,0.025418,0.002573,117.294,123.0,8.005,0.0,8,123,0.0,0.025,0.0,0.0,0.025,82.242,35.052,0.0,117.294,-4.564,12.569,0.0,8.005
3.809816655004397,3475,0,7,1,0.0,-0.000448,0.021533,0.004725,95.644,87.0,1.154,0.0,1,87,0.0,0.021,0.0,0.0,0.021,60.51,35.133,0.0,95.644,6.915,-5.76,0.0,1.154
3.809816655004397,3480,0,7,1,0.0,-0.000491,0.023598,0.000192,119.465,105.0,13.13,0.0,13,123,0.0,0.023,0.0,0.0,0.023,84.261,35.204,0.0,119.465,11.572,1.558,0.0,13.13
3.821657232940197,3485,0,7,1,0.0,-0.000527,0.025316,-0.00942,160.361,152.0,21.284,0.0,21,134,0.0,0.025,0.0,0.0,0.025,125.053,35.308,0.0,160.361,6.689,14.594,0.0,21.284
3.821657232940197,3491,0,7,1,0.0,-0.000542,0.026038,0.002563,119.888,123.0,6.573,0.0,6,110,0.0,0.026,0.0,0.0,0.026,84.509,35.379,0.0,119.888,-2.489,9.062,0.0,6.573
3.8333422789582983,3496,0,7,1,0.0,-0.000526,0.025262,0.004038,111.85,123.0,-3.873,0.0,-3,117,0.0,0.025,0.0,0.0,0.025,76.407,35.442,0.0,111.85,-8.919,5.046,0.0,-3.873
3.8333422789582983,3501,0,7,1,0.0,-0.000532,0.025572,0.008129,98.292,105.0,-12.299,0.0,-12,117,0.0,0.025,0.0,0.0,0.025,62.797,35.495,0.0,98.292,-5.365,-6.933,0.0,-12.299
3.8333422789582983,3506,0,7,1,0.0,-0.000527,0.025311,0.011149,86.521,74.0,-2.404,0.0,-2,117,0.0,0.025,0.0,0.0,0.025,50.983,35.537,0.0,86.521,10.016,-12.42,0.0,-2.404
3.8460601759143174,3511,0,7,1,0.0,-0.000544,0.026115,-0.012179,173.513,123.0,48.75,0.0,48,152,0.0,0.026,0.0,0.0,0.026,137.861,35.652,0.0,173.513,40.411,8.339,0.0,48.75
3.8460601759143174,3516,0,7,1,0.0,-0.000603,0.028967,-0.001402,145.075,105.0,46.262,0.0,46,128,0.0,0.028,0.0,0.0,0.028,109.331,35.743,0.0,145.075,32.06,14.201,0.0,46.262
3.857508191955276,3521,0,7,1,0.0,-0.000571,0.02741,0.014772,81.275,123.0,-38.89,0.0,-38,87,0.0,0.027,0.0,0.0,0.027,45.493,35.781,0.0,81.275,-33.379,-5.51,0.0,-38.89
3.857508191955276,3526,0,7,1,0.0,-0.000531,0.025492,0.00226,119.485,141.0,-17.468,0.0,-17,105,0.0,0.025,0.0,0.0,0.025,83.634,35.851,0.0,119.485,-17.211,-0.257,0.0,-17.468
3.857508191955276,3531,0,7,1,0.0,-0.000573,0.027522,-0.00189,141.828,99.0,44.216,0.0,44,117,0.0,0.027,0.0,0.0,0.027,105.888,35.939,0.0,141.828,34.262,9.953,0.0,44.216
3.869166749995202,3536,0,7,1,0.0,-0.000597,0.02868,-0.000196,139.983,105.0,50.357,0.0,50,123,0.0,0.028,0.0,0.0,0.028,103.957,36.026,0.0,139.983,27.987,22.37,0.0,50.357
3.869166749995202,3541,0,7,1,0.0,-0.000629,0.030223,-0.003138,156.229,152.0,35.558,0.0,35,152,0.0,0.03,0.0,0.0,0.03,120.103,36.126,0.0,156.229,3.383,32.174,0.0,35.558
3.880720782908611,3546,0,7,1,0.0,-0.000607,0.02916,0.018725,73.719,105.0,-13.484,0.0,-13,123,0.0,0.029,0.0,0.0,0.029,37.563,36.156,0.0,73.719,-25.024,11.54,0.0,-13.484
3.880720782908611,3551,0,7,1,0.0,-0.0006,0.028845,-0.002078,147.575,123.0,40.522,0.0,40,117,0.0,0.028,0.0,0.0,0.028,111.326,36.249,0.0,147.575,19.66,20.862,0.0,40.522
3.892096261959523,3556,0,7,1,0.0,-0.000588,0.028235,0.003422,125.65,123.0,25.626,0.0,25,134,0.0,0.028,0.0,0.0,0.028,89.326,36.323,0.0,125.65,2.12,23.505,0.0,25.626
3.892096261959523,3561,0,7,1,0.0,-0.000583,0.027992,0.018782,69.509,99.0,-24.858,0.0,-24,117,0.0,0.027,0.0,0.0,0.027,33.158,36.351,0.0,69.509,-23.592,-1.266,0.0,-24.858
3.903697271947749,3570,0,7,1,0.0,-0.000593,0.02848,-0.025227,229.944,171.0,98.122,0.0,98,171,0.0,0.028,0.0,0.0,0.028,193.345,36.599,0.0,229.944,47.155,50.966,0.0,98.122
3.903697271947749,3575,0,7,1,0.0,-0.000562,0.027017,0.00756,106.701,134.0,6.56,0.0,6,105,0.0,0.027,0.0,0.0,0.027,70.044,36.657,0.0,106.701,-21.838,28.399,0.0,6.56
3.9138881599064916,3581,0,7,1,0.0,-0.000542,0.026022,0.014323,78.808,92.0,2.971,0.0,2,117,0.0,0.026,0.0,0.0,0.026,42.115,36.692,0.0,78.808,-10.553,13.525,0.0,2.971
3.9138881599064916,3586,0,7,1,0.0,-0.000568,0.027309,-0.028826,238.95,182.0,101.73,0.0,101,159,0.0,0.027,0.0,0.0,0.027,202.088,36.861,0.0,238.95,45.56,56.17,0.0,101.73
3.9258593429112807,3591,0,7,1,0.0,-0.000549,0.026373,0.006456,108.621,123.0,24.434,0.0,24,123,0.0,0.026,0.0,0.0,0.026,71.699,36.921,0.0,108.621,-11.503,35.937,0.0,24.434
3.9258593429112807,3596,0,7,1,0.0,-0.000571,0.027438,-0.009142,168.722,171.0,52.183,0.0,52,178,0.0,0.027,0.0,0.0,0.027,131.691,37.03,0.0,168.722,-1.822,54.005,0.0,52.183
3.938150915899314,3601,0,7,1,0.0,-0.000608,0.029207,-0.000278,143.268,134.0,58.87,0.0,58,164,0.0,0.029,0.0,0.0,0.029,106.148,37.119,0.0,143.268,7.414,51.456,0.0,58.87
3.938150915899314,3606,0,7,1,0.0,-0.000568,0.027265,0.019013,66.85,86.0,8.438,0.0,8,117,0.0,0.027,0.0,0.0,0.027,29.706,37.144,0.0,66.85,-15.319,23.758,0.0,8.438
3.938150915899314,3611,0,7,1,0.0,-0.000597,0.028658,-0.003888,154.412,171.0,25.034,0.0,25,152,0.0,0.028,0.0,0.0,0.028,117.171,37.241,0.0,154.412,-13.269,38.304,0.0,25.034
3.9495918789179996,3616,0,7,1,0.0,-0.000646,0.031055,-0.013989,199.538,171.0,89.297,0.0,89,178,0.0,0.031,0.0,0.0,0.031,162.162,37.376,0.0,199.538,22.831,66.466,0.0,89.297
3.9495918789179996,3621,0,7,1,0.0,-0.00064,0.030722,0.010911,108.757,110.0,45.37,0.0,45,141,0.0,0.03,0.0,0.0,0.03,71.32,37.436,0.0,108.757,-0.994,46.364,0.0,45.37
3.9607650639954954,3626,0,7,1,0.0,-0.000579,0.027828,0.009033,105.155,146.0,-0.819,0.0,0,110,0.0,0.027,0.0,0.0,0.027,67.663,37.492,0.0,105.155,-32.675,31.856,0.0,-0.819
3.9607650639954954,3631,0,7,1,0.0,-0.000631,0.03032,-0.004655,163.512,141.0,66.489,0.0,66,152,0.0,0.03,0.0,0.0,0.03,125.914,37.597,0.0,163.512,18.009,48.479,0.0,66.489
3.9726333509897813,3636,0,7,1,0.0,-0.00061,0.029291,-0.006877,167.911,141.0,79.609,0.0,79,171,0.0,0.029,0.0,0.0,0.029,130.21,37.701,0.0,167.911,21.529,58.079,0.0,79.609
3.9726333509897813,3641,0,7,1,0.0,-0.000615,0.029541,-0.021652,222.152,201.0,98.158,0.0,98,194,0.0,0.029,0.0,0.0,0.029,184.297,37.855,0.0,222.152,16.922,81.236,0.0,98.158
3.9726333509897813,3646,0,7,1,0.0,-0.000625,0.030029,-0.006752,170.378,152.0,92.17,0.0,92,189,0.0,0.03,0.0,0.0,0.03,132.413,37.965,0.0,170.378,14.703,77.467,0.0,92.17
3.9849319349741563,3651,0,7,1,0.0,-0.000581,0.027914,0.010071,102.253,105.0,50.176,0.0,50,117,0.0,0.027,0.0,0.0,0.027,64.234,38.019,0.0,102.253,-2.196,52.373,0.0,50.176
3.996677645947784,3660,0,7,1,0.0,-0.00062,0.029792,-0.022972,228.197,171.0,121.187,0.0,121,171,0.0,0.029,0.0,0.0,0.029,189.955,38.241,0.0,228.197,45.757,75.43,0.0,121.187
3.996677645947784,3665,0,7,1,0.0,-0.000656,0.031528,9.8e-05,151.482,141.0,76.231,0.0,76,135,0.0,0.031,0.0,0.0,0.031,113.146,38.336,0.0,151.482,8.386,67.845,0.0,76.231
3.996677645947784,3671,0,7,1,0.0,-0.000653,0.031355,-0.001206,155.656,153.0,73.065,0.0,73,171,0.0,0.031,0.0,0.0,0.031,117.222,38.434,0.0,155.656,2.125,70.939,0.0,73.065
4.0088320459472016,3676,0,7,1,0.0,-0.000597,0.028667,0.003773,128.126,123.0,65.822,0.0,65,152,0.0,0.028,0.0,0.0,0.028,89.617,38.508,0.0,128.126,4.101,61.72,0.0,65.822
4.0088320459472016,3681,0,7,1,0.0,-0.000576,0.02767,-0.003423,150.539,153.0,50.433,0.0,50,152,0.0,0.027,0.0,0.0,0.027,111.936,38.602,0.0,150.539,-1.968,52.402,0.0,50.433
4.020213964977302,3686,0,7,1,0.0,-0.00059,0.028351,-0.005175,159.399,182.0,42.921,0.0,42,164,0.0,0.028,0.0,0.0,0.028,120.697,38.702,0.0,159.399,-18.08,61.001,0.0,42.921
4.020213964977302,3691,0,7,1,0.0,-0.000594,0.02852,0.003336,129.44,134.0,45.483,0.0,45,123,0.0,0.028,0.0,0.0,0.028,90.662,38.778,0.0,129.44,-3.647,49.13,0.0,45.483
4.031527288956568,3696,0,7,1,0.0,-0.000572,0.027478,-0.008882,169.785,164.0,64.339,0.0,64,171,0.0,0.027,0.0,0.0,0.027,130.898,38.887,0.0,169.785,4.628,59.71,0.0,64.339
4.031527288956568,3701,0,7,1,0.0,-0.00057,0.027397,0.001084,133.693,134.0,54.181,0.0,54,134,0.0,0.027,0.0,0.0,0.027,94.726,38.966,0.0,133.693,-0.245,54.426,0.0,54.181
4.043251495924778,3706,0,7,1,0.0,-0.000524,0.025183,0.013737,80.207,128.0,-12.948,0.0,-12,134,0.0,0.025,0.0,0.0,0.025,41.207,39.0,0.0,80.207,-38.233,25.284,0.0,-12.948
4.043251495924778,3711,0,7,1,0.0,-0.000563,0.027064,-0.011001,176.152,171.0,48.104,0.0,48,134,0.0,0.027,0.0,0.0,0.027,137.037,39.114,0.0,176.152,4.122,43.982,0.0,48.104
4.043251495924778,3716,0,7,1,0.0,-0.000589,0.028302,-0.005686,161.579,164.0,49.288,0.0,49,152,0.0,0.028,0.0,0.0,0.028,122.362,39.216,0.0,161.579,-1.936,51.224,0.0,49.288
4.05525397695601,3721,0,7,1,0.0,-0.000574,0.027556,0.010788,99.634,123.0,12.36,0.0,12,105,0.0,0.027,0.0,0.0,0.027,60.367,39.267,0.0,99.634,-18.692,31.052,0.0,12.36
4.05525397695601,3726,0,7,1,0.0,-0.000539,0.025912,-0.002119,140.266,152.0,32.902,0.0,32,152,0.0,0.025,0.0,0.0,0.025,100.917,39.348,0.0,140.266,-9.387,42.289,0.0,32.902
4.067142724990845,3731,0,7,1,0.0,-0.000555,0.026673,0.003638,122.344,117.0,41.224,0.0,41,141,0.0,0.026,0.0,0.0,0.026,82.927,39.417,0.0,122.344,4.275,36.948,0.0,41.224
4.067142724990845,3736,0,7,1,0.0,-0.000523,0.02511,0.010713,91.291,123.0,-7.809,0.0,-7,110,0.0,0.025,0.0,0.0,0.025,51.831,39.46,0.0,91.291,-25.366,17.557,0.0,-7.809
4.067142724990845,3741,0,7,1,0.0,-0.000543,0.026105,-0.006093,155.476,123.0,62.102,0.0,62,128,0.0,0.026,0.0,0.0,0.026,115.919,39.556,0.0,155.476,25.98,36.121,0.0,62.102
4.078785017947666,3750,0,7,1,0.0,-0.000578,0.027782,-0.004786,157.06,141.0,81.772,0.0,81,152,0.0,0.027,0.0,0.0,0.027,117.248,39.812,0.0,157.06,12.848,68.924,0.0,81.772
4.0898728870088235,3755,0,7,1,0.0,-0.000526,0.025279,0.014641,78.138,105.0,19.13,0.0,19,105,0.0,0.025,0.0,0.0,0.025,38.294,39.844,0.0,78.138,-21.489,40.619,0.0,19.13
4.0898728870088235,3761,0,7,1,0.0,-0.000499,0.023993,0.003138,114.987,134.0,23.906,0.0,23,123,0.0,0.023,0.0,0.0,0.023,75.08,39.907,0.0,114.987,-15.209,39.116,0.0,23.906
4.101340516004711,3766,0,7,1,0.0,-0.00058,0.027887,-0.015836,197.443,171.0,85.0,0.0,85,189,0.0,0.027,0.0,0.0,0.027,157.405,40.038,0.0,197.443,21.155,63.845,0.0,85.0
4.101340516004711,3771,0,7,1,0.0,-0.000629,0.030238,-0.024255,236.378,201.0,119.777,0.0,119,219,0.0,0.03,0.0,0.0,0.03,196.177,40.201,0.0,236.378,28.303,91.473,0.0,119.777
4.113205322995782,3776,0,7,1,0.0,-0.000632,0.030339,-0.016082,207.459,201.0,101.025,0.0,101,171,0.0,0.03,0.0,0.0,0.03,167.118,40.341,0.0,207.459,5.167,95.857,0.0,101.025
4.113205322995782,3781,0,7,1,0.0,-0.000555,0.026687,0.026125,42.367,87.0,15.426,0.0,15,123,0.0,0.026,0.0,0.0,0.026,2.024,40.342,0.0,42.367,-35.705,51.131,0.0,15.426
4.113205322995782,3786,0,7,1,0.0,-0.000514,0.024717,0.005552,109.394,152.0,12.467,0.0,12,105,0.0,0.024,0.0,0.0,0.024,68.993,40.4,0.0,109.394,-34.084,46.552,0.0,12.467
4.124987410963513,3791,0,7,1,0.0,-0.000567,0.027218,-0.018949,206.742,201.0,75.908,0.0,75,189,0.0,0.027,0.0,0.0,0.027,166.203,40.538,0.0,206.742,4.593,71.314,0.0,75.908
4.124987410963513,3796,0,7,1,0.0,-0.000626,0.030085,-0.013976,199.294,159.0,116.057,0.0,116,171,0.0,0.03,0.0,0.0,0.03,158.623,40.67,0.0,199.294,32.235,83.821,0.0,116.057
4.136217992985621,3801,0,7,1,0.0,-0.000592,0.028423,9e-05,142.756,152.0,64.546,0.0,64,146,0.0,0.028,0.0,0.0,0.028,102.0,40.755,0.0,142.756,-7.394,71.941,0.0,64.546
4.136217992985621,3806,0,7,1,0.0,-0.000555,0.026666,0.005479,117.092,141.0,40.349,0.0,40,135,0.0,0.026,0.0,0.0,0.026,76.272,40.819,0.0,117.092,-19.126,59.475,0.0,40.349
4.14831714797765,3811,0,7,1,0.0,-0.000521,0.025008,0.010852,91.821,123.0,18.304,0.0,18,123,0.0,0.025,0.0,0.0,0.025,50.959,40.861,0.0,91.821,-24.942,43.246,0.0,18.304
4.14831714797765,3816,0,7,1,0.0,-0.000575,0.02763,-0.014451,192.483,189.0,71.981,0.0,71,159,0.0,0.027,0.0,0.0,0.027,151.494,40.988,0.0,192.483,2.786,69.195,0.0,71.981
4.14831714797765,3821,0,7,1,0.0,-0.000572,0.027495,-0.000969,143.546,152.0,56.849,0.0,56,141,0.0,0.027,0.0,0.0,0.027,102.476,41.07,0.0,143.546,-6.762,63.612,0.0,56.849
4.159952868008986,3826,0,7,1,0.0,-0.000581,0.027901,-0.003277,153.406,182.0,45.285,0.0,45,159,0.0,0.027,0.0,0.0,0.027,112.242,41.163,0.0,153.406,-22.874,68.159,0.0,45.285
4.159952868008986,3831,0,7,1,0.0,-0.000552,0.026516,0.018833,68.843,92.0,21.404,0.0,21,134,0.0,0.026,0.0,0.0,0.026,27.656,41.186,0.0,68.843,-18.524,39.929,0.0,21.404
4.1713108560070395,3840,0,7,1,0.0,-0.000519,0.02493,-0.0064,154.116,135.0,58.467,0.0,58,146,0.0,0.024,0.0,0.0,0.024,112.792,41.324,0.0,154.116,15.293,43.174,0.0,58.467
4.182993986993097,3845,0,7,1,0.0,-0.00055,0.026412,-0.021417,213.655,207.0,77.389,0.0,77,201,0.0,0.026,0.0,0.0,0.026,172.187,41.467,0.0,213.655,5.324,72.065,0.0,77.389
4.182993986993097,3851,0,7,1,0.0,-0.000585,0.028085,-0.001027,146.36,135.0,74.41,0.0,74,141,0.0,0.028,0.0,0.0,0.028,104.805,41.555,0.0,146.36,9.088,65.322,0.0,74.41
4.182993986993097,3856,0,7,1,0.0,-0.000522,0.025086,0.021666,53.877,74.0,14.579,0.0,14,117,0.0,0.025,0.0,0.0,0.025,12.311,41.565,0.0,53.877,-16.098,30.677,0.0,14.579
4.194576390902512,3861,0,7,1,0.0,-0.000463,0.022225,0.023168,38.169,74.0,-26.536,0.0,-26,98,0.0,0.022,0.0,0.0,0.022,-3.393,41.563,0.0,38.169,-28.664,2.127,0.0,-26.536
4.194576390902512,3866,0,7,1,0.0,-0.000521,0.02504,-0.00821,161.368,152.0,35.168,0.0,35,123,0.0,0.025,0.0,0.0,0.025,119.705,41.662,0.0,161.368,7.494,27.674,0.0,35.168
4.206189955002628,3871,0,7,1,0.0,-0.000563,0.027053,-0.007226,165.173,141.0,64.139,0.0,64,171,0.0,0.027,0.0,0.0,0.027,123.407,41.765,0.0,165.173,19.338,44.8,0.0,64.139
4.206189955002628,3876,0,7,1,0.0,-0.00054,0.025926,-0.011365,176.127,141.0,78.443,0.0,78,152,0.0,0.025,0.0,0.0,0.025,134.249,41.877,0.0,176.127,28.101,50.341,0.0,78.443
4.216214390937239,3881,0,7,1,0.0,-0.000469,0.022541,0.023606,38.039,86.0,-23.098,0.0,-23,87,0.0,0.022,0.0,0.0,0.022,-3.834,41.874,0.0,38.039,-38.368,15.269,0.0,-23.098
4.216214390937239,3886,0,7,1,0.0,-0.000441,0.021175,0.012166,74.334,110.0,-25.534,0.0,-25,105,0.0,0.021,0.0,0.0,0.021,32.432,41.901,0.0,74.334,-28.532,2.998,0.0,-25.534
4.216214390937239,3891,0,7,1,0.0,-0.000481,0.023132,-0.02175,203.615,196.0,45.987,0.0,45,171,0.0,0.023,0.0,0.0,0.023,161.579,42.036,0.0,203.615,6.092,39.895,0.0,45.987
4.228614655905403,3896,0,7,1,0.0,-0.000472,0.022695,0.005303,104.7,105.0,22.453,0.0,22,105,0.0,0.022,0.0,0.0,0.022,62.612,42.088,0.0,104.7,-0.239,22.692,0.0,22.453
4.228614655905403,3901,0,7,1,0.0,-0.000507,0.024347,-0.000552,131.805,105.0,53.354,0.0,53,123,0.0,0.024,0.0,0.0,0.024,89.642,42.162,0.0,131.805,21.444,31.909,0.0,53.354
4.239786873920821,3906,0,7,1,0.0,-0.00049,0.023567,0.018539,60.28,98.0,-24.667,0.0,-24,105,0.0,0.023,0.0,0.0,0.023,18.102,42.178,0.0,60.28,-30.175,5.508,0.0,-24.667
4.239786873920821,3911,0,7,1,0.0,-0.000442,0.021236,0.011944,75.655,86.0,-11.189,0.0,-11,86,0.0,0.021,0.0,0.0,0.021,33.45,42.204,0.0,75.655,-8.275,-2.914,0.0,-11.189
4.253347054007463,3916,0,7,1,0.0,-0.000428,0.020582,0.004283,100.929,123.0,-22.853,0.0,-22,87,0.0,0.02,0.0,0.0,0.02,58.675,42.253,0.0,100.929,-17.656,-5.196,0.0,-22.853
4.253347054007463,3921,0,7,1,0.0,-0.000457,0.021971,-0.003057,132.431,123.0,18.626,0.0,18,135,0.0,0.021,0.0,0.0,0.021,90.102,42.328,0.0,132.431,7.544,11.081,0.0,18.626
4.264453609008342,3930,0,7,1,0.0,-0.000507,0.024382,0.002963,119.589,123.0,18.533,0.0,18,123,0.0,0.024,0.0,0.0,0.024,77.108,42.481,0.0,119.589,-2.728,21.261,0.0,18.533
4.264453609008342,3935,0,7,1,0.0,-0.000511,0.024573,-0.003701,144.355,152.0,23.527,0.0,23,146,0.0,0.024,0.0,0.0,0.024,101.789,42.565,0.0,144.355,-6.115,29.643,0.0,23.527
4.275669905007817,3940,0,7,1,0.0,-0.000463,0.022252,0.004174,107.7,105.0,28.797,0.0,28,123,0.0,0.022,0.0,0.0,0.022,65.08,42.62,0.0,107.7,2.16,26.636,0.0,28.797
4.275669905007817,3946,0,7,1,0.0,-0.000534,0.025659,-0.006582,158.789,152.0,49.634,0.0,49,152,0.0,0.025,0.0,0.0,0.025,116.072,42.717,0.0,158.789,5.431,44.202,0.0,49.634
4.2868397439597175,3951,0,7,1,0.0,-0.000533,0.025606,0.006188,112.678,105.0,34.748,0.0,34,123,0.0,0.025,0.0,0.0,0.025,69.903,42.775,0.0,112.678,6.142,28.605,0.0,34.748
4.2868397439597175,3956,0,7,1,0.0,-0.000513,0.024665,0.013897,81.571,99.0,-1.111,0.0,-1,117,0.0,0.024,0.0,0.0,0.024,38.764,42.807,0.0,81.571,-13.942,12.831,0.0,-1.111
4.2868397439597175,3961,0,7,1,0.0,-0.000537,0.025794,0.009688,100.836,87.0,15.702,0.0,15,86,0.0,0.025,0.0,0.0,0.025,57.98,42.856,0.0,100.836,11.069,4.633,0.0,15.702
4.299010341987014,3966,0,7,1,0.0,-0.000578,0.027751,-0.022435,223.677,189.0,76.327,0.0,76,171,0.0,0.027,0.0,0.0,0.027,180.671,43.006,0.0,223.677,27.742,48.585,0.0,76.327
4.299010341987014,3971,0,7,1,0.0,-0.000545,0.026164,0.019748,66.125,86.0,0.42,0.0,0,74,0.0,0.026,0.0,0.0,0.026,23.099,43.025,0.0,66.125,-15.899,16.319,0.0,0.42
4.310118517954834,3976,0,7,1,0.0,-0.000549,0.026381,-0.006354,160.975,152.0,41.352,0.0,41,164,0.0,0.026,0.0,0.0,0.026,117.85,43.124,0.0,160.975,7.18,34.172,0.0,41.352
4.310118517954834,3981,0,7,1,0.0,-0.000539,0.0259,0.006142,114.311,117.0,22.833,0.0,22,134,0.0,0.025,0.0,0.0,0.025,71.128,43.183,0.0,114.311,-2.15,24.983,0.0,22.833
4.321357553009875,3986,0,7,1,0.0,-0.000495,0.023798,0.006953,103.873,123.0,9.368,0.0,9,117,0.0,0.023,0.0,0.0,0.023,60.639,43.233,0.0,103.873,-15.301,24.669,0.0,9.368
4.321357553009875,3991,0,7,1,0.0,-0.000523,0.02511,0.003379,121.531,123.0,22.975,0.0,22,134,0.0,0.025,0.0,0.0,0.025,78.232,43.299,0.0,121.531,-1.174,24.149,0.0,22.975
4.333267458947375,3996,0,7,1,0.0,-0.000538,0.025837,-0.006613,160.219,146.0,49.13,0.0,49,135,0.0,0.025,0.0,0.0,0.025,116.823,43.396,0.0,160.219,11.375,37.754,0.0,49.13
4.333267458947375,4001,0,7,1,0.0,-0.000496,0.02383,0.010561,91.201,105.0,12.368,0.0,12,123,0.0,0.023,0.0,0.0,0.023,47.766,43.434,0.0,91.201,-11.039,23.407,0.0,12.368
4.333267458947375,4006,0,7,1,0.0,-0.000497,0.023899,0.00077,126.769,117.0,31.175,0.0,31,117,0.0,0.023,0.0,0.0,0.023,83.265,43.504,0.0,126.769,7.815,23.359,0.0,31.175
4.345176297007129,4011,0,7,1,0.0,-0.000516,0.024794,-0.007773,160.847,171.0,24.558,0.0,24,105,0.0,0.024,0.0,0.0,0.024,117.245,43.601,0.0,160.847,-8.122,32.68,0.0,24.558
4.356320821912959,4020,0,7,1,0.0,-0.000526,0.025288,0.002671,125.212,110.0,63.271,0.0,63,135,0.0,0.025,0.0,0.0,0.025,81.419,43.792,0.0,125.212,12.169,51.102,0.0,63.271
4.356320821912959,4025,0,7,1,0.0,-0.000466,0.0224,0.015214,69.682,105.0,-2.56,0.0,-2,105,0.0,0.022,0.0,0.0,0.022,25.869,43.813,0.0,69.682,-28.253,25.693,0.0,-2.56
4.368340809945948,4030,0,7,1,0.0,-0.000482,0.023172,-0.018498,193.954,201.0,46.895,0.0,46,171,0.0,0.023,0.0,0.0,0.023,150.015,43.938,0.0,193.954,-5.636,52.532,0.0,46.895
4.368340809945948,4036,0,7,1,0.0,-0.00052,0.025002,-0.008866,165.967,159.0,61.788,0.0,61,152,0.0,0.025,0.0,0.0,0.025,121.927,44.04,0.0,165.967,5.574,56.213,0.0,61.788
4.368340809945948,4041,0,7,1,0.0,-0.000519,0.024925,0.01805,68.811,87.0,11.457,0.0,11,92,0.0,0.024,0.0,0.0,0.024,24.749,44.061,0.0,68.811,-14.55,26.008,0.0,11.457
4.380046202917583,4046,0,7,1,0.0,-0.000515,0.024736,0.010173,96.533,99.0,20.6,0.0,20,123,0.0,0.024,0.0,0.0,0.024,52.428,44.105,0.0,96.533,-1.972,22.573,0.0,20.6
4.380046202917583,4051,0,7,1,0.0,-0.00053,0.025485,-0.001739,142.195,134.0,38.324,0.0,38,134,0.0,0.025,0.0,0.0,0.025,98.008,44.186,0.0,142.195,6.556,31.767,0.0,38.324
4.391496746917255,4056,0,7,1,0.0,-0.000507,0.024367,-0.001922,138.91,141.0,33.631,0.0,33,153,0.0,0.024,0.0,0.0,0.024,94.644,44.265,0.0,138.91,-1.671,35.303,0.0,33.631
4.391496746917255,4061,0,7,1,0.0,-0.000499,0.023984,0.005023,112.58,105.0,33.661,0.0,33,134,0.0,0.023,0.0,0.0,0.023,68.258,44.322,0.0,112.58,6.064,27.597,0.0,33.661
4.403371611959301,4066,0,7,1,0.0,-0.000474,0.022765,0.012249,82.211,105.0,-5.92,0.0,-5,117,0.0,0.022,0.0,0.0,0.022,37.857,44.354,0.0,82.211,-18.23,12.31,0.0,-5.92
4.403371611959301,4071,0,7,1,0.0,-0.000461,0.022141,0.006506,100.686,105.0,7.496,0.0,7,134,0.0,0.022,0.0,0.0,0.022,56.285,44.4,0.0,100.686,-3.45,10.946,0.0,7.496
4.403371611959301,4076,0,7,1,0.0,-0.000428,0.020557,0.00975,83.335,87.0,-3.223,0.0,-3,87,0.0,0.02,0.0,0.0,0.02,38.902,44.433,0.0,83.335,-2.931,-0.291,0.0,-3.223
4.414000438991934,4081,0,7,1,0.0,-0.000462,0.022193,-0.016408,183.515,171.0,37.998,0.0,37,123,0.0,0.022,0.0,0.0,0.022,138.966,44.549,0.0,183.515,10.012,27.985,0.0,37.998
4.414000438991934,4086,0,7,1,0.0,-0.000421,0.020246,0.011142,77.35,99.0,-7.657,0.0,-7,99,0.0,0.02,0.0,0.0,0.02,32.774,44.576,0.0,77.35,-17.319,9.662,0.0,-7.657
4.424908112967387,4091,0,7,1,0.0,-0.000397,0.01908,0.003088,102.195,105.0,6.061,0.0,6,105,0.0,0.019,0.0,0.0,0.019,57.573,44.622,0.0,102.195,-2.243,8.304,0.0,6.061
4.424908112967387,4096,0,7,1,0.0,-0.000397,0.019063,-0.00821,142.893,134.0,31.999,0.0,31,123,0.0,0.019,0.0,0.0,0.019,98.188,44.704,0.0,142.893,7.114,24.884,0.0,31.999
4.4371621259488165,4101,0,7,1,0.0,-0.000405,0.019485,-0.007343,141.367,123.0,45.843,0.0,45,117,0.0,0.019,0.0,0.0,0.019,96.582,44.784,0.0,141.367,14.694,31.149,0.0,45.843
4.4371621259488165,4110,0,7,1,0.0,-0.000423,0.020334,0.001193,113.764,134.0,-2.606,0.0,-2,123,0.0,0.02,0.0,0.0,0.02,68.91,44.854,0.0,113.764,-16.188,13.582,0.0,-2.606
4.449225478922017,4115,0,7,1,0.0,-0.000471,0.022642,0.002272,118.245,105.0,30.864,0.0,30,105,0.0,0.022,0.0,0.0,0.022,73.33,44.915,0.0,118.245,10.596,20.268,0.0,30.864
4.449225478922017,4120,0,7,1,0.0,-0.000485,0.023322,-0.020778,203.811,171.0,78.293,0.0,78,152,0.0,0.023,0.0,0.0,0.023,158.764,45.047,0.0,203.811,26.249,52.043,0.0,78.293
4.460798958898522,4126,0,7,1,0.0,-0.000446,0.021416,-0.001862,128.923,134.0,38.731,0.0,38,123,0.0,0.021,0.0,0.0,0.021,83.806,45.117,0.0,128.923,-4.061,42.792,0.0,38.731
4.460798958898522,4131,0,7,1,0.0,-0.000421,0.020252,-0.017192,180.029,171.0,71.046,0.0,71,171,0.0,0.02,0.0,0.0,0.02,134.8,45.229,0.0,180.029,7.223,63.822,0.0,71.046
4.472819880000316,4136,0,7,1,0.0,-0.000393,0.018898,-0.005108,131.725,141.0,48.512,0.0,48,134,0.0,0.018,0.0,0.0,0.018,86.423,45.301,0.0,131.725,-7.419,55.932,0.0,48.512
4.472819880000316,4141,0,7,1,0.0,-0.000369,0.017759,-0.003763,122.847,134.0,44.95,0.0,44,134,0.0,0.017,0.0,0.0,0.017,77.48,45.366,0.0,122.847,-8.922,53.872,0.0,44.95
4.472819880000316,4146,0,7,1,0.0,-0.000379,0.018237,-0.003673,124.31,117.0,55.02,0.0,55,123,0.0,0.018,0.0,0.0,0.018,78.878,45.432,0.0,124.31,5.848,49.172,0.0,55.02
4.484287342987955,4151,0,7,1,0.0,-0.000414,0.019912,-0.000595,119.321,134.0,30.139,0.0,30,141,0.0,0.019,0.0,0.0,0.019,73.827,45.493,0.0,119.321,-11.743,41.882,0.0,30.139
4.484287342987955,4156,0,7,1,0.0,-0.000412,0.019809,0.015186,62.151,74.0,13.786,0.0,13,117,0.0,0.019,0.0,0.0,0.019,16.644,45.507,0.0,62.151,-9.478,23.265,0.0,13.786
4.4974811089923605,4161,0,7,1,0.0,-0.000405,0.019481,-0.006498,139.113,92.0,72.588,0.0,72,123,0.0,0.019,0.0,0.0,0.019,93.528,45.585,0.0,139.113,37.69,34.898,0.0,72.588
4.4974811089923605,4166,0,7,1,0.0,-0.000446,0.02141,-0.012319,167.113,123.0,85.703,0.0,85,146,0.0,0.021,0.0,0.0,0.021,121.427,45.686,0.0,167.113,35.291,50.412,0.0,85.703
4.4974811089923605,4171,0,7,1,0.0,-0.000437,0.020977,0.001202,116.935,105.0,53.355,0.0,53,123,0.0,0.02,0.0,0.0,0.02,71.189,45.746,0.0,116.935,9.548,43.807,0.0,53.355
4.508233318920247,4176,0,7,1,0.0,-0.000384,0.018458,0.016281,53.592,87.0,-18.728,0.0,-18,73,0.0,0.018,0.0,0.0,0.018,7.84,45.752,0.0,53.592,-26.725,7.997,0.0,-18.728
4.508233318920247,4181,0,7,1,0.0,-0.000386,0.018554,-0.009545,146.991,134.0,39.091,0.0,39,141,0.0,0.018,0.0,0.0,0.018,101.157,45.833,0.0,146.991,10.392,28.698,0.0,39.091
4.519568523974158,4186,0,7,1,0.0,-0.000378,0.018167,0.003311,99.361,110.0,14.058,0.0,14,105,0.0,0.018,0.0,0.0,0.018,53.483,45.878,0.0,99.361,-8.51,22.569,0.0,14.058
4.519568523974158,4191,0,7,1,0.0,-0.000405,0.019473,-0.006385,139.047,134.0,35.49,0.0,35,105,0.0,0.019,0.0,0.0,0.019,93.091,45.955,0.0,139.047,4.037,31.453,0.0,35.49
4.531463583000004,4200,0,7,1,0.0,-0.000375,0.018013,0.003452,98.449,105.0,9.636,0.0,9,105,0.0,0.018,0.0,0.0,0.018,52.417,46.032,0.0,98.449,-5.24,14.877,0.0,9.636
4.531463583000004,4205,0,7,1,0.0,-0.00035,0.016827,-0.011951,149.722,171.0,7.906,0.0,7,152,0.0,0.016,0.0,0.0,0.016,103.603,46.118,0.0,149.722,-17.022,24.929,0.0,7.906
4.543385973898694,4210,0,7,1,0.0,-0.000361,0.017337,-0.006717,132.786,146.0,11.893,0.0,11,146,0.0,0.017,0.0,0.0,0.017,86.595,46.19,0.0,132.786,-10.571,22.464,0.0,11.893
4.543385973898694,4216,0,7,1,0.0,-0.000371,0.017826,-0.005396,129.865,134.0,29.946,0.0,29,152,0.0,0.017,0.0,0.0,0.017,83.604,46.26,0.0,129.865,-3.307,33.253,0.0,29.946
4.554503181949258,4221,0,7,1,0.0,-0.000349,0.016795,0.001551,101.183,74.0,50.776,0.0,50,105,0.0,0.016,0.0,0.0,0.016,54.877,46.306,0.0,101.183,21.746,29.029,0.0,50.776
4.554503181949258,4226,0,7,1,0.0,-0.000314,0.015107,0.001457,95.487,117.0,3.12,0.0,3,123,0.0,0.015,0.0,0.0,0.015,49.14,46.347,0.0,95.487,-17.209,20.33,0.0,3.12
4.565802697907202,4231,0,7,1,0.0,-0.000343,0.016477,-0.013782,155.375,153.0,38.139,0.0,38,123,0.0,0.016,0.0,0.0,0.016,108.937,46.438,0.0,155.375,1.9,36.238,0.0,38.139
4.565802697907202,4236,0,7,1,0.0,-0.000318,0.015295,0.008156,72.161,105.0,-11.515,0.0,-11,105,0.0,0.015,0.0,0.0,0.015,25.702,46.459,0.0,72.161,-26.27,14.755,0.0,-11.515
4.578042174922302,4241,0,7,1,0.0,-0.000307,0.01476,-0.026196,194.029,159.0,73.584,0.0,73,171,0.0,0.014,0.0,0.0,0.014,147.446,46.582,0.0,194.029,28.023,45.561,0.0,73.584
4.578042174922302,4246,0,7,1,0.0,-0.000297,0.014283,0.00261,88.639,105.0,10.956,0.0,10,105,0.0,0.014,0.0,0.0,0.014,42.022,46.617,0.0,88.639,-13.088,24.045,0.0,10.956
4.578042174922302,4251,0,7,1,0.0,-0.000297,0.014285,-0.010735,136.77,153.0,17.56,0.0,17,153,0.0,0.014,0.0,0.0,0.014,90.077,46.692,0.0,136.77,-12.983,30.543,0.0,17.56
4.5893939739326015,4256,0,7,1,0.0,-0.000302,0.014521,0.008854,67.111,87.0,-8.413,0.0,-8,105,0.0,0.014,0.0,0.0,0.014,20.402,46.709,0.0,67.111,-15.91,7.497,0.0,-8.413
4.5893939739326015,4261,0,7,1,0.0,-0.000324,0.015554,-0.007025,128.065,123.0,22.73,0.0,22,110,0.0,0.015,0.0,0.0,0.015,81.288,46.777,0.0,128.065,4.052,18.678,0.0,22.73
4.601335156941786,4266,0,7,1,0.0,-0.000348,0.016749,0.000245,106.24,105.0,16.621,0.0,16,117,0.0,0.016,0.0,0.0,0.016,59.413,46.826,0.0,106.24,0.992,15.629,0.0,16.621
4.601335156941786,4271,0,7,1,0.0,-0.000328,0.015763,0.002022,96.333,105.0,2.118,0.0,2,117,0.0,0.015,0.0,0.0,0.015,49.466,46.866,0.0,96.333,-6.933,9.052,0.0,2.118
4.613429993973114,4276,0,7,1,0.0,-0.000329,0.015793,-0.00117,107.988,123.0,-6.747,0.0,-6,92,0.0,0.015,0.0,0.0,0.015,61.07,46.917,0.0,107.988,-12.009,5.262,0.0,-6.747
4.613429993973114,4281,0,7,1,0.0,-0.000337,0.016183,-0.019227,174.502,152.0,50.423,0.0,50,152,0.0,0.016,0.0,0.0,0.016,127.479,47.023,0.0,174.502,18.002,32.421,0.0,50.423
4.613429993973114,4286,0,7,1,0.0,-0.00032,0.015404,0.007892,74.088,105.0,-19.04,0.0,-19,99,0.0,0.015,0.0,0.0,0.015,27.041,47.046,0.0,74.088,-24.729,5.689,0.0,-19.04
4.625385978957638,4295,0,7,1,0.0,-0.000374,0.017956,-0.030661,222.193,201.0,42.891,0.0,42,171,0.0,0.017,0.0,0.0,0.017,175.023,47.169,0.0,222.193,16.954,25.936,0.0,42.891
4.636586318956688,4300,0,7,1,0.0,-0.0004,0.019234,-0.018707,183.873,171.0,52.992,0.0,52,159,0.0,0.019,0.0,0.0,0.019,136.589,47.283,0.0,183.873,10.298,42.694,0.0,52.992
4.636586318956688,4306,0,7,1,0.0,-0.000323,0.015524,0.030952,-8.305,55.0,-66.217,0.0,-66,55,0.0,0.015,0.0,0.0,0.015,-55.542,47.236,0.0,-8.305,-50.644,-15.573,0.0,-66.217
4.648324791924097,4311,0,7,1,0.0,-0.000288,0.013862,0.015175,42.507,68.0,-47.767,0.0,-47,74,0.0,0.013,0.0,0.0,0.013,-4.725,47.233,0.0,42.507,-20.394,-27.373,0.0,-47.767
4.648324791924097,4316,0,7,1,0.0,-0.000358,0.01719,-0.007748,137.088,117.0,9.141,0.0,9,123,0.0,0.017,0.0,0.0,0.017,89.78,47.307,0.0,137.088,16.071,-6.929,0.0,9.141
4.648324791924097,4321,0,7,1,0.0,-0.000433,0.020821,-0.002574,131.603,123.0,4.72,0.0,4,105,0.0,0.02,0.0,0.0,0.02,84.225,47.378,0.0,131.603,6.882,-2.162,0.0,4.72
4.660285933990963,4326,0,7,1,0.0,-0.000431,0.020698,0.009336,88.314,99.0,-18.477,0.0,-18,74,0.0,0.02,0.0,0.0,0.02,40.902,47.412,0.0,88.314,-8.548,-9.929,0.0,-18.477
4.660285933990963,4331,0,7,1,0.0,-0.000405,0.019483,0.00091,114.331,86.0,27.087,0.0,27,87,0.0,0.019,0.0,0.0,0.019,66.863,47.467,0.0,114.331,22.665,4.422,0.0,27.087
4.671250604907982,4336,0,7,1,0.0,-0.000369,0.017719,-0.020773,186.157,141.0,69.521,0.0,69,153,0.0,0.017,0.0,0.0,0.017,138.573,47.583,0.0,186.157,36.125,33.396,0.0,69.521
4.671250604907982,4341,0,7,1,0.0,-0.000357,0.017142,0.008143,80.004,86.0,8.253,0.0,8,105,0.0,0.017,0.0,0.0,0.017,32.393,47.61,0.0,80.004,-4.796,13.049,0.0,8.253
4.683490382973105,4346,0,7,1,0.0,-0.000373,0.01793,0.005937,90.82,74.0,21.647,0.0,21,99,0.0,0.017,0.0,0.0,0.017,43.173,47.646,0.0,90.82,13.456,8.19,0.0,21.647
4.683490382973105,4351,0,7,1,0.0,-0.000428,0.02059,-0.015045,176.044,146.0,57.759,0.0,57,134,0.0,0.02,0.0,0.0,0.02,128.291,47.753,0.0,176.044,24.035,33.723,0.0,57.759
4.683490382973105,4356,0,7,1,0.0,-0.000437,0.02101,0.000498,121.659,105.0,47.981,0.0,47,123,0.0,0.021,0.0,0.0,0.021,73.844,47.814,0.0,121.659,13.327,34.653,0.0,47.981
4.694781619939022,4361,0,7,1,0.0,-0.000393,0.01891,0.009797,80.649,99.0,5.185,0.0,5,117,0.0,0.018,0.0,0.0,0.018,32.808,47.841,0.0,80.649,-14.68,19.866,0.0,5.185
4.694781619939022,4366,0,7,1,0.0,-0.000379,0.018209,-0.009002,145.886,123.0,52.715,0.0,52,123,0.0,0.018,0.0,0.0,0.018,97.963,47.922,0.0,145.886,18.309,34.406,0.0,52.715
4.706459156936035,4371,0,7,1,0.0,-0.000402,0.019325,-0.02279,199.664,171.0,85.146,0.0,85,171,0.0,0.019,0.0,0.0,0.019,151.614,48.049,0.0,199.664,22.931,62.215,0.0,85.146
4.706459156936035,4376,0,7,1,0.0,-0.000386,0.018531,-0.006019,136.505,123.0,66.354,0.0,66,141,0.0,0.018,0.0,0.0,0.018,88.383,48.122,0.0,136.505,10.804,55.55,0.0,66.354
4.7178274429170415,4385,0,7,1,0.0,-0.000355,0.017063,0.006411,86.559,134.0,-9.015,0.0,-9,105,0.0,0.017,0.0,0.0,0.017,38.347,48.211,0.0,86.559,-37.952,28.936,0.0,-9.015
4.7178274429170415,4390,0,7,1,0.0,-0.000385,0.018514,-0.003724,128.339,152.0,9.067,0.0,9,110,0.0,0.018,0.0,0.0,0.018,80.061,48.278,0.0,128.339,-18.928,27.995,0.0,9.067
4.729958791984245,4395,0,7,1,0.0,-0.00042,0.020178,-0.00494,138.781,153.0,25.0,0.0,25,134,0.0,0.02,0.0,0.0,0.02,90.427,48.353,0.0,138.781,-11.375,36.375,0.0,25.0
4.729958791984245,4401,0,7,1,0.0,-0.000402,0.019316,-0.014048,168.566,128.0,83.553,0.0,83,123,0.0,0.019,0.0,0.0,0.019,120.112,48.454,0.0,168.566,32.453,51.099,0.0,83.553
4.7410859619267285,4406,0,7,1,0.0,-0.00039,0.018732,-0.001857,122.638,87.0,77.769,0.0,77,134,0.0,0.018,0.0,0.0,0.018,74.121,48.516,0.0,122.638,28.51,49.259,0.0,77.769
4.7410859619267285,4411,1,7,6,0.0,-0.000341,0.016411,0.00997,71.721,105.0,-6.759,0.0,-6,98,0.0,0.016,0.0,0.0,0.016,23.185,48.535,0.0,71.721,-26.623,19.863,0.0,-6.759
4.753199883969501,4416,1,7,6,0.002741,-0.00035,0.148381,0.005613,562.928,424.0,289.529,0.0,289,406,0.0,0.148,0.0,0.0,0.148,513.965,48.963,0.0,562.928,111.143,178.385,0.0,289.529
4.753199883969501,4421,1,7,6,0.005479,-0.000389,0.281696,-0.005156,1082.493,749.0,728.853,0.0,728,719,0.0,0.281,0.0,0.0,0.281,1032.669,49.824,0.0,1082.493,266.794,462.059,0.0,728.853
4.753199883969501,4426,1,7,6,0.008212,-0.000193,0.403491,0.038151,1366.143,936.0,1086.548,0.0,1086,948,0.0,0.403,0.0,0.0,0.403,1315.222,50.92,0.0,1366.143,344.114,742.434,0.0,1086.548
4.764791740919463,4431,1,7,6,0.010937,0.000379,0.506777,0.141695,1366.31,996.0,1239.852,0.0,1239,1014,0.0,0.506,0.0,0.0,0.506,1314.295,52.015,0.0,1366.31,296.248,943.603,0.0,1239.852
4.764791740919463,4436,1,7,6,0.013651,0.001332,0.591292,0.206243,1439.346,1129.0,1381.984,0.0,1381,1141,0.0,0.591,0.0,0.0,0.591,1386.175,53.17,0.0,1439.346,248.277,1133.707,0.0,1381.984
4.7761443729978055,4441,1,7,6,0.016352,0.002646,0.657868,0.272096,1443.103,1190.0,1482.823,0.0,1482,1195,0.209439,0.657,0.0,0.0,0.657,1388.776,54.327,0.0,1443.103,202.483,1280.34,0.0,1482.823
4.7761443729978055,4446,1,7,6,0.019036,0.004223,0.711039,0.324985,1445.28,1237.0,1569.919,0.0,1569,1234,0.314159,0.711,0.0,0.0,0.711,1389.794,55.486,0.0,1445.28,166.624,1403.295,0.0,1569.919
4.788183049997315,4451,1,7,6,0.021702,0.006162,0.745905,0.408373,1271.611,1130.0,1555.388,0.0,1555,1179,0.314159,0.745,0.0,0.0,0.745,1215.113,56.498,0.0,1271.611,113.289,1442.098,0.0,1555.388
4.788183049997315,4456,1,7,6,0.024346,0.008402,0.765321,0.470506,1118.682,1059.0,1485.092,0.0,1485,1073,0.314159,0.765,0.0,0.0,0.765,1061.332,57.349,0.0,1118.682,47.745,1437.346,0.0,1485.092
4.788183049997315,4461,1,7,6,0.026966,0.010875,0.772363,0.51252,993.563,1020.0,1379.7,0.0,1379,1002,0.418879,0.772,0.0,0.0,0.772,935.434,58.129,0.0,993.563,-21.149,1400.849,0.0,1379.7
4.800215370953083,4466,1,7,6,0.02956,0.013637,0.764314,0.552827,820.118,881.0,1277.337,0.0,1277,942,0.523598,0.764,0.0,0.0,0.764,761.355,58.763,0.0,820.118,-48.705,1326.042,0.0,1277.337
4.811623379937373,4475,1,7,6,0.034153,0.019111,0.722039,0.612469,454.03,643.0,928.594,0.0,928,633,0.523598,0.722,0.0,0.0,0.722,394.452,59.578,0.0,454.03,-151.175,1079.77,0.0,928.594
4.811623379937373,4480,1,7,6,0.036659,0.022314,0.688546,0.634406,254.646,514.0,705.598,0.0,705,483,0.418879,0.688,0.0,0.0,0.688,194.905,59.74,0.0,254.646,-207.483,913.081,0.0,705.598
4.823027170961723,4485,1,7,6,0.039128,0.0255,0.654152,0.637146,121.013,387.0,538.53,0.0,538,353,0.418879,0.654,0.0,0.0,0.654,61.222,59.791,0.0,121.013,-212.788,751.319,0.0,538.53
4.823027170961723,4491,1,7,6,0.041559,0.02849,0.627313,0.566397,279.271,433.0,568.803,0.0,568,416,0.418879,0.627,0.0,0.0,0.627,219.296,59.975,0.0,279.271,-122.983,691.786,0.0,568.803
4.823027170961723,4496,1,7,6,0.044422,0.031729,0.609257,0.517082,392.084,480.0,597.917,0.0,597,481,0.209439,0.609,0.0,0.0,0.609,331.832,60.251,0.0,392.084,-70.332,668.25,0.0,597.917
4.834297853987664,4501,1,7,6,0.046759,0.034092,0.608023,0.458639,598.482,560.0,743.904,0.0,743,575,0.314159,0.608,0.0,0.0,0.608,537.782,60.699,0.0,598.482,30.785,713.118,0.0,743.904
4.834297853987664,4506,1,7,6,0.049051,0.036208,0.616459,0.41908,771.857,671.0,872.098,0.0,872,688,0.209439,0.616,0.0,0.0,0.616,710.565,61.291,0.0,771.857,80.685,791.412,0.0,872.098
4.845463031902909,4511,1,7,6,0.051293,0.038167,0.63008,0.395257,907.359,799.0,967.828,0.0,967,751,0.209439,0.63,0.0,0.0,0.63,845.363,61.996,0.0,907.359,86.687,881.14,0.0,967.828
4.845463031902909,4516,1,7,6,0.053486,0.039962,0.64912,0.348107,1146.545,942.0,1196.471,0.0,1196,926,0.0,0.649,0.0,0.0,0.649,1083.645,62.899,0.0,1146.545,163.636,1032.835,0.0,1196.471
4.857479061931372,4521,1,7,6,0.055625,0.041679,0.669422,0.341535,1244.276,1053.0,1321.002,0.0,1321,1053,0.0,0.669,0.0,0.0,0.669,1180.393,63.883,0.0,1244.276,153.02,1167.981,0.0,1321.002
4.857479061931372,4526,1,7,6,0.05771,0.043481,0.682961,0.385209,1136.683,1007.0,1325.876,0.0,1325,1007,0.209439,0.682,0.0,0.0,0.682,1071.906,64.776,0.0,1136.683,103.746,1222.129,0.0,1325.876
4.857479061931372,4531,1,7,6,0.059738,0.045365,0.689897,0.381542,1175.778,1088.0,1360.058,0.0,1360,1087,0.209439,0.689,0.0,0.0,0.689,1110.077,65.701,0.0,1175.778,70.222,1289.835,0.0,1360.058
4.868893131962977,4536,1,7,6,0.061706,0.047379,0.687703,0.4008,1099.412,1041.0,1364.004,0.0,1364,1041,0.314159,0.687,0.0,0.0,0.687,1032.85,66.562,0.0,1099.412,46.73,1317.274,0.0,1364.004
4.868893131962977,4541,1,7,6,0.063614,0.049581,0.673588,0.459264,838.772,913.0,1187.051,0.0,1187,914,0.314159,0.673,0.0,0.0,0.673,771.567,67.205,0.0,838.772,-59.382,1246.433,0.0,1187.051
4.88059874298051,4546,1,7,6,0.065459,0.051909,0.650389,0.46287,742.815,819.0,1123.23,0.0,1123,852,0.314159,0.65,0.0,0.0,0.65,675.069,67.746,0.0,742.815,-60.947,1184.177,0.0,1123.23
4.88059874298051,4551,1,7,6,0.067239,0.054121,0.629705,0.418682,828.06,870.0,1135.452,0.0,1135,868,0.314159,0.629,0.0,0.0,0.629,759.681,68.379,0.0,828.06,-33.551,1169.003,0.0,1135.452
4.893093187944032,4556,1,7,6,0.068954,0.056387,0.603195,0.451143,616.225,712.0,999.217,0.0,999,727,0.209439,0.603,0.0,0.0,0.603,547.389,68.835,0.0,616.225,-76.619,1075.837,0.0,999.217
4.893093187944032,4565,1,7,6,0.071866,0.060306,0.554885,0.414069,576.622,698.0,840.211,0.0,840,667,0.209439,0.554,0.0,0.0,0.554,506.938,69.683,0.0,576.622,-97.102,937.313,0.0,840.211
4.904618733911775,4570,1,7,6,0.073386,0.062295,0.532337,0.374781,637.359,698.0,870.626,0.0,870,714,0.314159,0.532,0.0,0.0,0.532,567.203,70.156,0.0,637.359,-48.512,919.138,0.0,870.626
4.904618733911775,4575,1,7,6,0.074833,0.064195,0.510637,0.35117,644.716,684.0,871.322,0.0,871,701,0.209439,0.51,0.0,0.0,0.51,574.081,70.634,0.0,644.716,-31.426,902.748,0.0,871.322
4.915950255934149,4581,1,7,6,0.076206,0.065894,0.494975,0.328577,670.167,687.0,883.159,0.0,883,701,0.0,0.494,0.0,0.0,0.494,599.031,71.135,0.0,670.167,-13.466,896.625,0.0,883.159
4.915950255934149,4586,1,7,6,0.077754,0.067806,0.47751,0.308598,679.722,737.0,841.353,0.0,841,674,0.104719,0.477,0.0,0.0,0.477,608.08,71.642,0.0,679.722,-45.821,887.175,0.0,841.353
4.92763708694838,4591,1,7,6,0.078961,0.069228,0.467168,0.304858,656.447,704.0,837.721,0.0,837,687,0.0,0.467,0.0,0.0,0.467,584.318,72.129,0.0,656.447,-38.041,875.762,0.0,837.721
4.92763708694838,4596,1,7,6,0.080089,0.070447,0.462798,0.237576,883.603,807.0,1003.612,0.0,1003,812,0.104719,0.462,0.0,0.0,0.462,810.798,72.805,0.0,883.603,61.282,942.329,0.0,1003.612
4.92763708694838,4601,1,7,6,0.081138,0.071533,0.461052,0.193837,1035.582,926.0,1114.104,0.0,1114,922,0.0,0.461,0.0,0.0,0.461,961.974,73.608,0.0,1035.582,87.666,1026.438,0.0,1114.104
4.9392893619369715,4606,1,7,6,0.082107,0.07253,0.459702,0.187733,1053.511,927.0,1194.196,0.0,1194,957,0.0,0.459,0.0,0.0,0.459,979.088,74.422,0.0,1053.511,101.209,1092.987,0.0,1194.196
4.9392893619369715,4611,1,7,6,0.082995,0.073431,0.459041,0.189685,1044.911,994.0,1173.242,0.0,1173,993,0.104719,0.459,0.0,0.0,0.459,969.68,75.23,0.0,1044.911,40.729,1132.513,0.0,1173.242
4.950795573997311,4616,1,7,6,0.083801,0.074284,0.456831,0.185001,1054.634,993.0,1219.128,0.0,1219,1016,0.0,0.456,0.0,0.0,0.456,978.586,76.047,0.0,1054.634,49.307,1169.82,0.0,1219.128
4.950795573997311,4621,1,7,6,0.084524,0.075125,0.451186,0.173354,1077.074,1029.0,1240.627,0.0,1240,1011,0.0,0.451,0.0,0.0,0.451,1000.194,76.879,0.0,1077.074,38.459,1202.167,0.0,1240.627
4.961869057966396,4626,1,7,6,0.085164,0.075975,0.441066,0.158364,1095.452,1046.0,1273.285,0.0,1273,1033,0.0,0.441,0.0,0.0,0.441,1017.724,77.727,0.0,1095.452,39.561,1233.723,0.0,1273.285
4.961869057966396,4631,1,7,6,0.08572,0.076756,0.430294,0.159262,1054.254,1029.0,1262.865,0.0,1262,1046,0.0,0.43,0.0,0.0,0.43,975.713,78.54,0.0,1054.254,20.203,1242.662,0.0,1262.865
4.961869057966396,4636,1,7,6,0.086192,0.07748,0.418162,0.144445,1064.709,1046.0,1265.277,0.0,1265,1033,0.104719,0.418,0.0,0.0,0.418,985.378,79.33,0.0,1064.709,14.967,1250.31,0.0,1265.277
4.973796815960668,4641,1,7,6,0.086578,0.078186,0.402824,0.138513,1031.645,1016.0,1262.665,0.0,1262,991,0.0,0.402,0.0,0.0,0.402,951.521,80.123,0.0,1031.645,12.516,1250.149,0.0,1262.665
4.973796815960668,4646,1,7,6,0.086879,0.078863,0.384731,0.123329,1021.955,1033.0,1245.331,0.0,1245,1021,0.0,0.384,0.0,0.0,0.384,941.047,80.908,0.0,1021.955,-8.835,1254.167,0.0,1245.331
4.984902340918779,4655,1,7,6,0.087204,0.07995,0.348182,0.106332,953.042,979.0,1196.754,0.0,1196,974,0.104719,0.348,0.0,0.0,0.348,870.663,82.379,0.0,953.042,-20.765,1217.52,0.0,1196.754
4.996185799012892,4660,1,7,6,0.087264,0.080396,0.329681,0.105808,889.021,913.0,1156.662,0.0,1156,956,0.0,0.329,0.0,0.0,0.329,805.943,83.078,0.0,889.021,-19.182,1175.844,0.0,1156.662
4.996185799012892,4665,1,7,6,0.087238,0.080793,0.309394,0.066738,957.369,962.0,1171.49,0.0,1171,991,0.0,0.309,0.0,0.0,0.309,873.562,83.806,0.0,957.369,-3.704,1175.194,0.0,1171.49
5.008370160008781,4671,1,7,6,0.087126,0.081012,0.293513,0.008488,1110.754,1075.0,1247.291,0.0,1247,1058,0.0,0.293,0.0,0.0,0.293,1026.089,84.665,0.0,1110.754,28.603,1218.687,0.0,1247.291
5.008370160008781,4676,1,7,6,0.086879,0.081176,0.27375,0.029666,964.101,956.0,1199.535,0.0,1199,980,0.0,0.273,0.0,0.0,0.273,878.704,85.397,0.0,964.101,6.48,1193.054,0.0,1199.535
5.008370160008781,4681,1,7,6,0.086578,0.081281,0.254235,0.007971,972.684,991.0,1168.575,0.0,1168,991,0.0,0.254,0.0,0.0,0.254,886.548,86.135,0.0,972.684,-14.652,1183.228,0.0,1168.575
5.020364978001453,4686,1,7,6,0.086192,0.081337,0.233004,0.010311,888.496,927.0,1115.59,0.0,1115,944,0.0,0.233,0.0,0.0,0.233,801.692,86.804,0.0,888.496,-30.802,1146.392,0.0,1115.59
5.020364978001453,4691,1,7,6,0.08572,0.081304,0.211982,-0.013621,899.653,944.0,1089.988,0.0,1089,944,0.0,0.211,0.0,0.0,0.211,812.172,87.48,0.0,899.653,-35.477,1125.465,0.0,1089.988
5.031631910940632,4696,1,7,6,0.085164,0.081254,0.187714,-0.018523,830.556,893.0,1036.59,0.0,1036,893,0.0,0.187,0.0,0.0,0.187,742.457,88.099,0.0,830.556,-49.954,1086.544,0.0,1036.59
5.031631910940632,4701,1,7,6,0.084524,0.081188,0.160128,-0.025978,758.644,841.0,967.966,0.0,967,809,0.0,0.16,0.0,0.0,0.16,669.986,88.657,0.0,758.644,-65.884,1033.85,0.0,967.966
5.042965175001882,4706,1,7,6,0.083801,0.081155,0.12702,-0.002398,554.953,678.0,834.206,0.0,834,690,0.0,0.127,0.0,0.0,0.127,465.907,89.046,0.0,554.953,-98.437,932.644,0.0,834.206
5.042965175001882,4711,1,7,6,0.082995,0.081101,0.090909,-0.023612,501.665,641.0,731.803,0.0,731,641,0.0,0.09,0.0,0.0,0.09,412.275,89.389,0.0,501.665,-111.467,843.27,0.0,731.803
5.042965175001882,4716,1,7,6,0.082107,0.080929,0.056513,-0.043149,448.477,575.0,660.399,0.0,660,588,0.0,0.056,0.0,0.0,0.056,358.788,89.688,0.0,448.477,-101.218,761.617,0.0,660.399
5.054335789987817,4721,1,7,6,0.081138,0.080696,0.021192,-0.050164,346.787,490.0,549.844,0.0,549,485,0.0,0.021,0.0,0.0,0.021,256.885,89.902,0.0,346.787,-114.569,664.414,0.0,549.844
5.054335789987817,4726,1,7,6,0.080089,0.080514,-0.020393,-0.023268,100.261,351.0,315.895,0.0,315,321,0.0,-0.02,0.0,0.0,-0.02,10.35,89.911,0.0,100.261,-200.59,516.486,0.0,315.895
5.0655785739654675,4731,1,7,6,0.078961,0.080242,-0.061531,-0.063476,96.919,291.0,256.303,0.0,256,291,0.0,-0.061,0.0,0.0,-0.061,7.002,89.916,0.0,96.919,-155.264,411.568,0.0,256.303
5.0655785739654675,4736,1,7,6,0.077754,0.0799,-0.10298,-0.083853,21.003,207.0,145.722,0.0,145,187,-0.209439,-0.102,0.0,0.0,-0.102,-68.855,89.859,0.0,21.003,-148.796,294.518,0.0,145.722
5.076783890952356,4741,1,7,6,0.076472,0.079504,-0.145553,-0.070092,-182.026,38.0,-35.484,0.0,-35,55,0.0,-0.145,0.0,0.0,-0.145,-271.66,89.633,0.0,-182.026,-176.021,140.536,0.0,-35.484
5.08767687890213,4750,1,7,6,0.073973,0.078553,-0.219807,-0.134729,-217.132,-48.0,-205.898,0.0,-205,-66,-0.104719,-0.219,0.0,0.0,-0.219,-306.281,89.149,0.0,-217.132,-135.305,-70.592,0.0,-205.898
5.08767687890213,4755,1,7,6,0.072483,0.077898,-0.259917,-0.150661,-304.499,-150.0,-299.926,0.0,-299,-150,-0.104719,-0.259,0.0,0.0,-0.259,-393.321,88.821,0.0,-304.499,-123.599,-176.326,0.0,-299.926
5.08767687890213,4761,1,7,6,0.07092,0.077164,-0.299713,-0.14961,-452.003,-246.0,-464.493,0.0,-464,-283,-0.209439,-0.299,0.0,0.0,-0.299,-540.372,88.369,0.0,-452.003,-164.802,-299.691,0.0,-464.493
5.099692826974206,4766,1,7,6,0.068954,0.076226,-0.34908,-0.135062,-682.735,-416.0,-682.413,0.0,-682,-446,-0.209439,-0.349,0.0,0.0,-0.349,-770.463,87.727,0.0,-682.735,-213.388,-469.024,0.0,-682.413
5.099692826974206,4771,1,7,6,0.067239,0.075403,-0.391837,-0.15612,-761.561,-557.0,-770.131,0.0,-770,-543,-0.209439,-0.391,0.0,0.0,-0.391,-848.581,87.02,0.0,-761.561,-163.648,-606.483,0.0,-770.131
5.110932149924338,4776,1,7,6,0.065459,0.074477,-0.43288,-0.206041,-730.28,-543.0,-853.855,0.0,-853,-563,-0.104719,-0.432,0.0,0.0,-0.432,-816.62,86.34,0.0,-730.28,-149.824,-704.031,0.0,-853.855
5.110932149924338,4781,1,7,6,0.063614,0.073491,-0.474077,-0.196637,-913.277,-695.0,-1017.789,0.0,-1017,-725,-0.209439,-0.474,0.0,0.0,-0.474,-998.784,85.507,0.0,-913.277,-174.621,-843.167,0.0,-1017.789
5.122901364928111,4786,1,7,6,0.061706,0.07246,-0.516188,-0.199095,-1056.977,-823.0,-1176.02,0.0,-1176,-836,-0.209439,-0.516,0.0,0.0,-0.516,-1141.533,84.556,0.0,-1056.977,-187.181,-988.838,0.0,-1176.02
5.122901364928111,4791,1,7,6,0.059737,0.071329,-0.556401,-0.24164,-1049.528,-873.0,-1231.277,0.0,-1231,-903,-0.209439,-0.556,0.0,0.0,-0.556,-1133.14,83.612,0.0,-1049.528,-141.222,-1090.055,0.0,-1231.277
5.122901364928111,4796,1,7,6,0.05771,0.07003,-0.591376,-0.275863,-1053.182,-899.0,-1294.871,0.0,-1294,-899,-0.209439,-0.591,0.0,0.0,-0.591,-1135.848,82.665,0.0,-1053.182,-123.345,-1171.525,0.0,-1294.871
5.132763558998704,4801,1,7,6,0.055625,0.068544,-0.620118,-0.303461,-1058.251,-930.0,-1341.75,0.0,-1341,-880,-0.314159,-0.62,0.0,0.0,-0.62,-1139.967,81.715,0.0,-1058.251,-102.6,-1239.149,0.0,-1341.75
5.132763558998704,4806,1,7,6,0.053486,0.066868,-0.642333,-0.357009,-946.305,-863.0,-1334.116,0.0,-1334,-891,-0.314159,-0.642,0.0,0.0,-0.642,-1027.165,80.859,0.0,-946.305,-66.644,-1267.471,0.0,-1334.116
5.145909592974931,4811,1,7,6,0.051293,0.06474,-0.645448,-0.440926,-656.032,-696.0,-1159.817,0.0,-1159,-695,-0.418879,-0.645,0.0,0.0,-0.645,-736.279,80.246,0.0,-656.032,31.973,-1191.791,0.0,-1159.817
5.145909592974931,4816,1,7,6,0.049051,0.062364,-0.639051,-0.498106,-427.579,-564.0,-969.384,0.0,-969,-564,-0.523598,-0.639,0.0,0.0,-0.639,-507.402,79.823,0.0,-427.579,109.136,-1078.52,0.0,-969.384
5.157550530973822,4821,1,7,6,0.046759,0.059808,-0.626324,-0.49856,-380.493,-497.0,-904.43,0.0,-904,-528,-0.523598,-0.626,0.0,0.0,-0.626,-459.948,79.454,0.0,-380.493,93.204,-997.635,0.0,-904.43
5.157550530973822,4826,1,7,6,0.044422,0.05703,-0.605184,-0.561087,-79.427,-286.0,-666.004,0.0,-666,-287,-0.523598,-0.605,0.0,0.0,-0.605,-158.75,79.322,0.0,-79.427,165.257,-831.261,0.0,-666.004
5.157550530973822,4831,1,7,6,0.04204,0.054188,-0.583098,-0.564732,13.151,-191.0,-527.225,0.0,-527,-206,-0.523598,-0.583,0.0,0.0,-0.583,-66.115,79.267,0.0,13.151,163.321,-690.546,0.0,-527.225
5.169233403983526,4840,1,7,6,0.037651,0.049149,-0.551889,-0.527262,-9.457,-143.0,-397.954,0.0,-397,-142,-0.523598,-0.551,0.0,0.0,-0.551,-88.656,79.199,0.0,-9.457,106.834,-504.788,0.0,-397.954
5.18056335800793,4845,1,7,6,0.03516,0.046579,-0.548132,-0.495004,-112.222,-190.0,-424.561,0.0,-424,-175,-0.418879,-0.548,0.0,0.0,-0.548,-191.263,79.04,0.0,-112.222,62.221,-486.783,0.0,-424.561
5.18056335800793,4850,1,7,6,0.032634,0.044109,-0.550812,-0.488073,-147.009,-206.0,-430.824,0.0,-430,-175,-0.418879,-0.55,0.0,0.0,-0.55,-225.861,78.852,0.0,-147.009,47.192,-478.016,0.0,-430.824
5.191971107968129,4856,1,7,6,0.030075,0.041794,-0.562516,-0.444589,-346.04,-301.0,-579.679,0.0,-579,-286,-0.314159,-0.562,0.0,0.0,-0.562,-424.537,78.496,0.0,-346.04,-36.032,-543.646,0.0,-579.679
5.191971107968129,4861,1,7,6,0.026966,0.039192,-0.58685,-0.424371,-506.914,-398.0,-719.761,0.0,-719,-415,-0.314159,-0.586,0.0,0.0,-0.586,-584.924,78.009,0.0,-506.914,-87.131,-632.629,0.0,-719.761
5.203863600967452,4866,1,7,6,0.024346,0.037123,-0.613308,-0.402098,-682.98,-524.0,-874.973,0.0,-874,-509,-0.314159,-0.613,0.0,0.0,-0.613,-760.356,77.375,0.0,-682.98,-127.184,-747.788,0.0,-874.973
5.203863600967452,4871,1,7,6,0.021702,0.035153,-0.645638,-0.391151,-839.539,-653.0,-1029.076,0.0,-1029,-653,-0.314159,-0.645,0.0,0.0,-0.645,-916.152,76.612,0.0,-839.539,-149.231,-879.844,0.0,-1029.076
5.203863600967452,4876,1,7,6,0.019036,0.03315,-0.677478,-0.394752,-942.048,-750.0,-1163.479,0.0,-1163,-720,-0.314159,-0.677,0.0,0.0,-0.677,-1017.812,75.764,0.0,-942.048,-153.638,-1009.84,0.0,-1163.479
5.215598317910917,4881,1,7,6,0.016352,0.03114,-0.709859,-0.381816,-1106.173,-895.0,-1333.735,0.0,-1333,-863,-0.418879,-0.709,0.0,0.0,-0.709,-1180.953,74.78,0.0,-1106.173,-168.938,-1164.796,0.0,-1333.735
5.215598317910917,4886,1,7,6,0.013651,0.028969,-0.735249,-0.438831,-993.213,-801.0,-1392.934,0.0,-1392,-834,-0.418879,-0.735,0.0,0.0,-0.735,-1067.104,73.89,0.0,-993.213,-153.77,-1239.163,0.0,-1392.934
5.227244884008542,4891,1,7,6,0.010937,0.026532,-0.748587,-0.511934,-778.771,-740.0,-1260.424,0.0,-1260,-758,-0.523598,-0.748,0.0,0.0,-0.748,-851.952,73.18,0.0,-778.771,-31.016,-1229.407,0.0,-1260.424
5.227244884008542,4896,1,7,6,0.008212,0.02387,-0.751602,-0.538758,-693.697,-694.0,-1211.688,0.0,-1211,-708,-0.523598,-0.751,0.0,0.0,-0.751,-766.239,72.542,0.0,-693.697,0.241,-1211.93,0.0,-1211.688
5.238924796925858,4901,1,7,6,0.005479,0.020947,-0.742477,-0.588669,-481.627,-520.0,-1106.639,0.0,-1106,-555,-0.628318,-0.742,0.0,0.0,-0.742,-553.708,72.081,0.0,-481.627,30.698,-1137.337,0.0,-1106.639
5.238924796925858,4906,1,7,6,0.002741,0.017856,-0.725557,-0.628043,-279.26,-427.0,-906.651,0.0,-906,-406,-0.628318,-0.725,0.0,0.0,-0.725,-351.048,71.788,0.0,-279.26,118.191,-1024.842,0.0,-906.651
5.238924796925858,4911,1,7,6,0.0,0.014624,-0.701978,-0.645249,-132.601,-313.0,-765.884,0.0,-765,-326,-0.628318,-0.701,0.0,0.0,-0.701,-204.225,71.624,0.0,-132.601,144.319,-910.203,0.0,-765.884
5.251143835950643,4916,1,7,6,-0.002741,0.011356,-0.676701,-0.656252,-2.051,-179.0,-629.485,0.0,-629,-197,-0.628318,-0.676,0.0,0.0,-0.676,-73.615,71.563,0.0,-2.051,141.558,-771.043,0.0,-629.485
5.251143835950643,4921,1,7,6,-0.005479,0.008191,-0.656189,-0.621908,-51.949,-216.0,-560.831,0.0,-560,-167,-0.628318,-0.656,0.0,0.0,-0.656,-123.41,71.46,0.0,-51.949,131.24,-692.071,0.0,-560.831
5.26274218398612,4930,1,7,6,-0.010393,0.002892,-0.637731,-0.555606,-224.597,-268.0,-613.839,0.0,-613,-281,-0.523598,-0.637,0.0,0.0,-0.637,-295.653,71.055,0.0,-224.597,34.721,-648.561,0.0,-613.839
5.26274218398612,4935,1,7,6,-0.013109,0.000241,-0.640852,-0.514936,-382.616,-324.0,-740.904,0.0,-740,-354,-0.418879,-0.64,0.0,0.0,-0.64,-453.294,70.677,0.0,-382.616,-46.893,-694.011,0.0,-740.904
5.2745423699961975,4940,1,7,6,-0.015813,-0.002261,-0.650501,-0.49589,-486.382,-409.0,-813.624,0.0,-813,-427,-0.418879,-0.65,0.0,0.0,-0.65,-556.596,70.213,0.0,-486.382,-61.906,-751.718,0.0,-813.624
5.2745423699961975,4946,1,7,6,-0.018501,-0.00465,-0.664848,-0.498108,-530.55,-433.0,-884.888,0.0,-884,-445,-0.418879,-0.664,0.0,0.0,-0.664,-600.262,69.711,0.0,-530.55,-78.04,-806.847,0.0,-884.888
5.2860635669203475,4951,1,7,6,-0.021702,-0.007477,-0.682781,-0.458604,-737.997,-602.0,-1026.227,0.0,-1026,-591,-0.418879,-0.682,0.0,0.0,-0.682,-807.036,69.039,0.0,-737.997,-108.797,-917.429,0.0,-1026.227
5.2860635669203475,4956,1,7,6,-0.024346,-0.009901,-0.693342,-0.475873,-714.501,-579.0,-1097.178,0.0,-1097,-598,-0.418879,-0.693,0.0,0.0,-0.693,-782.888,68.386,0.0,-714.501,-108.401,-988.776,0.0,-1097.178
5.29761869891081,4961,1,7,6,-0.026966,-0.012441,-0.697233,-0.521746,-563.89,-525.0,-1020.392,0.0,-1020,-533,-0.523598,-0.697,0.0,0.0,-0.697,-631.75,67.86,0.0,-563.89,-31.112,-989.28,0.0,-1020.392
5.29761869891081,4966,1,7,6,-0.02956,-0.01499,-0.699369,-0.500746,-647.779,-588.0,-1078.227,0.0,-1078,-616,-0.523598,-0.699,0.0,0.0,-0.699,-715.044,67.264,0.0,-647.779,-47.823,-1030.403,0.0,-1078.227
5.29761869891081,4971,1,7,6,-0.032124,-0.017451,-0.704347,-0.474916,-759.375,-652.0,-1181.382,0.0,-1181,-671,-0.418879,-0.704,0.0,0.0,-0.704,-825.951,66.576,0.0,-759.375,-85.9,-1095.482,0.0,-1181.382
5.3096827409463,4976,1,7,6,-0.034657,-0.019949,-0.706016,-0.504847,-658.238,-606.0,-1140.358,0.0,-1140,-634,-0.523598,-0.706,0.0,0.0,-0.706,-724.21,65.972,0.0,-658.238,-41.79,-1098.567,0.0,-1140.358
5.3096827409463,4981,1,7,6,-0.037156,-0.022493,-0.7038,-0.503896,-654.28,-615.0,-1141.877,0.0,-1141,-633,-0.418879,-0.703,0.0,0.0,-0.703,-719.653,65.373,0.0,-654.28,-31.424,-1110.452,0.0,-1141.877
5.319326517987065,4986,1,7,6,-0.039618,-0.025095,-0.697103,-0.530626,-534.444,-560.0,-1055.861,0.0,-1055,-588,-0.523598,-0.697,0.0,0.0,-0.697,-599.317,64.873,0.0,-534.444,20.444,-1076.305,0.0,-1055.861
5.319326517987065,4991,1,7,6,-0.04204,-0.02776,-0.685476,-0.5538,-409.555,-478.0,-957.365,0.0,-957,-488,-0.418879,-0.685,0.0,0.0,-0.685,-474.034,64.478,0.0,-409.555,54.755,-1012.12,0.0,-957.365
5.331656223977916,4996,1,7,6,-0.044422,-0.030377,-0.674154,-0.522739,-481.068,-515.0,-975.2,0.0,-975,-507,-0.523598,-0.674,0.0,0.0,-0.674,-545.093,64.024,0.0,-481.068,27.145,-1002.345,0.0,-975.2
5.331656223977916,5001,1,7,6,-0.046759,-0.032857,-0.667299,-0.474087,-632.095,-646.0,-1029.791,0.0,-1029,-574,-0.523598,-0.667,0.0,0.0,-0.667,-695.562,63.466,0.0,-632.095,11.123,-1040.914,0.0,-1029.791
5.331656223977916,5006,1,7,6,-0.049051,-0.035333,-0.658428,-0.491194,-539.075,-547.0,-1025.486,0.0,-1025,-548,-0.418879,-0.658,0.0,0.0,-0.658,-602.04,62.965,0.0,-539.075,6.339,-1031.825,0.0,-1025.486
5.3438636949285865,5011,1,7,6,-0.051293,-0.03778,-0.648668,-0.493122,-497.469,-522.0,-989.454,0.0,-989,-518,-0.523598,-0.648,0.0,0.0,-0.648,-559.967,62.498,0.0,-497.469,19.624,-1009.079,0.0,-989.454
5.3438636949285865,5016,1,7,6,-0.053486,-0.040117,-0.641686,-0.467856,-563.814,-559.0,-1026.086,0.0,-1026,-560,-0.523598,-0.641,0.0,0.0,-0.641,-625.791,61.976,0.0,-563.814,-3.851,-1022.235,0.0,-1026.086
5.354968887986615,5025,1,7,6,-0.057297,-0.044124,-0.632341,-0.454053,-581.064,-571.0,-1071.465,0.0,-1071,-589,-0.418879,-0.632,0.0,0.0,-0.632,-641.836,60.771,0.0,-581.064,-8.051,-1063.414,0.0,-1071.465
5.366455634008162,5030,1,7,6,-0.059337,-0.046345,-0.623618,-0.449148,-567.843,-584.0,-1041.685,0.0,-1041,-584,-0.418879,-0.623,0.0,0.0,-0.623,-628.091,60.248,0.0,-567.843,12.925,-1054.611,0.0,-1041.685
5.366455634008162,5036,1,7,6,-0.061317,-0.048606,-0.610127,-0.434712,-571.772,-579.0,-1046.577,0.0,-1046,-579,-0.523598,-0.61,0.0,0.0,-0.61,-631.492,59.72,0.0,-571.772,5.782,-1052.359,0.0,-1046.577
5.3784804119495675,5041,1,7,6,-0.063614,-0.051277,-0.592189,-0.463269,-404.779,-481.0,-929.696,0.0,-929,-459,-0.523598,-0.592,0.0,0.0,-0.592,-464.113,59.333,0.0,-404.779,60.976,-990.672,0.0,-929.696
5.3784804119495675,5046,1,7,6,-0.065459,-0.053503,-0.573913,-0.443464,-410.676,-472.0,-909.547,0.0,-909,-459,-0.418879,-0.573,0.0,0.0,-0.573,-469.618,58.942,0.0,-410.676,49.058,-958.605,0.0,-909.547
5.3784804119495675,5051,1,7,6,-0.067239,-0.055677,-0.55502,-0.438373,-361.336,-424.0,-864.791,0.0,-864,-423,-0.418879,-0.555,0.0,0.0,-0.555,-419.929,58.592,0.0,-361.336,50.13,-914.921,0.0,-864.791
5.390105402912013,5056,1,7,6,-0.068954,-0.057847,-0.533094,-0.437877,-284.476,-372.0,-786.174,0.0,-786,-357,-0.418879,-0.533,0.0,0.0,-0.533,-342.783,58.306,0.0,-284.476,70.018,-856.193,0.0,-786.174
5.390105402912013,5061,1,7,6,-0.0706,-0.059993,-0.509107,-0.440719,-188.096,-305.0,-689.712,0.0,-689,-308,-0.418879,-0.509,0.0,0.0,-0.509,-246.197,58.101,0.0,-188.096,93.523,-783.235,0.0,-689.712
5.401367285987362,5066,1,7,6,-0.072176,-0.062005,-0.488201,-0.403362,-247.574,-343.0,-669.037,0.0,-669,-325,-0.418879,-0.488,0.0,0.0,-0.488,-305.421,57.846,0.0,-247.574,76.34,-745.377,0.0,-669.037
5.401367285987362,5071,1,7,6,-0.073681,-0.063874,-0.47076,-0.355441,-357.646,-386.0,-727.513,0.0,-727,-371,-0.314159,-0.47,0.0,0.0,-0.47,-415.147,57.5,0.0,-357.646,22.682,-750.196,0.0,-727.513
5.413414563983679,5076,1,7,6,-0.075113,-0.06558,-0.457626,-0.327284,-412.12,-400.0,-773.953,0.0,-773,-403,-0.314159,-0.457,0.0,0.0,-0.457,-469.23,57.109,0.0,-412.12,-9.696,-764.257,0.0,-773.953
5.413414563983679,5081,1,7,6,-0.076472,-0.067205,-0.444782,-0.325439,-372.882,-386.0,-743.701,0.0,-743,-368,-0.314159,-0.444,0.0,0.0,-0.444,-429.634,56.751,0.0,-372.882,10.493,-754.195,0.0,-743.701
5.413414563983679,5086,1,7,6,-0.077755,-0.068815,-0.429077,-0.333094,-289.072,-322.0,-696.148,0.0,-696,-354,-0.314159,-0.429,0.0,0.0,-0.429,-345.536,56.463,0.0,-289.072,26.341,-722.49,0.0,-696.148
5.425253734923899,5091,1,7,6,-0.078961,-0.070219,-0.419604,-0.263509,-505.928,-464.0,-807.764,0.0,-807,-464,-0.209439,-0.419,0.0,0.0,-0.419,-561.942,56.013,0.0,-505.928,-33.543,-774.221,0.0,-807.764
5.425253734923899,5096,1,7,6,-0.080089,-0.071425,-0.415859,-0.221689,-643.58,-530.0,-942.726,0.0,-942,-559,-0.209439,-0.415,0.0,0.0,-0.415,-699.011,55.43,0.0,-643.58,-90.864,-851.862,0.0,-942.726
5.436943235923536,5101,1,7,6,-0.081138,-0.072591,-0.410235,-0.234533,-577.622,-512.0,-920.796,0.0,-920,-511,-0.314159,-0.41,0.0,0.0,-0.41,-632.526,54.903,0.0,-577.622,-52.497,-868.298,0.0,-920.796
5.436943235923536,5106,1,7,6,-0.082107,-0.073836,-0.39699,-0.266043,-416.9,-432.0,-821.056,0.0,-821,-447,-0.314159,-0.396,0.0,0.0,-0.396,-471.411,54.51,0.0,-416.9,12.079,-833.136,0.0,-821.056
5.446700725937262,5115,1,7,6,-0.083646,-0.075944,-0.369714,-0.223131,-474.091,-480.0,-832.853,0.0,-832,-480,-0.209439,-0.369,0.0,0.0,-0.369,-527.7,53.609,0.0,-474.091,4.727,-837.58,0.0,-832.853
5.446700725937262,5120,1,7,6,-0.084386,-0.077046,-0.352333,-0.23351,-374.509,-431.0,-756.004,0.0,-756,-431,-0.209439,-0.352,0.0,0.0,-0.352,-427.761,53.252,0.0,-374.509,45.192,-801.197,0.0,-756.004
5.4589320899685845,5126,1,7,6,-0.085043,-0.078121,-0.332267,-0.213611,-374.265,-414.0,-744.236,0.0,-744,-415,-0.209439,-0.332,0.0,0.0,-0.332,-427.161,52.895,0.0,-374.265,31.787,-776.023,0.0,-744.236
5.4589320899685845,5131,1,7,6,-0.08572,-0.079354,-0.305591,-0.195828,-342.579,-415.0,-684.624,0.0,-684,-398,-0.209439,-0.305,0.0,0.0,-0.305,-395.146,52.566,0.0,-342.579,57.936,-742.56,0.0,-684.624
5.47039892396424,5136,1,7,6,-0.086192,-0.080281,-0.28369,-0.182561,-311.801,-365.0,-665.299,0.0,-665,-382,-0.209439,-0.283,0.0,0.0,-0.283,-364.064,52.262,0.0,-311.801,42.558,-707.858,0.0,-665.299
5.47039892396424,5141,1,7,6,-0.086578,-0.081057,-0.265011,-0.143786,-384.509,-414.0,-677.509,0.0,-677,-398,-0.104719,-0.265,0.0,0.0,-0.265,-436.408,51.899,0.0,-384.509,23.592,-701.101,0.0,-677.509
5.481813818914816,5146,1,7,6,-0.086879,-0.081617,-0.252576,-0.095962,-512.38,-494.0,-750.772,0.0,-750,-478,0.0,-0.252,0.0,0.0,-0.252,-563.81,51.429,0.0,-512.38,-14.704,-736.068,0.0,-750.772
5.481813818914816,5151,1,7,6,-0.087094,-0.082063,-0.241476,-0.073816,-552.65,-509.0,-800.129,0.0,-800,-526,-0.104719,-0.241,0.0,0.0,-0.241,-603.577,50.926,0.0,-552.65,-34.92,-765.208,0.0,-800.129
5.493381709908135,5156,1,7,6,-0.087223,-0.082387,-0.23214,-0.060683,-566.831,-526.0,-818.187,0.0,-818,-526,0.0,-0.232,0.0,0.0,-0.232,-617.243,50.412,0.0,-566.831,-32.665,-785.522,0.0,-818.187
5.493381709908135,5161,1,7,6,-0.087266,-0.082719,-0.218236,-0.059845,-520.271,-510.0,-794.252,0.0,-794,-509,-0.104719,-0.218,0.0,0.0,-0.218,-570.208,49.936,0.0,-520.271,-8.217,-786.034,0.0,-794.252
5.493381709908135,5166,1,7,6,-0.087223,-0.082911,-0.206976,-0.050271,-514.669,-526.0,-777.723,0.0,-777,-509,0.0,-0.206,0.0,0.0,-0.206,-564.136,49.466,0.0,-514.669,9.064,-786.787,0.0,-777.723
5.505202320986427,5171,1,7,6,-0.087094,-0.083114,-0.191049,-0.029789,-531.552,-526.0,-797.34,0.0,-797,-526,0.0,-0.191,0.0,0.0,-0.191,-580.535,48.983,0.0,-531.552,-4.442,-792.898,0.0,-797.34
5.505202320986427,5176,1,7,6,-0.086879,-0.083296,-0.171957,-0.030758,-459.757,-477.0,-757.471,0.0,-757,-510,0.0,-0.171,0.0,0.0,-0.171,-508.316,48.558,0.0,-459.757,13.793,-771.265,0.0,-757.471
5.515401026932523,5181,1,7,6,-0.086578,-0.083453,-0.149999,-0.033282,-371.959,-446.0,-666.633,0.0,-666,-429,0.0,-0.149,0.0,0.0,-0.149,-420.181,48.222,0.0,-371.959,59.232,-725.865,0.0,-666.633
5.515401026932523,5186,1,7,6,-0.086192,-0.083485,-0.129922,0.001661,-425.874,-462.0,-689.346,0.0,-689,-445,0.0,-0.129,0.0,0.0,-0.129,-473.702,47.827,0.0,-425.874,28.9,-718.246,0.0,-689.346
5.52782949898392,5191,1,7,6,-0.08572,-0.083408,-0.110973,0.0189,-420.109,-446.0,-678.485,0.0,-678,-446,0.0,-0.11,0.0,0.0,-0.11,-467.547,47.438,0.0,-420.109,20.712,-699.197,0.0,-678.485
5.52782949898392,5196,1,7,6,-0.085164,-0.083307,-0.089127,0.01597,-331.23,-398.0,-601.683,0.0,-601,-382,0.0,-0.089,0.0,0.0,-0.089,-378.353,47.122,0.0,-331.23,53.415,-655.098,0.0,-601.683
5.536860123975202,5205,1,7,6,-0.083952,-0.083165,-0.037786,0.003635,-102.315,-222.0,-406.249,0.0,-406,-238,0.0,-0.037,0.0,0.0,-0.037,-149.122,46.806,0.0,-102.315,95.747,-501.997,0.0,-406.249
5.536860123975202,5210,1,7,6,-0.083163,-0.083068,-0.004547,0.024228,-56.873,-190.0,-324.222,0.0,-324,-190,0.0,-0.004,0.0,0.0,-0.004,-103.593,46.72,0.0,-56.873,106.501,-430.723,0.0,-324.222
5.549208790995181,5216,1,7,6,-0.082291,-0.082866,0.027579,0.066458,-93.363,-174.0,-324.261,0.0,-324,-157,0.0,0.027,0.0,0.0,0.027,-139.966,46.603,0.0,-93.363,64.509,-388.771,0.0,-324.261
5.549208790995181,5221,1,7,6,-0.081138,-0.082522,0.066422,0.062087,62.222,-61.0,-207.202,0.0,-207,-77,0.0,0.066,0.0,0.0,0.066,15.606,46.616,0.0,62.222,98.578,-305.78,0.0,-207.202
5.560780486906879,5226,1,7,6,-0.080089,-0.082208,0.101742,0.064305,181.5,2.0,-59.904,0.0,-59,17,0.0,0.101,0.0,0.0,0.101,134.771,46.728,0.0,181.5,143.6,-203.505,0.0,-59.904
5.560780486906879,5231,1,7,6,-0.078961,-0.081772,0.134963,0.087829,216.552,49.0,18.22,0.0,18,81,0.0,0.134,0.0,0.0,0.134,169.682,46.869,0.0,216.552,134.042,-115.821,0.0,18.22
5.572416167939082,5236,1,7,6,-0.077754,-0.081214,0.16608,0.113773,235.331,98.0,65.79,0.0,65,98,0.0,0.166,0.0,0.0,0.166,188.304,47.026,0.0,235.331,109.865,-44.074,0.0,65.79
5.572416167939082,5241,1,7,6,-0.076472,-0.080515,0.194101,0.140563,239.922,130.0,105.135,0.0,105,129,0.0,0.194,0.0,0.0,0.194,192.735,47.187,0.0,239.922,87.938,17.197,0.0,105.135
5.581725048949011,5246,1,7,6,-0.075113,-0.079752,0.22264,0.150801,306.024,194.0,177.014,0.0,177,194,0.0,0.222,0.0,0.0,0.222,258.62,47.403,0.0,306.024,89.619,87.395,0.0,177.014
5.581725048949011,5251,1,7,6,-0.073681,-0.079036,0.257021,0.144842,451.581,307.0,301.833,0.0,301,307,0.0,0.257,0.0,0.0,0.257,403.841,47.739,0.0,451.581,115.665,186.168,0.0,301.833
5.581725048949011,5256,1,7,6,-0.072176,-0.078338,0.295801,0.129122,648.285,467.0,470.726,0.0,470,450,0.0,0.295,0.0,0.0,0.295,600.046,48.239,0.0,648.285,145.028,325.697,0.0,470.726
5.594522638944909,5261,1,7,6,-0.0706,-0.077639,0.337902,0.14424,746.004,546.0,611.044,0.0,611,546,0.0,0.337,0.0,0.0,0.337,697.184,48.82,0.0,746.004,160.003,451.04,0.0,611.044
5.594522638944909,5266,1,7,6,-0.068954,-0.076823,0.377712,0.171088,793.285,643.0,677.735,0.0,677,642,0.0,0.377,0.0,0.0,0.377,743.844,49.44,0.0,793.285,120.228,557.507,0.0,677.735
5.606510916957632,5271,1,7,6,-0.067239,-0.075799,0.410881,0.208034,780.296,643.0,743.263,0.0,743,644,0.104719,0.41,0.0,0.0,0.41,730.247,50.049,0.0,780.296,109.836,633.426,0.0,743.263
5.606510916957632,5276,1,7,6,-0.065459,-0.074715,0.444268,0.229183,824.976,691.0,815.925,0.0,815,707,0.209439,0.444,0.0,0.0,0.444,774.306,50.669,0.0,824.976,107.181,708.744,0.0,815.925
5.6180741710122675,5281,1,7,6,-0.063614,-0.073532,0.476076,0.240282,900.235,790.0,880.111,0.0,880,756,0.209439,0.476,0.0,0.0,0.476,848.858,51.377,0.0,900.235,88.188,791.923,0.0,880.111
5.6180741710122675,5286,1,7,6,-0.061706,-0.07225,0.506112,0.266993,912.921,790.0,962.425,0.0,962,809,0.209439,0.506,0.0,0.0,0.506,860.827,52.094,0.0,912.921,98.337,864.087,0.0,962.425
5.629805643926375,5295,1,7,6,-0.05812,-0.069333,0.53821,0.38351,610.121,612.0,837.067,0.0,837,634,0.314159,0.538,0.0,0.0,0.538,556.92,53.2,0.0,610.121,-1.503,838.57,0.0,837.067
5.629805643926375,5300,1,7,6,-0.056047,-0.067386,0.544309,0.419927,501.348,565.0,734.817,0.0,734,553,0.314159,0.544,0.0,0.0,0.544,447.774,53.574,0.0,501.348,-50.921,785.738,0.0,734.817
5.6392602999694645,5306,1,7,6,-0.053918,-0.065252,0.544052,0.425075,482.248,540.0,705.329,0.0,705,540,0.314159,0.544,0.0,0.0,0.544,428.316,53.932,0.0,482.248,-46.201,751.53,0.0,705.329
5.6392602999694645,5311,1,7,6,-0.051293,-0.062565,0.541036,0.441145,413.836,455.0,671.689,0.0,671,472,0.314159,0.541,0.0,0.0,0.541,359.604,54.231,0.0,413.836,-32.93,704.619,0.0,671.689
5.652579449000768,5316,1,7,6,-0.04905,-0.060207,0.535522,0.484038,239.725,361.0,513.53,0.0,513,365,0.418879,0.535,0.0,0.0,0.535,185.339,54.386,0.0,239.725,-97.019,610.55,0.0,513.53
5.652579449000768,5321,1,7,6,-0.046759,-0.057805,0.530177,0.486009,213.526,326.0,452.401,0.0,452,298,0.418879,0.53,0.0,0.0,0.53,159.007,54.518,0.0,213.526,-89.979,542.381,0.0,452.401
5.664255218929611,5326,1,7,6,-0.044422,-0.055485,0.53105,0.448287,352.716,383.0,513.653,0.0,513,401,0.209439,0.531,0.0,0.0,0.531,297.948,54.767,0.0,352.716,-24.227,537.88,0.0,513.653
5.664255218929611,5331,1,7,6,-0.04204,-0.053307,0.540817,0.442175,410.174,415.0,538.718,0.0,538,419,0.314159,0.54,0.0,0.0,0.54,355.111,55.063,0.0,410.174,-3.86,542.578,0.0,538.718
5.664255218929611,5336,1,7,6,-0.039618,-0.051066,0.549502,0.465033,359.405,371.0,513.562,0.0,513,389,0.314159,0.549,0.0,0.0,0.549,304.088,55.316,0.0,359.405,-9.275,522.838,0.0,513.562
5.676201118971221,5341,1,7,6,-0.037156,-0.04887,0.562268,0.459802,424.501,424.0,533.845,0.0,533,406,0.209439,0.562,0.0,0.0,0.562,368.878,55.623,0.0,424.501,0.401,533.444,0.0,533.845
5.676201118971221,5346,1,7,6,-0.034657,-0.046716,0.578832,0.418351,633.836,532.0,696.246,0.0,696,539,0.209439,0.578,0.0,0.0,0.578,577.73,56.105,0.0,633.836,81.468,614.778,0.0,696.246
5.6856800629757345,5351,1,7,6,-0.032124,-0.04448,0.593072,0.452145,563.865,497.0,689.68,0.0,689,509,0.314159,0.593,0.0,0.0,0.593,507.337,56.528,0.0,563.865,53.492,636.188,0.0,689.68
5.6856800629757345,5356,1,7,6,-0.02956,-0.042175,0.605541,0.477658,517.291,478.0,672.073,0.0,672,485,0.418879,0.605,0.0,0.0,0.605,460.379,56.911,0.0,517.291,31.432,640.641,0.0,672.073
5.698938598972745,5361,1,7,6,-0.026966,-0.039823,0.617126,0.471478,581.679,576.0,674.591,0.0,674,577,0.209439,0.617,0.0,0.0,0.617,524.331,57.348,0.0,581.679,4.543,670.047,0.0,674.591
5.698938598972745,5366,1,7,6,-0.024346,-0.037548,0.633716,0.460519,681.354,595.0,792.176,0.0,792,606,0.314159,0.633,0.0,0.0,0.633,623.506,57.848,0.0,681.354,69.083,723.092,0.0,792.176
5.698938598972745,5371,1,7,6,-0.021702,-0.035352,0.655233,0.434849,851.895,716.0,931.57,0.0,931,723,0.314159,0.655,0.0,0.0,0.655,793.385,58.509,0.0,851.895,108.716,822.853,0.0,931.57
5.708492291974835,5376,1,7,6,-0.019036,-0.033086,0.674415,0.458283,837.234,750.0,948.766,0.0,948,686,0.418879,0.674,0.0,0.0,0.674,778.075,59.158,0.0,837.234,69.787,878.978,0.0,948.766
5.72091480193194,5385,1,7,6,-0.014192,-0.028482,0.685897,0.555633,529.051,536.0,841.073,0.0,841,546,0.523598,0.685,0.0,0.0,0.685,468.951,60.1,0.0,529.051,-5.558,846.632,0.0,841.073
5.72091480193194,5390,1,7,6,-0.011481,-0.025588,0.677172,0.607388,311.533,425.0,657.74,0.0,657,435,0.418879,0.677,0.0,0.0,0.677,251.224,60.309,0.0,311.533,-90.773,748.513,0.0,657.74
5.732216306962073,5395,1,7,6,-0.008758,-0.022599,0.664361,0.601782,285.783,407.0,580.529,0.0,580,388,0.418879,0.664,0.0,0.0,0.664,225.286,60.497,0.0,285.783,-96.973,677.502,0.0,580.529
5.732216306962073,5401,1,7,6,-0.006026,-0.01959,0.651067,0.577642,325.048,417.0,561.398,0.0,561,406,0.314159,0.651,0.0,0.0,0.651,264.33,60.718,0.0,325.048,-73.561,634.959,0.0,561.398
5.732216306962073,5406,1,7,6,-0.002741,-0.016138,0.643089,0.550386,394.728,427.0,590.508,0.0,590,436,0.418879,0.643,0.0,0.0,0.643,333.732,60.996,0.0,394.728,-25.817,616.325,0.0,590.508
5.744680088944733,5411,1,7,6,0.0,-0.013547,0.650268,0.481813,667.941,639.0,713.086,0.0,713,603,0.314159,0.65,0.0,0.0,0.65,606.439,61.501,0.0,667.941,23.152,689.933,0.0,713.086
5.744680088944733,5416,1,7,6,0.002741,-0.011185,0.668491,0.468583,781.771,698.0,837.079,0.0,837,671,0.314159,0.668,0.0,0.0,0.668,719.67,62.101,0.0,781.771,67.017,770.062,0.0,837.079
5.7558483550092205,5421,1,7,6,0.005479,-0.008942,0.692275,0.428277,1013.286,808.0,1071.751,0.0,1071,829,0.314159,0.692,0.0,0.0,0.692,950.393,62.893,0.0,1013.286,164.229,907.522,0.0,1071.751
5.7558483550092205,5426,1,7,6,0.008212,-0.006767,0.719064,0.419851,1140.956,931.0,1207.008,0.0,1207,943,0.314159,0.719,0.0,0.0,0.719,1077.165,63.791,0.0,1140.956,167.965,1039.043,0.0,1207.008
5.767917555989698,5431,1,7,6,0.010937,-0.004475,0.739808,0.480001,999.876,858.0,1200.878,0.0,1200,918,0.314159,0.739,0.0,0.0,0.739,935.306,64.57,0.0,999.876,113.501,1087.377,0.0,1200.878
5.767917555989698,5436,1,7,6,0.013651,-0.002009,0.751716,0.500196,970.795,883.0,1189.436,0.0,1189,887,0.418879,0.751,0.0,0.0,0.751,905.47,65.324,0.0,970.795,70.236,1119.199,0.0,1189.436
5.767917555989698,5441,1,7,6,0.016352,0.000601,0.756022,0.515094,933.39,887.0,1178.094,0.0,1178,887,0.418879,0.756,0.0,0.0,0.756,867.342,66.047,0.0,933.39,37.112,1140.982,0.0,1178.094
5.779102484928444,5446,1,7,6,0.019036,0.003226,0.758906,0.51604,941.091,870.0,1222.144,0.0,1222,906,0.418879,0.758,0.0,0.0,0.758,874.314,66.776,0.0,941.091,56.872,1165.271,0.0,1222.144
5.779102484928444,5451,1,7,6,0.021702,0.005967,0.755266,0.546647,818.433,811.0,1147.267,0.0,1147,861,0.523598,0.755,0.0,0.0,0.755,751.03,67.402,0.0,818.433,5.946,1141.321,0.0,1147.267
5.79064748599194,5456,1,7,6,0.024346,0.008769,0.7477,0.550194,778.994,807.0,1091.3,0.0,1091,821,0.523598,0.747,0.0,0.0,0.747,711.021,67.972,0.0,778.994,-22.404,1113.705,0.0,1091.3
5.79064748599194,5461,1,7,6,0.026966,0.011618,0.736739,0.569456,670.694,737.0,1005.134,0.0,1005,722,0.523598,0.736,0.0,0.0,0.736,602.219,68.474,0.0,670.694,-53.044,1058.179,0.0,1005.134
5.802469529910013,5466,1,7,6,0.02956,0.014602,0.718005,0.602945,483.036,621.0,845.211,0.0,845,586,0.523598,0.718,0.0,0.0,0.718,414.216,68.819,0.0,483.036,-110.371,955.582,0.0,845.211
5.802469529910013,5475,1,7,6,0.034153,0.020022,0.678302,0.590947,383.795,516.0,676.302,0.0,676,486,0.418879,0.678,0.0,0.0,0.678,314.475,69.319,0.0,383.795,-105.763,782.066,0.0,676.302
5.813758585951291,5480,1,7,6,0.036659,0.022875,0.661632,0.543549,494.776,564.0,706.564,0.0,706,531,0.418879,0.661,0.0,0.0,0.661,425.102,69.674,0.0,494.776,-55.379,761.943,0.0,706.564
5.813758585951291,5485,1,7,6,0.039128,0.025527,0.652877,0.49583,635.515,610.0,809.272,0.0,809,626,0.418879,0.652,0.0,0.0,0.652,565.37,70.145,0.0,635.515,20.412,788.859,0.0,809.272
5.825054280925542,5491,1,7,6,0.041559,0.028043,0.64876,0.499898,606.493,593.0,803.106,0.0,803,576,0.314159,0.648,0.0,0.0,0.648,535.9,70.593,0.0,606.493,10.795,792.311,0.0,803.106
5.825054280925542,5496,1,7,6,0.044422,0.030986,0.6449,0.501471,587.369,625.0,756.11,0.0,756,591,0.314159,0.644,0.0,0.0,0.644,516.345,71.023,0.0,587.369,-30.104,786.215,0.0,756.11
5.836270475992933,5501,1,7,6,0.046759,0.033261,0.647918,0.459392,750.282,702.0,875.316,0.0,875,687,0.314159,0.647,0.0,0.0,0.647,678.693,71.589,0.0,750.282,38.626,836.69,0.0,875.316
5.836270475992933,5506,1,7,6,0.049051,0.035392,0.6556,0.414363,940.763,847.0,1010.662,0.0,1010,800,0.209439,0.655,0.0,0.0,0.655,868.449,72.313,0.0,940.763,75.01,935.651,0.0,1010.662
5.847365221008658,5511,1,7,6,0.051293,0.037501,0.662015,0.413778,966.712,847.0,1105.72,0.0,1105,864,0.209439,0.662,0.0,0.0,0.662,893.655,73.057,0.0,966.712,95.77,1009.95,0.0,1105.72
5.847365221008658,5516,1,7,6,0.053486,0.039621,0.665502,0.426702,933.453,848.0,1113.195,0.0,1113,832,0.314159,0.665,0.0,0.0,0.665,859.679,73.774,0.0,933.453,68.362,1044.832,0.0,1113.195
5.847365221008658,5521,1,7,6,0.055625,0.041751,0.665942,0.427319,933.529,879.0,1126.793,0.0,1126,878,0.314159,0.665,0.0,0.0,0.665,859.039,74.489,0.0,933.529,43.623,1083.169,0.0,1126.793
5.858969066990539,5526,1,7,6,0.05771,0.043852,0.66517,0.43017,921.194,864.0,1156.195,0.0,1156,880,0.314159,0.665,0.0,0.0,0.665,845.999,75.195,0.0,921.194,45.755,1110.439,0.0,1156.195
5.858969066990539,5531,1,7,6,0.059738,0.046059,0.656571,0.424845,910.103,913.0,1117.915,0.0,1117,881,0.314159,0.656,0.0,0.0,0.656,834.212,75.89,0.0,910.103,-2.317,1120.233,0.0,1117.915
5.870149714988656,5536,1,7,6,0.061706,0.048267,0.645105,0.451413,773.762,819.0,1046.084,0.0,1046,801,0.314159,0.645,0.0,0.0,0.645,697.291,76.471,0.0,773.762,-36.189,1082.274,0.0,1046.084
5.870149714988656,5541,1,7,6,0.063614,0.05048,0.630431,0.434643,781.894,802.0,1054.584,0.0,1054,819,0.209439,0.63,0.0,0.0,0.63,704.835,77.058,0.0,781.894,-16.084,1070.669,0.0,1054.584
5.881199057912454,5546,1,7,6,0.065459,0.05261,0.616748,0.413322,809.978,837.0,1044.745,0.0,1044,838,0.314159,0.616,0.0,0.0,0.616,732.332,77.645,0.0,809.978,-21.617,1066.362,0.0,1044.745
5.881199057912454,5551,1,7,6,0.06724,0.054732,0.60036,0.419142,730.577,774.0,992.968,0.0,992,789,0.314159,0.6,0.0,0.0,0.6,652.387,78.189,0.0,730.577,-34.738,1027.706,0.0,992.968
5.893223896971904,5556,1,7,6,0.068954,0.056809,0.582943,0.404418,721.414,741.0,989.941,0.0,989,761,0.209439,0.582,0.0,0.0,0.582,642.689,78.724,0.0,721.414,-15.668,1005.609,0.0,989.941
5.893223896971904,5565,1,7,6,0.071866,0.060407,0.55005,0.406134,597.755,650.0,872.356,0.0,872,681,0.209439,0.55,0.0,0.0,0.55,518.094,79.66,0.0,597.755,-41.795,914.152,0.0,872.356
5.904915611958131,5570,1,7,6,0.073386,0.06226,0.534058,0.353165,731.417,745.0,917.001,0.0,917,718,0.209439,0.534,0.0,0.0,0.534,651.214,80.203,0.0,731.417,-10.865,927.866,0.0,917.001
5.904915611958131,5575,1,7,6,0.074833,0.063962,0.52178,0.305955,857.822,798.0,1023.516,0.0,1023,815,0.209439,0.521,0.0,0.0,0.521,776.971,80.851,0.0,857.822,47.858,975.658,0.0,1023.516
5.916312035988085,5581,1,7,6,0.076206,0.065635,0.507403,0.32653,732.538,731.0,956.144,0.0,956,751,0.209439,0.507,0.0,0.0,0.507,651.142,81.395,0.0,732.538,1.23,954.913,0.0,956.144
5.916312035988085,5586,1,7,6,0.077755,0.067527,0.490917,0.308646,738.118,754.0,931.094,0.0,931,754,0.209439,0.49,0.0,0.0,0.49,656.176,81.942,0.0,738.118,-12.705,943.799,0.0,931.094
5.927648540935479,5591,1,7,6,0.078961,0.068953,0.480356,0.251292,907.259,851.0,1047.057,0.0,1047,851,0.104719,0.48,0.0,0.0,0.48,824.63,82.629,0.0,907.259,45.007,1002.049,0.0,1047.057
5.927648540935479,5596,1,7,6,0.080089,0.070343,0.467805,0.268876,799.371,807.0,990.388,0.0,990,788,0.0,0.467,0.0,0.0,0.467,716.143,83.227,0.0,799.371,-6.103,996.492,0.0,990.388
5.927648540935479,5601,1,7,6,0.081138,0.071727,0.451714,0.263179,762.52,759.0,989.092,0.0,989,762,0.104719,0.451,0.0,0.0,0.451,678.727,83.792,0.0,762.52,2.816,986.276,0.0,989.092
5.939473256003112,5606,1,7,6,0.082107,0.073065,0.434006,0.241133,778.713,776.0,987.13,0.0,987,795,0.209439,0.434,0.0,0.0,0.434,694.342,84.37,0.0,778.713,2.17,984.959,0.0,987.13
5.939473256003112,5611,1,7,6,0.082995,0.074367,0.414148,0.256928,650.835,715.0,881.527,0.0,881,711,0.0,0.414,0.0,0.0,0.414,565.993,84.842,0.0,650.835,-51.331,932.858,0.0,881.527
5.950798375997692,5616,1,7,6,0.083801,0.075601,0.393574,0.255307,583.018,648.0,831.603,0.0,831,685,0.104719,0.393,0.0,0.0,0.393,497.761,85.257,0.0,583.018,-51.985,883.588,0.0,831.603
5.950798375997692,5621,1,7,6,0.084524,0.076682,0.376429,0.203686,707.652,715.0,877.066,0.0,877,702,0.0,0.376,0.0,0.0,0.376,621.876,85.775,0.0,707.652,-5.878,882.944,0.0,877.066
5.962041539954953,5626,1,7,6,0.085164,0.077516,0.367111,0.145727,883.421,804.0,1004.465,0.0,1004,841,0.0,0.367,0.0,0.0,0.367,796.982,86.439,0.0,883.421,63.537,940.928,0.0,1004.465
5.962041539954953,5631,1,7,6,0.08572,0.07828,0.357127,0.138992,872.379,834.0,996.379,0.0,996,835,0.0,0.357,0.0,0.0,0.357,785.285,87.093,0.0,872.379,30.703,965.676,0.0,996.379
5.9736177059821784,5636,1,7,6,0.086192,0.079002,0.345114,0.124185,883.074,840.0,1021.257,0.0,1021,840,0.0,0.345,0.0,0.0,0.345,795.343,87.731,0.0,883.074,34.459,986.797,0.0,1021.257
5.9736177059821784,5641,1,7,6,0.086578,0.079662,0.331979,0.12145,846.268,821.0,1013.599,0.0,1013,841,0.0,0.331,0.0,0.0,0.331,757.905,88.363,0.0,846.268,20.214,993.384,0.0,1013.599
5.9736177059821784,5646,1,7,6,0.086879,0.080249,0.318222,0.107442,847.805,841.0,1004.517,0.0,1004,858,0.0,0.318,0.0,0.0,0.318,758.81,88.995,0.0,847.805,5.444,999.072,0.0,1004.517
5.985686969943345,5651,1,7,6,0.087094,0.080756,0.304208,0.087,871.593,841.0,1033.105,0.0,1033,858,0.0,0.304,0.0,0.0,0.304,781.946,89.647,0.0,871.593,24.474,1008.63,0.0,1033.105
5.996763022965752,5660,1,7,6,0.087264,0.081299,0.286309,0.028718,1018.446,944.0,1131.696,0.0,1131,913,0.0,0.286,0.0,0.0,0.286,927.325,91.121,0.0,1018.446,59.557,1072.139,0.0,1131.696
5.996763022965752,5665,1,7,6,0.087238,0.081484,0.276226,0.02293,1003.745,962.0,1137.517,0.0,1137,962,0.0,0.276,0.0,0.0,0.276,911.864,91.88,0.0,1003.745,33.396,1104.121,0.0,1137.517
5.996763022965752,5671,1,7,6,0.087126,0.081638,0.263439,0.046458,873.667,893.0,1064.471,0.0,1064,893,0.0,0.263,0.0,0.0,0.263,781.131,92.535,0.0,873.667,-15.466,1079.937,0.0,1064.471
6.009640411008149,5676,1,7,6,0.086879,0.081705,0.248357,0.01409,936.599,931.0,1092.892,0.0,1092,944,0.0,0.248,0.0,0.0,0.248,843.361,93.238,0.0,936.599,4.479,1088.412,0.0,1092.892
6.009640411008149,5681,1,7,6,0.086578,0.081711,0.233627,-0.004222,950.209,927.0,1112.105,0.0,1112,913,0.0,0.233,0.0,0.0,0.233,856.259,93.95,0.0,950.209,18.567,1093.537,0.0,1112.105
6.021388889988884,5686,1,7,6,0.086192,0.081711,0.215086,0.015897,811.629,872.0,1004.389,0.0,1004,846,0.0,0.215,0.0,0.0,0.215,717.081,94.548,0.0,811.629,-48.296,1052.686,0.0,1004.389
6.021388889988884,5691,1,7,6,0.08572,0.081719,0.192081,0.002922,776.087,841.0,965.082,0.0,965,821,0.0,0.192,0.0,0.0,0.192,680.97,95.116,0.0,776.087,-51.93,1017.013,0.0,965.082
6.031611037906259,5696,1,7,6,0.085164,0.081693,0.1666,0.001862,688.668,774.0,891.439,0.0,891,745,0.0,0.166,0.0,0.0,0.166,593.058,95.609,0.0,688.668,-68.265,959.705,0.0,891.439
6.031611037906259,5701,1,7,6,0.084524,0.081711,0.135027,0.006475,558.782,678.0,785.356,0.0,785,690,0.0,0.135,0.0,0.0,0.135,462.786,95.996,0.0,558.782,-95.373,880.729,0.0,785.356
6.031611037906259,5706,1,7,6,0.083801,0.081643,0.103584,-0.008768,500.803,606.0,717.696,0.0,717,623,0.0,0.103,0.0,0.0,0.103,404.47,96.332,0.0,500.803,-84.157,801.854,0.0,717.696
6.043550431961194,5711,1,7,6,0.082995,0.081538,0.069918,-0.018693,415.603,557.0,604.447,0.0,604,557,0.0,0.069,0.0,0.0,0.069,319.004,96.599,0.0,415.603,-113.117,717.564,0.0,604.447
6.043550431961194,5716,1,7,6,0.082107,0.081391,0.034344,-0.033422,340.762,490.0,508.264,0.0,508,453,0.0,0.034,0.0,0.0,0.034,243.96,96.801,0.0,340.762,-119.389,627.654,0.0,508.264
6.055500203976408,5721,1,7,6,0.081138,0.081167,-0.001416,-0.048535,266.572,418.0,421.113,0.0,421,394,0.0,-0.001,0.0,0.0,-0.001,169.629,96.943,0.0,266.572,-121.141,542.255,0.0,421.113
6.055500203976408,5726,1,7,6,0.080089,0.080905,-0.03918,-0.054783,153.155,321.0,309.456,0.0,309,304,0.0,-0.039,0.0,0.0,-0.039,56.167,96.988,0.0,153.155,-134.275,443.732,0.0,309.456
6.067117435974069,5731,1,7,6,0.078961,0.080591,-0.078256,-0.074636,83.946,236.0,223.265,0.0,223,254,-0.104719,-0.078,0.0,0.0,-0.078,-13.03,96.977,0.0,83.946,-121.642,344.907,0.0,223.265
6.067117435974069,5736,1,7,6,0.077754,0.080193,-0.117071,-0.089988,-0.6,164.0,107.216,0.0,107,181,0.0,-0.117,0.0,0.0,-0.117,-97.496,96.896,0.0,-0.6,-131.68,238.897,0.0,107.216
6.067117435974069,5741,1,7,6,0.076472,0.079759,-0.157769,-0.083657,-170.126,12.0,-51.059,0.0,-51,32,-0.104719,-0.157,0.0,0.0,-0.157,-266.8,96.673,0.0,-170.126,-145.701,94.642,0.0,-51.059
6.078951454954222,5750,1,7,6,0.073973,0.07865,-0.224469,-0.14873,-176.433,-48.0,-178.808,0.0,-178,-31,-0.104719,-0.224,0.0,0.0,-0.224,-272.66,96.226,0.0,-176.433,-102.746,-76.061,0.0,-178.808
6.089505136944354,5755,1,7,6,0.072483,0.077936,-0.261774,-0.141922,-335.599,-175.0,-312.73,0.0,-312,-149,-0.209439,-0.261,0.0,0.0,-0.261,-431.466,95.867,0.0,-335.599,-128.479,-184.25,0.0,-312.73
6.089505136944354,5761,1,7,6,0.07092,0.077091,-0.296208,-0.172819,-348.703,-187.0,-399.888,0.0,-399,-187,-0.209439,-0.296,0.0,0.0,-0.296,-444.198,95.495,0.0,-348.703,-129.362,-270.526,0.0,-399.888
6.101027593947947,5766,1,7,6,0.068954,0.076134,-0.344679,-0.155485,-586.168,-398.0,-556.489,0.0,-556,-362,-0.209439,-0.344,0.0,0.0,-0.344,-681.096,94.928,0.0,-586.168,-150.534,-405.955,0.0,-556.489
6.101027593947947,5771,1,7,6,0.067239,0.075313,-0.387529,-0.162311,-716.532,-483.0,-735.991,0.0,-735,-491,-0.104719,-0.387,0.0,0.0,-0.387,-810.784,94.252,0.0,-716.532,-186.825,-549.165,0.0,-735.991
6.113131958991289,5776,1,7,6,0.065459,0.074517,-0.434774,-0.145327,-948.625,-660.0,-958.986,0.0,-958,-678,-0.104719,-0.434,0.0,0.0,-0.434,-1042.009,93.384,0.0,-948.625,-230.9,-728.086,0.0,-958.986
6.113131958991289,5781,1,7,6,0.063614,0.073605,-0.47958,-0.166444,-1034.842,-742.0,-1122.346,0.0,-1122,-789,-0.209439,-0.479,0.0,0.0,-0.479,-1127.287,92.444,0.0,-1034.842,-234.274,-888.072,0.0,-1122.346
6.113131958991289,5786,1,7,6,0.061706,0.072602,-0.523,-0.209287,-1037.862,-823.0,-1179.721,0.0,-1179,-823,-0.209439,-0.523,0.0,0.0,-0.523,-1129.366,91.503,0.0,-1037.862,-171.89,-1007.831,0.0,-1179.721
6.1246307250112295,5791,1,7,6,0.059737,0.071404,-0.559971,-0.24409,-1046.617,-859.0,-1257.436,0.0,-1257,-853,-0.209439,-0.559,0.0,0.0,-0.559,-1137.173,90.556,0.0,-1046.617,-150.093,-1107.342,0.0,-1257.436
6.1246307250112295,5796,1,7,6,0.05771,0.07005,-0.592338,-0.290808,-995.858,-866.0,-1276.297,0.0,-1276,-867,-0.314159,-0.592,0.0,0.0,-0.592,-1085.51,89.651,0.0,-995.858,-103.886,-1172.41,0.0,-1276.297
6.1366154429269955,5801,1,7,6,0.055625,0.068424,-0.614331,-0.339593,-900.229,-846.0,-1237.962,0.0,-1237,-828,-0.314159,-0.614,0.0,0.0,-0.614,-989.057,88.827,0.0,-900.229,-43.383,-1194.578,0.0,-1237.962
6.1366154429269955,5806,1,7,6,0.053486,0.066606,-0.629754,-0.36144,-877.904,-828.0,-1260.462,0.0,-1260,-829,-0.418879,-0.629,0.0,0.0,-0.629,-965.927,88.022,0.0,-877.904,-39.923,-1220.538,0.0,-1260.462
6.1366154429269955,5811,1,7,6,0.051293,0.064484,-0.633142,-0.433014,-633.038,-682.0,-1115.461,0.0,-1115,-692,-0.523598,-0.633,0.0,0.0,-0.633,-720.461,87.422,0.0,-633.038,39.168,-1154.63,0.0,-1115.461
6.149619076983072,5816,1,7,6,0.04905,0.062013,-0.622217,-0.520476,-279.139,-450.0,-862.564,0.0,-862,-466,-0.418879,-0.622,0.0,0.0,-0.622,-366.267,87.128,0.0,-279.139,136.688,-999.253,0.0,-862.564
6.149619076983072,5821,1,7,6,0.046759,0.05933,-0.603386,-0.555965,-83.729,-307.0,-654.706,0.0,-654,-302,-0.523598,-0.603,0.0,0.0,-0.603,-170.715,86.986,0.0,-83.729,178.616,-833.322,0.0,-654.706
6.1608945849584416,5826,1,7,6,0.044422,0.05661,-0.585035,-0.537253,-85.173,-272.0,-578.753,0.0,-578,-224,-0.523598,-0.585,0.0,0.0,-0.585,-172.015,86.842,0.0,-85.173,149.461,-728.214,0.0,-578.753
6.1608945849584416,5831,1,7,6,0.04204,0.053884,-0.568493,-0.549475,18.321,-175.0,-459.627,0.0,-459,-126,-0.523598,-0.568,0.0,0.0,-0.568,-68.463,86.785,0.0,18.321,154.657,-614.285,0.0,-459.627
6.172055966919288,5840,1,7,6,0.037651,0.049071,-0.54817,-0.510163,-50.178,-126.0,-425.782,0.0,-425,-142,-0.523598,-0.548,0.0,0.0,-0.548,-136.824,86.646,0.0,-50.178,60.657,-486.439,0.0,-425.782
6.172055966919288,5845,1,7,6,0.03516,0.046557,-0.547069,-0.480683,-152.541,-175.0,-468.617,0.0,-468,-190,-0.418879,-0.547,0.0,0.0,-0.547,-238.988,86.446,0.0,-152.541,17.966,-486.584,0.0,-468.617
6.183977912995033,5851,1,7,6,0.032634,0.044167,-0.553625,-0.452402,-278.262,-252.0,-540.84,0.0,-540,-223,-0.418879,-0.553,0.0,0.0,-0.553,-364.404,86.142,0.0,-278.262,-21.01,-519.83,0.0,-540.84
6.183977912995033,5856,1,7,6,0.02956,0.041413,-0.568972,-0.446502,-355.115,-302.0,-607.644,0.0,-607,-286,-0.314159,-0.568,0.0,0.0,-0.568,-440.89,85.774,0.0,-355.115,-42.492,-565.151,0.0,-607.644
6.194933190941811,5861,1,7,6,0.026966,0.039299,-0.59195,-0.404093,-591.073,-430.0,-806.901,0.0,-806,-430,-0.314159,-0.591,0.0,0.0,-0.591,-676.284,85.211,0.0,-591.073,-128.858,-678.042,0.0,-806.901
6.194933190941811,5866,1,7,6,0.024346,0.03729,-0.621331,-0.388446,-753.875,-590.0,-934.153,0.0,-934,-590,-0.314159,-0.621,0.0,0.0,-0.621,-838.388,84.512,0.0,-753.875,-131.1,-803.053,0.0,-934.153
6.206495071994141,5871,1,7,6,0.021702,0.035312,-0.653272,-0.391328,-859.271,-670.0,-1078.081,0.0,-1078,-701,-0.314159,-0.653,0.0,0.0,-0.653,-942.997,83.726,0.0,-859.271,-151.416,-926.664,0.0,-1078.081
6.206495071994141,5876,1,7,6,0.019036,0.033371,-0.688065,-0.397285,-963.954,-750.0,-1219.725,0.0,-1219,-782,-0.314159,-0.688,0.0,0.0,-0.688,-1046.808,82.854,0.0,-963.954,-171.163,-1048.562,0.0,-1219.725
6.218203616910614,5881,1,7,6,0.016352,0.03132,-0.718485,-0.420952,-989.155,-834.0,-1270.125,0.0,-1270,-816,-0.418879,-0.718,0.0,0.0,-0.718,-1071.117,81.961,0.0,-989.155,-124.124,-1146.0,0.0,-1270.125
6.218203616910614,5886,1,7,6,0.013651,0.029071,-0.740172,-0.464059,-912.87,-801.0,-1289.725,0.0,-1289,-786,-0.418879,-0.74,0.0,0.0,-0.74,-994.003,81.133,0.0,-912.87,-89.496,-1200.229,0.0,-1289.725
6.218203616910614,5891,1,7,6,0.010937,0.026599,-0.751795,-0.52206,-746.602,-708.0,-1231.583,0.0,-1231,-691,-0.523598,-0.751,0.0,0.0,-0.751,-827.046,80.444,0.0,-746.602,-30.882,-1200.701,0.0,-1231.583
6.229690547916107,5896,1,7,6,0.008212,0.02382,-0.749172,-0.564825,-583.754,-646.0,-1108.16,0.0,-1108,-598,-0.628318,-0.749,0.0,0.0,-0.749,-663.646,79.891,0.0,-583.754,49.796,-1157.956,0.0,-1108.16
6.229690547916107,5901,1,7,6,0.005479,0.020778,-0.734343,-0.616785,-343.669,-485.0,-943.73,0.0,-943,-468,-0.628318,-0.734,0.0,0.0,-0.734,-423.208,79.538,0.0,-343.669,113.064,-1056.794,0.0,-943.73
6.241004806011915,5906,1,7,6,0.002741,0.017578,-0.712183,-0.641831,-173.939,-343.0,-800.91,0.0,-800,-343,-0.628318,-0.712,0.0,0.0,-0.712,-253.267,79.327,0.0,-173.939,135.248,-936.158,0.0,-800.91
6.241004806011915,5911,1,7,6,0.0,0.014462,-0.69419,-0.603651,-246.872,-374.0,-780.512,0.0,-780,-348,-0.628318,-0.694,0.0,0.0,-0.694,-325.939,79.066,0.0,-246.872,101.701,-882.214,0.0,-780.512
6.252339714905247,5916,1,7,6,-0.002741,0.011399,-0.678737,-0.595429,-221.09,-331.0,-737.034,0.0,-737,-331,-0.523598,-0.678,0.0,0.0,-0.678,-299.906,78.816,0.0,-221.09,87.927,-824.962,0.0,-737.034
6.252339714905247,5921,1,7,6,-0.005479,0.008352,-0.663963,-0.599325,-154.074,-264.0,-667.913,0.0,-667,-250,-0.523598,-0.663,0.0,0.0,-0.663,-232.697,78.622,0.0,-154.074,87.94,-755.853,0.0,-667.913
6.264353890903294,5930,1,7,6,-0.010393,0.003152,-0.650196,-0.54441,-302.733,-319.0,-710.671,0.0,-710,-336,-0.523598,-0.65,0.0,0.0,-0.65,-380.83,78.096,0.0,-302.733,13.012,-723.684,0.0,-710.671
6.264353890903294,5935,1,7,6,-0.013109,0.00043,-0.649939,-0.535385,-334.643,-348.0,-722.792,0.0,-722,-324,-0.523598,-0.649,0.0,0.0,-0.649,-412.396,77.752,0.0,-334.643,10.685,-733.477,0.0,-722.792
6.275770663982257,5940,1,7,6,-0.015813,-0.002188,-0.65399,-0.544014,-318.488,-324.0,-723.777,0.0,-723,-313,-0.523598,-0.653,0.0,0.0,-0.653,-395.91,77.422,0.0,-318.488,4.409,-728.186,0.0,-723.777
6.275770663982257,5946,1,7,6,-0.018501,-0.004741,-0.660486,-0.504455,-484.759,-445.0,-813.982,0.0,-813,-415,-0.418879,-0.66,0.0,0.0,-0.66,-561.712,76.952,0.0,-484.759,-31.807,-782.174,0.0,-813.982
6.287013563909568,5951,1,7,6,-0.021702,-0.007668,-0.67363,-0.47092,-653.41,-533.0,-967.551,0.0,-967,-543,-0.418879,-0.673,0.0,0.0,-0.673,-729.755,76.344,0.0,-653.41,-96.328,-871.223,0.0,-967.551
6.287013563909568,5956,1,7,6,-0.024346,-0.010147,-0.681567,-0.510129,-541.345,-478.0,-946.99,0.0,-946,-507,-0.523598,-0.681,0.0,0.0,-0.681,-617.176,75.83,0.0,-541.345,-50.676,-896.313,0.0,-946.99
6.287013563909568,5961,1,7,6,-0.026966,-0.012584,-0.690361,-0.513187,-562.528,-506.0,-968.962,0.0,-968,-487,-0.523598,-0.69,0.0,0.0,-0.69,-637.827,75.298,0.0,-562.528,-45.222,-923.74,0.0,-968.962
6.299003107007593,5966,1,7,6,-0.02956,-0.014998,-0.698995,-0.477561,-722.527,-652.0,-1062.31,0.0,-1062,-597,-0.418879,-0.698,0.0,0.0,-0.698,-797.161,74.634,0.0,-722.527,-56.421,-1005.888,0.0,-1062.31
6.299003107007593,5971,1,7,6,-0.032125,-0.017382,-0.707663,-0.477845,-753.401,-662.0,-1146.18,0.0,-1146,-624,-0.418879,-0.707,0.0,0.0,-0.707,-827.347,73.945,0.0,-753.401,-73.121,-1073.059,0.0,-1146.18
6.310071940999478,5976,1,7,6,-0.034657,-0.019844,-0.71102,-0.494938,-704.599,-644.0,-1155.673,0.0,-1155,-625,-0.523598,-0.711,0.0,0.0,-0.711,-777.896,73.296,0.0,-704.599,-48.479,-1107.194,0.0,-1155.673
6.310071940999478,5981,1,7,6,-0.037156,-0.02236,-0.71022,-0.499728,-685.105,-652.0,-1157.288,0.0,-1157,-652,-0.418879,-0.71,0.0,0.0,-0.71,-757.77,72.665,0.0,-685.105,-26.484,-1130.804,0.0,-1157.288
6.3216708219842985,5986,1,7,6,-0.039618,-0.025012,-0.701058,-0.53394,-529.461,-550.0,-1074.812,0.0,-1074,-551,-0.523598,-0.701,0.0,0.0,-0.701,-601.625,72.164,0.0,-529.461,16.431,-1091.243,0.0,-1074.812
6.3216708219842985,5991,1,7,6,-0.04204,-0.02779,-0.684026,-0.552134,-403.043,-478.0,-972.092,0.0,-972,-496,-0.523598,-0.684,0.0,0.0,-0.684,-474.812,71.768,0.0,-403.043,59.965,-1032.057,0.0,-972.092
6.333356395945884,5996,1,7,6,-0.044422,-0.030447,-0.670795,-0.518836,-475.737,-526.0,-974.982,0.0,-974,-515,-0.523598,-0.67,0.0,0.0,-0.67,-547.05,71.312,0.0,-475.737,40.21,-1015.192,0.0,-974.982
6.333356395945884,6001,1,7,6,-0.046759,-0.032996,-0.660627,-0.479618,-580.843,-555.0,-1058.211,0.0,-1058,-591,-0.523598,-0.66,0.0,0.0,-0.66,-651.633,70.79,0.0,-580.843,-20.674,-1037.537,0.0,-1058.211
6.333356395945884,6006,1,7,6,-0.049051,-0.035479,-0.651441,-0.500396,-473.423,-500.0,-978.093,0.0,-978,-510,-0.418879,-0.651,0.0,0.0,-0.651,-543.761,70.337,0.0,-473.423,21.26,-999.354,0.0,-978.093
6.345322040957399,6011,1,7,6,-0.051293,-0.037838,-0.645842,-0.464408,-583.371,-573.0,-1033.92,0.0,-1033,-559,-0.314159,-0.645,0.0,0.0,-0.645,-653.164,69.792,0.0,-583.371,-8.297,-1025.623,0.0,-1033.92
6.356626886990853,6020,1,7,6,-0.055202,-0.04195,-0.636064,-0.460418,-563.698,-595.0,-1023.707,0.0,-1023,-571,-0.523598,-0.636,0.0,0.0,-0.636,-632.328,68.629,0.0,-563.698,25.041,-1048.749,0.0,-1023.707
6.356626886990853,6025,1,7,6,-0.057297,-0.044311,-0.623373,-0.485112,-429.524,-499.0,-948.275,0.0,-948,-499,-0.418879,-0.623,0.0,0.0,-0.623,-497.739,68.215,0.0,-429.524,55.58,-1003.855,0.0,-948.275
6.368076353915967,6030,1,7,6,-0.059337,-0.046682,-0.607445,-0.470951,-423.573,-487.0,-921.164,0.0,-921,-463,-0.418879,-0.607,0.0,0.0,-0.607,-491.378,67.805,0.0,-423.573,50.741,-971.905,0.0,-921.164
6.368076353915967,6036,1,7,6,-0.061317,-0.048964,-0.592964,-0.461326,-406.488,-464.0,-897.061,0.0,-897,-468,-0.523598,-0.592,0.0,0.0,-0.592,-473.897,67.409,0.0,-406.488,46.009,-943.071,0.0,-897.061
6.368076353915967,6041,1,7,6,-0.063614,-0.05163,-0.575249,-0.431991,-448.746,-459.0,-927.544,0.0,-927,-495,-0.418879,-0.575,0.0,0.0,-0.575,-515.726,66.979,0.0,-448.746,8.202,-935.746,0.0,-927.544
6.379705620929599,6046,1,7,6,-0.065459,-0.053771,-0.561048,-0.424125,-426.353,-477.0,-868.251,0.0,-868,-441,-0.314159,-0.561,0.0,0.0,-0.561,-492.921,66.567,0.0,-426.353,40.517,-908.769,0.0,-868.251
6.379705620929599,6051,1,7,6,-0.06724,-0.055844,-0.546985,-0.415728,-406.351,-445.0,-857.604,0.0,-857,-437,-0.418879,-0.546,0.0,0.0,-0.546,-472.526,66.174,0.0,-406.351,30.919,-888.523,0.0,-857.604
6.391589086968452,6056,1,7,6,-0.068954,-0.057827,-0.534061,-0.395632,-432.585,-472.0,-848.135,0.0,-848,-434,-0.418879,-0.534,0.0,0.0,-0.534,-498.344,65.758,0.0,-432.585,31.531,-879.666,0.0,-848.135
6.391589086968452,6061,1,7,6,-0.0706,-0.059796,-0.518554,-0.402019,-354.116,-406.0,-805.454,0.0,-805,-389,-0.418879,-0.518,0.0,0.0,-0.518,-419.526,65.409,0.0,-354.116,41.506,-846.961,0.0,-805.454
6.402961702900939,6066,1,7,6,-0.072176,-0.061723,-0.501749,-0.399208,-304.045,-388.0,-737.811,0.0,-737,-388,-0.418879,-0.501,0.0,0.0,-0.501,-369.146,65.101,0.0,-304.045,67.163,-804.975,0.0,-737.811
6.402961702900939,6071,1,7,6,-0.073681,-0.063598,-0.483982,-0.368465,-351.104,-391.0,-756.315,0.0,-756,-386,-0.314159,-0.483,0.0,0.0,-0.483,-415.86,64.755,0.0,-351.104,31.916,-788.232,0.0,-756.315
6.402961702900939,6076,1,7,6,-0.075113,-0.065396,-0.466444,-0.337069,-401.382,-417.0,-778.562,0.0,-778,-420,-0.314159,-0.466,0.0,0.0,-0.466,-465.75,64.367,0.0,-401.382,12.493,-791.056,0.0,-778.562
6.412727294955403,6081,1,7,6,-0.076472,-0.067152,-0.447357,-0.349201,-289.287,-336.0,-708.309,0.0,-708,-337,-0.314159,-0.447,0.0,0.0,-0.447,-353.36,64.073,0.0,-289.287,37.37,-745.679,0.0,-708.309
6.412727294955403,6086,1,7,6,-0.077755,-0.068723,-0.433534,-0.310296,-379.952,-384.0,-750.95,0.0,-750,-383,-0.314159,-0.433,0.0,0.0,-0.433,-443.655,63.703,0.0,-379.952,3.238,-754.188,0.0,-750.95
6.42633281997405,6091,1,7,6,-0.078961,-0.07022,-0.419525,-0.291607,-397.168,-385.0,-768.501,0.0,-768,-400,-0.314159,-0.419,0.0,0.0,-0.419,-460.502,63.334,0.0,-397.168,-9.734,-758.767,0.0,-768.501
6.42633281997405,6096,1,7,6,-0.080089,-0.071635,-0.405785,-0.282741,-379.993,-384.0,-748.579,0.0,-748,-384,-0.314159,-0.405,0.0,0.0,-0.405,-442.959,62.965,0.0,-379.993,3.204,-751.784,0.0,-748.579
6.437475975952111,6101,1,7,6,-0.081138,-0.072993,-0.39096,-0.275298,-353.767,-367.0,-727.621,0.0,-727,-367,-0.314159,-0.39,0.0,0.0,-0.39,-416.385,62.618,0.0,-353.767,10.586,-738.208,0.0,-727.621
6.437475975952111,6110,1,7,6,-0.082824,-0.075258,-0.36318,-0.234483,-401.463,-415.0,-734.373,0.0,-734,-416,-0.314159,-0.363,0.0,0.0,-0.363,-463.307,61.844,0.0,-401.463,10.829,-745.203,0.0,-734.373
6.4488119930028915,6115,1,7,6,-0.083646,-0.076429,-0.346435,-0.238766,-326.089,-367.0,-687.433,0.0,-687,-366,-0.209439,-0.346,0.0,0.0,-0.346,-387.611,61.521,0.0,-326.089,32.728,-720.161,0.0,-687.433
6.4488119930028915,6120,1,7,6,-0.084386,-0.077571,-0.327119,-0.25534,-197.096,-269.0,-600.438,0.0,-600,-253,-0.314159,-0.327,0.0,0.0,-0.327,-258.403,61.306,0.0,-197.096,57.522,-657.96,0.0,-600.438
6.460300680948421,6126,1,7,6,-0.085043,-0.078692,-0.304866,-0.235427,-188.884,-270.0,-547.496,0.0,-547,-253,-0.209439,-0.304,0.0,0.0,-0.304,-249.981,61.097,0.0,-188.884,64.892,-612.388,0.0,-547.496
6.460300680948421,6131,1,7,6,-0.08572,-0.079829,-0.282802,-0.175528,-325.412,-366.0,-591.158,0.0,-591,-350,-0.209439,-0.282,0.0,0.0,-0.282,-386.187,60.775,0.0,-325.412,32.47,-623.628,0.0,-591.158
6.471654610009864,6136,1,7,6,-0.086192,-0.080623,-0.26727,-0.146183,-375.499,-382.0,-631.223,0.0,-631,-366,-0.104719,-0.267,0.0,0.0,-0.267,-435.911,60.412,0.0,-375.499,5.2,-636.423,0.0,-631.223
6.471654610009864,6141,1,7,6,-0.086578,-0.081248,-0.25581,-0.119662,-430.131,-381.0,-702.839,0.0,-702,-414,-0.104719,-0.255,0.0,0.0,-0.255,-490.134,60.003,0.0,-430.131,-39.304,-663.535,0.0,-702.839
6.483766510966234,6146,1,7,6,-0.086879,-0.081757,-0.245822,-0.111756,-423.037,-414.0,-675.754,0.0,-675,-398,0.0,-0.245,0.0,0.0,-0.245,-482.638,59.601,0.0,-423.037,-7.229,-668.524,0.0,-675.754
6.483766510966234,6151,1,7,6,-0.087094,-0.082165,-0.23656,-0.078781,-508.875,-478.0,-731.632,0.0,-731,-461,0.0,-0.236,0.0,0.0,-0.236,-568.003,59.128,0.0,-508.875,-24.7,-706.932,0.0,-731.632
6.483766510966234,6156,1,7,6,-0.087223,-0.082511,-0.226192,-0.057907,-547.203,-494.0,-785.903,0.0,-785,-510,0.0,-0.226,0.0,0.0,-0.226,-605.826,58.623,0.0,-547.203,-42.562,-743.34,0.0,-785.903
6.495314491912723,6161,1,7,6,-0.087266,-0.082828,-0.213002,-0.053362,-516.559,-494.0,-769.544,0.0,-769,-494,0.0,-0.213,0.0,0.0,-0.213,-574.703,58.143,0.0,-516.559,-18.047,-751.497,0.0,-769.544
6.495314491912723,6166,1,7,6,-0.087223,-0.083136,-0.19617,-0.050083,-468.205,-478.0,-735.593,0.0,-735,-462,-0.104719,-0.196,0.0,0.0,-0.196,-525.911,57.705,0.0,-468.205,7.835,-743.428,0.0,-735.593
6.506795716937631,6171,1,7,6,-0.087094,-0.083478,-0.173553,-0.073447,-302.975,-349.0,-647.812,0.0,-647,-382,0.0,-0.173,0.0,0.0,-0.173,-360.38,57.404,0.0,-302.975,36.819,-684.631,0.0,-647.812
6.506795716937631,6176,1,7,6,-0.086879,-0.083688,-0.153167,-0.023367,-410.263,-429.0,-671.116,0.0,-671,-429,0.0,-0.153,0.0,0.0,-0.153,-467.279,57.015,0.0,-410.263,14.989,-686.105,0.0,-671.116
6.518579998984933,6181,1,7,6,-0.086578,-0.083819,-0.132419,-0.012711,-374.28,-397.0,-650.559,0.0,-650,-397,0.0,-0.132,0.0,0.0,-0.132,-430.951,56.67,0.0,-374.28,18.175,-668.734,0.0,-650.559
6.518579998984933,6186,1,7,6,-0.086192,-0.083815,-0.114072,-0.009266,-320.944,-381.0,-587.079,0.0,-587,-381,0.0,-0.114,0.0,0.0,-0.114,-377.301,56.356,0.0,-320.944,48.044,-635.123,0.0,-587.079
6.518579998984933,6191,1,7,6,-0.08572,-0.08373,-0.095515,0.013592,-336.758,-366.0,-593.661,0.0,-593,-382,0.0,-0.095,0.0,0.0,-0.095,-392.787,56.029,0.0,-336.758,23.393,-617.054,0.0,-593.661
6.5302064549177885,6196,1,7,6,-0.085164,-0.083606,-0.074813,0.018826,-281.355,-318.0,-552.374,0.0,-552,-334,0.0,-0.074,0.0,0.0,-0.074,-337.103,55.748,0.0,-281.355,29.315,-581.69,0.0,-552.374
6.541216152952984,6205,1,7,6,-0.083952,-0.083492,-0.022076,0.023392,-108.208,-189.0,-381.712,0.0,-381,-221,0.0,-0.022,0.0,0.0,-0.022,-163.687,55.478,0.0,-108.208,64.633,-446.345,0.0,-381.712
6.541216152952984,6210,1,7,6,-0.083163,-0.08336,0.009467,0.050079,-90.846,-190.0,-316.089,0.0,-316,-190,0.0,0.009,0.0,0.0,0.009,-146.203,55.357,0.0,-90.846,79.323,-395.412,0.0,-316.089
6.553468061960302,6216,1,7,6,-0.082291,-0.08315,0.04125,0.036727,71.656,-61.0,-199.967,0.0,-199,-61,0.0,0.041,0.0,0.0,0.041,16.285,55.37,0.0,71.656,106.125,-306.092,0.0,-199.967
6.553468061960302,6221,1,7,6,-0.081138,-0.082815,0.080522,0.070346,92.033,-29.0,-139.509,0.0,-139,-29,0.0,0.08,0.0,0.0,0.08,36.632,55.401,0.0,92.033,96.826,-236.335,0.0,-139.509
6.553468061960302,6226,1,7,6,-0.080089,-0.082336,0.107863,0.104896,66.088,-29.0,-113.16,0.0,-113,-29,0.0,0.107,0.0,0.0,0.107,10.678,55.41,0.0,66.088,76.071,-189.231,0.0,-113.16
6.565258377930149,6231,1,7,6,-0.078961,-0.081751,0.133929,0.135447,49.939,-13.0,-106.195,0.0,-106,-13,0.0,0.133,0.0,0.0,0.133,-5.465,55.405,0.0,49.939,50.351,-156.547,0.0,-106.195
6.565258377930149,6236,1,7,6,-0.077754,-0.081131,0.162062,0.127699,179.217,98.0,-17.466,0.0,-17,66,0.0,0.162,0.0,0.0,0.162,123.708,55.508,0.0,179.217,64.974,-82.44,0.0,-17.466
6.57700454397127,6241,1,7,6,-0.076472,-0.080529,0.194765,0.124452,308.847,177.0,120.564,0.0,120,145,0.0,0.194,0.0,0.0,0.194,253.127,55.719,0.0,308.847,105.477,15.086,0.0,120.564
6.57700454397127,6246,1,7,6,-0.075113,-0.079888,0.229164,0.139911,377.299,241.0,214.79,0.0,214,242,0.0,0.229,0.0,0.0,0.229,321.312,55.986,0.0,377.299,109.039,105.75,0.0,214.79
6.5889163229148835,6251,1,7,6,-0.073681,-0.079194,0.264606,0.134218,525.774,354.0,359.829,0.0,359,354,0.0,0.264,0.0,0.0,0.264,469.396,56.378,0.0,525.774,137.419,222.41,0.0,359.829
6.5889163229148835,6256,1,7,6,-0.072176,-0.078479,0.302564,0.146982,616.939,434.0,480.775,0.0,480,450,0.104719,0.302,0.0,0.0,0.302,560.094,56.844,0.0,616.939,146.351,334.423,0.0,480.775
6.5889163229148835,6261,1,7,6,-0.0706,-0.077659,0.338868,0.179329,631.665,484.0,537.841,0.0,537,500,0.0,0.338,0.0,0.0,0.338,574.341,57.323,0.0,631.665,118.132,419.709,0.0,537.841
6.600874816998839,6266,1,7,6,-0.068953,-0.076714,0.372508,0.194802,697.596,546.0,630.285,0.0,630,562,0.0,0.372,0.0,0.0,0.372,639.74,57.856,0.0,697.596,121.277,509.008,0.0,630.285
6.600874816998839,6271,1,7,6,-0.067239,-0.075779,0.409881,0.191917,843.153,658.0,769.979,0.0,769,659,0.104719,0.409,0.0,0.0,0.409,784.668,58.485,0.0,843.153,148.123,621.856,0.0,769.979
6.611978294909932,6276,1,7,6,-0.065459,-0.074729,0.444952,0.214736,887.954,741.0,838.854,0.0,838,725,0.104719,0.444,0.0,0.0,0.444,828.778,59.176,0.0,887.954,117.563,721.29,0.0,838.854
6.611978294909932,6281,1,7,6,-0.063614,-0.073574,0.478095,0.247003,891.798,741.0,919.219,0.0,919,739,0.209439,0.478,0.0,0.0,0.478,831.929,59.869,0.0,891.798,120.638,798.58,0.0,919.219
6.611978294909932,6286,1,7,6,-0.061706,-0.072201,0.503728,0.289448,831.92,739.0,917.155,0.0,917,739,0.209439,0.503,0.0,0.0,0.503,771.408,60.512,0.0,831.92,74.336,842.819,0.0,917.155
6.624795124982484,6295,1,7,6,-0.05812,-0.069177,0.530747,0.348062,719.287,694.0,876.143,0.0,876,682,0.314159,0.53,0.0,0.0,0.53,657.668,61.618,0.0,719.287,20.229,855.913,0.0,876.143
6.635814938927069,6300,1,7,6,-0.056047,-0.067163,0.533602,0.404945,525.169,568.0,769.07,0.0,769,568,0.314159,0.533,0.0,0.0,0.533,463.164,62.004,0.0,525.169,-34.264,803.334,0.0,769.07
6.635814938927069,6306,1,7,6,-0.053918,-0.064885,0.52643,0.468968,269.042,390.0,593.085,0.0,593,407,0.418879,0.526,0.0,0.0,0.526,206.865,62.177,0.0,269.042,-96.765,689.851,0.0,593.085
6.6474366940092295,6311,1,7,6,-0.051293,-0.061986,0.51325,0.500169,109.309,278.0,428.376,0.0,428,281,0.418879,0.513,0.0,0.0,0.513,47.092,62.217,0.0,109.309,-134.952,563.328,0.0,428.376
6.6474366940092295,6316,1,7,6,-0.04905,-0.059587,0.505741,0.456536,239.503,347.0,440.334,0.0,440,330,0.314159,0.505,0.0,0.0,0.505,177.138,62.365,0.0,239.503,-85.997,526.332,0.0,440.334
6.6474366940092295,6321,1,7,6,-0.046759,-0.057346,0.508153,0.449265,274.537,352.0,432.599,0.0,432,316,0.418879,0.508,0.0,0.0,0.508,211.996,62.541,0.0,274.537,-61.969,494.568,0.0,432.599
6.660053206956945,6326,1,7,6,-0.044422,-0.0552,0.517341,0.431768,370.863,383.0,492.846,0.0,492,401,0.209439,0.517,0.0,0.0,0.517,308.064,62.798,0.0,370.863,-9.709,502.555,0.0,492.846
6.660053206956945,6331,1,7,6,-0.04204,-0.053081,0.529944,0.411907,488.084,450.0,573.501,0.0,573,455,0.314159,0.529,0.0,0.0,0.529,424.931,63.152,0.0,488.084,30.467,543.033,0.0,573.501
6.6711560289841145,6336,1,7,6,-0.039618,-0.05099,0.545871,0.42105,512.881,467.0,606.687,0.0,606,454,0.314159,0.545,0.0,0.0,0.545,449.354,63.526,0.0,512.881,36.705,569.982,0.0,606.687
6.6711560289841145,6341,1,7,6,-0.037156,-0.048816,0.559706,0.436174,508.611,485.0,609.148,0.0,609,473,0.314159,0.559,0.0,0.0,0.559,444.714,63.897,0.0,508.611,18.889,590.259,0.0,609.148
6.681498858961277,6346,1,7,6,-0.034657,-0.046558,0.571265,0.437824,544.685,509.0,645.964,0.0,645,509,0.314159,0.571,0.0,0.0,0.571,480.388,64.297,0.0,544.685,28.548,617.416,0.0,645.964
6.681498858961277,6351,1,7,6,-0.032124,-0.044227,0.580937,0.46161,494.232,478.0,630.971,0.0,630,466,0.418879,0.58,0.0,0.0,0.58,429.577,64.655,0.0,494.232,12.985,617.985,0.0,630.971
6.681498858961277,6356,1,7,6,-0.02956,-0.041889,0.591776,0.474662,486.618,478.0,629.128,0.0,629,485,0.418879,0.591,0.0,0.0,0.591,421.612,65.006,0.0,486.618,6.895,622.233,0.0,629.128
6.693775138934143,6361,1,7,6,-0.026966,-0.039608,0.606781,0.447148,640.164,582.0,728.651,0.0,728,570,0.314159,0.606,0.0,0.0,0.606,574.678,65.485,0.0,640.164,46.531,682.12,0.0,728.651
6.693775138934143,6366,1,7,6,-0.024346,-0.037403,0.626719,0.424898,792.624,686.0,852.157,0.0,852,642,0.314159,0.626,0.0,0.0,0.626,726.556,66.067,0.0,792.624,85.299,766.857,0.0,852.157
6.704731856007129,6371,1,7,6,-0.021702,-0.035172,0.646595,0.450329,773.214,676.0,901.667,0.0,901,677,0.418879,0.646,0.0,0.0,0.646,706.557,66.656,0.0,773.214,77.771,823.896,0.0,901.667
6.704731856007129,6376,1,7,6,-0.019036,-0.032743,0.657915,0.504507,619.385,557.0,865.803,0.0,865,603,0.418879,0.657,0.0,0.0,0.657,552.269,67.116,0.0,619.385,49.908,815.894,0.0,865.803
6.717268658918329,6385,1,7,6,-0.014192,-0.027904,0.658159,0.561344,416.272,481.0,670.153,0.0,670,462,0.523598,0.658,0.0,0.0,0.658,348.531,67.74,0.0,416.272,-51.782,721.935,0.0,670.153
6.717268658918329,6390,1,7,6,-0.011481,-0.025086,0.653039,0.559459,404.909,481.0,631.497,0.0,631,463,0.314159,0.653,0.0,0.0,0.653,336.887,68.021,0.0,404.909,-60.872,692.37,0.0,631.497
6.728487140964717,6396,1,7,6,-0.008758,-0.022274,0.648804,0.572231,343.912,417.0,588.069,0.0,588,407,0.418879,0.648,0.0,0.0,0.648,275.661,68.251,0.0,343.912,-58.469,646.539,0.0,588.069
6.728487140964717,6401,1,7,6,-0.005479,-0.018913,0.644852,0.536223,459.642,491.0,629.287,0.0,629,492,0.418879,0.644,0.0,0.0,0.644,391.064,68.577,0.0,459.642,-25.086,654.373,0.0,629.287
6.74025171995163,6406,1,7,6,-0.00274,-0.016199,0.646026,0.52375,509.137,482.0,684.969,0.0,684,510,0.418879,0.646,0.0,0.0,0.646,440.193,68.944,0.0,509.137,21.71,663.259,0.0,684.969
6.74025171995163,6411,1,7,6,0.0,-0.013658,0.655625,0.498765,634.111,585.0,752.166,0.0,752,576,0.314159,0.655,0.0,0.0,0.655,564.696,69.414,0.0,634.111,39.289,712.877,0.0,752.166
6.752227674936876,6416,1,7,6,0.002741,-0.011212,0.669801,0.473919,775.176,698.0,853.688,0.0,853,680,0.314159,0.669,0.0,0.0,0.669,705.173,70.002,0.0,775.176,61.741,791.947,0.0,853.688
6.752227674936876,6421,1,7,6,0.005479,-0.008924,0.691379,0.448522,945.017,782.0,1035.352,0.0,1035,829,0.314159,0.691,0.0,0.0,0.691,874.286,70.731,0.0,945.017,130.414,904.937,0.0,1035.352
6.752227674936876,6426,1,7,6,0.008212,-0.006666,0.714189,0.457875,994.228,829.0,1124.643,0.0,1124,876,0.314159,0.714,0.0,0.0,0.714,922.728,71.5,0.0,994.228,132.182,992.461,0.0,1124.643
6.764521135948598,6431,1,7,6,0.010937,-0.004311,0.731949,0.491342,938.409,803.0,1150.045,0.0,1150,870,0.314159,0.731,0.0,0.0,0.731,866.187,72.221,0.0,938.409,108.327,1041.718,0.0,1150.045
6.764521135948598,6436,1,7,6,0.013651,-0.001859,0.744518,0.507782,925.182,833.0,1149.894,0.0,1149,864,0.418879,0.744,0.0,0.0,0.744,852.25,72.932,0.0,925.182,73.745,1076.148,0.0,1149.894
6.775558214983903,6441,1,7,6,0.016352,0.000704,0.751109,0.521117,901.592,840.0,1151.754,0.0,1151,900,0.418879,0.751,0.0,0.0,0.751,827.97,73.622,0.0,901.592,49.274,1102.48,0.0,1151.754
6.775558214983903,6446,1,7,6,0.019036,0.003341,0.75337,0.532505,869.399,840.0,1127.317,0.0,1127,847,0.418879,0.753,0.0,0.0,0.753,795.113,74.286,0.0,869.399,23.519,1103.798,0.0,1127.317
6.787095537991263,6451,1,7,6,0.021702,0.006042,0.751666,0.543685,823.644,810.0,1110.441,0.0,1110,825,0.523598,0.751,0.0,0.0,0.751,748.734,74.91,0.0,823.644,10.915,1099.526,0.0,1110.441
6.787095537991263,6456,1,7,6,0.024346,0.008805,0.745952,0.542233,808.886,851.0,1059.038,0.0,1059,808,0.418879,0.745,0.0,0.0,0.745,733.389,75.496,0.0,808.886,-33.69,1092.729,0.0,1059.038
6.787095537991263,6461,1,7,6,0.026966,0.011639,0.735705,0.557338,718.151,768.0,1021.782,0.0,1021,754,0.523598,0.735,0.0,0.0,0.735,642.12,76.031,0.0,718.151,-39.878,1061.66,0.0,1021.782
6.799056964926422,6466,1,7,6,0.02956,0.014615,0.717361,0.596595,511.153,650.0,863.707,0.0,863,621,0.418879,0.717,0.0,0.0,0.717,434.758,76.394,0.0,511.153,-111.077,974.785,0.0,863.707
6.810469678952359,6475,1,7,6,0.034153,0.020045,0.677186,0.608688,323.518,483.0,677.993,0.0,677,485,0.418879,0.677,0.0,0.0,0.677,246.59,76.927,0.0,323.518,-127.585,805.579,0.0,677.993
6.810469678952359,6480,1,7,6,0.036659,0.023022,0.654584,0.597424,282.872,466.0,568.449,0.0,568,434,0.418879,0.654,0.0,0.0,0.654,205.773,77.098,0.0,282.872,-146.502,714.951,0.0,568.449
6.822212297935039,6485,1,7,6,0.039128,0.025833,0.638181,0.551766,388.454,467.0,617.737,0.0,617,466,0.418879,0.638,0.0,0.0,0.638,311.096,77.357,0.0,388.454,-62.836,680.574,0.0,617.737
6.822212297935039,6491,1,7,6,0.041559,0.028397,0.631804,0.484494,608.117,594.0,737.687,0.0,737,608,0.314159,0.631,0.0,0.0,0.631,530.316,77.801,0.0,608.117,11.293,726.393,0.0,737.687
6.835008408990689,6496,1,7,6,0.044422,0.031192,0.635007,0.429205,819.307,689.0,923.75,0.0,923,704,0.314159,0.635,0.0,0.0,0.635,740.888,78.418,0.0,819.307,104.246,819.504,0.0,923.75
6.835008408990689,6501,1,7,6,0.046759,0.033385,0.641944,0.418588,883.17,753.0,999.889,0.0,999,769,0.314159,0.641,0.0,0.0,0.641,804.081,79.088,0.0,883.17,104.136,895.753,0.0,999.889
6.835008408990689,6506,1,7,6,0.049051,0.035579,0.64663,0.443211,812.008,736.0,985.962,0.0,985,753,0.314159,0.646,0.0,0.0,0.646,732.309,79.699,0.0,812.008,60.807,925.155,0.0,985.962
6.845617449958809,6511,1,7,6,0.051294,0.03779,0.64817,0.439924,830.009,784.0,993.843,0.0,993,783,0.314159,0.648,0.0,0.0,0.648,749.685,80.323,0.0,830.009,36.807,957.036,0.0,993.843
6.845617449958809,6516,1,7,6,0.053486,0.039969,0.648785,0.437783,840.562,800.0,1016.441,0.0,1016,816,0.209439,0.648,0.0,0.0,0.648,759.605,80.956,0.0,840.562,32.45,983.991,0.0,1016.441
6.856451692990959,6521,1,7,6,0.055625,0.042166,0.646031,0.426893,870.512,800.0,1072.355,0.0,1072,832,0.314159,0.646,0.0,0.0,0.646,788.898,81.614,0.0,870.512,56.41,1015.945,0.0,1072.355
6.856451692990959,6526,1,7,6,0.05771,0.044326,0.642437,0.454202,759.822,769.0,990.324,0.0,990,770,0.209439,0.642,0.0,0.0,0.642,677.643,82.178,0.0,759.822,-7.342,997.667,0.0,990.324
6.856451692990959,6531,1,7,6,0.059738,0.046404,0.640023,0.401839,940.358,897.0,1094.436,0.0,1094,864,0.314159,0.64,0.0,0.0,0.64,857.464,82.893,0.0,940.358,34.686,1059.749,0.0,1094.436
6.869288609945215,6536,1,7,6,0.061706,0.048435,0.637039,0.391963,965.899,914.0,1144.363,0.0,1144,929,0.209439,0.637,0.0,0.0,0.637,882.271,83.628,0.0,965.899,41.519,1102.843,0.0,1144.363
6.869288609945215,6541,1,7,6,0.063614,0.050493,0.629804,0.414502,859.364,834.0,1114.922,0.0,1114,852,0.314159,0.629,0.0,0.0,0.629,775.089,84.274,0.0,859.364,20.291,1094.63,0.0,1114.922
6.88038206496276,6546,1,7,6,0.065459,0.052588,0.617806,0.427228,770.904,803.0,1040.509,0.0,1040,803,0.314159,0.617,0.0,0.0,0.617,686.079,84.824,0.0,770.904,-25.676,1066.185,0.0,1040.509
6.88038206496276,6551,1,7,6,0.06724,0.054749,0.599539,0.420272,730.723,758.0,1014.925,0.0,1014,757,0.209439,0.599,0.0,0.0,0.599,645.361,85.362,0.0,730.723,-21.821,1036.746,0.0,1014.925
6.891897036926821,6556,1,7,6,0.068954,0.056909,0.578138,0.430301,618.018,678.0,926.975,0.0,926,695,0.314159,0.578,0.0,0.0,0.578,532.212,85.805,0.0,618.018,-47.984,974.96,0.0,926.975
6.891897036926821,6565,1,7,6,0.071866,0.060504,0.545376,0.383728,668.76,711.0,908.531,0.0,908,715,0.209439,0.545,0.0,0.0,0.545,581.935,86.824,0.0,668.76,-33.791,942.323,0.0,908.531
6.903356738970615,6570,1,7,6,0.073386,0.062378,0.52838,0.368601,662.508,698.0,895.865,0.0,895,732,0.314159,0.528,0.0,0.0,0.528,575.204,87.304,0.0,662.508,-28.393,924.259,0.0,895.865
6.903356738970615,6575,1,7,6,0.074833,0.064077,0.516289,0.340923,719.149,732.0,912.506,0.0,912,718,0.209439,0.516,0.0,0.0,0.516,631.319,87.83,0.0,719.149,-10.28,922.786,0.0,912.506
6.9147092999191955,6581,1,7,6,0.076206,0.065654,0.506477,0.316498,772.328,754.0,947.825,0.0,947,751,0.104719,0.506,0.0,0.0,0.506,683.924,88.403,0.0,772.328,14.662,933.162,0.0,947.825
6.9147092999191955,6586,1,7,6,0.077755,0.06745,0.494639,0.294576,809.233,802.0,957.386,0.0,957,767,0.104719,0.494,0.0,0.0,0.494,720.229,89.003,0.0,809.233,5.786,951.6,0.0,957.386
6.9259103569202125,6591,1,7,6,0.078961,0.06877,0.489156,0.233414,1010.441,868.0,1149.751,0.0,1149,886,0.209439,0.489,0.0,0.0,0.489,920.67,89.77,0.0,1010.441,113.953,1035.798,0.0,1149.751
6.9259103569202125,6596,1,7,6,0.080089,0.070117,0.478666,0.258032,884.714,842.0,1083.412,0.0,1083,842,0.209439,0.478,0.0,0.0,0.478,794.282,90.432,0.0,884.714,34.171,1049.241,0.0,1083.412
6.938560548005626,6601,1,7,6,0.081138,0.071534,0.460983,0.276138,756.431,795.0,988.701,0.0,988,795,0.104719,0.46,0.0,0.0,0.46,665.444,90.987,0.0,756.431,-30.854,1019.556,0.0,988.701
6.938560548005626,6606,1,7,6,0.082107,0.072866,0.443578,0.266468,729.116,746.0,981.377,0.0,981,782,0.209439,0.443,0.0,0.0,0.443,637.597,91.518,0.0,729.116,-13.506,994.884,0.0,981.377
6.938560548005626,6611,1,7,6,0.082995,0.074161,0.424045,0.244134,739.734,782.0,941.012,0.0,941,749,0.104719,0.424,0.0,0.0,0.424,647.676,92.058,0.0,739.734,-33.812,974.824,0.0,941.012
6.95032891293522,6616,1,7,6,0.083801,0.075308,0.407655,0.236612,708.326,732.0,934.766,0.0,934,750,0.104719,0.407,0.0,0.0,0.407,615.754,92.571,0.0,708.326,-18.939,953.705,0.0,934.766
6.95032891293522,6621,1,7,6,0.084524,0.076347,0.392515,0.197001,797.009,812.0,949.686,0.0,949,786,0.104719,0.392,0.0,0.0,0.392,703.851,93.158,0.0,797.009,-11.992,961.678,0.0,949.686
6.959723538951948,6626,1,7,6,0.085164,0.077202,0.382189,0.156765,905.358,834.0,1066.166,0.0,1066,854,0.0,0.382,0.0,0.0,0.382,811.524,93.834,0.0,905.358,57.086,1009.079,0.0,1066.166
6.959723538951948,6631,1,7,6,0.08572,0.077901,0.375336,0.137946,949.147,867.0,1107.752,0.0,1107,889,0.0,0.375,0.0,0.0,0.375,854.602,94.544,0.0,949.147,65.717,1042.034,0.0,1107.752
6.972197104012594,6636,1,7,6,0.086192,0.078526,0.367965,0.124443,971.926,926.0,1109.606,0.0,1109,919,0.0,0.367,0.0,0.0,0.367,876.678,95.247,0.0,971.926,36.74,1072.865,0.0,1109.606
6.972197104012594,6641,1,7,6,0.086578,0.079136,0.357199,0.105166,1003.325,944.0,1152.775,0.0,1152,944,0.0,0.357,0.0,0.0,0.357,907.321,96.003,0.0,1003.325,47.46,1105.315,0.0,1152.775
6.984229149995372,6646,1,7,6,0.086879,0.079681,0.345498,0.100441,978.942,938.0,1150.903,0.0,1150,951,0.0,0.345,0.0,0.0,0.345,882.203,96.739,0.0,978.942,32.754,1118.149,0.0,1150.903
6.984229149995372,6651,1,7,6,0.087094,0.080209,0.330486,0.10196,920.12,893.0,1135.308,0.0,1135,938,0.0,0.33,0.0,0.0,0.33,822.695,97.424,0.0,920.12,21.695,1113.612,0.0,1135.308
6.995839583920315,6660,1,7,6,0.087264,0.08095,0.303061,0.056495,986.49,962.0,1141.837,0.0,1141,962,0.0,0.303,0.0,0.0,0.303,887.635,98.854,0.0,986.49,19.592,1122.245,0.0,1141.837
6.995839583920315,6665,1,7,6,0.087238,0.08113,0.293197,0.028593,1052.219,1009.0,1186.924,0.0,1186,1009,0.0,0.293,0.0,0.0,0.293,952.572,99.646,0.0,1052.219,34.575,1152.349,0.0,1186.924
7.007634904002771,6671,1,7,6,0.087126,0.081225,0.283253,0.021393,1043.13,1021.0,1185.918,0.0,1185,997,0.0,0.283,0.0,0.0,0.283,942.695,100.435,0.0,1043.13,17.704,1168.214,0.0,1185.918
7.007634904002771,6676,1,7,6,0.086879,0.081257,0.269834,0.004594,1056.099,1029.0,1213.487,0.0,1213,997,0.0,0.269,0.0,0.0,0.269,954.866,101.232,0.0,1056.099,21.679,1191.807,0.0,1213.487
7.0179756039287895,6681,1,7,6,0.086578,0.081302,0.253248,0.020675,939.192,956.0,1156.92,0.0,1156,948,0.0,0.253,0.0,0.0,0.253,837.261,101.93,0.0,939.192,-13.446,1170.366,0.0,1156.92
7.0179756039287895,6686,1,7,6,0.086192,0.081321,0.233778,0.016015,886.532,944.0,1092.669,0.0,1092,944,0.0,0.233,0.0,0.0,0.233,783.949,102.583,0.0,886.532,-45.973,1138.643,0.0,1092.669
7.0179756039287895,6691,1,7,6,0.08572,0.081361,0.209245,-0.017261,918.685,944.0,1106.373,0.0,1106,944,0.0,0.209,0.0,0.0,0.209,815.423,103.261,0.0,918.685,-20.251,1126.624,0.0,1106.373
7.029650962911546,6696,1,7,6,0.085164,0.081309,0.185058,-0.025003,860.118,927.0,1039.227,0.0,1039,907,0.0,0.185,0.0,0.0,0.185,756.224,103.893,0.0,860.118,-53.505,1092.732,0.0,1039.227
7.029650962911546,6701,1,7,6,0.084524,0.081287,0.155367,-0.001906,670.55,774.0,927.819,0.0,927,809,0.0,0.155,0.0,0.0,0.155,566.185,104.365,0.0,670.55,-82.759,1010.578,0.0,927.819
7.040896555990912,6706,1,7,6,0.083801,0.081244,0.122755,-0.009217,579.863,725.0,801.772,0.0,801,690,0.0,0.122,0.0,0.0,0.122,475.102,104.76,0.0,579.863,-116.108,917.881,0.0,801.772
7.040896555990912,6711,1,7,6,0.082995,0.081171,0.087563,-0.040914,567.665,672.0,776.249,0.0,776,678,0.0,0.087,0.0,0.0,0.087,462.519,105.146,0.0,567.665,-83.467,859.717,0.0,776.249
7.052188823930919,6716,1,7,6,0.082107,0.080988,0.053692,-0.060995,518.368,609.0,717.097,0.0,717,641,0.0,0.053,0.0,0.0,0.053,412.878,105.49,0.0,518.368,-72.504,789.602,0.0,717.097
7.052188823930919,6721,1,7,6,0.081138,0.080844,0.014093,-0.035488,284.133,453.0,523.353,0.0,523,461,0.0,0.014,0.0,0.0,0.014,178.494,105.639,0.0,284.133,-135.092,658.445,0.0,523.353
7.052188823930919,6726,1,7,6,0.080089,0.080672,-0.027991,-0.043421,161.23,388.0,358.14,0.0,358,368,-0.104719,-0.027,0.0,0.0,-0.027,55.547,105.683,0.0,161.23,-181.415,539.555,0.0,358.14
7.064269506954588,6731,1,7,6,0.078961,0.080417,-0.069914,-0.054434,49.907,271.0,226.832,0.0,226,271,0.0,-0.069,0.0,0.0,-0.069,-55.729,105.637,0.0,49.907,-176.874,403.706,0.0,226.832
7.064269506954588,6736,1,7,6,0.077754,0.079973,-0.106489,-0.09716,72.027,253.0,171.787,0.0,171,236,-0.104719,-0.106,0.0,0.0,-0.106,-33.581,105.609,0.0,72.027,-144.777,316.565,0.0,171.787
7.075584876933135,6741,1,7,6,0.076472,0.079448,-0.142863,-0.110709,-10.238,152.0,89.723,0.0,89,152,-0.209439,-0.142,0.0,0.0,-0.142,-115.751,105.512,0.0,-10.238,-129.791,219.514,0.0,89.723
7.087647548993118,6750,1,7,6,0.073973,0.07826,-0.205752,-0.16974,-24.432,72.0,-21.988,0.0,-21,85,-0.104719,-0.205,0.0,0.0,-0.205,-129.644,105.211,0.0,-24.432,-77.145,55.157,0.0,-21.988
7.087647548993118,6755,1,7,6,0.072483,0.077478,-0.239757,-0.157458,-191.311,1.0,-201.833,0.0,-201,-17,-0.209439,-0.239,0.0,0.0,-0.239,-296.276,104.964,0.0,-191.311,-153.848,-47.984,0.0,-201.833
7.087647548993118,6761,1,7,6,0.07092,0.076704,-0.277602,-0.154153,-339.824,-150.0,-314.773,0.0,-314,-169,-0.209439,-0.277,0.0,0.0,-0.277,-444.417,104.592,0.0,-339.824,-151.859,-162.913,0.0,-314.773
7.099167617969215,6766,1,7,6,0.068954,0.075799,-0.328572,-0.161704,-496.633,-283.0,-468.921,0.0,-468,-283,-0.209439,-0.328,0.0,0.0,-0.328,-600.725,104.091,0.0,-496.633,-170.907,-298.014,0.0,-468.921
7.099167617969215,6771,1,7,6,0.067239,0.075042,-0.374525,-0.151335,-700.06,-446.0,-672.25,0.0,-672,-446,-0.209439,-0.374,0.0,0.0,-0.374,-803.483,103.423,0.0,-700.06,-203.248,-469.002,0.0,-672.25
7.110441344906576,6776,1,7,6,0.065459,0.074229,-0.420978,-0.165434,-817.299,-531.0,-857.785,0.0,-857,-563,-0.104719,-0.42,0.0,0.0,-0.42,-919.956,102.657,0.0,-817.299,-229.039,-628.745,0.0,-857.785
7.110441344906576,6781,1,7,6,0.063614,0.073371,-0.468324,-0.19366,-886.957,-628.0,-979.261,0.0,-979,-708,-0.209439,-0.468,0.0,0.0,-0.468,-988.79,101.833,0.0,-886.957,-207.165,-772.096,0.0,-979.261
7.1217217749217525,6786,1,7,6,0.061706,0.072376,-0.512141,-0.215441,-967.177,-738.0,-1079.835,0.0,-1079,-756,-0.314159,-0.512,0.0,0.0,-0.512,-1068.12,100.942,0.0,-967.177,-183.341,-896.493,0.0,-1079.835
7.1217217749217525,6791,1,7,6,0.059737,0.071274,-0.553733,-0.219659,-1102.724,-873.0,-1230.042,0.0,-1230,-886,-0.209439,-0.553,0.0,0.0,-0.553,-1202.664,99.94,0.0,-1102.724,-183.779,-1046.263,0.0,-1230.042
7.1217217749217525,6796,1,7,6,0.05771,0.07004,-0.591863,-0.252552,-1122.597,-933.0,-1309.913,0.0,-1309,-947,-0.314159,-0.591,0.0,0.0,-0.591,-1221.52,98.922,0.0,-1122.597,-151.677,-1158.235,0.0,-1309.913
7.133570276899263,6801,1,7,6,0.055625,0.06858,-0.621825,-0.315673,-1004.142,-866.0,-1319.705,0.0,-1319,-914,-0.314159,-0.621,0.0,0.0,-0.621,-1102.146,98.004,0.0,-1004.142,-110.513,-1209.191,0.0,-1319.705
7.133570276899263,6806,1,7,6,0.053486,0.066903,-0.644054,-0.353049,-950.486,-846.0,-1325.212,0.0,-1325,-878,-0.314159,-0.644,0.0,0.0,-0.644,-1047.617,97.131,0.0,-950.486,-83.588,-1241.623,0.0,-1325.212
7.145255796960555,6811,1,7,6,0.051293,0.064942,-0.655138,-0.429606,-715.462,-745.0,-1165.525,0.0,-1165,-742,-0.523598,-0.655,0.0,0.0,-0.655,-811.917,96.454,0.0,-715.462,23.629,-1189.155,0.0,-1165.525
7.145255796960555,6816,1,7,6,0.04905,0.062646,-0.652587,-0.501792,-446.844,-563.0,-987.434,0.0,-987,-544,-0.418879,-0.652,0.0,0.0,-0.652,-542.864,96.019,0.0,-446.844,92.924,-1080.359,0.0,-987.434
7.156861401977949,6821,1,7,6,0.046759,0.060092,-0.639967,-0.509231,-375.022,-497.0,-901.877,0.0,-901,-495,-0.523598,-0.639,0.0,0.0,-0.639,-470.65,95.627,0.0,-375.022,97.581,-999.459,0.0,-901.877
7.156861401977949,6826,1,7,6,0.044422,0.05735,-0.620569,-0.551944,-151.63,-321.0,-723.626,0.0,-723,-336,-0.523598,-0.62,0.0,0.0,-0.62,-247.052,95.421,0.0,-151.63,135.495,-859.122,0.0,-723.626
7.156861401977949,6831,1,7,6,0.04204,0.054484,-0.597295,-0.584551,49.504,-143.0,-544.234,0.0,-544,-191,-0.523598,-0.597,0.0,0.0,-0.597,-45.878,95.383,0.0,49.504,154.003,-698.237,0.0,-544.234
7.169078822946176,6840,1,7,6,0.037651,0.049213,-0.554983,-0.556667,101.452,-47.0,-354.69,0.0,-354,-78,-0.523598,-0.554,0.0,0.0,-0.554,6.062,95.389,0.0,101.452,118.761,-473.452,0.0,-354.69
7.1797698949230835,6845,1,7,6,0.03516,0.046448,-0.541818,-0.532014,60.066,-47.0,-329.606,0.0,-329,-62,-0.418879,-0.541,0.0,0.0,-0.541,-35.294,95.36,0.0,60.066,85.653,-415.259,0.0,-329.606
7.1797698949230835,6851,1,7,6,0.032634,0.043853,-0.538525,-0.511142,-3.298,-78.0,-324.254,0.0,-324,-62,-0.418879,-0.538,0.0,0.0,-0.538,-98.576,95.277,0.0,-3.298,59.761,-384.015,0.0,-324.254
7.191641590907238,6856,1,7,6,0.02956,0.041084,-0.553157,-0.435837,-327.424,-270.0,-513.165,0.0,-513,-254,-0.314159,-0.553,0.0,0.0,-0.553,-422.35,94.925,0.0,-327.424,-45.939,-467.225,0.0,-513.165
7.191641590907238,6861,1,7,6,0.026966,0.039015,-0.578337,-0.388376,-589.504,-399.0,-743.094,0.0,-743,-382,-0.314159,-0.578,0.0,0.0,-0.578,-683.86,94.355,0.0,-589.504,-152.403,-590.69,0.0,-743.094
7.191641590907238,6866,1,7,6,0.024346,0.037065,-0.610499,-0.384363,-720.413,-509.0,-888.563,0.0,-888,-509,-0.314159,-0.61,0.0,0.0,-0.61,-814.091,93.677,0.0,-720.413,-169.13,-719.432,0.0,-888.563
7.203336323960684,6871,1,7,6,0.021702,0.035196,-0.647739,-0.370274,-906.03,-653.0,-1077.859,0.0,-1077,-686,-0.314159,-0.647,0.0,0.0,-0.647,-998.875,92.845,0.0,-906.03,-202.424,-875.435,0.0,-1077.859
7.203336323960684,6876,1,7,6,0.019036,0.033432,-0.690999,-0.3445,-1155.588,-861.0,-1307.88,0.0,-1307,-860,-0.314159,-0.69,0.0,0.0,-0.69,-1247.393,91.805,0.0,-1155.588,-235.67,-1072.209,0.0,-1307.88
7.216709507978521,6881,1,7,6,0.016352,0.031599,-0.731879,-0.385254,-1157.087,-895.0,-1422.271,0.0,-1422,-911,-0.418879,-0.731,0.0,0.0,-0.731,-1247.853,90.765,0.0,-1157.087,-209.669,-1212.601,0.0,-1422.271
7.216709507978521,6886,1,7,6,0.013651,0.029428,-0.757311,-0.456079,-994.571,-849.0,-1386.565,0.0,-1386,-851,-0.418879,-0.757,0.0,0.0,-0.757,-1084.432,89.861,0.0,-994.571,-116.456,-1270.108,0.0,-1386.565
7.226992596988566,6891,1,7,6,0.010937,0.027011,-0.771539,-0.505135,-869.993,-807.0,-1339.661,0.0,-1339,-789,-0.523598,-0.771,0.0,0.0,-0.771,-959.055,89.062,0.0,-869.993,-50.394,-1289.267,0.0,-1339.661
7.226992596988566,6896,1,7,6,0.008212,0.024298,-0.772117,-0.564851,-657.715,-694.0,-1214.961,0.0,-1214,-708,-0.523598,-0.772,0.0,0.0,-0.772,-746.156,88.44,0.0,-657.715,29.027,-1243.988,0.0,-1214.961
7.226992596988566,6901,1,7,6,0.005479,0.021267,-0.757804,-0.6254,-388.612,-534.0,-1013.279,0.0,-1013,-521,-0.628318,-0.757,0.0,0.0,-0.757,-476.656,88.043,0.0,-388.612,116.309,-1129.589,0.0,-1013.279
7.238634384935722,6906,1,7,6,0.00274,0.018102,-0.737355,-0.63036,-297.46,-459.0,-902.428,0.0,-902,-425,-0.628318,-0.737,0.0,0.0,-0.737,-385.183,87.723,0.0,-297.46,129.231,-1031.659,0.0,-902.428
7.238634384935722,6911,1,7,6,0.0,0.014851,-0.712869,-0.661666,-96.755,-326.0,-710.171,0.0,-710,-264,-0.628318,-0.712,0.0,0.0,-0.712,-184.331,87.575,0.0,-96.755,183.395,-893.567,0.0,-710.171
7.249076986918226,6916,1,7,6,-0.002741,0.011625,-0.689595,-0.633214,-115.565,-277.0,-681.753,0.0,-681,-264,-0.523598,-0.689,0.0,0.0,-0.689,-202.971,87.406,0.0,-115.565,129.147,-810.901,0.0,-681.753
7.249076986918226,6921,1,7,6,-0.005479,0.008509,-0.67146,-0.618378,-103.848,-264.0,-605.718,0.0,-605,-228,-0.628318,-0.671,0.0,0.0,-0.671,-191.096,87.247,0.0,-103.848,128.121,-733.839,0.0,-605.718
7.262451139977202,6930,1,7,6,-0.010393,0.003179,-0.651498,-0.548006,-285.81,-306.0,-681.766,0.0,-681,-287,-0.523598,-0.651,0.0,0.0,-0.651,-372.571,86.761,0.0,-285.81,16.152,-697.918,0.0,-681.766
7.27385192993097,6935,1,7,6,-0.013109,0.000334,-0.645343,-0.543592,-279.847,-276.0,-698.151,0.0,-698,-300,-0.523598,-0.645,0.0,0.0,-0.645,-366.303,86.456,0.0,-279.847,-3.077,-695.073,0.0,-698.151
7.27385192993097,6941,1,7,6,-0.015813,-0.002356,-0.645917,-0.537258,-305.042,-313.0,-693.049,0.0,-693,-288,-0.418879,-0.645,0.0,0.0,-0.645,-391.172,86.129,0.0,-305.042,6.365,-699.414,0.0,-693.049
7.27385192993097,6946,1,7,6,-0.019036,-0.005521,-0.648704,-0.503811,-435.918,-397.0,-781.429,0.0,-781,-390,-0.418879,-0.648,0.0,0.0,-0.648,-521.613,85.694,0.0,-435.918,-31.134,-750.295,0.0,-781.429
7.286111206980422,6951,1,7,6,-0.021702,-0.007996,-0.657879,-0.491971,-512.073,-445.0,-856.058,0.0,-856,-423,-0.418879,-0.657,0.0,0.0,-0.657,-597.27,85.197,0.0,-512.073,-53.658,-802.399,0.0,-856.058
7.286111206980422,6956,1,7,6,-0.024346,-0.010434,-0.667782,-0.468839,-631.596,-525.0,-970.755,0.0,-970,-525,-0.418879,-0.667,0.0,0.0,-0.667,-716.196,84.6,0.0,-631.596,-85.276,-885.478,0.0,-970.755
7.295547994901426,6961,1,7,6,-0.026966,-0.012737,-0.683008,-0.437039,-801.627,-653.0,-1116.653,0.0,-1116,-644,-0.418879,-0.683,0.0,0.0,-0.683,-885.49,83.862,0.0,-801.627,-118.902,-997.751,0.0,-1116.653
7.295547994901426,6966,1,7,6,-0.02956,-0.015094,-0.694374,-0.475268,-705.577,-625.0,-1102.261,0.0,-1102,-597,-0.523598,-0.694,0.0,0.0,-0.694,-788.782,83.205,0.0,-705.577,-64.461,-1037.799,0.0,-1102.261
7.3092404149938375,6971,1,7,6,-0.032124,-0.017487,-0.702616,-0.472868,-744.576,-671.0,-1151.608,0.0,-1151,-671,-0.418879,-0.702,0.0,0.0,-0.702,-827.092,82.515,0.0,-744.576,-58.861,-1092.747,0.0,-1151.608
7.3092404149938375,6976,1,7,6,-0.034657,-0.019931,-0.706867,-0.47871,-739.532,-661.0,-1197.426,0.0,-1197,-689,-0.523598,-0.706,0.0,0.0,-0.706,-821.364,81.831,0.0,-739.532,-62.826,-1134.6,0.0,-1197.426
7.3092404149938375,6981,1,7,6,-0.037156,-0.022498,-0.703556,-0.514025,-601.048,-560.0,-1150.051,0.0,-1150,-588,-0.418879,-0.703,0.0,0.0,-0.703,-682.311,81.262,0.0,-601.048,-32.838,-1117.212,0.0,-1150.051
7.319187238928862,6986,1,7,6,-0.039618,-0.025151,-0.694401,-0.543297,-463.164,-523.0,-1019.414,0.0,-1019,-507,-0.523598,-0.694,0.0,0.0,-0.694,-543.973,80.808,0.0,-463.164,47.868,-1067.283,0.0,-1019.414
7.319187238928862,6991,1,7,6,-0.042041,-0.027883,-0.679559,-0.549398,-388.162,-460.0,-954.573,0.0,-954,-460,-0.418879,-0.679,0.0,0.0,-0.679,-468.58,80.418,0.0,-388.162,57.469,-1012.043,0.0,-954.573
7.329968572012149,6996,1,7,6,-0.044422,-0.030564,-0.665165,-0.529905,-406.923,-470.0,-929.436,0.0,-929,-489,-0.523598,-0.665,0.0,0.0,-0.665,-486.936,80.012,0.0,-406.923,50.46,-979.897,0.0,-929.436
7.329968572012149,7001,1,7,6,-0.046759,-0.033126,-0.654414,-0.500803,-473.43,-500.0,-952.351,0.0,-952,-507,-0.523598,-0.654,0.0,0.0,-0.654,-553.0,79.569,0.0,-473.43,21.255,-973.606,0.0,-952.351
7.341765729011968,7006,1,7,6,-0.049051,-0.035537,-0.648644,-0.480275,-527.064,-544.0,-965.37,0.0,-965,-518,-0.418879,-0.648,0.0,0.0,-0.648,-606.129,79.064,0.0,-527.064,13.548,-978.918,0.0,-965.37
7.341765729011968,7011,1,7,6,-0.051294,-0.037861,-0.644737,-0.473318,-538.559,-555.0,-963.927,0.0,-963,-529,-0.418879,-0.644,0.0,0.0,-0.644,-617.11,78.55,0.0,-538.559,13.152,-977.079,0.0,-963.927
7.353089259937406,7020,1,7,6,-0.055202,-0.041823,-0.642167,-0.418933,-726.457,-643.0,-1157.708,0.0,-1157,-638,-0.418879,-0.642,0.0,0.0,-0.642,-803.64,77.182,0.0,-726.457,-66.766,-1090.942,0.0,-1157.708
7.353089259937406,7025,1,7,6,-0.057298,-0.044024,-0.637136,-0.424729,-688.121,-615.0,-1177.633,0.0,-1177,-651,-0.418879,-0.637,0.0,0.0,-0.637,-764.665,76.544,0.0,-688.121,-58.497,-1119.136,0.0,-1177.633
7.364056402002461,7031,1,7,6,-0.059337,-0.046437,-0.619168,-0.494134,-373.954,-482.0,-950.506,0.0,-950,-477,-0.523598,-0.619,0.0,0.0,-0.619,-450.122,76.167,0.0,-373.954,86.436,-1036.942,0.0,-950.506
7.364056402002461,7036,1,7,6,-0.061706,-0.049395,-0.590936,-0.488508,-292.881,-428.0,-851.324,0.0,-851,-410,-0.523598,-0.59,0.0,0.0,-0.59,-368.741,75.86,0.0,-292.881,108.095,-959.42,0.0,-851.324
7.375126841943711,7041,1,7,6,-0.063614,-0.051789,-0.567626,-0.465415,-292.407,-414.0,-804.451,0.0,-804,-397,-0.418879,-0.567,0.0,0.0,-0.567,-367.961,75.553,0.0,-292.407,97.273,-901.725,0.0,-804.451
7.375126841943711,7046,1,7,6,-0.065459,-0.05402,-0.549089,-0.445096,-299.134,-393.0,-782.876,0.0,-782,-375,-0.418879,-0.549,0.0,0.0,-0.549,-374.376,75.241,0.0,-299.134,75.092,-857.968,0.0,-782.876
7.386909919907339,7051,1,7,6,-0.06724,-0.056082,-0.535553,-0.416877,-352.345,-393.0,-810.496,0.0,-810,-389,-0.418879,-0.535,0.0,0.0,-0.535,-427.232,74.886,0.0,-352.345,32.523,-843.019,0.0,-810.496
7.386909919907339,7056,1,7,6,-0.068954,-0.058059,-0.522924,-0.376544,-452.519,-451.0,-864.136,0.0,-864,-459,-0.314159,-0.522,0.0,0.0,-0.522,-526.967,74.447,0.0,-452.519,-1.215,-862.921,0.0,-864.136
7.386909919907339,7061,1,7,6,-0.0706,-0.059948,-0.511293,-0.382665,-388.998,-389.0,-840.496,0.0,-840,-406,-0.418879,-0.511,0.0,0.0,-0.511,-463.06,74.061,0.0,-388.998,0.001,-840.498,0.0,-840.496
7.3991539179114625,7066,1,7,6,-0.072176,-0.06187,-0.494664,-0.415037,-212.837,-277.0,-721.203,0.0,-721,-322,-0.418879,-0.494,0.0,0.0,-0.494,-286.66,73.822,0.0,-212.837,51.33,-772.533,0.0,-721.203
7.3991539179114625,7071,1,7,6,-0.073681,-0.0638,-0.47427,-0.383603,-252.848,-316.0,-688.096,0.0,-688,-303,-0.314159,-0.474,0.0,0.0,-0.474,-326.398,73.55,0.0,-252.848,50.521,-738.617,0.0,-688.096
7.4106031289556995,7076,1,7,6,-0.075113,-0.065688,-0.452406,-0.382865,-177.006,-257.0,-621.474,0.0,-621,-293,-0.418879,-0.452,0.0,0.0,-0.452,-250.348,73.342,0.0,-177.006,63.994,-685.469,0.0,-621.474
7.4106031289556995,7081,1,7,6,-0.076472,-0.067404,-0.435246,-0.342391,-261.212,-320.0,-619.136,0.0,-619,-307,-0.314159,-0.435,0.0,0.0,-0.435,-334.275,73.063,0.0,-261.212,47.03,-666.166,0.0,-619.136
7.421864405972883,7086,1,7,6,-0.077755,-0.068813,-0.429192,-0.262859,-526.232,-481.0,-774.792,0.0,-774,-451,-0.209439,-0.429,0.0,0.0,-0.429,-598.797,72.564,0.0,-526.232,-36.186,-738.605,0.0,-774.792
7.421864405972883,7091,1,7,6,-0.078961,-0.070037,-0.428334,-0.231102,-638.041,-530.0,-899.099,0.0,-899,-531,-0.314159,-0.428,0.0,0.0,-0.428,-710.036,71.995,0.0,-638.041,-86.433,-812.666,0.0,-899.099
7.421864405972883,7096,1,7,6,-0.080089,-0.071209,-0.426229,-0.236607,-611.213,-528.0,-919.381,0.0,-919,-528,-0.209439,-0.426,0.0,0.0,-0.426,-682.639,71.426,0.0,-611.213,-66.57,-852.81,0.0,-919.381
7.434248275938444,7101,1,7,6,-0.081138,-0.072352,-0.421707,-0.234056,-604.678,-546.0,-933.118,0.0,-933,-526,-0.314159,-0.421,0.0,0.0,-0.421,-675.542,70.863,0.0,-604.678,-46.943,-886.175,0.0,-933.118
7.446227798005566,7110,1,7,6,-0.082824,-0.074648,-0.392453,-0.258984,-410.49,-446.0,-809.987,0.0,-809,-446,-0.209439,-0.392,0.0,0.0,-0.392,-480.487,69.996,0.0,-410.49,28.407,-838.395,0.0,-809.987
7.446227798005566,7115,1,7,6,-0.083646,-0.075955,-0.369194,-0.221861,-460.842,-480.0,-821.965,0.0,-821,-463,-0.314159,-0.369,0.0,0.0,-0.369,-530.397,69.554,0.0,-460.842,15.325,-837.291,0.0,-821.965
7.457425365922973,7120,1,7,6,-0.084386,-0.077223,-0.343822,-0.253995,-254.091,-319.0,-709.444,0.0,-709,-350,-0.314159,-0.343,0.0,0.0,-0.343,-323.376,69.285,0.0,-254.091,51.926,-761.371,0.0,-709.444
7.457425365922973,7126,1,7,6,-0.085043,-0.078449,-0.316527,-0.261706,-128.235,-253.0,-569.419,0.0,-569,-270,-0.209439,-0.316,0.0,0.0,-0.316,-197.355,69.119,0.0,-128.235,99.811,-669.231,0.0,-569.419
7.457425365922973,7131,1,7,6,-0.08572,-0.07979,-0.284654,-0.209631,-201.188,-302.0,-545.493,0.0,-545,-286,-0.209439,-0.284,0.0,0.0,-0.284,-270.083,68.894,0.0,-201.188,80.649,-626.142,0.0,-545.493
7.470048593939282,7136,1,7,6,-0.086192,-0.080632,-0.266878,-0.1529,-341.767,-334.0,-641.292,0.0,-641,-349,-0.104719,-0.266,0.0,0.0,-0.266,-410.32,68.552,0.0,-341.767,-6.213,-635.078,0.0,-641.292
7.470048593939282,7141,1,7,6,-0.086578,-0.081325,-0.252121,-0.134223,-356.233,-366.0,-625.372,0.0,-625,-366,-0.209439,-0.252,0.0,0.0,-0.252,-424.432,68.199,0.0,-356.233,7.813,-633.185,0.0,-625.372
7.481319017941132,7146,1,7,6,-0.086879,-0.081869,-0.240463,-0.092574,-464.644,-446.0,-680.449,0.0,-680,-429,-0.104719,-0.24,0.0,0.0,-0.24,-532.399,67.755,0.0,-464.644,-14.915,-665.534,0.0,-680.449
7.481319017941132,7151,1,7,6,-0.087094,-0.082274,-0.231333,-0.080563,-475.465,-445.0,-709.328,0.0,-709,-430,0.0,-0.231,0.0,0.0,-0.231,-542.768,67.303,0.0,-475.465,-24.372,-684.955,0.0,-709.328
7.492548726964742,7156,1,7,6,-0.087223,-0.082655,-0.219238,-0.082822,-424.202,-430.0,-677.337,0.0,-677,-414,0.0,-0.219,0.0,0.0,-0.219,-491.096,66.893,0.0,-424.202,4.638,-681.975,0.0,-677.337
7.492548726964742,7161,1,7,6,-0.087266,-0.082933,-0.207959,-0.064665,-449.393,-445.0,-695.194,0.0,-695,-462,0.0,-0.207,0.0,0.0,-0.207,-515.857,66.463,0.0,-449.393,-3.514,-691.679,0.0,-695.194
7.492548726964742,7166,1,7,6,-0.087223,-0.083108,-0.197522,-0.02125,-568.645,-494.0,-792.136,0.0,-792,-510,0.0,-0.197,0.0,0.0,-0.197,-634.58,65.935,0.0,-568.645,-59.716,-732.419,0.0,-792.136
7.504377089906484,7171,1,7,6,-0.087094,-0.083235,-0.185241,-0.016035,-543.711,-477.0,-803.624,0.0,-803,-509,0.0,-0.185,0.0,0.0,-0.185,-609.139,65.427,0.0,-543.711,-53.369,-750.254,0.0,-803.624
7.504377089906484,7176,1,7,6,-0.086879,-0.083291,-0.172214,-0.013098,-507.867,-494.0,-763.895,0.0,-763,-494,0.0,-0.172,0.0,0.0,-0.172,-572.818,64.95,0.0,-507.867,-11.094,-752.801,0.0,-763.895
7.516685171984136,7181,1,7,6,-0.086578,-0.083338,-0.155507,0.001905,-502.189,-477.0,-781.25,0.0,-781,-509,0.0,-0.155,0.0,0.0,-0.155,-566.686,64.496,0.0,-502.189,-20.151,-761.098,0.0,-781.25
7.516685171984136,7186,1,7,6,-0.086192,-0.083446,-0.131782,-0.028848,-306.375,-397.0,-625.721,0.0,-625,-381,0.0,-0.131,0.0,0.0,-0.131,-370.563,64.188,0.0,-306.375,72.499,-698.221,0.0,-625.721
7.527825710945763,7191,1,7,6,-0.08572,-0.083519,-0.105666,-0.028766,-212.882,-334.0,-531.779,0.0,-531,-317,0.0,-0.105,0.0,0.0,-0.105,-276.84,63.957,0.0,-212.882,96.893,-628.673,0.0,-531.779
7.527825710945763,7200,1,7,6,-0.084659,-0.08346,-0.05753,0.00827,-173.366,-253.0,-461.177,0.0,-461,-253,0.0,-0.057,0.0,0.0,-0.057,-236.882,63.516,0.0,-173.366,63.707,-524.884,0.0,-461.177
7.539005745900795,7205,1,7,6,-0.083952,-0.083295,-0.031543,0.042226,-202.276,-270.0,-436.867,0.0,-436,-270,0.0,-0.031,0.0,0.0,-0.031,-265.57,63.294,0.0,-202.276,54.179,-491.046,0.0,-436.867
7.539005745900795,7210,1,7,6,-0.083163,-0.083124,-0.001859,0.058625,-154.634,-221.0,-394.899,0.0,-394,-221,0.0,-0.001,0.0,0.0,-0.001,-217.747,63.113,0.0,-154.634,53.092,-447.991,0.0,-394.899
7.550514703965746,7216,1,7,6,-0.082291,-0.08294,0.031136,0.03266,57.62,-93.0,-227.632,0.0,-227,-110,0.0,0.031,0.0,0.0,0.031,-5.488,63.108,0.0,57.62,120.496,-348.129,0.0,-227.632
7.550514703965746,7221,1,7,6,-0.081138,-0.082703,0.07511,0.044382,173.819,2.0,-97.197,0.0,-97,2,0.0,0.075,0.0,0.0,0.075,110.619,63.2,0.0,173.819,137.455,-234.653,0.0,-97.197
7.561925413901918,7226,1,7,6,-0.080089,-0.082355,0.108772,0.07806,173.856,17.0,-26.254,0.0,-26,18,0.0,0.108,0.0,0.0,0.108,110.564,63.292,0.0,173.856,125.485,-151.739,0.0,-26.254
7.561925413901918,7231,1,7,6,-0.078961,-0.081816,0.137081,0.117936,132.272,34.0,-20.982,0.0,-20,17,0.0,0.137,0.0,0.0,0.137,68.922,63.35,0.0,132.272,78.618,-99.6,0.0,-20.982
7.573949287994765,7236,1,7,6,-0.077754,-0.081069,0.159097,0.156795,71.644,17.0,-29.912,0.0,-29,49,0.0,0.159,0.0,0.0,0.159,8.287,63.357,0.0,71.644,43.715,-73.628,0.0,-29.912
7.573949287994765,7241,1,7,6,-0.076472,-0.080222,0.180017,0.171388,94.444,50.0,-11.047,0.0,-11,66,0.0,0.18,0.0,0.0,0.18,31.061,63.383,0.0,94.444,35.555,-46.603,0.0,-11.047
7.573949287994765,7246,1,7,6,-0.075113,-0.079423,0.206874,0.159745,233.19,113.0,119.492,0.0,119,146,0.0,0.206,0.0,0.0,0.206,169.665,63.524,0.0,233.19,96.152,23.34,0.0,119.492
7.586268184939399,7251,1,7,6,-0.073681,-0.078707,0.241236,0.129299,466.832,322.0,258.765,0.0,258,290,0.0,0.241,0.0,0.0,0.241,402.971,63.86,0.0,466.832,115.865,142.899,0.0,258.765
7.586268184939399,7256,1,7,6,-0.072176,-0.078077,0.283273,0.13973,581.043,385.0,424.177,0.0,424,402,0.0,0.283,0.0,0.0,0.283,516.752,64.29,0.0,581.043,156.834,267.342,0.0,424.177
7.597330183954909,7261,1,7,6,-0.070599,-0.077409,0.326875,0.138666,742.407,530.0,576.737,0.0,576,548,0.0,0.326,0.0,0.0,0.326,677.551,64.855,0.0,742.407,169.925,406.812,0.0,576.737
7.597330183954909,7266,1,7,6,-0.068954,-0.07664,0.36893,0.168751,786.1,578.0,685.949,0.0,685,594,0.104719,0.368,0.0,0.0,0.368,720.644,65.456,0.0,786.1,166.48,519.469,0.0,685.949
7.597330183954909,7271,1,7,6,-0.067239,-0.075691,0.405686,0.215592,750.341,596.0,716.231,0.0,716,627,0.104719,0.405,0.0,0.0,0.405,684.337,66.003,0.0,750.341,123.473,592.758,0.0,716.231
7.609683422953822,7276,1,7,6,-0.065459,-0.074641,0.440728,0.225646,840.943,693.0,800.212,0.0,800,692,0.209439,0.44,0.0,0.0,0.44,774.294,66.648,0.0,840.943,118.354,681.857,0.0,800.212
7.609683422953822,7281,1,7,6,-0.063614,-0.07346,0.4726,0.233575,927.855,740.0,924.922,0.0,924,773,0.209439,0.472,0.0,0.0,0.472,860.489,67.365,0.0,927.855,150.284,774.638,0.0,924.922
7.621122327982448,7290,1,7,6,-0.060136,-0.071028,0.522806,0.296499,883.479,758.0,1005.23,0.0,1005,790,0.314159,0.522,0.0,0.0,0.522,814.704,68.774,0.0,883.479,100.383,904.846,0.0,1005.23
7.632351008011028,7295,1,7,6,-0.05812,-0.069349,0.539008,0.323093,846.713,772.0,995.493,0.0,995,794,0.314159,0.539,0.0,0.0,0.539,777.29,69.422,0.0,846.713,59.77,935.722,0.0,995.493
7.632351008011028,7300,1,7,6,-0.056046,-0.067345,0.542345,0.398324,588.333,651.0,837.92,0.0,837,651,0.314159,0.542,0.0,0.0,0.542,518.478,69.854,0.0,588.333,-50.133,888.054,0.0,837.92
7.632351008011028,7306,1,7,6,-0.053918,-0.065014,0.532607,0.494624,206.708,407.0,585.187,0.0,585,407,0.418879,0.532,0.0,0.0,0.532,136.739,69.968,0.0,206.708,-160.233,745.42,0.0,585.187
7.645073082996532,7311,1,7,6,-0.051293,-0.06195,0.511536,0.527824,11.283,281.0,371.786,0.0,371,263,0.418879,0.511,0.0,0.0,0.511,-58.636,69.919,0.0,11.283,-215.773,587.559,0.0,371.786
7.645073082996532,7316,1,7,6,-0.04905,-0.059415,0.497519,0.503523,48.289,228.0,341.096,0.0,341,210,0.418879,0.497,0.0,0.0,0.497,-21.612,69.901,0.0,48.289,-143.768,484.864,0.0,341.096
7.656425495981239,7321,1,7,6,-0.046759,-0.05701,0.49203,0.468826,153.504,268.0,345.347,0.0,345,263,0.314159,0.492,0.0,0.0,0.492,83.532,69.971,0.0,153.504,-91.596,436.944,0.0,345.347
7.656425495981239,7326,1,7,6,-0.044422,-0.054816,0.498919,0.428858,322.401,366.0,407.205,0.0,407,316,0.314159,0.498,0.0,0.0,0.498,252.22,70.181,0.0,322.401,-34.878,442.084,0.0,407.205
7.66748582792934,7331,1,7,6,-0.04204,-0.052733,0.513253,0.399657,479.467,436.0,531.275,0.0,531,436,0.314159,0.513,0.0,0.0,0.513,408.944,70.522,0.0,479.467,34.773,496.501,0.0,531.275
7.66748582792934,7336,1,7,6,-0.039618,-0.050733,0.53355,0.419264,482.294,419.0,572.674,0.0,572,424,0.314159,0.533,0.0,0.0,0.533,411.429,70.864,0.0,482.294,50.635,522.039,0.0,572.674
7.66748582792934,7341,1,7,6,-0.037156,-0.048569,0.547839,0.447102,433.82,418.0,539.068,0.0,539,431,0.209439,0.547,0.0,0.0,0.547,362.653,71.167,0.0,433.82,12.656,526.412,0.0,539.068
7.679532465990633,7346,1,7,6,-0.034657,-0.046335,0.560544,0.465917,412.108,412.0,521.918,0.0,521,406,0.314159,0.56,0.0,0.0,0.56,340.657,71.451,0.0,412.108,0.087,521.831,0.0,521.918
7.679532465990633,7351,1,7,6,-0.032124,-0.044009,0.57048,0.475561,413.443,424.0,516.089,0.0,516,425,0.314159,0.57,0.0,0.0,0.57,341.708,71.735,0.0,413.443,-8.444,524.534,0.0,516.089
7.690567297977395,7356,1,7,6,-0.02956,-0.041833,0.589104,0.411105,713.067,613.0,712.772,0.0,712,599,0.314159,0.589,0.0,0.0,0.589,640.798,72.269,0.0,713.067,80.054,632.718,0.0,712.772
7.690567297977395,7361,1,7,6,-0.026966,-0.039702,0.611296,0.424975,743.564,607.0,808.192,0.0,808,625,0.209439,0.611,0.0,0.0,0.611,670.757,72.807,0.0,743.564,109.251,698.94,0.0,808.192
7.702282442944124,7366,1,7,6,-0.024346,-0.03763,0.637639,0.425658,836.572,716.0,882.738,0.0,882,704,0.314159,0.637,0.0,0.0,0.637,763.129,73.443,0.0,836.572,96.458,786.279,0.0,882.738
7.702282442944124,7371,1,7,6,-0.021702,-0.035457,0.660265,0.449419,833.121,695.0,960.756,0.0,960,705,0.314159,0.66,0.0,0.0,0.66,759.045,74.076,0.0,833.121,110.496,850.26,0.0,960.756
7.713628515950404,7380,1,7,6,-0.01689,-0.031146,0.68429,0.515138,684.143,648.0,917.374,0.0,917,648,0.314159,0.684,0.0,0.0,0.684,608.949,75.193,0.0,684.143,28.914,888.459,0.0,917.374
7.713628515950404,7385,1,7,6,-0.014192,-0.02842,0.682927,0.559962,518.237,573.0,795.616,0.0,795,572,0.523598,0.682,0.0,0.0,0.682,442.674,75.562,0.0,518.237,-43.809,839.426,0.0,795.616
7.725682375952601,7390,1,7,6,-0.011481,-0.025459,0.670948,0.597735,339.348,444.0,670.117,0.0,670,454,0.418879,0.67,0.0,0.0,0.67,263.566,75.782,0.0,339.348,-83.72,753.838,0.0,670.117
7.725682375952601,7396,1,7,6,-0.008758,-0.022356,0.652704,0.605086,247.348,381.0,559.43,0.0,559,399,0.418879,0.652,0.0,0.0,0.652,171.422,75.926,0.0,247.348,-106.921,666.351,0.0,559.43
7.736907701008022,7401,1,7,6,-0.005479,-0.018626,0.631061,0.606414,164.727,307.0,459.178,0.0,459,298,0.418879,0.631,0.0,0.0,0.631,88.727,76.0,0.0,164.727,-113.817,572.996,0.0,459.178
7.736907701008022,7406,1,7,6,-0.00274,-0.015646,0.619487,0.584479,202.132,306.0,435.29,0.0,435,306,0.418879,0.619,0.0,0.0,0.619,126.027,76.105,0.0,202.132,-83.093,518.384,0.0,435.29
7.748277688981034,7411,1,7,6,0.0,-0.012909,0.619676,0.508145,477.949,445.0,579.788,0.0,579,426,0.314159,0.619,0.0,0.0,0.619,401.509,76.439,0.0,477.949,26.359,553.429,0.0,579.788
7.748277688981034,7416,1,7,6,0.002741,-0.010532,0.637128,0.428275,828.936,709.0,785.719,0.0,785,661,0.314159,0.637,0.0,0.0,0.637,751.87,77.066,0.0,828.936,95.949,689.77,0.0,785.719
7.748277688981034,7421,1,7,6,0.005479,-0.008455,0.668892,0.395012,1063.855,840.0,1030.003,0.0,1030,818,0.209439,0.668,0.0,0.0,0.668,985.967,77.887,0.0,1063.855,179.084,850.918,0.0,1030.003
7.760150971938856,7426,1,7,6,0.008212,-0.006388,0.700864,0.406098,1139.928,895.0,1185.507,0.0,1185,936,0.209439,0.7,0.0,0.0,0.7,1061.156,78.772,0.0,1139.928,195.942,989.564,0.0,1185.507
7.760150971938856,7431,1,7,6,0.010937,-0.004237,0.728397,0.445543,1097.896,918.0,1217.964,0.0,1217,919,0.314159,0.728,0.0,0.0,0.728,1018.275,79.62,0.0,1097.896,143.917,1074.047,0.0,1217.964
7.770684501971118,7436,1,7,6,0.013651,-0.001891,0.746076,0.49538,982.876,901.0,1176.739,0.0,1176,912,0.418879,0.746,0.0,0.0,0.746,902.503,80.372,0.0,982.876,65.5,1111.238,0.0,1176.739
7.770684501971118,7441,1,7,6,0.016352,0.000632,0.754549,0.513902,947.424,906.0,1163.121,0.0,1163,887,0.418879,0.754,0.0,0.0,0.754,866.329,81.094,0.0,947.424,33.139,1129.981,0.0,1163.121
7.782789388904348,7446,1,7,6,0.019036,0.0032,0.760145,0.530072,910.047,914.0,1141.265,0.0,1141,870,0.418879,0.76,0.0,0.0,0.76,828.262,81.785,0.0,910.047,-3.162,1144.427,0.0,1141.265
7.782789388904348,7451,1,7,6,0.021702,0.005864,0.760214,0.535784,890.378,878.0,1163.352,0.0,1163,891,0.418879,0.76,0.0,0.0,0.76,807.947,82.431,0.0,890.378,9.903,1153.449,0.0,1163.352
7.782789388904348,7456,1,7,6,0.024346,0.008619,0.754911,0.558773,789.116,807.0,1111.671,0.0,1111,821,0.523598,0.754,0.0,0.0,0.754,706.097,83.019,0.0,789.116,-14.306,1125.977,0.0,1111.671
7.7950976269785315,7461,1,7,6,0.026966,0.011479,0.743409,0.565186,725.157,754.0,1072.258,0.0,1072,785,0.523598,0.743,0.0,0.0,0.743,641.603,83.554,0.0,725.157,-23.073,1095.332,0.0,1072.258
7.8061961099738255,7470,1,7,6,0.031614,0.016804,0.710883,0.588902,523.504,618.0,889.522,0.0,889,633,0.523598,0.71,0.0,0.0,0.71,439.133,84.371,0.0,523.504,-75.596,965.118,0.0,889.522
7.8061961099738255,7475,1,7,6,0.034153,0.019877,0.685274,0.610936,352.211,485.0,743.611,0.0,743,480,0.418879,0.685,0.0,0.0,0.685,267.617,84.594,0.0,352.211,-106.23,849.842,0.0,743.611
7.817509774933569,7480,1,7,6,0.036659,0.023018,0.654771,0.617541,218.733,403.0,586.211,0.0,586,435,0.523598,0.654,0.0,0.0,0.654,134.027,84.706,0.0,218.733,-147.413,733.624,0.0,586.211
7.817509774933569,7486,1,7,6,0.039128,0.026078,0.626404,0.594141,200.949,402.0,471.945,0.0,471,353,0.314159,0.626,0.0,0.0,0.626,116.146,84.803,0.0,200.949,-160.84,632.785,0.0,471.945
7.817509774933569,7491,1,7,6,0.042041,0.029429,0.605379,0.54143,315.208,433.0,504.613,0.0,504,386,0.314159,0.605,0.0,0.0,0.605,230.213,84.995,0.0,315.208,-94.232,598.846,0.0,504.613
7.829716056934558,7496,1,7,6,0.044422,0.031928,0.599721,0.469421,554.464,560.0,644.596,0.0,644,528,0.314159,0.599,0.0,0.0,0.599,469.078,85.385,0.0,554.464,-4.428,649.025,0.0,644.596
7.829716056934558,7501,1,7,6,0.046759,0.034129,0.606256,0.433423,708.101,608.0,802.445,0.0,802,641,0.209439,0.606,0.0,0.0,0.606,622.196,85.904,0.0,708.101,80.081,722.364,0.0,802.445
7.841070955968462,7506,1,7,6,0.049051,0.036168,0.618385,0.414235,821.457,720.0,878.904,0.0,878,720,0.314159,0.618,0.0,0.0,0.618,734.94,86.516,0.0,821.457,81.166,797.738,0.0,878.904
7.841070955968462,7511,1,7,6,0.051294,0.038055,0.635457,0.365754,1058.257,879.0,1080.524,0.0,1080,864,0.209439,0.635,0.0,0.0,0.635,970.931,87.326,0.0,1058.257,143.405,937.118,0.0,1080.524
7.852203827002086,7516,1,7,6,0.053486,0.039936,0.650384,0.37081,1094.63,894.0,1205.391,0.0,1205,927,0.209439,0.65,0.0,0.0,0.65,1006.466,88.164,0.0,1094.63,160.504,1044.887,0.0,1205.391
7.852203827002086,7521,1,7,6,0.055625,0.041885,0.659529,0.409125,990.369,894.0,1161.149,0.0,1161,880,0.314159,0.659,0.0,0.0,0.659,901.453,88.915,0.0,990.369,77.095,1084.053,0.0,1161.149
7.863680992973968,7526,1,7,6,0.05771,0.043942,0.660853,0.415785,971.896,911.0,1172.25,0.0,1172,898,0.209439,0.66,0.0,0.0,0.66,882.243,89.652,0.0,971.896,48.717,1123.533,0.0,1172.25
7.863680992973968,7531,1,7,6,0.059738,0.046048,0.657113,0.418416,949.676,914.0,1171.841,0.0,1171,898,0.314159,0.657,0.0,0.0,0.657,859.307,90.368,0.0,949.676,28.541,1143.299,0.0,1171.841
7.863680992973968,7536,1,7,6,0.061706,0.048257,0.645578,0.446391,808.037,816.0,1105.418,0.0,1105,849,0.314159,0.645,0.0,0.0,0.645,717.071,90.966,0.0,808.037,-6.37,1111.788,0.0,1105.418
7.875388921936974,7541,1,7,6,0.063614,0.05044,0.632353,0.428246,826.339,852.0,1073.318,0.0,1073,834,0.314159,0.632,0.0,0.0,0.632,734.785,91.554,0.0,826.339,-20.528,1093.847,0.0,1073.318
7.875388921936974,7546,1,7,6,0.065459,0.052653,0.614704,0.421276,788.475,819.0,1047.201,0.0,1047,803,0.314159,0.614,0.0,0.0,0.614,696.341,92.134,0.0,788.475,-24.419,1071.62,0.0,1047.201
7.886571267968975,7551,1,7,6,0.067239,0.054823,0.595988,0.427527,699.097,789.0,951.569,0.0,951,741,0.314159,0.595,0.0,0.0,0.595,606.457,92.639,0.0,699.097,-71.921,1023.491,0.0,951.569
7.886571267968975,7556,1,7,6,0.068954,0.056973,0.575057,0.418156,657.956,741.0,918.018,0.0,918,744,0.314159,0.575,0.0,0.0,0.575,564.845,93.11,0.0,657.956,-66.434,984.453,0.0,918.018
7.897753658005968,7565,1,7,6,0.071866,0.060744,0.533855,0.380004,647.826,684.0,873.217,0.0,873,698,0.209439,0.533,0.0,0.0,0.533,553.864,93.962,0.0,647.826,-28.938,902.156,0.0,873.217
7.897753658005968,7570,1,7,6,0.073386,0.062695,0.513144,0.369717,610.731,657.0,836.669,0.0,836,657,0.209439,0.513,0.0,0.0,0.513,516.338,94.392,0.0,610.731,-37.014,873.684,0.0,836.669
7.909007298992947,7576,1,7,6,0.074833,0.064509,0.495523,0.353752,605.196,636.0,827.701,0.0,827,640,0.209439,0.495,0.0,0.0,0.495,510.377,94.819,0.0,605.196,-24.642,852.344,0.0,827.701
7.909007298992947,7581,1,7,6,0.076472,0.066603,0.473689,0.324654,631.795,640.0,836.45,0.0,836,640,0.209439,0.473,0.0,0.0,0.473,536.528,95.266,0.0,631.795,-6.563,843.013,0.0,836.45
7.920362436911091,7586,1,7,6,0.077755,0.06811,0.462946,0.27492,772.723,754.0,894.941,0.0,894,728,0.0,0.462,0.0,0.0,0.462,676.892,95.83,0.0,772.723,14.979,879.962,0.0,894.941
7.920362436911091,7591,1,7,6,0.078961,0.069542,0.452092,0.23167,890.01,801.0,1006.8,0.0,1006,807,0.104719,0.452,0.0,0.0,0.452,793.518,96.492,0.0,890.01,71.208,935.591,0.0,1006.8
7.931488030939363,7596,1,7,6,0.080089,0.070831,0.444368,0.240185,832.162,776.0,1001.43,0.0,1001,776,0.0,0.444,0.0,0.0,0.444,735.057,97.104,0.0,832.162,44.929,956.5,0.0,1001.43
7.931488030939363,7601,1,7,6,0.081138,0.072036,0.436883,0.2393,808.996,776.0,993.209,0.0,993,795,0.0,0.436,0.0,0.0,0.436,711.299,97.697,0.0,808.996,26.397,966.812,0.0,993.209
7.942674655932933,7606,1,7,6,0.082107,0.073133,0.430764,0.207151,903.373,847.0,1052.243,0.0,1052,842,0.104719,0.43,0.0,0.0,0.43,805.005,98.368,0.0,903.373,45.098,1007.144,0.0,1052.243
7.942674655932933,7611,1,7,6,0.082995,0.07416,0.424051,0.19061,939.454,897.0,1076.876,0.0,1076,871,0.0,0.424,0.0,0.0,0.424,840.385,99.068,0.0,939.454,33.963,1042.912,0.0,1076.876
7.953787982929498,7616,1,7,6,0.083801,0.075093,0.417991,0.186687,932.458,897.0,1096.396,0.0,1096,884,0.0,0.417,0.0,0.0,0.417,832.695,99.762,0.0,932.458,28.366,1068.03,0.0,1096.396
7.953787982929498,7621,1,7,6,0.084524,0.076003,0.409015,0.16728,970.73,931.0,1130.947,0.0,1130,938,0.0,0.409,0.0,0.0,0.409,870.242,100.487,0.0,970.73,31.784,1099.162,0.0,1130.947
7.953787982929498,7626,1,7,6,0.085164,0.076803,0.401357,0.169773,934.881,901.0,1132.83,0.0,1132,919,0.104719,0.401,0.0,0.0,0.401,833.7,101.18,0.0,934.881,27.105,1105.725,0.0,1132.83
7.965681522968225,7631,1,7,6,0.08572,0.077598,0.389884,0.139197,1004.378,985.0,1150.681,0.0,1150,956,0.0,0.389,0.0,0.0,0.389,902.473,101.904,0.0,1004.378,15.502,1135.178,0.0,1150.681
7.965681522968225,7636,1,7,6,0.086192,0.078293,0.379122,0.124517,1019.242,986.0,1181.443,0.0,1181,957,0.0,0.379,0.0,0.0,0.379,916.574,102.668,0.0,1019.242,26.594,1154.849,0.0,1181.443
7.976819078903645,7641,1,7,6,0.086578,0.078986,0.364421,0.138827,915.482,939.0,1120.181,0.0,1120,944,0.0,0.364,0.0,0.0,0.364,812.136,103.345,0.0,915.482,-18.814,1138.995,0.0,1120.181
7.976819078903645,7646,1,7,6,0.086879,0.079615,0.348678,0.119277,929.878,944.0,1120.5,0.0,1120,944,0.0,0.348,0.0,0.0,0.348,825.845,104.033,0.0,929.878,-11.297,1131.797,0.0,1120.5
7.987906034919433,7655,1,7,6,0.087204,0.080427,0.325297,0.079056,991.994,962.0,1177.38,0.0,1177,962,0.0,0.325,0.0,0.0,0.325,886.468,105.525,0.0,991.994,23.995,1153.384,0.0,1177.38
7.987906034919433,7660,1,7,6,0.087264,0.080789,0.310821,0.078031,944.268,962.0,1131.435,0.0,1131,962,0.0,0.31,0.0,0.0,0.31,838.044,106.224,0.0,944.268,-14.185,1145.62,0.0,1131.435
7.999444801942445,7666,1,7,6,0.087238,0.081036,0.297718,0.048005,1005.941,1009.0,1157.781,0.0,1157,980,0.0,0.297,0.0,0.0,0.297,898.965,106.975,0.0,1005.941,-2.447,1160.228,0.0,1157.781
7.999444801942445,7671,1,7,6,0.087094,0.081189,0.283444,0.010518,1090.33,1034.0,1241.691,0.0,1241,1052,0.0,0.283,0.0,0.0,0.283,982.535,107.794,0.0,1090.33,45.064,1196.627,0.0,1241.691
8.010968778980896,7676,1,7,6,0.086879,0.081256,0.269879,0.008338,1050.127,1040.0,1211.337,0.0,1211,1040,0.0,0.269,0.0,0.0,0.269,941.548,108.579,0.0,1050.127,8.101,1203.235,0.0,1211.337
8.010968778980896,7681,1,7,6,0.086578,0.081341,0.251383,0.014143,963.354,997.0,1155.817,0.0,1155,991,0.0,0.251,0.0,0.0,0.251,854.063,109.291,0.0,963.354,-26.916,1182.733,0.0,1155.817
8.021970564965159,7686,1,7,6,0.086192,0.081364,0.231738,0.00709,918.696,948.0,1137.334,0.0,1137,944,0.0,0.231,0.0,0.0,0.231,808.731,109.964,0.0,918.696,-23.442,1160.776,0.0,1137.334
8.021970564965159,7691,1,7,6,0.08572,0.081324,0.211035,-0.004382,886.118,931.0,1093.469,0.0,1093,927,0.0,0.211,0.0,0.0,0.211,775.507,110.611,0.0,886.118,-35.905,1129.374,0.0,1093.469
8.033824104932137,7696,1,7,6,0.085164,0.081348,0.183178,0.022137,690.843,768.0,986.998,0.0,986,821,0.0,0.183,0.0,0.0,0.183,579.749,111.094,0.0,690.843,-61.725,1048.723,0.0,986.998
8.033824104932137,7701,1,7,6,0.084524,0.081273,0.15606,0.011008,633.716,774.0,859.597,0.0,859,745,0.0,0.156,0.0,0.0,0.156,522.187,111.529,0.0,633.716,-112.226,971.823,0.0,859.597
8.033824104932137,7706,1,7,6,0.083801,0.081165,0.126518,-0.01687,628.159,756.0,813.324,0.0,813,725,0.0,0.126,0.0,0.0,0.126,516.199,111.959,0.0,628.159,-102.272,915.596,0.0,813.324
8.045854297932237,7711,1,7,6,0.082995,0.081026,0.094482,-0.028844,556.305,660.0,766.998,0.0,766,690,0.0,0.094,0.0,0.0,0.094,443.975,112.329,0.0,556.305,-82.955,849.953,0.0,766.998
8.045854297932237,7716,1,7,6,0.082107,0.080914,0.057231,-0.025476,410.325,557.0,630.421,0.0,630,574,0.0,0.057,0.0,0.0,0.057,297.748,112.577,0.0,410.325,-117.339,747.761,0.0,630.421
8.057071313960478,7721,1,7,6,0.081138,0.080751,0.018566,-0.04468,340.45,525.0,508.809,0.0,508,473,0.0,0.018,0.0,0.0,0.018,227.69,112.759,0.0,340.45,-147.639,656.448,0.0,508.809
8.057071313960478,7726,1,7,6,0.080089,0.080537,-0.021535,-0.050837,218.334,405.0,400.56,0.0,400,388,-0.104719,-0.021,0.0,0.0,-0.021,105.486,112.847,0.0,218.334,-149.332,549.893,0.0,400.56
8.068900853977539,7731,1,7,6,0.078961,0.080286,-0.063644,-0.051503,69.103,291.0,241.847,0.0,241,271,0.0,-0.063,0.0,0.0,-0.063,-43.707,112.811,0.0,69.103,-177.517,419.365,0.0,241.847
8.068900853977539,7736,1,7,6,0.077754,0.079945,-0.105153,-0.069203,-16.714,199.0,124.292,0.0,124,187,-0.209439,-0.105,0.0,0.0,-0.105,-129.418,112.703,0.0,-16.714,-172.571,296.864,0.0,124.292
8.080762409954332,7745,1,7,6,0.075391,0.079051,-0.175658,-0.15322,31.669,134.0,39.212,0.0,39,134,-0.209439,-0.175,0.0,0.0,-0.175,-80.774,112.443,0.0,31.669,-81.864,121.076,0.0,39.212
8.080762409954332,7750,1,7,6,0.073973,0.078311,-0.208202,-0.138767,-137.729,13.0,-96.212,0.0,-96,24,-0.104719,-0.208,0.0,0.0,-0.208,-249.965,112.236,0.0,-137.729,-120.583,24.37,0.0,-96.212
8.092095183907077,7755,1,7,6,0.072483,0.077472,-0.239502,-0.144114,-231.435,-66.0,-216.437,0.0,-216,-115,-0.209439,-0.239,0.0,0.0,-0.239,-343.397,111.961,0.0,-231.435,-132.348,-84.089,0.0,-216.437
8.092095183907077,7761,1,7,6,0.07092,0.076814,-0.282884,-0.170244,-293.895,-132.0,-313.633,0.0,-313,-150,-0.209439,-0.282,0.0,0.0,-0.282,-405.504,111.608,0.0,-293.895,-129.516,-184.116,0.0,-313.633
8.104178751003928,7766,1,7,6,0.068953,0.075586,-0.318361,-0.185786,-366.056,-212.0,-401.949,0.0,-401,-199,-0.104719,-0.318,0.0,0.0,-0.318,-477.267,111.21,0.0,-366.056,-123.244,-278.704,0.0,-401.949
8.104178751003928,7771,1,7,6,0.067239,0.074778,-0.361844,-0.156631,-628.171,-446.0,-586.721,0.0,-586,-429,-0.104719,-0.361,0.0,0.0,-0.361,-738.766,110.595,0.0,-628.171,-145.737,-440.984,0.0,-586.721
8.104178751003928,7776,1,7,6,0.065459,0.074054,-0.412575,-0.147362,-844.965,-543.0,-866.185,0.0,-866,-580,-0.104719,-0.412,0.0,0.0,-0.412,-954.765,109.799,0.0,-844.965,-241.572,-624.612,0.0,-866.185
8.115721390000544,7781,1,7,6,0.063614,0.07326,-0.463011,-0.167121,-956.293,-708.0,-986.368,0.0,-986,-708,-0.209439,-0.463,0.0,0.0,-0.463,-1065.205,108.911,0.0,-956.293,-198.634,-787.733,0.0,-986.368
8.115721390000544,7786,1,7,6,0.061706,0.072385,-0.512586,-0.188131,-1060.099,-806.0,-1144.871,0.0,-1144,-792,-0.209439,-0.512,0.0,0.0,-0.512,-1168.037,107.938,0.0,-1060.099,-203.279,-941.592,0.0,-1144.871
8.126997309969738,7791,1,7,6,0.059737,0.071361,-0.557952,-0.206303,-1159.052,-903.0,-1303.076,0.0,-1303,-933,-0.209439,-0.557,0.0,0.0,-0.557,-1265.934,106.881,0.0,-1159.052,-204.842,-1098.234,0.0,-1303.076
8.126997309969738,7796,1,7,6,0.05771,0.070148,-0.597035,-0.255413,-1123.982,-931.0,-1353.547,0.0,-1353,-948,-0.314159,-0.597,0.0,0.0,-0.597,-1229.838,105.856,0.0,-1123.982,-154.385,-1199.161,0.0,-1353.547
8.139535054913722,7801,1,7,6,0.055625,0.068714,-0.62827,-0.31323,-1029.233,-913.0,-1346.482,0.0,-1346,-930,-0.314159,-0.628,0.0,0.0,-0.628,-1134.144,104.911,0.0,-1029.233,-92.986,-1253.496,0.0,-1346.482
8.139535054913722,7806,1,7,6,0.053486,0.066978,-0.647628,-0.370946,-891.975,-843.0,-1292.722,0.0,-1292,-829,-0.314159,-0.647,0.0,0.0,-0.647,-996.057,104.081,0.0,-891.975,-39.18,-1253.541,0.0,-1292.722
8.139535054913722,7811,1,7,6,0.051293,0.064969,-0.656449,-0.421121,-743.776,-792.0,-1185.453,0.0,-1185,-779,-0.523598,-0.656,0.0,0.0,-0.656,-847.18,103.403,0.0,-743.776,38.578,-1224.032,0.0,-1185.453
8.150923816952854,7816,1,7,6,0.04905,0.062648,-0.652666,-0.487636,-491.198,-648.0,-994.821,0.0,-994,-610,-0.523598,-0.652,0.0,0.0,-0.652,-594.107,102.908,0.0,-491.198,125.441,-1120.262,0.0,-994.821
8.150923816952854,7821,1,7,6,0.046759,0.060078,-0.639289,-0.537749,-262.94,-466.0,-823.334,0.0,-823,-452,-0.523598,-0.639,0.0,0.0,-0.639,-365.544,102.604,0.0,-262.94,162.447,-985.782,0.0,-823.334
8.162151166936383,7826,1,7,6,0.044422,0.057333,-0.61975,-0.55588,-127.518,-351.0,-668.1,0.0,-668,-321,-0.523598,-0.619,0.0,0.0,-0.619,-229.93,102.412,0.0,-127.518,178.785,-846.885,0.0,-668.1
8.173790637985803,7835,1,7,6,0.040105,0.05206,-0.573847,-0.594789,177.853,-94.0,-319.177,0.0,-319,-48,-0.523598,-0.573,0.0,0.0,-0.573,75.392,102.461,0.0,177.853,217.482,-536.66,0.0,-319.177
8.173790637985803,7840,1,7,6,0.037651,0.049243,-0.556424,-0.552266,87.479,-62.0,-338.862,0.0,-338,-62,-0.523598,-0.556,0.0,0.0,-0.556,-14.969,102.449,0.0,87.479,119.583,-458.446,0.0,-338.862
8.173790637985803,7846,1,7,6,0.03516,0.046539,-0.546203,-0.516826,-3.395,-96.0,-346.595,0.0,-346,-47,-0.418879,-0.546,0.0,0.0,-0.546,-105.756,102.36,0.0,-3.395,74.083,-420.679,0.0,-346.595
8.185917538939975,7851,1,7,6,0.032124,0.043451,-0.543681,-0.508068,-25.952,-93.0,-339.198,0.0,-339,-78,-0.418879,-0.543,0.0,0.0,-0.543,-128.206,102.253,0.0,-25.952,53.637,-392.836,0.0,-339.198
8.185917538939975,7856,1,7,6,0.02956,0.041103,-0.554058,-0.460713,-234.068,-190.0,-470.85,0.0,-470,-190,-0.314159,-0.554,0.0,0.0,-0.554,-336.041,101.973,0.0,-234.068,-35.254,-435.595,0.0,-470.85
8.197616179008037,7861,1,7,6,0.026966,0.03897,-0.576186,-0.401348,-527.97,-365.0,-682.568,0.0,-682,-382,-0.314159,-0.576,0.0,0.0,-0.576,-629.419,101.449,0.0,-527.97,-130.376,-552.192,0.0,-682.568
8.197616179008037,7866,1,7,6,0.024346,0.037023,-0.608492,-0.375905,-736.559,-509.0,-874.886,0.0,-874,-524,-0.314159,-0.608,0.0,0.0,-0.608,-837.311,100.751,0.0,-736.559,-182.047,-692.839,0.0,-874.886
8.197616179008037,7871,1,7,6,0.021702,0.035223,-0.649044,-0.357302,-950.394,-685.0,-1077.107,0.0,-1077,-701,-0.314159,-0.649,0.0,0.0,-0.649,-1050.27,99.876,0.0,-950.394,-212.315,-864.792,0.0,-1077.107
8.210047314991243,7876,1,7,6,0.019036,0.033488,-0.693692,-0.358396,-1108.196,-846.0,-1249.078,0.0,-1249,-814,-0.314159,-0.693,0.0,0.0,-0.693,-1207.067,98.87,0.0,-1108.196,-209.757,-1039.32,0.0,-1249.078
8.210047314991243,7881,1,7,6,0.016351,0.03166,-0.734806,-0.37282,-1205.367,-928.0,-1428.287,0.0,-1428,-928,-0.418879,-0.734,0.0,0.0,-0.734,-1303.151,97.784,0.0,-1205.367,-221.893,-1206.393,0.0,-1428.287
8.221622335957363,7886,1,7,6,0.013651,0.02964,-0.767465,-0.405341,-1206.946,-978.0,-1516.959,0.0,-1516,-948,-0.418879,-0.767,0.0,0.0,-0.767,-1303.644,96.697,0.0,-1206.946,-183.157,-1333.802,0.0,-1516.959
8.221622335957363,7891,1,7,6,0.010937,0.02728,-0.784492,-0.49658,-940.649,-867.0,-1410.839,0.0,-1410,-835,-0.523598,-0.784,0.0,0.0,-0.784,-1036.485,95.836,0.0,-940.649,-58.919,-1351.919,0.0,-1410.839
8.234131634002551,7896,1,7,6,0.008212,0.024493,-0.781488,-0.59058,-592.003,-691.0,-1194.311,0.0,-1194,-680,-0.523598,-0.781,0.0,0.0,-0.781,-687.266,95.263,0.0,-592.003,79.197,-1273.509,0.0,-1194.311
8.234131634002551,7901,1,7,6,0.005479,0.021348,-0.761699,-0.660919,-267.846,-469.0,-953.225,0.0,-953,-455,-0.628318,-0.761,0.0,0.0,-0.761,-362.807,94.961,0.0,-267.846,160.922,-1114.148,0.0,-953.225
8.234131634002551,7906,1,7,6,0.00274,0.018069,-0.735784,-0.658751,-182.579,-374.0,-843.139,0.0,-843,-374,-0.628318,-0.735,0.0,0.0,-0.735,-277.318,94.738,0.0,-182.579,153.136,-996.275,0.0,-843.139
8.246026935987175,7911,1,7,6,0.0,0.014767,-0.708844,-0.646474,-129.98,-295.0,-754.842,0.0,-754,-294,-0.628318,-0.708,0.0,0.0,-0.708,-224.532,94.551,0.0,-129.98,132.015,-886.857,0.0,-754.842
8.246026935987175,7916,1,7,6,-0.002741,0.011577,-0.68732,-0.629174,-114.948,-265.0,-682.604,0.0,-682,-264,-0.523598,-0.687,0.0,0.0,-0.687,-209.325,94.377,0.0,-114.948,120.041,-802.645,0.0,-682.604
8.257723498973064,7925,1,7,6,-0.007666,0.006089,-0.660281,-0.570808,-228.189,-282.0,-680.149,0.0,-680,-282,-0.523598,-0.66,0.0,0.0,-0.66,-322.102,93.912,0.0,-228.189,43.048,-723.197,0.0,-680.149
8.269147495971993,7930,1,7,6,-0.010393,0.003122,-0.64876,-0.552189,-254.033,-288.0,-687.827,0.0,-687,-281,-0.523598,-0.648,0.0,0.0,-0.648,-347.655,93.622,0.0,-254.033,27.173,-715.001,0.0,-687.827
8.269147495971993,7936,1,7,6,-0.013109,0.000244,-0.640993,-0.565795,-177.314,-233.0,-629.207,0.0,-629,-233,-0.523598,-0.64,0.0,0.0,-0.64,-270.71,93.395,0.0,-177.314,44.548,-673.756,0.0,-629.207
8.269147495971993,7941,1,7,6,-0.016352,-0.00306,-0.63798,-0.547355,-233.125,-258.0,-646.786,0.0,-646,-247,-0.418879,-0.637,0.0,0.0,-0.637,-326.249,93.123,0.0,-233.125,19.899,-666.686,0.0,-646.786
8.281719322898425,7946,1,7,6,-0.019036,-0.005649,-0.642581,-0.500147,-420.064,-368.0,-760.251,0.0,-760,-357,-0.418879,-0.642,0.0,0.0,-0.642,-512.761,92.696,0.0,-420.064,-41.651,-718.599,0.0,-760.251
8.281719322898425,7951,1,7,6,-0.021702,-0.008055,-0.655033,-0.476688,-549.878,-459.0,-860.75,0.0,-860,-451,-0.418879,-0.655,0.0,0.0,-0.655,-642.04,92.161,0.0,-549.878,-72.703,-788.047,0.0,-860.75
8.293542615952902,7956,1,7,6,-0.024346,-0.010387,-0.670051,-0.459591,-666.124,-515.0,-990.486,0.0,-990,-497,-0.418879,-0.67,0.0,0.0,-0.67,-757.654,91.53,0.0,-666.124,-120.899,-869.586,0.0,-990.486
8.293542615952902,7961,1,7,6,-0.026966,-0.012664,-0.68652,-0.431123,-828.667,-672.0,-1116.869,0.0,-1116,-625,-0.418879,-0.686,0.0,0.0,-0.686,-919.431,90.763,0.0,-828.667,-125.333,-991.535,0.0,-1116.869
8.305102602927946,7966,1,7,6,-0.02956,-0.014898,-0.70377,-0.437405,-868.95,-717.0,-1210.573,0.0,-1210,-707,-0.418879,-0.703,0.0,0.0,-0.703,-958.915,89.964,0.0,-868.95,-121.56,-1089.012,0.0,-1210.573
8.305102602927946,7971,1,7,6,-0.032125,-0.017253,-0.713829,-0.484038,-737.969,-662.0,-1177.291,0.0,-1177,-643,-0.418879,-0.713,0.0,0.0,-0.713,-827.244,89.275,0.0,-737.969,-60.775,-1116.515,0.0,-1177.291
8.305102602927946,7976,1,7,6,-0.034657,-0.019737,-0.716161,-0.512568,-644.269,-625.0,-1137.897,0.0,-1137,-624,-0.523598,-0.716,0.0,0.0,-0.716,-732.934,88.664,0.0,-644.269,-15.415,-1122.481,0.0,-1137.897
8.316697929985821,7981,1,7,6,-0.037156,-0.022327,-0.711776,-0.519244,-605.024,-606.0,-1120.866,0.0,-1120,-597,-0.418879,-0.711,0.0,0.0,-0.711,-693.111,88.087,0.0,-605.024,0.78,-1121.647,0.0,-1120.866
8.316697929985821,7986,1,7,6,-0.039618,-0.02496,-0.703572,-0.548356,-471.155,-541.0,-1024.954,0.0,-1024,-541,-0.523598,-0.703,0.0,0.0,-0.703,-558.776,87.621,0.0,-471.155,55.875,-1080.83,0.0,-1024.954
8.326173249981366,7991,1,7,6,-0.042041,-0.027682,-0.689231,-0.546939,-425.057,-514.0,-959.542,0.0,-959,-504,-0.523598,-0.689,0.0,0.0,-0.689,-512.252,87.194,0.0,-425.057,71.153,-1030.696,0.0,-959.542
8.326173249981366,7996,1,7,6,-0.044422,-0.030309,-0.677408,-0.526185,-457.642,-515.0,-960.001,0.0,-960,-489,-0.523598,-0.677,0.0,0.0,-0.677,-544.401,86.758,0.0,-457.642,45.886,-1005.887,0.0,-960.001
8.339477230911143,8001,1,7,6,-0.046759,-0.032848,-0.667726,-0.508948,-485.318,-525.0,-961.661,0.0,-961,-500,-0.523598,-0.667,0.0,0.0,-0.667,-571.601,86.282,0.0,-485.318,31.745,-993.407,0.0,-961.661
8.339477230911143,8006,1,7,6,-0.049051,-0.035287,-0.66064,-0.478344,-570.528,-529.0,-1050.282,0.0,-1050,-555,-0.418879,-0.66,0.0,0.0,-0.66,-656.263,85.735,0.0,-570.528,-33.222,-1017.06,0.0,-1050.282
8.351532367989421,8015,1,7,6,-0.053052,-0.0395,-0.650494,-0.468922,-569.032,-578.0,-1024.788,0.0,-1024,-578,-0.418879,-0.65,0.0,0.0,-0.65,-653.657,84.624,0.0,-569.032,7.173,-1031.962,0.0,-1024.788
8.351532367989421,8020,1,7,6,-0.055202,-0.041823,-0.642162,-0.464624,-555.045,-553.0,-1034.396,0.0,-1034,-553,-0.418879,-0.642,0.0,0.0,-0.642,-639.137,84.092,0.0,-555.045,-1.636,-1032.76,0.0,-1034.396
8.363377406960353,8026,1,7,6,-0.057298,-0.044177,-0.629786,-0.472552,-482.422,-493.0,-1006.574,0.0,-1006,-536,-0.418879,-0.629,0.0,0.0,-0.629,-566.041,83.618,0.0,-482.422,8.461,-1015.036,0.0,-1006.574
8.363377406960353,8031,1,7,6,-0.059738,-0.047088,-0.607179,-0.471158,-406.462,-463.0,-927.615,0.0,-927,-463,-0.523598,-0.607,0.0,0.0,-0.607,-489.673,83.21,0.0,-406.462,45.229,-972.845,0.0,-927.615
8.363377406960353,8036,1,7,6,-0.061706,-0.049431,-0.589219,-0.471953,-339.298,-396.0,-884.722,0.0,-884,-427,-0.418879,-0.589,0.0,0.0,-0.589,-422.157,82.859,0.0,-339.298,45.361,-930.084,0.0,-884.722
8.375395130948164,8041,1,7,6,-0.063614,-0.051733,-0.570309,-0.450492,-348.842,-410.0,-845.428,0.0,-845,-410,-0.418879,-0.57,0.0,0.0,-0.57,-431.342,82.5,0.0,-348.842,48.926,-894.354,0.0,-845.428
8.375395130948164,8046,1,7,6,-0.065459,-0.053898,-0.554922,-0.417375,-413.081,-442.0,-868.393,0.0,-868,-424,-0.314159,-0.554,0.0,0.0,-0.554,-495.169,82.087,0.0,-413.081,23.134,-891.528,0.0,-868.393
8.384873117902316,8051,1,7,6,-0.06724,-0.056012,-0.538918,-0.413652,-369.248,-389.0,-850.625,0.0,-850,-392,-0.418879,-0.538,0.0,0.0,-0.538,-450.959,81.711,0.0,-369.248,15.801,-866.426,0.0,-850.625
8.384873117902316,8056,1,7,6,-0.068954,-0.058087,-0.521592,-0.417834,-292.127,-357.0,-767.838,0.0,-767,-336,-0.418879,-0.521,0.0,0.0,-0.521,-373.528,81.4,0.0,-292.127,51.897,-819.736,0.0,-767.838
8.398114446899854,8061,1,7,6,-0.0706,-0.060081,-0.504884,-0.390345,-331.285,-374.0,-770.828,0.0,-770,-371,-0.314159,-0.504,0.0,0.0,-0.504,-412.341,81.056,0.0,-331.285,34.171,-805.0,0.0,-770.828
8.398114446899854,8066,1,7,6,-0.072176,-0.061991,-0.488893,-0.376411,-324.216,-354.0,-761.319,0.0,-761,-337,-0.418879,-0.488,0.0,0.0,-0.488,-404.935,80.718,0.0,-324.216,23.826,-785.146,0.0,-761.319
8.398114446899854,8071,1,7,6,-0.073681,-0.063901,-0.469463,-0.408296,-139.665,-241.0,-624.819,0.0,-624,-259,-0.314159,-0.469,0.0,0.0,-0.469,-220.2,80.535,0.0,-139.665,81.067,-705.887,0.0,-624.819
8.410694960970432,8076,1,7,6,-0.075113,-0.065694,-0.452148,-0.36363,-238.393,-288.0,-647.925,0.0,-647,-288,-0.314159,-0.452,0.0,0.0,-0.452,-318.663,80.269,0.0,-238.393,39.685,-687.61,0.0,-647.925
8.410694960970432,8081,1,7,6,-0.076472,-0.067294,-0.440511,-0.311756,-383.632,-388.0,-705.716,0.0,-705,-350,-0.209439,-0.44,0.0,0.0,-0.44,-463.515,79.883,0.0,-383.632,3.494,-709.211,0.0,-705.716
8.420918532996438,8086,1,7,6,-0.077755,-0.068717,-0.433807,-0.278058,-481.259,-432.0,-788.851,0.0,-788,-417,-0.314159,-0.433,0.0,0.0,-0.433,-560.694,79.434,0.0,-481.259,-39.407,-749.444,0.0,-788.851
8.420918532996438,8091,1,7,6,-0.078961,-0.069983,-0.430948,-0.237656,-616.995,-515.0,-904.437,0.0,-904,-510,-0.209439,-0.43,0.0,0.0,-0.43,-695.85,78.854,0.0,-616.995,-81.596,-822.841,0.0,-904.437
8.43271729000844,8096,1,7,6,-0.080089,-0.071248,-0.424373,-0.24967,-550.601,-496.0,-887.467,0.0,-887,-511,-0.314159,-0.424,0.0,0.0,-0.424,-628.932,78.33,0.0,-550.601,-43.681,-843.786,0.0,-887.467
8.43271729000844,8105,1,7,6,-0.08192,-0.073586,-0.400012,-0.267344,-400.184,-431.0,-805.699,0.0,-805,-447,-0.314159,-0.4,0.0,0.0,-0.4,-477.604,77.419,0.0,-400.184,24.652,-830.351,0.0,-805.699
8.445494222920388,8110,1,7,6,-0.082824,-0.074897,-0.380491,-0.250051,-392.556,-415.0,-793.261,0.0,-793,-415,-0.314159,-0.38,0.0,0.0,-0.38,-469.585,77.028,0.0,-392.556,17.954,-811.216,0.0,-793.261
8.445494222920388,8115,1,7,6,-0.083646,-0.076159,-0.359413,-0.256968,-292.083,-365.0,-704.39,0.0,-704,-365,-0.314159,-0.359,0.0,0.0,-0.359,-368.805,76.721,0.0,-292.083,58.333,-762.723,0.0,-704.39
8.457001973991282,8121,1,7,6,-0.084386,-0.077381,-0.336271,-0.243159,-258.762,-335.0,-657.58,0.0,-657,-335,-0.209439,-0.336,0.0,0.0,-0.336,-335.203,76.44,0.0,-258.762,60.99,-718.57,0.0,-657.58
8.457001973991282,8126,1,7,6,-0.085164,-0.078693,-0.310617,-0.207142,-296.379,-366.0,-640.74,0.0,-640,-350,-0.209439,-0.31,0.0,0.0,-0.31,-372.509,76.13,0.0,-296.379,55.696,-696.437,0.0,-640.74
8.468546668998897,8131,1,7,6,-0.08572,-0.079603,-0.29364,-0.184698,-316.385,-350.0,-650.853,0.0,-650,-349,-0.209439,-0.293,0.0,0.0,-0.293,-392.189,75.803,0.0,-316.385,26.891,-677.745,0.0,-650.853
8.468546668998897,8136,1,7,6,-0.086192,-0.080365,-0.279674,-0.139699,-428.525,-414.0,-710.163,0.0,-710,-430,-0.209439,-0.279,0.0,0.0,-0.279,-503.908,75.383,0.0,-428.525,-11.62,-698.543,0.0,-710.163
8.468546668998897,8141,1,7,6,-0.086578,-0.081034,-0.266098,-0.11481,-469.706,-462.0,-722.778,0.0,-722,-429,-0.104719,-0.266,0.0,0.0,-0.266,-544.636,74.929,0.0,-469.706,-6.165,-716.613,0.0,-722.778
8.480780569952913,8146,1,7,6,-0.086879,-0.081636,-0.251668,-0.118311,-405.554,-414.0,-703.107,0.0,-703,-414,-0.209439,-0.251,0.0,0.0,-0.251,-480.084,74.529,0.0,-405.554,6.756,-709.864,0.0,-703.107
8.480780569952913,8151,1,7,6,-0.087094,-0.082172,-0.236236,-0.104101,-401.553,-430.0,-679.372,0.0,-679,-413,-0.104719,-0.236,0.0,0.0,-0.236,-475.686,74.133,0.0,-401.553,22.757,-702.129,0.0,-679.372
8.492526191985235,8156,1,7,6,-0.087223,-0.08258,-0.22284,-0.104445,-352.443,-381.0,-653.916,0.0,-653,-414,0.0,-0.222,0.0,0.0,-0.222,-426.222,73.778,0.0,-352.443,22.844,-676.761,0.0,-653.916
8.492526191985235,8161,1,7,6,-0.087266,-0.082833,-0.212758,-0.04939,-514.835,-510.0,-710.967,0.0,-710,-477,0.0,-0.212,0.0,0.0,-0.212,-588.123,73.288,0.0,-514.835,-3.868,-707.099,0.0,-710.967
8.504407468950376,8166,1,7,6,-0.087223,-0.082902,-0.207413,-0.017957,-609.321,-541.0,-806.93,0.0,-806,-542,0.0,-0.207,0.0,0.0,-0.207,-682.041,72.719,0.0,-609.321,-54.657,-752.273,0.0,-806.93
8.504407468950376,8171,1,7,6,-0.087094,-0.082887,-0.201942,0.003603,-667.861,-590.0,-866.114,0.0,-866,-573,0.0,-0.201,0.0,0.0,-0.201,-739.964,72.103,0.0,-667.861,-62.289,-803.825,0.0,-866.114
8.504407468950376,8176,1,7,6,-0.086879,-0.082865,-0.192664,0.018357,-688.182,-606.0,-914.104,0.0,-914,-605,0.0,-0.192,0.0,0.0,-0.192,-759.677,71.495,0.0,-688.182,-65.745,-848.359,0.0,-914.104
8.514178833924234,8181,1,7,6,-0.086578,-0.082942,-0.174534,-0.021712,-479.122,-509.0,-791.003,0.0,-791,-526,0.0,-0.174,0.0,0.0,-0.174,-550.159,71.037,0.0,-479.122,23.902,-814.905,0.0,-791.003
8.514178833924234,8186,1,7,6,-0.086192,-0.08311,-0.147928,-0.036002,-332.232,-429.0,-671.718,0.0,-671,-413,0.0,-0.147,0.0,0.0,-0.147,-402.933,70.701,0.0,-332.232,77.413,-749.132,0.0,-671.718
8.526781453983858,8195,1,7,6,-0.085282,-0.083303,-0.094979,0.011277,-312.366,-366.0,-589.429,0.0,-589,-365,0.0,-0.094,0.0,0.0,-0.094,-382.527,70.16,0.0,-312.366,42.906,-632.336,0.0,-589.429
8.53878292592708,8200,1,7,6,-0.084659,-0.083189,-0.070554,0.047322,-354.551,-382.0,-598.488,0.0,-598,-382,0.0,-0.07,0.0,0.0,-0.07,-424.357,69.806,0.0,-354.551,21.958,-620.447,0.0,-598.488
8.53878292592708,8205,1,7,6,-0.083952,-0.083036,-0.043988,0.023126,-172.008,-270.0,-471.028,0.0,-471,-270,0.0,-0.043,0.0,0.0,-0.043,-241.613,69.604,0.0,-172.008,78.393,-549.421,0.0,-471.028
8.53878292592708,8211,1,7,6,-0.083163,-0.082867,-0.014181,0.033964,-103.866,-254.0,-360.744,0.0,-360,-205,0.0,-0.014,0.0,0.0,-0.014,-173.326,69.46,0.0,-103.866,120.106,-480.851,0.0,-360.744
8.550077165011317,8216,1,7,6,-0.082107,-0.082682,0.027588,0.056391,-34.318,-157.0,-308.968,0.0,-308,-157,0.0,0.027,0.0,0.0,0.027,-103.691,69.373,0.0,-34.318,98.145,-407.114,0.0,-308.968
8.550077165011317,8221,1,7,6,-0.081138,-0.082446,0.062783,0.051735,109.18,-61.0,-168.616,0.0,-168,-61,0.0,0.062,0.0,0.0,0.062,39.773,69.406,0.0,109.18,136.144,-304.761,0.0,-168.616
8.561179158976302,8226,1,7,6,-0.080089,-0.082134,0.098168,0.063025,196.024,34.0,-71.603,0.0,-71,34,0.0,0.098,0.0,0.0,0.098,126.512,69.512,0.0,196.024,129.619,-201.222,0.0,-71.603
8.561179158976302,8231,1,7,6,-0.07896,-0.081615,0.127414,0.124665,79.418,-29.0,-77.104,0.0,-77,-14,0.0,0.127,0.0,0.0,0.127,9.898,69.52,0.0,79.418,86.734,-163.839,0.0,-77.104
8.572640502941795,8236,1,7,6,-0.077754,-0.080896,0.150812,0.138128,115.219,17.0,-28.906,0.0,-28,34,0.0,0.15,0.0,0.0,0.15,45.661,69.558,0.0,115.219,78.575,-107.481,0.0,-28.906
8.572640502941795,8241,1,7,6,-0.076472,-0.080147,0.176409,0.139314,203.215,81.0,59.061,0.0,59,98,0.0,0.176,0.0,0.0,0.176,133.545,69.669,0.0,203.215,97.772,-38.71,0.0,59.061
8.583992449915968,8246,1,7,6,-0.075113,-0.079356,0.203664,0.174018,176.487,114.0,53.14,0.0,53,114,0.0,0.203,0.0,0.0,0.203,106.728,69.758,0.0,176.487,49.989,3.15,0.0,53.14
8.583992449915968,8251,1,7,6,-0.073681,-0.07852,0.232262,0.171473,288.781,194.0,143.633,0.0,143,194,0.0,0.232,0.0,0.0,0.232,218.839,69.941,0.0,288.781,75.824,67.808,0.0,143.633
8.583992449915968,8256,1,7,6,-0.072176,-0.077822,0.270995,0.134771,560.758,337.0,384.3,0.0,384,370,0.0,0.27,0.0,0.0,0.27,490.408,70.349,0.0,560.758,179.006,205.294,0.0,384.3
8.595372712938115,8261,1,7,6,-0.070599,-0.077174,0.315571,0.129646,740.24,514.0,532.547,0.0,532,516,0.0,0.315,0.0,0.0,0.315,669.333,70.907,0.0,740.24,180.992,351.554,0.0,532.547
8.595372712938115,8266,1,7,6,-0.068953,-0.076449,0.359776,0.152243,818.624,580.0,668.449,0.0,668,610,0.104719,0.359,0.0,0.0,0.359,747.119,71.505,0.0,818.624,190.899,477.549,0.0,668.449
8.606491806916893,8271,1,7,6,-0.067239,-0.075628,0.402653,0.180357,872.436,660.0,764.611,0.0,764,709,0.104719,0.402,0.0,0.0,0.402,800.264,72.172,0.0,872.436,169.949,594.662,0.0,764.611
8.606491806916893,8276,1,7,6,-0.065459,-0.074657,0.441502,0.210372,904.934,723.0,838.785,0.0,838,741,0.104719,0.441,0.0,0.0,0.441,832.068,72.865,0.0,904.934,145.547,693.237,0.0,838.785
8.617513934965245,8285,1,7,6,-0.062093,-0.072521,0.500577,0.267437,913.659,790.0,962.322,0.0,962,790,0.209439,0.5,0.0,0.0,0.5,839.306,74.353,0.0,913.659,98.927,863.394,0.0,962.322
8.617513934965245,8290,1,7,6,-0.060136,-0.071062,0.524468,0.311661,841.096,773.0,949.782,0.0,949,773,0.209439,0.524,0.0,0.0,0.524,766.104,74.991,0.0,841.096,54.477,895.305,0.0,949.782
8.629156554932706,8295,1,7,6,-0.05812,-0.069415,0.54215,0.346508,779.891,745.0,936.116,0.0,936,745,0.209439,0.542,0.0,0.0,0.542,704.313,75.578,0.0,779.891,27.913,908.202,0.0,936.116
8.629156554932706,8301,1,7,6,-0.056046,-0.067539,0.551647,0.379097,697.28,694.0,904.977,0.0,904,699,0.314159,0.551,0.0,0.0,0.551,621.182,76.098,0.0,697.28,2.624,902.352,0.0,904.977
8.640896795899607,8306,1,7,6,-0.053486,-0.064949,0.550258,0.460498,399.503,522.0,707.474,0.0,707,539,0.418879,0.55,0.0,0.0,0.55,323.135,76.367,0.0,399.503,-97.997,805.472,0.0,707.474
8.640896795899607,8311,1,7,6,-0.051293,-0.062451,0.535541,0.490212,239.685,427.0,543.786,0.0,543,410,0.418879,0.535,0.0,0.0,0.535,163.182,76.503,0.0,239.685,-149.851,693.638,0.0,543.786
8.652211833978072,8316,1,7,6,-0.04905,-0.059871,0.519403,0.51174,104.112,295.0,420.16,0.0,420,281,0.418879,0.519,0.0,0.0,0.519,27.585,76.526,0.0,104.112,-152.71,572.871,0.0,420.16
8.652211833978072,8321,1,7,6,-0.046759,-0.057284,0.505184,0.50361,82.199,268.0,329.367,0.0,329,246,0.418879,0.505,0.0,0.0,0.505,5.668,76.531,0.0,82.199,-148.64,478.007,0.0,329.367
8.663587432936765,8326,1,7,6,-0.044422,-0.054822,0.499229,0.469848,182.389,286.0,355.906,0.0,355,267,0.314159,0.499,0.0,0.0,0.499,105.769,76.619,0.0,182.389,-82.888,438.795,0.0,355.906
8.663587432936765,8331,1,7,6,-0.04204,-0.052501,0.502097,0.437491,309.393,340.0,422.752,0.0,422,339,0.314159,0.502,0.0,0.0,0.502,232.58,76.813,0.0,309.393,-24.485,447.237,0.0,422.752
8.663587432936765,8336,1,7,6,-0.039617,-0.050282,0.511912,0.431987,364.782,358.0,459.753,0.0,459,339,0.314159,0.511,0.0,0.0,0.511,287.729,77.053,0.0,364.782,5.426,454.327,0.0,459.753
8.674960768898018,8341,1,7,6,-0.037156,-0.04819,0.529672,0.426016,450.524,406.0,523.518,0.0,523,406,0.209439,0.529,0.0,0.0,0.529,373.16,77.364,0.0,450.524,35.619,487.899,0.0,523.518
8.674960768898018,8346,1,7,6,-0.034657,-0.046061,0.547393,0.413978,558.059,472.0,617.199,0.0,617,497,0.314159,0.547,0.0,0.0,0.547,480.295,77.764,0.0,558.059,68.847,548.351,0.0,617.199
8.686171254958026,8351,1,7,6,-0.032124,-0.043903,0.565391,0.4518,487.032,448.0,589.794,0.0,589,448,0.314159,0.565,0.0,0.0,0.565,408.927,78.105,0.0,487.032,31.226,558.568,0.0,589.794
8.686171254958026,8356,1,7,6,-0.02956,-0.041676,0.581556,0.435834,603.123,533.0,663.79,0.0,663,540,0.314159,0.581,0.0,0.0,0.581,524.598,78.524,0.0,603.123,56.099,607.691,0.0,663.79
8.697072513983585,8361,1,7,6,-0.026966,-0.039446,0.599049,0.437993,658.808,577.0,722.712,0.0,722,577,0.418879,0.599,0.0,0.0,0.599,579.8,79.008,0.0,658.808,65.446,657.265,0.0,722.712
8.697072513983585,8366,1,7,6,-0.024346,-0.03718,0.616056,0.453826,663.523,595.0,757.432,0.0,757,610,0.314159,0.616,0.0,0.0,0.616,584.028,79.494,0.0,663.523,54.818,702.614,0.0,757.432
8.708330118912272,8375,1,7,6,-0.019571,-0.032991,0.644178,0.476886,682.835,655.0,820.32,0.0,820,655,0.418879,0.644,0.0,0.0,0.644,602.254,80.581,0.0,682.835,22.268,798.051,0.0,820.32
8.708330118912272,8380,1,7,6,-0.01689,-0.030602,0.658169,0.497131,660.801,612.0,859.388,0.0,859,612,0.314159,0.658,0.0,0.0,0.658,579.736,81.064,0.0,660.801,39.041,820.346,0.0,859.388
8.719891536980867,8385,1,7,6,-0.014192,-0.027979,0.661768,0.523864,577.933,582.0,810.018,0.0,810,582,0.418879,0.661,0.0,0.0,0.661,496.455,81.478,0.0,577.933,-3.252,813.271,0.0,810.018
8.719891536980867,8391,1,7,6,-0.011481,-0.025263,0.661534,0.555284,464.297,517.0,734.277,0.0,734,517,0.418879,0.661,0.0,0.0,0.661,382.499,81.798,0.0,464.297,-42.161,776.439,0.0,734.277
8.731157420901582,8396,1,7,6,-0.008212,-0.021745,0.649596,0.593604,283.537,435.0,572.802,0.0,572,425,0.523598,0.649,0.0,0.0,0.649,201.571,81.966,0.0,283.537,-121.169,693.972,0.0,572.802
8.731157420901582,8401,1,7,6,-0.005479,-0.018731,0.63611,0.624957,122.15,314.0,427.224,0.0,427,306,0.418879,0.636,0.0,0.0,0.636,40.15,81.999,0.0,122.15,-153.479,580.704,0.0,427.224
8.74216887599323,8406,1,7,6,-0.002741,-0.01579,0.626391,0.551136,353.143,390.0,543.803,0.0,543,400,0.418879,0.626,0.0,0.0,0.626,270.917,82.225,0.0,353.143,-29.485,573.289,0.0,543.803
8.74216887599323,8411,1,7,6,0.0,-0.012996,0.623849,0.531785,413.933,426.0,562.547,0.0,562,419,0.314159,0.623,0.0,0.0,0.623,331.431,82.501,0.0,413.933,-9.653,572.2,0.0,562.547
8.754403481958434,8416,1,7,6,0.002741,-0.010465,0.633923,0.481537,631.551,557.0,695.312,0.0,695,551,0.314159,0.633,0.0,0.0,0.633,548.592,82.958,0.0,631.551,59.641,635.671,0.0,695.312
8.754403481958434,8421,1,7,6,0.005479,-0.008206,0.656934,0.429224,903.399,737.0,898.06,0.0,898,709,0.209439,0.656,0.0,0.0,0.656,819.757,83.642,0.0,903.399,133.119,764.941,0.0,898.06
8.754403481958434,8426,1,7,6,0.008212,-0.006126,0.688299,0.393618,1145.377,876.0,1148.524,0.0,1148,877,0.209439,0.688,0.0,0.0,0.688,1060.851,84.526,0.0,1145.377,215.501,933.022,0.0,1148.524
8.766730438917875,8431,1,7,6,0.010937,-0.004053,0.719569,0.437248,1101.732,918.0,1185.716,0.0,1185,924,0.314159,0.719,0.0,0.0,0.719,1016.358,85.373,0.0,1101.732,146.985,1038.73,0.0,1185.716
8.766730438917875,8436,1,7,6,0.013651,-0.001849,0.744027,0.458089,1115.61,966.0,1249.912,0.0,1249,966,0.314159,0.744,0.0,0.0,0.744,1029.379,86.23,0.0,1115.61,119.688,1130.224,0.0,1249.912
8.777975384960882,8441,1,7,6,0.016352,0.000573,0.7574,0.49962,1015.014,942.0,1229.351,0.0,1229,954,0.418879,0.757,0.0,0.0,0.757,928.01,87.004,0.0,1015.014,58.411,1170.939,0.0,1229.351
8.777975384960882,8446,1,7,6,0.019036,0.003201,0.760095,0.542163,872.186,834.0,1192.935,0.0,1192,882,0.418879,0.76,0.0,0.0,0.76,784.554,87.631,0.0,872.186,30.549,1162.385,0.0,1192.935
8.777975384960882,8451,1,7,6,0.021702,0.00597,0.755126,0.56931,757.126,810.0,1079.084,0.0,1079,793,0.523598,0.755,0.0,0.0,0.755,668.937,88.189,0.0,757.126,-42.298,1121.382,0.0,1079.084
8.790075791999698,8456,1,7,6,0.024346,0.008869,0.742885,0.579445,677.066,740.0,1027.024,0.0,1027,754,0.418879,0.742,0.0,0.0,0.742,588.387,88.679,0.0,677.066,-50.346,1077.37,0.0,1027.024
8.790075791999698,8461,1,7,6,0.026967,0.011799,0.728036,0.580209,621.299,704.0,953.937,0.0,953,691,0.523598,0.728,0.0,0.0,0.728,532.176,89.123,0.0,621.299,-66.16,1020.097,0.0,953.937
8.801344518898986,8470,1,7,6,0.031614,0.017083,0.697469,0.581126,508.692,614.0,816.21,0.0,816,597,0.418879,0.697,0.0,0.0,0.697,418.837,89.854,0.0,508.692,-84.245,900.456,0.0,816.21
8.812411981984042,8475,1,7,6,0.034153,0.020051,0.67691,0.591618,397.163,499.0,744.479,0.0,744,531,0.418879,0.676,0.0,0.0,0.676,307.052,90.11,0.0,397.163,-81.469,825.948,0.0,744.479
8.812411981984042,8481,1,7,6,0.036659,0.023009,0.655211,0.612842,242.767,403.0,593.366,0.0,593,417,0.418879,0.655,0.0,0.0,0.655,152.528,90.238,0.0,242.767,-128.186,721.552,0.0,593.366
8.812411981984042,8486,1,7,6,0.039618,0.02641,0.633955,0.55682,368.158,449.0,620.012,0.0,620,433,0.418879,0.633,0.0,0.0,0.633,277.688,90.47,0.0,368.158,-64.672,684.685,0.0,620.012
8.824836691957898,8491,1,7,6,0.042041,0.029087,0.621758,0.534075,406.391,447.0,634.463,0.0,634,464,0.418879,0.621,0.0,0.0,0.621,315.658,90.733,0.0,406.391,-32.486,666.949,0.0,634.463
8.824836691957898,8496,1,7,6,0.044422,0.031641,0.613463,0.487178,545.739,498.0,726.637,0.0,726,545,0.314159,0.613,0.0,0.0,0.613,454.627,91.112,0.0,545.739,38.191,688.446,0.0,726.637
8.836099789943546,8501,1,7,6,0.046759,0.033978,0.613501,0.432085,744.753,672.0,817.789,0.0,817,656,0.209439,0.613,0.0,0.0,0.613,653.097,91.656,0.0,744.753,58.202,759.586,0.0,817.789
8.836099789943546,8506,1,7,6,0.049051,0.036144,0.619543,0.438127,745.297,639.0,888.948,0.0,888,655,0.314159,0.619,0.0,0.0,0.619,653.096,92.2,0.0,745.297,85.037,803.911,0.0,888.948
8.84763996093534,8511,1,7,6,0.051294,0.038213,0.627891,0.417098,851.688,751.0,953.53,0.0,953,767,0.209439,0.627,0.0,0.0,0.627,758.855,92.832,0.0,851.688,80.55,872.979,0.0,953.53
8.84763996093534,8516,1,7,6,0.053486,0.040133,0.640916,0.360514,1103.123,927.0,1145.255,0.0,1145,926,0.209439,0.64,0.0,0.0,0.64,1009.448,93.674,0.0,1103.123,140.898,1004.356,0.0,1145.255
8.85956891591195,8521,1,7,6,0.055625,0.042009,0.653604,0.361077,1147.648,976.0,1245.963,0.0,1245,975,0.209439,0.653,0.0,0.0,0.653,1053.097,94.551,0.0,1147.648,137.318,1108.644,0.0,1245.963
8.85956891591195,8526,1,7,6,0.05771,0.043986,0.658775,0.404275,1011.518,913.0,1221.468,0.0,1221,944,0.209439,0.658,0.0,0.0,0.658,916.202,95.315,0.0,1011.518,78.814,1142.654,0.0,1221.468
8.85956891591195,8531,1,7,6,0.059738,0.046084,0.655364,0.426291,920.664,880.0,1180.917,0.0,1180,882,0.314159,0.655,0.0,0.0,0.655,824.661,96.002,0.0,920.664,32.531,1148.385,0.0,1180.917
8.871574771939777,8536,1,7,6,0.061706,0.048325,0.642308,0.447812,796.749,849.0,1073.297,0.0,1073,833,0.314159,0.642,0.0,0.0,0.642,700.187,96.562,0.0,796.749,-41.8,1115.097,0.0,1073.297
8.871574771939777,8541,1,7,6,0.063614,0.05066,0.62181,0.47592,622.203,739.0,945.198,0.0,945,739,0.314159,0.621,0.0,0.0,0.621,525.202,97.0,0.0,622.203,-93.437,1038.636,0.0,945.198
8.882918312912807,8546,1,7,6,0.065459,0.053016,0.597272,0.466688,567.495,708.0,853.037,0.0,853,643,0.314159,0.597,0.0,0.0,0.597,470.103,97.392,0.0,567.495,-112.403,965.44,0.0,853.037
8.882918312912807,8551,1,7,6,0.06724,0.055242,0.575873,0.437327,596.573,678.0,865.417,0.0,865,678,0.314159,0.575,0.0,0.0,0.575,498.766,97.807,0.0,596.573,-65.141,930.558,0.0,865.417
8.894654622999951,8560,1,7,6,0.070276,0.058892,0.546436,0.385755,677.23,712.0,879.319,0.0,879,712,0.209439,0.546,0.0,0.0,0.546,578.45,98.779,0.0,677.23,-27.816,907.135,0.0,879.319
8.894654622999951,8565,1,7,6,0.071866,0.060738,0.534155,0.354195,747.176,729.0,935.198,0.0,935,729,0.209439,0.534,0.0,0.0,0.534,647.857,99.319,0.0,747.176,14.541,920.657,0.0,935.198
8.905778163927607,8571,1,7,6,0.073386,0.062485,0.523251,0.330526,793.712,767.0,963.169,0.0,963,764,0.209439,0.523,0.0,0.0,0.523,693.812,99.9,0.0,793.712,21.369,941.799,0.0,963.169
8.905778163927607,8576,1,7,6,0.075113,0.064496,0.509643,0.330153,746.603,768.0,924.218,0.0,924,754,0.104719,0.509,0.0,0.0,0.509,646.165,100.438,0.0,746.603,-17.117,941.335,0.0,924.218
8.916119109955616,8581,1,7,6,0.076472,0.066151,0.495381,0.322581,723.035,704.0,946.62,0.0,946,737,0.209439,0.495,0.0,0.0,0.495,622.078,100.956,0.0,723.035,15.228,931.391,0.0,946.62
8.916119109955616,8586,1,7,6,0.077755,0.067768,0.479352,0.294991,765.211,767.0,938.516,0.0,938,771,0.209439,0.479,0.0,0.0,0.479,663.701,101.51,0.0,765.211,-1.43,939.946,0.0,938.516
8.916119109955616,8591,1,7,6,0.078961,0.06921,0.468019,0.280336,777.73,772.0,953.065,0.0,953,772,0.209439,0.468,0.0,0.0,0.468,675.657,102.073,0.0,777.73,4.584,948.481,0.0,953.065
8.928705318947323,8596,1,7,6,0.080089,0.07057,0.456882,0.271822,768.844,771.0,946.448,0.0,946,745,0.104719,0.456,0.0,0.0,0.456,666.216,102.628,0.0,768.844,-1.724,948.173,0.0,946.448
8.928705318947323,8601,1,7,6,0.081138,0.071809,0.447802,0.24595,829.901,825.0,972.682,0.0,972,808,0.0,0.447,0.0,0.0,0.447,726.667,103.233,0.0,829.901,3.921,968.761,0.0,972.682
8.940084249945357,8606,1,7,6,0.082107,0.072967,0.438708,0.226606,867.435,842.0,1014.337,0.0,1014,830,0.104719,0.438,0.0,0.0,0.438,763.565,103.87,0.0,867.435,20.348,993.988,0.0,1014.337
8.940084249945357,8611,1,7,6,0.082995,0.074071,0.428332,0.237284,792.215,800.0,982.693,0.0,982,800,0.104719,0.428,0.0,0.0,0.428,687.771,104.443,0.0,792.215,-6.227,988.921,0.0,982.693
8.951699876924977,8616,1,7,6,0.083801,0.075117,0.416852,0.203881,871.777,879.0,1004.446,0.0,1004,848,0.0,0.416,0.0,0.0,0.416,766.695,105.082,0.0,871.777,-5.777,1010.224,0.0,1004.446
8.951699876924977,8621,1,7,6,0.084524,0.076035,0.407489,0.183798,911.041,871.0,1072.21,0.0,1072,884,0.0,0.407,0.0,0.0,0.407,805.287,105.753,0.0,911.041,32.032,1040.178,0.0,1072.21
8.963555425987579,8626,1,7,6,0.085164,0.076903,0.396536,0.175912,900.661,871.0,1076.005,0.0,1076,884,0.104719,0.396,0.0,0.0,0.396,794.246,106.415,0.0,900.661,23.728,1052.276,0.0,1076.005
8.963555425987579,8631,1,7,6,0.08572,0.077774,0.381417,0.176564,844.474,854.0,1036.584,0.0,1036,854,0.0,0.381,0.0,0.0,0.381,737.469,107.004,0.0,844.474,-7.62,1044.205,0.0,1036.584
8.963555425987579,8636,1,7,6,0.086192,0.078564,0.366147,0.158078,856.676,872.0,1031.32,0.0,1031,872,0.0,0.366,0.0,0.0,0.366,749.047,107.629,0.0,856.676,-12.258,1043.579,0.0,1031.32
8.97539065789897,8641,1,7,6,0.086578,0.07923,0.352683,0.124354,930.299,889.0,1098.308,0.0,1098,893,0.0,0.352,0.0,0.0,0.352,821.985,108.314,0.0,930.299,33.039,1065.269,0.0,1098.308
8.986354117980227,8650,1,7,6,0.087058,0.080265,0.326052,0.084829,978.12,938.0,1125.533,0.0,1125,938,0.0,0.326,0.0,0.0,0.326,868.402,109.717,0.0,978.12,32.095,1093.437,0.0,1125.533
8.986354117980227,8655,1,7,6,0.087204,0.080657,0.314263,0.053588,1048.929,991.0,1181.137,0.0,1181,991,0.0,0.314,0.0,0.0,0.314,938.43,110.499,0.0,1048.929,46.343,1134.793,0.0,1181.137
8.9982989449054,8661,1,7,6,0.087264,0.080951,0.303038,0.065853,965.077,948.0,1147.277,0.0,1147,962,0.0,0.303,0.0,0.0,0.303,853.864,111.213,0.0,965.077,13.662,1133.614,0.0,1147.277
8.9982989449054,8666,1,7,6,0.087223,0.081108,0.293529,0.030923,1057.38,1021.0,1197.641,0.0,1197,1009,0.0,0.293,0.0,0.0,0.293,945.379,112.0,0.0,1057.38,29.104,1168.537,0.0,1197.641
8.9982989449054,8671,1,7,6,0.087094,0.081187,0.283524,-0.002166,1141.345,1046.0,1296.571,0.0,1296,1076,0.0,0.283,0.0,0.0,0.283,1028.487,112.858,0.0,1141.345,76.276,1220.295,0.0,1296.571
9.010155149968341,8676,1,7,6,0.086879,0.081248,0.270271,0.033792,964.891,974.0,1190.317,0.0,1190,980,0.0,0.27,0.0,0.0,0.27,851.324,113.567,0.0,964.891,-7.286,1197.604,0.0,1190.317
9.010155149968341,8681,1,7,6,0.086578,0.081373,0.249826,0.029055,909.005,980.0,1114.4,0.0,1114,962,0.0,0.249,0.0,0.0,0.249,794.775,114.229,0.0,909.005,-56.795,1171.196,0.0,1114.4
9.021179546951316,8686,1,7,6,0.086192,0.081393,0.230338,0.005004,926.109,980.0,1110.074,0.0,1110,944,0.0,0.23,0.0,0.0,0.23,811.203,114.905,0.0,926.109,-43.112,1153.187,0.0,1110.074
9.021179546951316,8691,1,7,6,0.08572,0.081392,0.207765,-0.016309,922.249,944.0,1122.772,0.0,1122,962,0.0,0.207,0.0,0.0,0.207,806.671,115.577,0.0,922.249,-17.4,1140.172,0.0,1122.772
9.033115117927082,8696,1,7,6,0.085164,0.081377,0.181768,-0.012672,816.149,907.0,1018.503,0.0,1018,890,0.0,0.181,0.0,0.0,0.181,699.988,116.161,0.0,816.149,-72.68,1091.184,0.0,1018.503
9.033115117927082,8701,1,7,6,0.084524,0.081368,0.151508,-0.011856,704.766,809.0,938.938,0.0,938,821,0.0,0.151,0.0,0.0,0.151,588.115,116.651,0.0,704.766,-83.386,1022.325,0.0,938.938
9.033115117927082,8706,1,7,6,0.083801,0.081317,0.119216,0.00634,523.345,678.0,793.094,0.0,793,696,0.0,0.119,0.0,0.0,0.119,406.355,116.99,0.0,523.345,-123.723,916.818,0.0,793.094
9.044874615967274,8711,1,7,6,0.082995,0.081219,0.085235,-0.027349,522.632,641.0,750.549,0.0,750,627,0.0,0.085,0.0,0.0,0.085,405.305,117.327,0.0,522.632,-94.693,845.243,0.0,750.549
9.044874615967274,8716,1,7,6,0.082107,0.081051,0.050656,-0.037908,436.428,587.0,639.845,0.0,639,588,0.0,0.05,0.0,0.0,0.05,318.835,117.593,0.0,436.428,-120.456,760.302,0.0,639.845
9.05592874600552,8721,1,7,6,0.081138,0.080862,0.013231,-0.036936,298.344,473.0,515.924,0.0,515,478,0.0,0.013,0.0,0.0,0.013,180.606,117.737,0.0,298.344,-139.724,655.648,0.0,515.924
9.05592874600552,8726,1,7,6,0.080089,0.080646,-0.026731,-0.046164,187.756,381.0,382.873,0.0,382,368,0.0,-0.026,0.0,0.0,-0.026,69.96,117.796,0.0,187.756,-154.594,537.468,0.0,382.873
9.067104138899595,8731,1,7,6,0.078961,0.080329,-0.065686,-0.068963,129.603,351.0,251.442,0.0,251,291,-0.104719,-0.065,0.0,0.0,-0.065,11.797,117.806,0.0,129.603,-177.116,428.559,0.0,251.442
9.078303245943971,8740,1,7,6,0.076734,0.079577,-0.136462,-0.092254,-41.578,152.0,43.753,0.0,43,152,0.0,-0.136,0.0,0.0,-0.136,-159.15,117.572,0.0,-41.578,-154.862,198.616,0.0,43.753
9.078303245943971,8745,1,7,6,0.075391,0.079024,-0.174383,-0.116075,-92.509,97.0,-51.483,0.0,-51,85,-0.104719,-0.174,0.0,0.0,-0.174,-209.906,117.397,0.0,-92.509,-151.607,100.124,0.0,-51.483
9.078303245943971,8750,1,7,6,0.073973,0.078333,-0.209279,-0.153219,-84.588,37.0,-66.39,0.0,-66,50,-0.104719,-0.209,0.0,0.0,-0.209,-201.818,117.229,0.0,-84.588,-97.27,30.879,0.0,-66.39
9.089825606904924,8756,1,7,6,0.072483,0.077646,-0.247862,-0.155568,-215.306,-52.0,-197.493,0.0,-197,-66,-0.209439,-0.247,0.0,0.0,-0.247,-332.257,116.951,0.0,-215.306,-130.644,-66.848,0.0,-197.493
9.089825606904924,8761,1,7,6,0.070599,0.076748,-0.295114,-0.157387,-379.281,-169.0,-360.947,0.0,-360,-169,-0.104719,-0.295,0.0,0.0,-0.295,-495.819,116.538,0.0,-379.281,-168.225,-192.721,0.0,-360.947
9.101013788953424,8766,1,7,6,0.068953,0.07598,-0.337253,-0.166108,-500.095,-283.0,-496.009,0.0,-496,-327,-0.209439,-0.337,0.0,0.0,-0.337,-616.12,116.024,0.0,-500.095,-173.676,-322.333,0.0,-496.009
9.101013788953424,8771,1,7,6,0.067239,0.075206,-0.38241,-0.143459,-744.912,-453.0,-729.5,0.0,-729,-478,-0.104719,-0.382,0.0,0.0,-0.382,-860.22,115.307,0.0,-744.912,-233.529,-495.97,0.0,-729.5
9.112368533969857,8776,1,7,6,0.065459,0.0744,-0.429178,-0.150143,-890.057,-580.0,-920.678,0.0,-920,-628,-0.104719,-0.429,0.0,0.0,-0.429,-1004.527,114.47,0.0,-890.057,-248.045,-672.632,0.0,-920.678
9.112368533969857,8781,1,7,6,0.063614,0.073495,-0.474285,-0.170164,-981.276,-725.0,-1033.174,0.0,-1033,-712,-0.209439,-0.474,0.0,0.0,-0.474,-1094.834,113.558,0.0,-981.276,-205.021,-828.153,0.0,-1033.174
9.124426725902595,8786,1,7,6,0.061706,0.072523,-0.51921,-0.202594,-1027.207,-823.0,-1124.372,0.0,-1124,-806,-0.314159,-0.519,0.0,0.0,-0.519,-1139.815,112.608,0.0,-1027.207,-163.365,-961.006,0.0,-1124.372
9.124426725902595,8791,1,7,6,0.059737,0.071371,-0.558402,-0.242431,-1025.833,-854.0,-1202.62,0.0,-1202,-850,-0.209439,-0.558,0.0,0.0,-0.558,-1137.493,111.66,0.0,-1025.833,-137.466,-1065.154,0.0,-1202.62
9.124426725902595,8796,1,7,6,0.05771,0.070096,-0.594554,-0.260593,-1091.6,-899.0,-1321.249,0.0,-1321,-916,-0.314159,-0.594,0.0,0.0,-0.594,-1202.259,110.658,0.0,-1091.6,-154.08,-1167.169,0.0,-1321.249
9.136518077924848,8801,1,7,6,0.055625,0.068714,-0.628291,-0.294285,-1092.763,-930.0,-1380.139,0.0,-1380,-948,-0.314159,-0.628,0.0,0.0,-0.628,-1202.42,109.656,0.0,-1092.763,-130.211,-1249.928,0.0,-1380.139
9.136518077924848,8806,1,7,6,0.053486,0.067083,-0.652664,-0.345442,-997.264,-908.0,-1361.893,0.0,-1361,-922,-0.418879,-0.652,0.0,0.0,-0.652,-1105.999,108.734,0.0,-997.264,-71.411,-1290.481,0.0,-1361.893
9.148331987904385,8811,1,7,6,0.051293,0.06509,-0.66223,-0.423696,-750.675,-792.0,-1215.543,0.0,-1215,-779,-0.523598,-0.662,0.0,0.0,-0.662,-858.723,108.048,0.0,-750.675,33.059,-1248.602,0.0,-1215.543
9.148331987904385,8816,1,7,6,0.04905,0.062738,-0.657017,-0.496609,-469.903,-583.0,-1056.729,0.0,-1056,-646,-0.418879,-0.657,0.0,0.0,-0.657,-577.47,107.566,0.0,-469.903,90.477,-1147.206,0.0,-1056.729
9.148331987904385,8821,1,7,6,0.046759,0.060029,-0.636943,-0.570547,-131.659,-401.0,-746.891,0.0,-746,-385,-0.523598,-0.636,0.0,0.0,-0.636,-239.027,107.367,0.0,-131.659,215.472,-962.364,0.0,-746.891
9.160452191950753,8830,1,7,6,0.04252,0.054751,-0.587097,-0.598072,146.82,-128.0,-409.378,0.0,-409,-128,-0.523598,-0.587,0.0,0.0,-0.587,39.508,107.312,0.0,146.82,219.856,-629.235,0.0,-409.378
9.172367853927426,8835,1,7,6,0.040105,0.051782,-0.560496,-0.57437,157.298,-62.0,-332.252,0.0,-332,-62,-0.523598,-0.56,0.0,0.0,-0.56,49.944,107.353,0.0,157.298,175.438,-507.691,0.0,-332.252
9.172367853927426,8840,1,7,6,0.037651,0.048968,-0.543214,-0.536101,81.725,-31.0,-348.691,0.0,-348,-31,-0.523598,-0.543,0.0,0.0,-0.543,-25.606,107.332,0.0,81.725,90.18,-438.871,0.0,-348.691
9.184553642990068,8846,1,7,6,0.03516,0.046333,-0.536337,-0.498448,-29.183,-94.0,-360.405,0.0,-360,-78,-0.418879,-0.536,0.0,0.0,-0.536,-136.402,107.218,0.0,-29.183,51.853,-412.258,0.0,-360.405
9.184553642990068,8851,1,7,6,0.032124,0.043513,-0.54667,-0.435547,-293.157,-255.0,-499.53,0.0,-499,-221,-0.418879,-0.546,0.0,0.0,-0.546,-400.042,106.885,0.0,-293.157,-30.525,-469.004,0.0,-499.53
9.184553642990068,8856,1,7,6,0.02956,0.041292,-0.563164,-0.412073,-437.495,-286.0,-670.839,0.0,-670,-318,-0.314159,-0.563,0.0,0.0,-0.563,-543.927,106.431,0.0,-437.495,-121.196,-549.642,0.0,-670.839
9.196966756950133,8861,1,7,6,0.026966,0.039198,-0.587128,-0.403688,-554.501,-399.0,-765.203,0.0,-765,-415,-0.314159,-0.587,0.0,0.0,-0.587,-660.382,105.881,0.0,-554.501,-124.401,-640.802,0.0,-765.203
9.196966756950133,8866,1,7,6,0.024346,0.037162,-0.615158,-0.397389,-678.74,-509.0,-883.76,0.0,-883,-524,-0.314159,-0.615,0.0,0.0,-0.615,-783.969,105.228,0.0,-678.74,-135.792,-747.967,0.0,-883.76
9.208526053000242,8871,1,7,6,0.021702,0.03524,-0.649836,-0.38314,-855.676,-638.0,-1055.377,0.0,-1055,-670,-0.314159,-0.649,0.0,0.0,-0.649,-960.104,104.428,0.0,-855.676,-174.14,-881.236,0.0,-1055.377
9.208526053000242,8876,1,7,6,0.019036,0.033356,-0.687343,-0.356897,-1086.17,-829.0,-1256.595,0.0,-1256,-830,-0.314159,-0.687,0.0,0.0,-0.687,-1189.606,103.436,0.0,-1086.17,-205.736,-1050.859,0.0,-1256.595
9.208526053000242,8881,1,7,6,0.016351,0.031417,-0.72316,-0.408452,-1030.454,-816.0,-1327.549,0.0,-1327,-831,-0.418879,-0.723,0.0,0.0,-0.723,-1132.947,102.492,0.0,-1030.454,-171.563,-1155.985,0.0,-1327.549
9.220058545004576,8886,1,7,6,0.013651,0.029327,-0.752472,-0.445467,-1003.647,-834.0,-1375.583,0.0,-1375,-865,-0.418879,-0.752,0.0,0.0,-0.752,-1105.219,101.571,0.0,-1003.647,-135.718,-1239.864,0.0,-1375.583
9.220058545004576,8891,1,7,6,0.010937,0.026992,-0.770662,-0.495329,-890.452,-804.0,-1338.517,0.0,-1338,-821,-0.523598,-0.77,0.0,0.0,-0.77,-991.198,100.745,0.0,-890.452,-69.162,-1269.355,0.0,-1338.517
9.2305444679223,8896,1,7,6,0.008212,0.02439,-0.776541,-0.543706,-738.159,-724.0,-1263.728,0.0,-1263,-740,-0.523598,-0.776,0.0,0.0,-0.776,-838.207,100.047,0.0,-738.159,-11.327,-1252.4,0.0,-1263.728
9.2305444679223,8901,1,7,6,0.005479,0.021551,-0.771474,-0.579937,-590.035,-677.0,-1139.114,0.0,-1139,-646,-0.628318,-0.771,0.0,0.0,-0.771,-689.53,99.495,0.0,-590.035,69.571,-1208.685,0.0,-1139.114
9.243143911007792,8906,1,7,6,0.00274,0.018412,-0.752232,-0.628547,-346.142,-508.0,-970.713,0.0,-970,-472,-0.628318,-0.752,0.0,0.0,-0.752,-445.266,99.124,0.0,-346.142,129.486,-1100.199,0.0,-970.713
9.243143911007792,8911,1,7,6,0.0,0.015042,-0.722018,-0.683989,-37.893,-313.0,-709.959,0.0,-709,-282,-0.628318,-0.722,0.0,0.0,-0.722,-136.904,99.01,0.0,-37.893,220.084,-930.044,0.0,-709.959
9.243143911007792,8916,1,7,6,-0.002741,0.011615,-0.689106,-0.686414,89.311,-215.0,-523.175,0.0,-523,-144,-0.628318,-0.689,0.0,0.0,-0.689,-9.69,99.002,0.0,89.311,243.449,-766.624,0.0,-523.175
9.254834685008973,8925,1,7,6,-0.007666,0.005877,-0.650112,-0.589846,-118.256,-185.0,-602.49,0.0,-602,-185,-0.628318,-0.65,0.0,0.0,-0.65,-216.957,98.7,0.0,-118.256,53.394,-655.885,0.0,-602.49
9.266055936925113,8930,1,7,6,-0.010393,0.003001,-0.642943,-0.56318,-188.686,-221.0,-613.659,0.0,-613,-221,-0.418879,-0.642,0.0,0.0,-0.642,-287.147,98.461,0.0,-188.686,25.85,-639.51,0.0,-613.659
9.266055936925113,8936,1,7,6,-0.013109,0.000313,-0.644327,-0.5109,-382.276,-336.0,-725.527,0.0,-725,-336,-0.418879,-0.644,0.0,0.0,-0.644,-480.335,98.059,0.0,-382.276,-37.021,-688.506,0.0,-725.527
9.27769527293276,8941,1,7,6,-0.016352,-0.00273,-0.653825,-0.485628,-507.953,-397.0,-840.984,0.0,-840,-396,-0.418879,-0.653,0.0,0.0,-0.653,-605.508,97.554,0.0,-507.953,-88.762,-752.222,0.0,-840.984
9.27769527293276,8946,1,7,6,-0.019036,-0.005201,-0.664071,-0.503222,-481.984,-415.0,-843.569,0.0,-843,-415,-0.418879,-0.664,0.0,0.0,-0.664,-579.057,97.072,0.0,-481.984,-53.587,-789.981,0.0,-843.569
9.289652917999774,8951,1,7,6,-0.021702,-0.007676,-0.673233,-0.485783,-578.312,-481.0,-928.031,0.0,-928,-469,-0.418879,-0.673,0.0,0.0,-0.673,-674.822,96.509,0.0,-578.312,-77.849,-850.181,0.0,-928.031
9.289652917999774,8956,1,7,6,-0.024346,-0.010205,-0.678773,-0.491621,-577.798,-496.0,-961.425,0.0,-961,-497,-0.418879,-0.678,0.0,0.0,-0.678,-673.746,95.948,0.0,-577.798,-65.438,-895.986,0.0,-961.425
9.289652917999774,8961,1,7,6,-0.026966,-0.012609,-0.689156,-0.467,-704.48,-589.0,-1064.504,0.0,-1064,-589,-0.418879,-0.689,0.0,0.0,-0.689,-799.762,95.282,0.0,-704.48,-92.384,-972.12,0.0,-1064.504
9.301315560005605,8966,1,7,6,-0.02956,-0.015005,-0.698653,-0.46864,-733.452,-606.0,-1141.353,0.0,-1141,-616,-0.418879,-0.698,0.0,0.0,-0.698,-828.043,94.591,0.0,-733.452,-101.961,-1039.391,0.0,-1141.353
9.301315560005605,8971,1,7,6,-0.032125,-0.01739,-0.707273,-0.476655,-736.324,-634.0,-1167.345,0.0,-1167,-634,-0.418879,-0.707,0.0,0.0,-0.707,-830.224,93.9,0.0,-736.324,-81.859,-1085.485,0.0,-1167.345
9.312600773992017,8976,1,7,6,-0.034657,-0.019827,-0.711837,-0.487442,-714.594,-680.0,-1145.212,0.0,-1145,-662,-0.418879,-0.711,0.0,0.0,-0.711,-807.821,93.226,0.0,-714.594,-27.675,-1117.537,0.0,-1145.212
9.312600773992017,8981,1,7,6,-0.037156,-0.022351,-0.710656,-0.514636,-613.034,-588.0,-1130.947,0.0,-1130,-606,-0.418879,-0.71,0.0,0.0,-0.71,-705.672,92.638,0.0,-613.034,-20.027,-1110.92,0.0,-1130.947
9.312600773992017,8986,1,7,6,-0.039618,-0.024886,-0.707134,-0.51015,-617.095,-625.0,-1107.658,0.0,-1107,-626,-0.523598,-0.707,0.0,0.0,-0.707,-709.143,92.047,0.0,-617.095,6.323,-1113.981,0.0,-1107.658
9.326647884910926,8991,1,7,6,-0.042041,-0.027491,-0.698385,-0.526398,-527.598,-570.0,-1051.873,0.0,-1051,-570,-0.523598,-0.698,0.0,0.0,-0.698,-619.15,91.552,0.0,-527.598,33.921,-1085.795,0.0,-1051.873
9.326647884910926,8996,1,7,6,-0.044422,-0.030201,-0.682586,-0.558169,-356.72,-460.0,-928.713,0.0,-928,-470,-0.523598,-0.682,0.0,0.0,-0.682,-447.9,91.179,0.0,-356.72,82.623,-1011.336,0.0,-928.713
9.337009668000974,9001,1,7,6,-0.046759,-0.032875,-0.666472,-0.522727,-426.734,-500.0,-924.505,0.0,-924,-471,-0.523598,-0.666,0.0,0.0,-0.666,-517.482,90.748,0.0,-426.734,58.612,-983.118,0.0,-924.505
9.337009668000974,9006,1,7,6,-0.049051,-0.035446,-0.653031,-0.515356,-405.294,-464.0,-903.477,0.0,-903,-482,-0.418879,-0.653,0.0,0.0,-0.653,-495.629,90.335,0.0,-405.294,46.964,-950.441,0.0,-903.477
9.348499125917442,9015,1,7,6,-0.053051,-0.039724,-0.639722,-0.465081,-539.402,-523.0,-974.256,0.0,-974,-523,-0.418879,-0.639,0.0,0.0,-0.639,-628.705,89.303,0.0,-539.402,-13.122,-961.134,0.0,-974.256
9.348499125917442,9020,1,7,6,-0.055202,-0.041881,-0.639417,-0.410442,-735.694,-632.0,-1113.314,0.0,-1113,-608,-0.418879,-0.639,0.0,0.0,-0.639,-824.312,88.617,0.0,-735.694,-82.955,-1030.358,0.0,-1113.314
9.360051737981848,9026,1,7,6,-0.057298,-0.043985,-0.639016,-0.409277,-739.135,-656.0,-1145.553,0.0,-1145,-638,-0.418879,-0.639,0.0,0.0,-0.639,-827.059,87.924,0.0,-739.135,-66.508,-1079.044,0.0,-1145.553
9.360051737981848,9031,1,7,6,-0.059738,-0.046611,-0.630061,-0.444189,-581.769,-602.0,-1051.925,0.0,-1051,-584,-0.418879,-0.63,0.0,0.0,-0.63,-669.136,87.366,0.0,-581.769,16.184,-1068.109,0.0,-1051.925
9.371155139990151,9036,1,7,6,-0.061706,-0.048917,-0.613906,-0.477421,-404.388,-495.0,-937.524,0.0,-937,-476,-0.523598,-0.613,0.0,0.0,-0.613,-491.346,86.957,0.0,-404.388,72.488,-1010.013,0.0,-937.524
9.371155139990151,9041,1,7,6,-0.063614,-0.051261,-0.592929,-0.46165,-386.041,-463.0,-903.235,0.0,-903,-441,-0.418879,-0.592,0.0,0.0,-0.592,-472.605,86.563,0.0,-386.041,61.566,-964.801,0.0,-903.235
9.382554661948234,9046,1,7,6,-0.065459,-0.053589,-0.569779,-0.470536,-271.009,-379.0,-807.092,0.0,-807,-358,-0.314159,-0.569,0.0,0.0,-0.569,-357.275,86.265,0.0,-271.009,86.392,-893.485,0.0,-807.092
9.382554661948234,9051,1,7,6,-0.06724,-0.055804,-0.548926,-0.439185,-309.132,-397.0,-786.34,0.0,-786,-392,-0.418879,-0.548,0.0,0.0,-0.548,-395.068,85.936,0.0,-309.132,70.294,-856.634,0.0,-786.34
9.394234167994,9056,1,7,6,-0.068954,-0.057919,-0.529687,-0.41129,-340.649,-388.0,-794.391,0.0,-794,-410,-0.418879,-0.529,0.0,0.0,-0.529,-426.23,85.581,0.0,-340.649,37.88,-832.272,0.0,-794.391
9.394234167994,9061,1,7,6,-0.0706,-0.059934,-0.511932,-0.378004,-396.962,-403.0,-825.031,0.0,-825,-406,-0.314159,-0.511,0.0,0.0,-0.511,-482.142,85.179,0.0,-396.962,4.829,-829.861,0.0,-825.031
9.394234167994,9066,1,7,6,-0.072176,-0.061835,-0.496373,-0.381938,-327.128,-354.0,-779.391,0.0,-779,-371,-0.418879,-0.496,0.0,0.0,-0.496,-411.964,84.836,0.0,-327.128,21.497,-800.888,0.0,-779.391
9.406251664971933,9071,1,7,6,-0.073681,-0.06371,-0.478628,-0.381297,-265.847,-342.0,-694.133,0.0,-694,-322,-0.314159,-0.478,0.0,0.0,-0.478,-350.391,84.544,0.0,-265.847,60.922,-755.055,0.0,-694.133
9.406251664971933,9076,1,7,6,-0.075114,-0.06554,-0.459553,-0.346895,-321.362,-354.0,-715.785,0.0,-715,-354,-0.314159,-0.459,0.0,0.0,-0.459,-405.568,84.206,0.0,-321.362,26.11,-741.895,0.0,-715.785
9.41748398495838,9081,1,7,6,-0.076472,-0.067222,-0.443979,-0.319049,-365.916,-371.0,-742.031,0.0,-742,-371,-0.314159,-0.443,0.0,0.0,-0.443,-449.747,83.831,0.0,-365.916,4.067,-746.098,0.0,-742.031
9.41748398495838,9086,1,7,6,-0.077755,-0.068772,-0.431143,-0.315767,-331.853,-371.0,-699.497,0.0,-699,-347,-0.314159,-0.431,0.0,0.0,-0.431,-415.352,83.499,0.0,-331.853,31.316,-730.814,0.0,-699.497
9.428837651968934,9091,1,7,6,-0.078961,-0.070253,-0.417985,-0.293439,-365.239,-368.0,-729.662,0.0,-729,-351,-0.314159,-0.417,0.0,0.0,-0.417,-448.365,83.125,0.0,-365.239,2.208,-731.87,0.0,-729.662
9.428837651968934,9096,1,7,6,-0.080089,-0.071605,-0.407201,-0.263707,-433.88,-417.0,-765.437,0.0,-765,-415,-0.209439,-0.407,0.0,0.0,-0.407,-516.576,82.695,0.0,-433.88,-13.504,-751.932,0.0,-765.437
9.440132301999256,9105,1,7,6,-0.08192,-0.073758,-0.391754,-0.230697,-498.076,-463.0,-820.812,0.0,-820,-463,-0.209439,-0.391,0.0,0.0,-0.391,-579.806,81.729,0.0,-498.076,-28.061,-792.751,0.0,-820.812
9.440132301999256,9110,1,7,6,-0.082824,-0.074854,-0.382549,-0.196202,-589.675,-526.0,-887.61,0.0,-887,-526,-0.209439,-0.382,0.0,0.0,-0.382,-670.846,81.17,0.0,-589.675,-50.94,-836.67,0.0,-887.61
9.451311699929647,9115,1,7,6,-0.083646,-0.075936,-0.370098,-0.203948,-517.465,-495.0,-861.379,0.0,-861,-495,-0.209439,-0.37,0.0,0.0,-0.37,-598.138,80.672,0.0,-517.465,-17.972,-843.406,0.0,-861.379
9.451311699929647,9121,1,7,6,-0.084386,-0.077017,-0.353729,-0.224081,-386.45,-431.0,-775.947,0.0,-775,-447,-0.209439,-0.353,0.0,0.0,-0.353,-466.732,80.282,0.0,-386.45,35.639,-811.586,0.0,-775.947
9.463111549965106,9126,1,7,6,-0.085164,-0.078375,-0.3259,-0.229136,-268.358,-367.0,-670.613,0.0,-670,-366,-0.209439,-0.325,0.0,0.0,-0.325,-348.349,79.991,0.0,-268.358,78.913,-749.527,0.0,-670.613
9.463111549965106,9131,1,7,6,-0.08572,-0.079391,-0.303806,-0.196449,-306.814,-366.0,-668.902,0.0,-668,-349,-0.209439,-0.303,0.0,0.0,-0.303,-386.484,79.669,0.0,-306.814,47.348,-716.251,0.0,-668.902
9.463111549965106,9136,1,7,6,-0.086192,-0.08027,-0.284239,-0.165701,-347.422,-398.0,-660.947,0.0,-660,-381,-0.104719,-0.284,0.0,0.0,-0.284,-426.736,79.314,0.0,-347.422,40.461,-701.409,0.0,-660.947
9.475317741977051,9141,1,7,6,-0.086578,-0.080974,-0.269,-0.128335,-427.502,-430.0,-708.954,0.0,-708,-430,-0.104719,-0.269,0.0,0.0,-0.269,-506.394,78.892,0.0,-427.502,1.998,-710.953,0.0,-708.954
9.475317741977051,9146,1,7,6,-0.086879,-0.081551,-0.255719,-0.100552,-480.175,-462.0,-743.615,0.0,-743,-462,-0.104719,-0.255,0.0,0.0,-0.255,-558.601,78.426,0.0,-480.175,-14.54,-729.075,0.0,-743.615
9.486499271937646,9151,1,7,6,-0.087094,-0.08202,-0.243534,-0.104574,-422.244,-429.0,-713.526,0.0,-713,-430,-0.104719,-0.243,0.0,0.0,-0.243,-500.253,78.009,0.0,-422.244,5.404,-718.93,0.0,-713.526
9.486499271937646,9156,1,7,6,-0.087223,-0.082498,-0.226794,-0.089755,-415.739,-446.0,-685.677,0.0,-685,-429,-0.104719,-0.226,0.0,0.0,-0.226,-493.338,77.598,0.0,-415.739,24.208,-709.885,0.0,-685.677
9.497810059925541,9161,1,7,6,-0.087266,-0.082901,-0.209508,-0.088349,-358.934,-414.0,-642.474,0.0,-642,-414,0.0,-0.209,0.0,0.0,-0.209,-436.169,77.235,0.0,-358.934,44.052,-686.526,0.0,-642.474
9.497810059925541,9166,1,7,6,-0.087223,-0.083129,-0.196511,-0.04408,-471.974,-446.0,-725.463,0.0,-725,-462,0.0,-0.196,0.0,0.0,-0.196,-548.752,76.777,0.0,-471.974,-20.779,-704.683,0.0,-725.463
9.497810059925541,9171,1,7,6,-0.087094,-0.083235,-0.185225,-0.023462,-506.054,-477.0,-745.444,0.0,-745,-494,0.0,-0.185,0.0,0.0,-0.185,-582.347,76.292,0.0,-506.054,-23.243,-722.2,0.0,-745.444
9.510090841911733,9176,1,7,6,-0.086879,-0.08322,-0.175629,0.014711,-609.484,-542.0,-816.75,0.0,-816,-542,0.0,-0.175,0.0,0.0,-0.175,-685.228,75.744,0.0,-609.484,-53.987,-762.763,0.0,-816.75
9.510090841911733,9181,1,7,6,-0.086578,-0.083195,-0.162385,0.002875,-519.692,-510.0,-771.318,0.0,-771,-510,0.0,-0.162,0.0,0.0,-0.162,-594.941,75.248,0.0,-519.692,-7.754,-763.564,0.0,-771.318
9.521828719996847,9186,1,7,6,-0.086192,-0.08319,-0.144057,-0.009142,-410.848,-446.0,-703.874,0.0,-703,-462,0.0,-0.144,0.0,0.0,-0.144,-485.692,74.843,0.0,-410.848,28.121,-731.995,0.0,-703.874
9.5331317409873,9195,1,7,6,-0.085282,-0.08319,-0.100443,0.012644,-332.96,-398.0,-601.915,0.0,-601,-398,0.0,-0.1,0.0,0.0,-0.1,-407.116,74.156,0.0,-332.96,52.031,-653.947,0.0,-601.915
9.5331317409873,9200,1,7,6,-0.084659,-0.083117,-0.074021,0.035393,-320.064,-381.0,-577.651,0.0,-577,-381,0.0,-0.074,0.0,0.0,-0.074,-393.892,73.827,0.0,-320.064,48.748,-626.4,0.0,-577.651
9.5331317409873,9205,1,7,6,-0.083952,-0.083052,-0.043211,0.017619,-145.343,-286.0,-436.165,0.0,-436,-286,0.0,-0.043,0.0,0.0,-0.043,-218.988,73.645,0.0,-145.343,112.525,-548.69,0.0,-436.165
9.5457879609894,9211,1,7,6,-0.083163,-0.082962,-0.009616,-0.010906,78.291,-125.0,-258.286,0.0,-258,-125,0.0,-0.009,0.0,0.0,-0.009,4.642,73.649,0.0,78.291,162.633,-420.919,0.0,-258.286
9.5457879609894,9216,1,7,6,-0.082107,-0.082785,0.032536,0.03757,55.513,-93.0,-220.391,0.0,-220,-94,0.0,0.032,0.0,0.0,0.032,-18.12,73.634,0.0,55.513,118.81,-339.202,0.0,-220.391
9.55723194393795,9221,1,7,6,-0.081138,-0.082422,0.061625,0.102519,-73.709,-125.0,-276.48,0.0,-276,-142,0.0,0.061,0.0,0.0,0.061,-147.22,73.511,0.0,-73.709,41.032,-317.513,0.0,-276.48
9.55723194393795,9226,1,7,6,-0.080089,-0.081975,0.09054,0.089094,78.719,-13.0,-167.572,0.0,-167,-45,0.0,0.09,0.0,0.0,0.09,5.203,73.515,0.0,78.719,73.375,-240.948,0.0,-167.572
9.568229498923756,9231,1,7,6,-0.07896,-0.081456,0.119783,0.089198,183.714,49.0,-40.231,0.0,-40,50,0.0,0.119,0.0,0.0,0.119,110.107,73.607,0.0,183.714,107.771,-148.003,0.0,-40.231
9.568229498923756,9236,1,7,6,-0.077754,-0.080834,0.14782,0.119027,177.348,49.0,18.722,0.0,18,66,0.0,0.147,0.0,0.0,0.147,103.654,73.693,0.0,177.348,102.678,-83.956,0.0,18.722
9.568229498923756,9241,1,7,6,-0.076472,-0.080114,0.174846,0.140857,196.156,81.0,67.884,0.0,67,98,0.0,0.174,0.0,0.0,0.174,122.36,73.795,0.0,196.156,92.125,-24.24,0.0,67.884
9.579686790937558,9246,1,7,6,-0.075113,-0.079319,0.201882,0.141901,289.908,178.0,140.916,0.0,140,178,0.0,0.201,0.0,0.0,0.201,215.932,73.975,0.0,289.908,89.526,51.39,0.0,140.916
9.579686790937558,9251,1,7,6,-0.073681,-0.078488,0.230759,0.175593,272.736,177.0,178.226,0.0,178,194,0.0,0.23,0.0,0.0,0.23,198.595,74.141,0.0,272.736,76.589,101.637,0.0,178.226
9.590840220917016,9256,1,7,6,-0.072176,-0.077634,0.261985,0.173439,393.171,290.0,257.944,0.0,257,291,0.0,0.261,0.0,0.0,0.261,318.764,74.407,0.0,393.171,82.537,175.407,0.0,257.944
9.590840220917016,9261,1,7,6,-0.070599,-0.07683,0.299068,0.158783,579.855,386.0,443.363,0.0,443,435,0.0,0.299,0.0,0.0,0.299,505.027,74.827,0.0,579.855,155.084,288.279,0.0,443.363
9.602423890959471,9266,1,7,6,-0.068953,-0.076139,0.344923,0.123875,871.236,594.0,676.158,0.0,676,611,0.0,0.344,0.0,0.0,0.344,795.771,75.464,0.0,871.236,221.788,454.369,0.0,676.158
9.602423890959471,9271,1,7,6,-0.067239,-0.07538,0.390737,0.163763,893.249,676.0,754.241,0.0,754,675,0.104719,0.39,0.0,0.0,0.39,817.104,76.145,0.0,893.249,173.799,580.442,0.0,754.241
9.614707517903298,9276,1,7,6,-0.065459,-0.074441,0.431159,0.225767,816.173,676.0,767.573,0.0,767,680,0.104719,0.431,0.0,0.0,0.431,739.412,76.761,0.0,816.173,112.138,655.434,0.0,767.573
9.614707517903298,9281,1,7,6,-0.063614,-0.073367,0.468173,0.218307,977.028,807.0,907.024,0.0,907,771,0.209439,0.468,0.0,0.0,0.468,899.517,77.511,0.0,977.028,136.023,771.001,0.0,907.024
9.62633219291456,9290,1,7,6,-0.060136,-0.071038,0.523289,0.2794,957.046,824.0,1049.143,0.0,1049,824,0.209439,0.523,0.0,0.0,0.523,877.999,79.047,0.0,957.046,106.437,942.705,0.0,1049.143
9.62633219291456,9295,1,7,6,-0.05812,-0.06937,0.539999,0.342556,790.432,760.0,969.352,0.0,969,760,0.314159,0.539,0.0,0.0,0.539,710.794,79.638,0.0,790.432,24.346,945.006,0.0,969.352
9.63761362992227,9301,1,7,6,-0.056046,-0.067445,0.547139,0.428078,508.615,634.0,769.744,0.0,769,599,0.418879,0.547,0.0,0.0,0.547,428.618,79.997,0.0,508.615,-100.307,870.051,0.0,769.744
9.63761362992227,9306,1,7,6,-0.053486,-0.064768,0.541556,0.453281,398.05,508.0,708.482,0.0,708,542,0.418879,0.541,0.0,0.0,0.541,317.788,80.262,0.0,398.05,-87.959,796.442,0.0,708.482
9.63761362992227,9311,1,7,6,-0.051293,-0.062325,0.529536,0.476705,270.611,428.0,571.526,0.0,571,432,0.418879,0.529,0.0,0.0,0.529,190.19,80.42,0.0,270.611,-125.911,697.437,0.0,571.526
9.64969051501248,9316,1,7,6,-0.04905,-0.059824,0.517117,0.506366,119.158,321.0,418.851,0.0,418,295,0.418879,0.517,0.0,0.0,0.517,38.705,80.452,0.0,119.158,-161.473,580.325,0.0,418.851
9.64969051501248,9321,1,7,6,-0.046759,-0.057313,0.506573,0.511616,62.283,232.0,342.035,0.0,342,233,0.314159,0.506,0.0,0.0,0.506,-18.154,80.437,0.0,62.283,-135.773,477.809,0.0,342.035
9.661540874978527,9326,1,7,6,-0.044422,-0.054874,0.501706,0.47958,160.158,262.0,350.807,0.0,350,250,0.314159,0.501,0.0,0.0,0.501,79.654,80.504,0.0,160.158,-81.473,432.28,0.0,350.807
9.661540874978527,9331,1,7,6,-0.04204,-0.052585,0.50612,0.420646,388.469,384.0,465.93,0.0,465,347,0.314159,0.506,0.0,0.0,0.506,307.709,80.76,0.0,388.469,3.575,462.354,0.0,465.93
9.673554916982539,9336,1,7,6,-0.039618,-0.050393,0.517231,0.448638,327.901,352.0,434.136,0.0,434,339,0.418879,0.517,0.0,0.0,0.517,246.934,80.966,0.0,327.901,-19.279,453.415,0.0,434.136
9.673554916982539,9341,1,7,6,-0.037156,-0.048207,0.530467,0.442372,398.373,388.0,482.048,0.0,482,394,0.209439,0.53,0.0,0.0,0.53,317.142,81.23,0.0,398.373,8.298,473.749,0.0,482.048
9.673554916982539,9346,1,7,6,-0.034657,-0.046049,0.546837,0.420869,535.092,454.0,591.428,0.0,591,460,0.314159,0.546,0.0,0.0,0.546,453.483,81.608,0.0,535.092,64.874,526.554,0.0,591.428
9.684956110897474,9351,1,7,6,-0.032124,-0.043833,0.56201,0.447388,494.59,442.0,589.058,0.0,589,466,0.209439,0.562,0.0,0.0,0.562,412.638,81.952,0.0,494.59,42.072,546.986,0.0,589.058
9.684956110897474,9356,1,7,6,-0.02956,-0.041638,0.579728,0.438663,590.189,515.0,654.72,0.0,654,504,0.314159,0.579,0.0,0.0,0.579,507.831,82.358,0.0,590.189,60.151,594.569,0.0,654.72
9.696451675961725,9361,1,7,6,-0.026966,-0.039496,0.601436,0.420543,734.115,624.0,764.993,0.0,764,588,0.314159,0.601,0.0,0.0,0.601,651.213,82.901,0.0,734.115,88.091,676.901,0.0,764.993
9.696451675961725,9366,1,7,6,-0.024346,-0.03744,0.628508,0.412703,860.447,690.0,919.256,0.0,919,698,0.209439,0.628,0.0,0.0,0.628,776.898,83.548,0.0,860.447,136.357,782.899,0.0,919.256
9.708059980999678,9371,1,7,6,-0.021702,-0.035335,0.654401,0.428347,898.022,760.0,976.371,0.0,976,760,0.418879,0.654,0.0,0.0,0.654,813.795,84.226,0.0,898.022,110.417,865.953,0.0,976.371
9.719979416928254,9380,1,7,6,-0.01689,-0.031113,0.682718,0.513105,695.961,666.0,933.95,0.0,933,666,0.418879,0.682,0.0,0.0,0.682,610.608,85.353,0.0,695.961,23.969,909.981,0.0,933.95
9.719979416928254,9385,1,7,6,-0.014192,-0.028331,0.678683,0.588435,410.516,546.0,723.193,0.0,723,546,0.523598,0.678,0.0,0.0,0.678,324.892,85.624,0.0,410.516,-108.386,831.58,0.0,723.193
9.719979416928254,9391,1,7,6,-0.011481,-0.02533,0.664778,0.624946,229.14,398.0,584.284,0.0,584,407,0.523598,0.664,0.0,0.0,0.664,143.396,85.744,0.0,229.14,-135.087,719.371,0.0,584.284
9.730649507953785,9396,1,7,6,-0.008212,-0.021573,0.641321,0.630495,124.748,325.0,448.417,0.0,448,325,0.418879,0.641,0.0,0.0,0.641,38.972,85.776,0.0,124.748,-160.201,608.618,0.0,448.417
9.730649507953785,9401,1,7,6,-0.005479,-0.018505,0.625274,0.592415,204.167,354.0,424.415,0.0,424,314,0.418879,0.625,0.0,0.0,0.625,118.292,85.875,0.0,204.167,-119.865,544.281,0.0,424.415
9.741529916995205,9406,1,7,6,-0.00274,-0.0157,0.622061,0.534371,401.823,419.0,539.037,0.0,539,390,0.418879,0.622,0.0,0.0,0.622,315.685,86.138,0.0,401.823,-13.74,552.778,0.0,539.037
9.741529916995205,9411,1,7,6,0.0,-0.013127,0.630127,0.483348,614.981,529.0,688.477,0.0,688,529,0.314159,0.63,0.0,0.0,0.63,528.403,86.578,0.0,614.981,68.785,619.692,0.0,688.477
9.75359735393431,9416,1,7,6,0.002741,-0.010794,0.649711,0.433678,864.943,716.0,859.816,0.0,859,680,0.314159,0.649,0.0,0.0,0.649,777.717,87.226,0.0,864.943,119.155,740.661,0.0,859.816
9.75359735393431,9421,1,7,6,0.005479,-0.008587,0.675229,0.42343,994.457,781.0,1036.831,0.0,1036,793,0.314159,0.675,0.0,0.0,0.675,906.475,87.981,0.0,994.457,170.766,866.065,0.0,1036.831
9.75359735393431,9426,1,7,6,0.008212,-0.006382,0.70058,0.446117,1004.814,822.0,1104.4,0.0,1104,822,0.314159,0.7,0.0,0.0,0.7,916.068,88.745,0.0,1004.814,146.251,958.148,0.0,1104.4
9.765388975967653,9431,1,7,6,0.010937,-0.00405,0.719415,0.480524,949.47,821.0,1119.826,0.0,1119,864,0.314159,0.719,0.0,0.0,0.719,860.008,89.462,0.0,949.47,102.776,1017.05,0.0,1119.826
9.765388975967653,9436,1,7,6,0.013651,-0.001681,0.735974,0.486184,989.456,883.0,1156.403,0.0,1156,882,0.314159,0.735,0.0,0.0,0.735,899.245,90.211,0.0,989.456,85.165,1071.238,0.0,1156.403
9.776092340936884,9441,1,7,6,0.016352,0.000773,0.747771,0.494626,1002.293,906.0,1201.066,0.0,1201,924,0.418879,0.747,0.0,0.0,0.747,911.322,90.97,0.0,1002.293,77.034,1124.032,0.0,1201.066
9.776092340936884,9446,1,7,6,0.019036,0.003309,0.754913,0.508165,980.003,919.0,1203.953,0.0,1203,900,0.418879,0.754,0.0,0.0,0.754,888.292,91.711,0.0,980.003,48.802,1155.15,0.0,1203.953
9.787040101946332,9451,1,7,6,0.021702,0.005965,0.755361,0.532322,895.294,861.0,1185.293,0.0,1185,878,0.523598,0.755,0.0,0.0,0.755,802.941,92.353,0.0,895.294,27.435,1157.857,0.0,1185.293
9.787040101946332,9456,1,7,6,0.024346,0.008733,0.749446,0.567754,746.989,775.0,1094.029,0.0,1094,803,0.418879,0.749,0.0,0.0,0.749,654.09,92.898,0.0,746.989,-22.408,1116.437,0.0,1094.029
9.787040101946332,9461,1,7,6,0.026966,0.011639,0.73572,0.595481,598.179,702.0,960.27,0.0,960,687,0.523598,0.735,0.0,0.0,0.735,504.86,93.319,0.0,598.179,-83.056,1043.326,0.0,960.27
9.799903902923688,9470,1,7,6,0.031614,0.017101,0.696637,0.60902,409.249,552.0,735.134,0.0,735,552,0.418879,0.696,0.0,0.0,0.696,315.419,93.83,0.0,409.249,-114.2,849.335,0.0,735.134
9.811141558922827,9475,1,7,6,0.034153,0.020064,0.676307,0.577503,449.822,531.0,744.586,0.0,744,531,0.418879,0.676,0.0,0.0,0.676,355.696,94.126,0.0,449.822,-64.941,809.528,0.0,744.586
9.811141558922827,9480,1,7,6,0.036659,0.022921,0.65941,0.564943,434.49,530.0,686.493,0.0,686,530,0.418879,0.659,0.0,0.0,0.659,340.08,94.41,0.0,434.49,-76.407,762.9,0.0,686.493
9.823735224897973,9486,1,7,6,0.039129,0.025745,0.642397,0.537143,473.643,531.0,693.28,0.0,693,530,0.314159,0.642,0.0,0.0,0.642,378.916,94.726,0.0,473.643,-45.885,739.166,0.0,693.28
9.823735224897973,9491,1,7,6,0.042041,0.029006,0.625679,0.50519,528.849,529.0,736.878,0.0,736,560,0.418879,0.625,0.0,0.0,0.625,433.76,95.088,0.0,528.849,-0.12,736.999,0.0,736.878
9.823735224897973,9496,1,7,6,0.044422,0.031555,0.617608,0.497213,528.874,529.0,729.464,0.0,729,560,0.314159,0.617,0.0,0.0,0.617,433.424,95.449,0.0,528.874,-0.1,729.565,0.0,729.464
9.835171939921565,9501,1,7,6,0.046759,0.033964,0.614155,0.476986,589.671,607.0,725.755,0.0,725,575,0.209439,0.614,0.0,0.0,0.614,493.81,95.861,0.0,589.671,-13.862,739.618,0.0,725.755
9.835171939921565,9506,1,7,6,0.049051,0.036216,0.616083,0.427831,774.135,703.0,862.278,0.0,862,655,0.314159,0.616,0.0,0.0,0.616,677.709,96.425,0.0,774.135,56.908,805.37,0.0,862.278
9.84635495999828,9511,1,7,6,0.051294,0.038256,0.625805,0.38797,953.344,832.0,1005.626,0.0,1005,816,0.209439,0.625,0.0,0.0,0.625,856.205,97.139,0.0,953.344,97.075,908.55,0.0,1005.626
9.84635495999828,9516,1,7,6,0.053486,0.040198,0.637796,0.387794,997.896,848.0,1112.395,0.0,1112,847,0.209439,0.637,0.0,0.0,0.637,900.007,97.889,0.0,997.896,119.917,992.477,0.0,1112.395
9.85835989098996,9521,1,7,6,0.055625,0.042168,0.645934,0.417588,920.621,832.0,1102.594,0.0,1102,848,0.314159,0.645,0.0,0.0,0.645,822.046,98.574,0.0,920.621,70.896,1031.697,0.0,1102.594
9.85835989098996,9526,1,7,6,0.05771,0.044179,0.649468,0.415198,942.649,879.0,1126.083,0.0,1126,895,0.209439,0.649,0.0,0.0,0.649,843.372,99.277,0.0,942.649,50.919,1075.163,0.0,1126.083
9.85835989098996,9531,1,7,6,0.059738,0.0463,0.644987,0.425755,889.169,864.0,1104.342,0.0,1104,864,0.314159,0.644,0.0,0.0,0.644,789.234,99.934,0.0,889.169,20.135,1084.206,0.0,1104.342
9.870187628897838,9536,1,7,6,0.061706,0.048426,0.637478,0.428815,851.748,849.0,1085.974,0.0,1085,849,0.209439,0.637,0.0,0.0,0.637,751.187,100.56,0.0,851.748,2.198,1083.775,0.0,1085.974
9.870187628897838,9541,1,7,6,0.063614,0.050635,0.622997,0.443445,747.464,771.0,1037.466,0.0,1037,787,0.314159,0.622,0.0,0.0,0.622,646.386,101.077,0.0,747.464,-18.828,1056.295,0.0,1037.466
9.881152670946904,9546,1,7,6,0.065459,0.052816,0.606865,0.420266,773.392,819.0,1004.126,0.0,1004,772,0.314159,0.606,0.0,0.0,0.606,671.754,101.637,0.0,773.392,-36.486,1040.612,0.0,1004.126
9.881152670946904,9551,1,7,6,0.06724,0.054969,0.588994,0.419316,712.986,757.0,975.795,0.0,975,773,0.209439,0.588,0.0,0.0,0.588,610.839,102.146,0.0,712.986,-35.21,1011.005,0.0,975.795
9.892584602930583,9560,1,7,6,0.070276,0.058634,0.55883,0.366588,795.305,793.0,992.519,0.0,992,793,0.209439,0.558,0.0,0.0,0.558,692.072,103.233,0.0,795.305,1.844,990.674,0.0,992.519
9.892584602930583,9565,1,7,6,0.071866,0.060568,0.542321,0.376424,700.958,731.0,946.541,0.0,946,731,0.209439,0.542,0.0,0.0,0.542,597.227,103.73,0.0,700.958,-24.033,970.574,0.0,946.541
9.904942368972115,9570,1,7,6,0.073386,0.062419,0.526394,0.355432,719.706,750.0,934.16,0.0,934,750,0.314159,0.526,0.0,0.0,0.526,615.462,104.243,0.0,719.706,-24.235,958.395,0.0,934.16
9.904942368972115,9576,1,7,6,0.074833,0.064226,0.509144,0.346342,690.82,731.0,910.189,0.0,910,718,0.209439,0.509,0.0,0.0,0.509,586.087,104.733,0.0,690.82,-32.143,942.332,0.0,910.189
9.916039609001018,9581,1,7,6,0.076472,0.066182,0.493927,0.324528,715.076,768.0,891.53,0.0,891,705,0.209439,0.493,0.0,0.0,0.493,609.834,105.242,0.0,715.076,-42.339,933.869,0.0,891.53
9.916039609001018,9586,1,7,6,0.077755,0.067809,0.477413,0.311153,704.278,754.0,881.691,0.0,881,723,0.209439,0.477,0.0,0.0,0.477,598.537,105.74,0.0,704.278,-39.777,921.468,0.0,881.691
9.927209561923519,9591,1,7,6,0.078961,0.069337,0.461912,0.299659,690.341,704.0,899.495,0.0,899,675,0.104719,0.461,0.0,0.0,0.461,584.113,106.227,0.0,690.341,-10.927,910.422,0.0,899.495
9.927209561923519,9596,1,7,6,0.080089,0.070786,0.446516,0.293164,658.755,691.0,869.2,0.0,869,710,0.209439,0.446,0.0,0.0,0.446,552.067,106.687,0.0,658.755,-25.795,894.996,0.0,869.2
9.938642197987065,9601,1,7,6,0.081138,0.07212,0.432878,0.276417,670.413,678.0,877.642,0.0,877,711,0.209439,0.432,0.0,0.0,0.432,563.256,107.157,0.0,670.413,-6.068,883.711,0.0,877.642
9.938642197987065,9606,1,7,6,0.082107,0.07329,0.423192,0.229599,804.669,763.0,951.823,0.0,951,782,0.104719,0.423,0.0,0.0,0.423,696.931,107.737,0.0,804.669,33.335,918.487,0.0,951.823
9.938642197987065,9611,1,7,6,0.082995,0.074315,0.416622,0.190804,921.359,800.0,1070.503,0.0,1070,843,0.0,0.416,0.0,0.0,0.416,812.944,108.415,0.0,921.359,97.087,973.415,0.0,1070.503
9.949944924912415,9616,1,7,6,0.083801,0.07529,0.408541,0.188104,902.647,867.0,1030.733,0.0,1030,821,0.0,0.408,0.0,0.0,0.408,793.57,109.076,0.0,902.647,28.517,1002.215,0.0,1030.733
9.949944924912415,9621,1,7,6,0.084524,0.0761,0.40438,0.165507,969.737,901.0,1105.0,0.0,1105,919,0.0,0.404,0.0,0.0,0.404,859.944,109.793,0.0,969.737,54.99,1050.01,0.0,1105.0
9.961227071005851,9626,1,7,6,0.085164,0.076877,0.397809,0.133536,1061.968,956.0,1191.143,0.0,1191,951,0.0,0.397,0.0,0.0,0.397,951.382,110.586,0.0,1061.968,84.774,1106.369,0.0,1191.143
9.961227071005851,9631,1,7,6,0.08572,0.077612,0.389193,0.147084,982.875,939.0,1157.856,0.0,1157,956,0.0,0.389,0.0,0.0,0.389,871.592,111.283,0.0,982.875,35.1,1122.756,0.0,1157.856
9.97264454991091,9636,1,7,6,0.086192,0.078232,0.382057,0.107368,1100.987,1020.0,1240.58,0.0,1240,1033,0.0,0.382,0.0,0.0,0.382,988.88,112.107,0.0,1100.987,64.789,1175.79,0.0,1240.58
9.97264454991091,9641,1,7,6,0.086578,0.078799,0.373399,0.100325,1095.994,1040.0,1249.706,0.0,1249,1029,0.0,0.373,0.0,0.0,0.373,983.068,112.926,0.0,1095.994,44.795,1204.91,0.0,1249.706
9.984521948965266,9646,1,7,6,0.086879,0.079321,0.362755,0.093031,1084.739,1053.0,1251.624,0.0,1251,1041,0.0,0.362,0.0,0.0,0.362,971.003,113.735,0.0,1084.739,25.391,1226.233,0.0,1251.624
9.984521948965266,9655,1,7,6,0.087204,0.080171,0.337594,0.088058,1013.641,1017.0,1230.64,0.0,1230,1017,0.0,0.337,0.0,0.0,0.337,898.329,115.311,0.0,1013.641,-2.686,1233.327,0.0,1230.64
9.99572060490027,9660,1,7,6,0.087264,0.08056,0.321792,0.077952,993.868,1017.0,1203.343,0.0,1203,1017,0.0,0.321,0.0,0.0,0.321,877.824,116.043,0.0,993.868,-18.505,1221.849,0.0,1203.343
9.99572060490027,9666,1,7,6,0.087238,0.08086,0.306158,0.056254,1016.448,1046.0,1197.594,0.0,1197,1029,0.0,0.306,0.0,0.0,0.306,899.652,116.796,0.0,1016.448,-23.641,1221.235,0.0,1197.594
10.0070256969193,9671,1,7,6,0.087094,0.081134,0.286076,0.031998,1032.24,1017.0,1234.775,0.0,1234,1046,0.0,0.286,0.0,0.0,0.286,914.682,117.558,0.0,1032.24,12.192,1222.583,0.0,1234.775
10.0070256969193,9676,1,7,6,0.086879,0.081296,0.267969,0.037348,948.487,980.0,1167.18,0.0,1167,1003,0.0,0.267,0.0,0.0,0.267,830.237,118.25,0.0,948.487,-25.21,1192.39,0.0,1167.18
10.018214210984297,9681,1,7,6,0.086578,0.081342,0.25134,0.016268,965.214,997.0,1151.571,0.0,1151,991,0.0,0.251,0.0,0.0,0.251,846.259,118.955,0.0,965.214,-25.428,1176.999,0.0,1151.571
10.018214210984297,9686,1,7,6,0.086192,0.081346,0.232611,-0.014315,1008.631,1009.0,1177.851,0.0,1177,1017,0.0,0.232,0.0,0.0,0.232,888.935,119.696,0.0,1008.631,-0.294,1178.146,0.0,1177.851
10.029489811975509,9691,1,7,6,0.08572,0.081318,0.211322,-0.019274,950.535,980.0,1135.531,0.0,1135,974,0.0,0.211,0.0,0.0,0.211,830.147,120.387,0.0,950.535,-23.571,1159.103,0.0,1135.531
10.029489811975509,9696,1,7,6,0.085164,0.081282,0.186324,-0.005136,810.222,907.0,1021.702,0.0,1021,901,0.0,0.186,0.0,0.0,0.186,689.26,120.962,0.0,810.222,-77.421,1099.124,0.0,1021.702
10.029489811975509,9701,1,7,6,0.084524,0.081265,0.156466,0.00652,661.215,792.0,909.131,0.0,909,803,0.0,0.156,0.0,0.0,0.156,539.803,121.411,0.0,661.215,-104.627,1013.759,0.0,909.131
10.040924235945567,9706,1,7,6,0.083801,0.081184,0.125634,-0.034946,699.983,762.0,919.454,0.0,919,803,0.0,0.125,0.0,0.0,0.125,578.089,121.893,0.0,699.983,-49.613,969.067,0.0,919.454
10.040924235945567,9711,1,7,6,0.082995,0.081042,0.093717,-0.03448,583.789,690.0,807.786,0.0,807,696,0.0,0.093,0.0,0.0,0.093,461.511,122.278,0.0,583.789,-84.968,892.754,0.0,807.786
10.052202127990313,9716,1,7,6,0.082107,0.080903,0.057798,-0.018724,397.99,592.0,619.99,0.0,619,557,0.0,0.057,0.0,0.0,0.057,275.482,122.507,0.0,397.99,-155.207,775.198,0.0,619.99
10.052202127990313,9721,1,7,6,0.081138,0.080723,0.019888,-0.033749,315.764,490.0,529.866,0.0,529,508,0.0,0.019,0.0,0.0,0.019,193.096,122.668,0.0,315.764,-139.388,669.254,0.0,529.866
10.064217019942589,9726,1,7,6,0.080089,0.080462,-0.017921,-0.058161,267.648,436.0,439.525,0.0,439,423,0.0,-0.017,0.0,0.0,-0.017,144.864,122.784,0.0,267.648,-134.68,574.205,0.0,439.525
10.064217019942589,9731,1,7,6,0.07896,0.080132,-0.056253,-0.077387,198.931,388.0,322.276,0.0,322,356,0.0,-0.056,0.0,0.0,-0.056,76.083,122.848,0.0,198.931,-151.254,473.531,0.0,322.276
10.064217019942589,9736,1,7,6,0.077754,0.079732,-0.094934,-0.098092,134.227,285.0,257.998,0.0,257,285,0.0,-0.094,0.0,0.0,-0.094,11.37,122.857,0.0,134.227,-120.617,378.616,0.0,257.998
10.076125638908707,9745,1,7,6,0.075391,0.078847,-0.165888,-0.11477,-61.392,122.0,10.936,0.0,10,122,-0.104719,-0.165,0.0,0.0,-0.165,-184.023,122.631,0.0,-61.392,-146.713,157.65,0.0,10.936
10.08733783394564,9750,1,7,6,0.073973,0.07823,-0.204311,-0.139191,-111.997,55.0,-73.067,0.0,-73,55,0.0,-0.204,0.0,0.0,-0.204,-234.433,122.436,0.0,-111.997,-133.597,60.53,0.0,-73.067
10.08733783394564,9756,1,7,6,0.072482,0.077508,-0.241224,-0.164043,-155.646,13.0,-160.531,0.0,-160,-31,-0.209439,-0.241,0.0,0.0,-0.241,-277.849,122.203,0.0,-155.646,-134.917,-25.614,0.0,-160.531
10.099258700967766,9761,1,7,6,0.070599,0.076547,-0.285483,-0.189368,-224.096,-98.0,-213.913,0.0,-213,-85,-0.209439,-0.285,0.0,0.0,-0.285,-346.011,121.915,0.0,-224.096,-100.876,-113.036,0.0,-213.913
10.099258700967766,9766,1,7,6,0.068954,0.075793,-0.32831,-0.144419,-540.645,-297.0,-472.856,0.0,-472,-314,-0.104719,-0.328,0.0,0.0,-0.328,-662.009,121.363,0.0,-540.645,-194.916,-277.94,0.0,-472.856
10.099258700967766,9771,1,7,6,0.067239,0.075045,-0.374648,-0.135755,-739.367,-429.0,-702.427,0.0,-702,-459,-0.104719,-0.374,0.0,0.0,-0.374,-860.014,120.646,0.0,-739.367,-248.294,-454.132,0.0,-702.427
10.11091970000416,9776,1,7,6,0.065459,0.07419,-0.419099,-0.167978,-784.141,-543.0,-791.229,0.0,-791,-543,-0.104719,-0.419,0.0,0.0,-0.419,-904.035,119.893,0.0,-784.141,-192.913,-598.316,0.0,-791.229
10.11091970000416,9781,1,7,6,0.063614,0.073351,-0.467378,-0.179195,-918.43,-678.0,-943.983,0.0,-943,-660,-0.209439,-0.467,0.0,0.0,-0.467,-1037.459,119.029,0.0,-918.43,-192.344,-751.639,0.0,-943.983
10.122305439901538,9786,1,7,6,0.061706,0.072449,-0.515687,-0.197618,-1026.971,-789.0,-1095.257,0.0,-1095,-775,-0.209439,-0.515,0.0,0.0,-0.515,-1145.046,118.074,0.0,-1026.971,-190.377,-904.88,0.0,-1095.257
10.122305439901538,9791,1,7,6,0.059737,0.07145,-0.562197,-0.215474,-1131.167,-873.0,-1261.978,0.0,-1261,-903,-0.209439,-0.562,0.0,0.0,-0.562,-1248.202,117.034,0.0,-1131.167,-206.534,-1055.444,0.0,-1261.978
10.134212554898113,9796,1,7,6,0.05771,0.070356,-0.60702,-0.244396,-1189.501,-965.0,-1367.566,0.0,-1367,-965,-0.209439,-0.607,0.0,0.0,-0.607,-1305.448,115.946,0.0,-1189.501,-179.601,-1187.965,0.0,-1367.566
10.134212554898113,9801,1,7,6,0.055625,0.069079,-0.645764,-0.269901,-1238.287,-1045.0,-1464.332,0.0,-1464,-1045,-0.314159,-0.645,0.0,0.0,-0.645,-1353.106,114.819,0.0,-1238.287,-154.629,-1309.702,0.0,-1464.332
10.134212554898113,9806,1,7,6,0.053485,0.067464,-0.670965,-0.361382,-1000.607,-957.0,-1357.511,0.0,-1357,-961,-0.418879,-0.67,0.0,0.0,-0.67,-1114.497,113.89,0.0,-1000.607,-34.885,-1322.625,0.0,-1357.511
10.14604522800073,9811,1,7,6,0.051293,0.065511,-0.682468,-0.408008,-874.988,-873.0,-1313.791,0.0,-1313,-860,-0.418879,-0.682,0.0,0.0,-0.682,-988.055,113.067,0.0,-874.988,-1.59,-1312.201,0.0,-1313.791
10.14604522800073,9816,1,7,6,0.04905,0.063129,-0.67575,-0.494476,-540.04,-696.0,-1085.672,0.0,-1085,-678,-0.523598,-0.675,0.0,0.0,-0.675,-652.585,112.545,0.0,-540.04,124.767,-1210.44,0.0,-1085.672
10.158157850964926,9821,1,7,6,0.046759,0.060451,-0.657238,-0.543784,-296.229,-518.0,-889.814,0.0,-889,-497,-0.523598,-0.657,0.0,0.0,-0.657,-408.433,112.204,0.0,-296.229,177.416,-1067.231,0.0,-889.814
10.158157850964926,9826,1,7,6,0.044421,0.057435,-0.624667,-0.599218,20.513,-302.0,-610.343,0.0,-610,-272,-0.523598,-0.624,0.0,0.0,-0.624,-91.615,112.128,0.0,20.513,258.01,-868.353,0.0,-610.343
10.170005777967162,9835,1,7,6,0.040105,0.051801,-0.561384,-0.607834,279.621,1.0,-263.583,0.0,-263,1,-0.523598,-0.561,0.0,0.0,-0.561,167.22,112.4,0.0,279.621,222.897,-486.481,0.0,-263.583
10.170005777967162,9840,1,7,6,0.037651,0.048868,-0.538419,-0.550369,155.456,2.0,-281.726,0.0,-281,2,-0.523598,-0.538,0.0,0.0,-0.538,43.02,112.436,0.0,155.456,122.765,-404.492,0.0,-281.726
10.181391626945697,9845,1,7,6,0.035159,0.046138,-0.526986,-0.515117,69.67,1.0,-310.418,0.0,-310,1,-0.418879,-0.526,0.0,0.0,-0.526,-42.73,112.401,0.0,69.67,54.936,-365.354,0.0,-310.418
10.181391626945697,9851,1,7,6,0.032633,0.043654,-0.528992,-0.470118,-99.724,-94.0,-385.174,0.0,-385,-78,-0.418879,-0.528,0.0,0.0,-0.528,-211.948,112.223,0.0,-99.724,-4.579,-380.594,0.0,-385.174
10.192774603958242,9856,1,7,6,0.02956,0.040906,-0.54459,-0.432687,-290.961,-221.0,-499.237,0.0,-499,-175,-0.314159,-0.544,0.0,0.0,-0.544,-402.849,111.888,0.0,-290.961,-55.968,-443.268,0.0,-499.237
10.192774603958242,9861,1,7,6,0.026966,0.038826,-0.569296,-0.38895,-537.898,-350.0,-713.584,0.0,-713,-349,-0.314159,-0.569,0.0,0.0,-0.569,-649.245,111.347,0.0,-537.898,-150.318,-563.265,0.0,-713.584
10.192774603958242,9866,1,7,6,0.024346,0.036852,-0.60032,-0.366894,-729.688,-477.0,-909.424,0.0,-909,-494,-0.314159,-0.6,0.0,0.0,-0.6,-840.334,110.646,0.0,-729.688,-202.15,-707.274,0.0,-909.424
10.204893421963789,9871,1,7,6,0.021702,0.034914,-0.634177,-0.389386,-771.332,-590.0,-963.92,0.0,-963,-557,-0.314159,-0.634,0.0,0.0,-0.634,-881.244,109.912,0.0,-771.332,-145.065,-818.854,0.0,-963.92
10.204893421963789,9876,1,7,6,0.019036,0.033018,-0.671135,-0.381036,-935.312,-717.0,-1133.685,0.0,-1133,-720,-0.314159,-0.671,0.0,0.0,-0.671,-1044.354,109.042,0.0,-935.312,-174.65,-959.035,0.0,-1133.685
10.216391626978293,9881,1,7,6,0.016351,0.031186,-0.712047,-0.352189,-1187.523,-895.0,-1380.194,0.0,-1380,-897,-0.418879,-0.712,0.0,0.0,-0.712,-1295.486,107.962,0.0,-1187.523,-234.019,-1146.175,0.0,-1380.194
10.216391626978293,9886,1,7,6,0.013651,0.029269,-0.749682,-0.40483,-1134.539,-897.0,-1453.263,0.0,-1453,-930,-0.418879,-0.749,0.0,0.0,-0.749,-1241.467,106.927,0.0,-1134.539,-190.031,-1263.232,0.0,-1453.263
10.227720145951025,9891,1,7,6,0.010937,0.027133,-0.777415,-0.444225,-1093.558,-916.0,-1488.799,0.0,-1488,-916,-0.523598,-0.777,0.0,0.0,-0.777,-1199.487,105.928,0.0,-1093.558,-142.046,-1346.752,0.0,-1488.799
10.227720145951025,9896,1,7,6,0.008212,0.024642,-0.788641,-0.52156,-856.366,-806.0,-1385.119,0.0,-1385,-806,-0.628318,-0.788,0.0,0.0,-0.788,-961.493,105.127,0.0,-856.366,-40.293,-1344.826,0.0,-1385.119
10.239580412977375,9901,1,7,6,0.005479,0.021783,-0.782586,-0.599422,-554.813,-633.0,-1197.592,0.0,-1197,-646,-0.628318,-0.782,0.0,0.0,-0.782,-659.391,104.577,0.0,-554.813,62.548,-1260.141,0.0,-1197.592
10.239580412977375,9906,1,7,6,0.00274,0.018532,-0.757995,-0.655355,-265.223,-476.0,-957.744,0.0,-957,-485,-0.628318,-0.757,0.0,0.0,-0.757,-369.505,104.282,0.0,-265.223,168.621,-1126.365,0.0,-957.744
10.239580412977375,9911,1,7,6,0.0,0.015094,-0.724565,-0.688914,-24.169,-308.0,-720.645,0.0,-720,-294,-0.733038,-0.724,0.0,0.0,-0.724,-128.344,104.175,0.0,-24.169,227.064,-947.709,0.0,-720.645
10.251794702955522,9916,1,7,6,-0.002741,0.01161,-0.68887,-0.674532,52.515,-197.0,-604.14,0.0,-604,-197,-0.628318,-0.688,0.0,0.0,-0.688,-51.616,104.132,0.0,52.515,199.612,-803.752,0.0,-604.14
10.251794702955522,9921,1,7,6,-0.005479,0.008189,-0.656132,-0.650555,84.038,-149.0,-490.91,0.0,-490,-131,-0.628318,-0.656,0.0,0.0,-0.656,-20.077,104.115,0.0,84.038,186.43,-677.341,0.0,-490.91
10.263086071936414,9930,1,7,6,-0.010393,0.002508,-0.619289,-0.593136,9.888,-101.0,-432.936,0.0,-432,-101,-0.523598,-0.619,0.0,0.0,-0.619,-94.148,104.036,0.0,9.888,88.71,-521.646,0.0,-432.936
10.263086071936414,9935,1,7,6,-0.013109,-0.000221,-0.618638,-0.524196,-236.238,-196.0,-587.329,0.0,-587,-196,-0.418879,-0.618,0.0,0.0,-0.618,-339.992,103.753,0.0,-236.238,-32.191,-555.137,0.0,-587.329
10.274925597943366,9941,1,7,6,-0.015813,-0.002716,-0.628654,-0.474832,-450.468,-330.0,-731.285,0.0,-731,-341,-0.418879,-0.628,0.0,0.0,-0.628,-553.759,103.29,0.0,-450.468,-96.374,-634.91,0.0,-731.285
10.274925597943366,9946,1,7,6,-0.019036,-0.005486,-0.650423,-0.440581,-652.768,-482.0,-885.988,0.0,-885,-463,-0.418879,-0.65,0.0,0.0,-0.65,-755.429,102.66,0.0,-652.768,-136.614,-749.374,0.0,-885.988
10.286356038996018,9951,1,7,6,-0.021702,-0.007728,-0.670763,-0.445268,-709.798,-537.0,-993.312,0.0,-993,-543,-0.418879,-0.67,0.0,0.0,-0.67,-811.783,101.984,0.0,-709.798,-138.238,-855.073,0.0,-993.312
10.286356038996018,9956,1,7,6,-0.024346,-0.010004,-0.68842,-0.471223,-680.573,-544.0,-1033.77,0.0,-1033,-573,-0.418879,-0.688,0.0,0.0,-0.688,-781.906,101.332,0.0,-680.573,-109.258,-924.511,0.0,-1033.77
10.298721236991696,9961,1,7,6,-0.026967,-0.012368,-0.700746,-0.49424,-642.707,-552.0,-1038.009,0.0,-1038,-541,-0.418879,-0.7,0.0,0.0,-0.7,-743.42,100.713,0.0,-642.707,-72.565,-965.443,0.0,-1038.009
10.298721236991696,9966,1,7,6,-0.02956,-0.014723,-0.712169,-0.482748,-725.89,-615.0,-1122.127,0.0,-1122,-643,-0.418879,-0.712,0.0,0.0,-0.712,-825.915,100.025,0.0,-725.89,-88.712,-1033.414,0.0,-1122.127
10.298721236991696,9971,1,7,6,-0.032125,-0.017045,-0.723825,-0.462022,-843.251,-717.0,-1219.79,0.0,-1219,-707,-0.418879,-0.723,0.0,0.0,-0.723,-942.491,99.239,0.0,-843.251,-101.001,-1118.788,0.0,-1219.79
10.310259947902523,9976,1,7,6,-0.034657,-0.01942,-0.731411,-0.479895,-806.971,-698.0,-1259.292,0.0,-1259,-717,-0.418879,-0.731,0.0,0.0,-0.731,-905.457,98.485,0.0,-806.971,-87.177,-1172.115,0.0,-1259.292
10.310259947902523,9981,1,7,6,-0.037156,-0.021903,-0.732162,-0.50897,-705.675,-652.0,-1226.958,0.0,-1226,-670,-0.523598,-0.732,0.0,0.0,-0.732,-803.49,97.815,0.0,-705.675,-42.94,-1184.018,0.0,-1226.958
10.32149605290033,9986,1,7,6,-0.039618,-0.024537,-0.723872,-0.517677,-645.104,-617.0,-1207.563,0.0,-1207,-633,-0.523598,-0.723,0.0,0.0,-0.723,-742.301,97.196,0.0,-645.104,-22.483,-1185.08,0.0,-1207.563
10.32149605290033,9991,1,7,6,-0.042041,-0.027319,-0.706631,-0.58069,-356.57,-478.0,-991.97,0.0,-991,-478,-0.523598,-0.706,0.0,0.0,-0.706,-453.389,96.819,0.0,-356.57,97.143,-1089.114,0.0,-991.97
10.332694015931338,9996,1,7,6,-0.044422,-0.030243,-0.680586,-0.600503,-191.71,-375.0,-830.225,0.0,-830,-387,-0.628318,-0.68,0.0,0.0,-0.68,-288.298,96.588,0.0,-191.71,146.631,-976.857,0.0,-830.225
10.332694015931338,10001,1,7,6,-0.046759,-0.033114,-0.654983,-0.558415,-251.346,-386.0,-802.084,0.0,-802,-361,-0.523598,-0.654,0.0,0.0,-0.654,-347.644,96.298,0.0,-251.346,107.723,-909.807,0.0,-802.084
10.345181789947674,10006,1,7,6,-0.049051,-0.035737,-0.639053,-0.496007,-419.094,-452.0,-884.096,0.0,-884,-415,-0.418879,-0.639,0.0,0.0,-0.639,-514.964,95.869,0.0,-419.094,26.324,-910.42,0.0,-884.096
10.345181789947674,10011,1,7,6,-0.051294,-0.038162,-0.630318,-0.475795,-460.874,-464.0,-912.021,0.0,-912,-446,-0.314159,-0.63,0.0,0.0,-0.63,-556.281,95.406,0.0,-460.874,2.5,-914.521,0.0,-912.021
10.356203689938411,10020,1,7,6,-0.055202,-0.042181,-0.624979,-0.443758,-558.136,-541.0,-992.014,0.0,-992,-541,-0.418879,-0.624,0.0,0.0,-0.624,-652.396,94.259,0.0,-558.136,-13.709,-978.304,0.0,-992.014
10.356203689938411,10025,1,7,6,-0.057298,-0.044379,-0.620104,-0.439757,-555.531,-536.0,-1006.32,0.0,-1006,-536,-0.418879,-0.62,0.0,0.0,-0.62,-649.25,93.718,0.0,-555.531,-15.625,-990.695,0.0,-1006.32
10.367687262943946,10031,1,7,6,-0.059337,-0.0466,-0.61135,-0.430988,-556.127,-536.0,-1017.404,0.0,-1017,-543,-0.314159,-0.611,0.0,0.0,-0.611,-649.303,93.175,0.0,-556.127,-16.102,-1001.302,0.0,-1017.404
10.367687262943946,10036,1,7,6,-0.061707,-0.049281,-0.596417,-0.453479,-421.829,-486.0,-912.607,0.0,-912,-476,-0.418879,-0.596,0.0,0.0,-0.596,-514.576,92.746,0.0,-421.829,51.336,-963.944,0.0,-912.607
10.367687262943946,10041,1,7,6,-0.063614,-0.05151,-0.58098,-0.450528,-377.27,-446.0,-871.019,0.0,-871,-445,-0.418879,-0.58,0.0,0.0,-0.58,-469.626,92.355,0.0,-377.27,54.983,-926.002,0.0,-871.019
10.380026069935411,10046,1,7,6,-0.065459,-0.053662,-0.566246,-0.436164,-376.327,-441.0,-843.789,0.0,-843,-406,-0.314159,-0.566,0.0,0.0,-0.566,-468.292,91.965,0.0,-376.327,51.737,-895.527,0.0,-843.789
10.380026069935411,10051,1,7,6,-0.06724,-0.055638,-0.556895,-0.399486,-475.179,-477.0,-906.065,0.0,-906,-459,-0.418879,-0.556,0.0,0.0,-0.556,-566.672,91.493,0.0,-475.179,1.456,-907.521,0.0,-906.065
10.391212235903367,10056,1,7,6,-0.068954,-0.057577,-0.546091,-0.373446,-530.544,-521.0,-937.858,0.0,-937,-504,-0.418879,-0.546,0.0,0.0,-0.546,-621.519,90.975,0.0,-530.544,-7.635,-930.222,0.0,-937.858
10.391212235903367,10061,1,7,6,-0.0706,-0.059531,-0.531313,-0.4203,-309.003,-388.0,-805.211,0.0,-805,-410,-0.314159,-0.531,0.0,0.0,-0.531,-399.645,90.642,0.0,-309.003,63.197,-868.409,0.0,-805.211
10.402566858916543,10066,1,7,6,-0.072176,-0.061508,-0.512075,-0.404058,-298.541,-351.0,-785.737,0.0,-785,-372,-0.418879,-0.512,0.0,0.0,-0.512,-388.859,90.318,0.0,-298.541,41.966,-827.704,0.0,-785.737
10.402566858916543,10071,1,7,6,-0.073681,-0.063504,-0.488507,-0.385843,-279.583,-354.0,-731.668,0.0,-731,-334,-0.314159,-0.488,0.0,0.0,-0.488,-369.593,90.01,0.0,-279.583,59.533,-791.202,0.0,-731.668
10.413988461950794,10076,1,7,6,-0.075114,-0.065437,-0.464502,-0.370447,-248.868,-320.0,-692.55,0.0,-692,-320,-0.418879,-0.464,0.0,0.0,-0.464,-338.596,89.727,0.0,-248.868,56.905,-749.455,0.0,-692.55
10.413988461950794,10081,1,7,6,-0.076472,-0.067226,-0.443777,-0.356481,-224.801,-291.0,-655.025,0.0,-655,-305,-0.314159,-0.443,0.0,0.0,-0.443,-314.267,89.465,0.0,-224.801,52.959,-707.984,0.0,-655.025
10.413988461950794,10086,1,7,6,-0.077755,-0.068918,-0.42413,-0.334461,-233.611,-322.0,-602.923,0.0,-602,-288,-0.314159,-0.424,0.0,0.0,-0.424,-322.808,89.196,0.0,-233.611,70.71,-673.634,0.0,-602.923
10.425200327998027,10091,1,7,6,-0.078961,-0.0704,-0.410909,-0.305548,-290.405,-322.0,-640.023,0.0,-640,-318,-0.314159,-0.41,0.0,0.0,-0.41,-379.299,88.893,0.0,-290.405,25.275,-665.299,0.0,-640.023
10.425200327998027,10096,1,7,6,-0.080089,-0.071665,-0.404366,-0.240165,-502.723,-432.0,-781.024,0.0,-781,-417,-0.209439,-0.404,0.0,0.0,-0.404,-591.124,88.4,0.0,-502.723,-56.578,-724.445,0.0,-781.024
10.436373775009997,10101,1,7,6,-0.081138,-0.072691,-0.405442,-0.177924,-731.346,-561.0,-972.067,0.0,-972,-576,-0.209439,-0.405,0.0,0.0,-0.405,-819.064,87.718,0.0,-731.346,-136.277,-835.79,0.0,-972.067
10.44739429897163,10110,1,7,6,-0.082824,-0.074604,-0.394559,-0.239762,-470.618,-461.0,-862.65,0.0,-862,-461,-0.314159,-0.394,0.0,0.0,-0.394,-557.269,86.65,0.0,-470.618,-7.695,-854.955,0.0,-862.65
10.44739429897163,10115,1,7,6,-0.083646,-0.075817,-0.375828,-0.245899,-381.485,-448.0,-765.65,0.0,-765,-448,-0.314159,-0.375,0.0,0.0,-0.375,-467.746,86.26,0.0,-381.485,53.211,-818.862,0.0,-765.65
10.459680464933626,10121,1,7,6,-0.084386,-0.077048,-0.352227,-0.235883,-332.929,-398.0,-728.898,0.0,-728,-382,-0.209439,-0.352,0.0,0.0,-0.352,-418.839,85.91,0.0,-332.929,52.056,-780.954,0.0,-728.898
10.459680464933626,10126,1,7,6,-0.085164,-0.078451,-0.322248,-0.240594,-208.286,-350.0,-594.339,0.0,-594,-318,-0.209439,-0.322,0.0,0.0,-0.322,-293.951,85.665,0.0,-208.286,113.37,-707.71,0.0,-594.339
10.459680464933626,10131,1,7,6,-0.08572,-0.079473,-0.299893,-0.190026,-310.186,-349.0,-657.425,0.0,-657,-350,-0.209439,-0.299,0.0,0.0,-0.299,-395.522,85.335,0.0,-310.186,31.05,-688.476,0.0,-657.425
10.471255806973204,10136,1,7,6,-0.086192,-0.080273,-0.284112,-0.143068,-422.843,-414.0,-711.066,0.0,-711,-414,-0.104719,-0.284,0.0,0.0,-0.284,-507.756,84.912,0.0,-422.843,-7.074,-703.991,0.0,-711.066
10.471255806973204,10141,1,7,6,-0.086578,-0.080925,-0.271327,-0.126997,-435.109,-414.0,-729.306,0.0,-729,-429,-0.104719,-0.271,0.0,0.0,-0.271,-519.588,84.479,0.0,-435.109,-16.887,-712.419,0.0,-729.306
10.482453441945836,10146,1,7,6,-0.086879,-0.081467,-0.259759,-0.098284,-497.312,-446.0,-781.056,0.0,-781,-477,-0.104719,-0.259,0.0,0.0,-0.259,-581.308,83.995,0.0,-497.312,-41.05,-740.005,0.0,-781.056
10.482453441945836,10151,1,7,6,-0.087094,-0.081945,-0.247163,-0.097787,-454.205,-445.0,-743.391,0.0,-743,-445,-0.104719,-0.247,0.0,0.0,-0.247,-537.752,83.547,0.0,-454.205,-7.364,-736.026,0.0,-743.391
10.494213373982348,10156,1,7,6,-0.087223,-0.082431,-0.230014,-0.107286,-358.643,-398.0,-672.872,0.0,-672,-398,-0.104719,-0.23,0.0,0.0,-0.23,-441.822,83.178,0.0,-358.643,31.484,-704.357,0.0,-672.872
10.494213373982348,10161,1,7,6,-0.087266,-0.082837,-0.212609,-0.088509,-363.951,-398.0,-657.23,0.0,-657,-414,0.0,-0.212,0.0,0.0,-0.212,-446.758,82.806,0.0,-363.951,27.238,-684.469,0.0,-657.23
10.494213373982348,10166,1,7,6,-0.087223,-0.083038,-0.200853,-0.021618,-562.975,-510.0,-772.678,0.0,-772,-526,0.0,-0.2,0.0,0.0,-0.2,-645.244,82.268,0.0,-562.975,-42.38,-730.297,0.0,-772.678
10.504510759958066,10171,1,7,6,-0.087094,-0.083114,-0.19105,-0.016148,-547.905,-509.0,-781.551,0.0,-781,-509,0.0,-0.191,0.0,0.0,-0.191,-629.65,81.744,0.0,-547.905,-31.124,-750.427,0.0,-781.551
10.504510759958066,10176,1,7,6,-0.086879,-0.083147,-0.1791,0.006108,-585.563,-542.0,-810.647,0.0,-810,-542,0.0,-0.179,0.0,0.0,-0.179,-666.752,81.188,0.0,-585.563,-34.85,-775.797,0.0,-810.647
10.516370769939385,10181,1,7,6,-0.086578,-0.083085,-0.167664,0.01366,-572.101,-558.0,-798.633,0.0,-798,-542,0.0,-0.167,0.0,0.0,-0.167,-652.768,80.666,0.0,-572.101,-11.281,-787.352,0.0,-798.633
10.516370769939385,10186,1,7,6,-0.086192,-0.083066,-0.150045,0.008675,-491.203,-509.0,-758.412,0.0,-758,-509,0.0,-0.15,0.0,0.0,-0.15,-571.393,80.19,0.0,-491.203,14.237,-772.649,0.0,-758.412
10.528879649937153,10191,1,7,6,-0.08572,-0.083132,-0.124253,-0.023914,-281.329,-365.0,-631.332,0.0,-631,-398,0.0,-0.124,0.0,0.0,-0.124,-361.218,79.889,0.0,-281.329,66.936,-698.268,0.0,-631.332
10.528879649937153,10200,1,7,6,-0.084659,-0.083008,-0.079242,0.035708,-334.638,-365.0,-617.474,0.0,-617,-365,0.0,-0.079,0.0,0.0,-0.079,-413.824,79.186,0.0,-334.638,24.289,-641.763,0.0,-617.474
10.539942896924913,10205,1,7,6,-0.083952,-0.082917,-0.049671,0.032776,-217.874,-318.0,-503.862,0.0,-503,-318,0.0,-0.049,0.0,0.0,-0.049,-296.813,78.939,0.0,-217.874,80.1,-583.963,0.0,-503.862
10.539942896924913,10210,1,7,6,-0.083163,-0.08285,-0.015004,0.015578,-31.251,-206.0,-341.154,0.0,-341,-206,0.0,-0.015,0.0,0.0,-0.015,-110.099,78.847,0.0,-31.251,139.798,-480.953,0.0,-341.154
10.550995211000554,10216,1,7,6,-0.082291,-0.082726,0.020905,0.015928,96.782,-110.0,-202.461,0.0,-202,-61,0.0,0.02,0.0,0.0,0.02,17.919,78.862,0.0,96.782,165.425,-367.886,0.0,-202.461
10.550995211000554,10221,1,7,6,-0.081138,-0.08243,0.062044,0.044941,140.483,-45.0,-123.889,0.0,-123,-30,0.0,0.062,0.0,0.0,0.062,61.57,78.913,0.0,140.483,148.387,-272.276,0.0,-123.889
10.562675856985152,10226,1,7,6,-0.080089,-0.082002,0.091864,0.084616,105.027,-14.0,-107.622,0.0,-107,2,0.0,0.091,0.0,0.0,0.091,26.092,78.935,0.0,105.027,95.222,-202.844,0.0,-107.622
10.562675856985152,10231,1,7,6,-0.07896,-0.081372,0.115746,0.123493,51.023,-30.0,-101.45,0.0,-101,2,0.0,0.115,0.0,0.0,0.115,-27.888,78.912,0.0,51.023,64.818,-166.269,0.0,-101.45
10.574214459978975,10236,1,7,6,-0.077754,-0.080633,0.138162,0.162113,-7.383,-46.0,-125.174,0.0,-125,-29,0.0,0.138,0.0,0.0,0.138,-86.224,78.84,0.0,-7.383,30.892,-156.067,0.0,-125.174
10.574214459978975,10241,1,7,6,-0.076472,-0.079897,0.164405,0.161038,90.971,18.0,-48.802,0.0,-48,16,0.0,0.164,0.0,0.0,0.164,12.12,78.85,0.0,90.971,58.376,-107.179,0.0,-48.802
10.574214459978975,10246,1,7,6,-0.075113,-0.079224,0.197299,0.132265,313.168,162.0,119.747,0.0,119,146,0.0,0.197,0.0,0.0,0.197,234.123,79.045,0.0,313.168,120.935,-1.187,0.0,119.747
10.586222440004349,10251,1,7,6,-0.073681,-0.078566,0.23448,0.133608,442.488,275.0,244.694,0.0,244,275,0.0,0.234,0.0,0.0,0.234,363.14,79.348,0.0,442.488,133.99,110.703,0.0,244.694
10.586222440004349,10256,1,7,6,-0.072176,-0.077872,0.273403,0.154535,507.627,354.0,334.879,0.0,334,338,0.0,0.273,0.0,0.0,0.273,427.922,79.704,0.0,507.627,122.901,211.977,0.0,334.879
10.597403755993582,10261,1,7,6,-0.070599,-0.077128,0.313378,0.183025,549.369,404.0,417.5,0.0,417,401,0.104719,0.313,0.0,0.0,0.313,469.273,80.095,0.0,549.369,116.295,301.204,0.0,417.5
10.597403755993582,10266,1,7,6,-0.068953,-0.076315,0.353345,0.167667,749.093,563.0,579.656,0.0,579,531,0.0,0.353,0.0,0.0,0.353,668.441,80.652,0.0,749.093,148.875,430.781,0.0,579.656
10.60862964799162,10271,1,7,6,-0.067239,-0.075406,0.392009,0.182568,835.241,629.0,713.57,0.0,713,644,0.104719,0.392,0.0,0.0,0.392,753.985,81.255,0.0,835.241,164.992,548.577,0.0,713.57
10.60862964799162,10276,1,7,6,-0.065459,-0.074395,0.428919,0.226228,811.552,644.0,768.075,0.0,768,659,0.104719,0.428,0.0,0.0,0.428,729.688,81.864,0.0,811.552,134.041,634.033,0.0,768.075
10.60862964799162,10281,1,7,6,-0.063614,-0.073323,0.46603,0.226778,943.891,756.0,898.476,0.0,898,773,0.104719,0.466,0.0,0.0,0.466,861.309,82.581,0.0,943.891,150.313,748.163,0.0,898.476
10.620522218989208,10290,1,7,6,-0.060136,-0.071109,0.526694,0.262725,1034.446,872.0,1071.154,0.0,1071,872,0.209439,0.526,0.0,0.0,0.526,950.287,84.159,0.0,1034.446,129.957,941.197,0.0,1071.154
10.631720572011545,10295,1,7,6,-0.05812,-0.069562,0.549241,0.320964,906.641,809.0,1056.911,0.0,1056,809,0.314159,0.549,0.0,0.0,0.549,821.797,84.843,0.0,906.641,78.113,978.798,0.0,1056.911
10.631720572011545,10300,1,7,6,-0.056046,-0.067721,0.560377,0.392873,688.36,714.0,929.301,0.0,929,714,0.314159,0.56,0.0,0.0,0.56,603.014,85.346,0.0,688.36,-20.511,949.813,0.0,929.301
10.64367359294556,10306,1,7,6,-0.053918,-0.065461,0.55407,0.445557,476.32,587.0,788.442,0.0,788,588,0.418879,0.554,0.0,0.0,0.554,390.647,85.673,0.0,476.32,-88.543,876.986,0.0,788.442
10.64367359294556,10311,1,7,6,-0.051293,-0.062278,0.527244,0.568852,-64.239,259.0,395.78,0.0,395,264,0.418879,0.527,0.0,0.0,0.527,-149.787,85.548,0.0,-64.239,-258.591,654.372,0.0,395.78
10.64367359294556,10316,1,7,6,-0.04905,-0.059487,0.500958,0.55806,-120.192,184.0,243.693,0.0,243,161,0.523598,0.5,0.0,0.0,0.5,-205.569,85.376,0.0,-120.192,-243.354,487.048,0.0,243.693
10.65605917898938,10321,1,7,6,-0.046759,-0.056814,0.482625,0.515765,-34.026,171.0,223.434,0.0,223,166,0.209439,0.482,0.0,0.0,0.482,-119.303,85.277,0.0,-34.026,-164.02,387.455,0.0,223.434
10.65605917898938,10326,1,7,6,-0.044421,-0.054493,0.483462,0.439971,241.977,299.0,345.715,0.0,345,286,0.314159,0.483,0.0,0.0,0.483,156.569,85.408,0.0,241.977,-45.617,391.333,0.0,345.715
10.667500612908043,10331,1,7,6,-0.04204,-0.052405,0.497499,0.375639,524.468,437.0,542.906,0.0,542,419,0.209439,0.497,0.0,0.0,0.497,438.694,85.773,0.0,524.468,69.974,472.931,0.0,542.906
10.667500612908043,10336,1,7,6,-0.039618,-0.050433,0.519165,0.39354,538.399,455.0,590.495,0.0,590,473,0.314159,0.519,0.0,0.0,0.519,452.249,86.15,0.0,538.399,66.719,523.775,0.0,590.495
10.678905665990897,10341,1,7,6,-0.037155,-0.048288,0.534382,0.439866,426.691,406.0,542.929,0.0,542,425,0.314159,0.534,0.0,0.0,0.534,340.257,86.434,0.0,426.691,16.552,526.376,0.0,542.929
10.678905665990897,10346,1,7,6,-0.034657,-0.045991,0.54405,0.472621,343.793,376.0,475.808,0.0,475,376,0.314159,0.544,0.0,0.0,0.544,257.144,86.648,0.0,343.793,-25.765,501.574,0.0,475.808
10.678905665990897,10351,1,7,6,-0.032124,-0.043638,0.552637,0.477114,358.757,357.0,493.052,0.0,493,357,0.418879,0.552,0.0,0.0,0.552,271.882,86.874,0.0,358.757,1.405,491.647,0.0,493.052
10.690508018946275,10356,1,7,6,-0.02956,-0.041319,0.564442,0.450996,495.62,460.0,561.71,0.0,561,442,0.209439,0.564,0.0,0.0,0.564,408.405,87.215,0.0,495.62,28.496,533.213,0.0,561.71
10.690508018946275,10361,1,7,6,-0.026966,-0.03917,0.585803,0.411297,715.939,577.0,735.152,0.0,735,588,0.314159,0.585,0.0,0.0,0.585,628.221,87.717,0.0,715.939,111.151,624.0,0.0,735.152
10.701763854012825,10366,1,7,6,-0.024346,-0.037079,0.611169,0.41586,791.415,624.0,848.032,0.0,848,650,0.209439,0.611,0.0,0.0,0.611,703.111,88.303,0.0,791.415,133.932,714.1,0.0,848.032
10.701763854012825,10371,1,7,6,-0.021701,-0.034984,0.637571,0.426942,847.201,686.0,929.784,0.0,929,705,0.418879,0.637,0.0,0.0,0.637,758.265,88.935,0.0,847.201,128.961,800.823,0.0,929.784
10.713093527941965,10376,1,7,6,-0.019036,-0.032837,0.662437,0.437801,898.296,741.0,1014.084,0.0,1014,742,0.418879,0.662,0.0,0.0,0.662,808.686,89.609,0.0,898.296,125.836,888.247,0.0,1014.084
10.724406983004883,10385,1,7,6,-0.014192,-0.028283,0.676384,0.563836,495.651,573.0,774.48,0.0,774,573,0.523598,0.676,0.0,0.0,0.676,405.175,90.476,0.0,495.651,-61.878,836.358,0.0,774.48
10.724406983004883,10390,1,7,6,-0.011481,-0.025333,0.664936,0.582678,386.854,481.0,700.996,0.0,700,481,0.418879,0.664,0.0,0.0,0.664,296.131,90.722,0.0,386.854,-75.316,776.313,0.0,700.996
10.724406983004883,10396,1,7,6,-0.008758,-0.022239,0.647104,0.621262,183.83,332.0,551.947,0.0,551,362,0.418879,0.647,0.0,0.0,0.647,93.029,90.8,0.0,183.83,-118.535,670.483,0.0,551.947
10.735097131924704,10401,1,7,6,-0.005479,-0.018455,0.622881,0.631389,60.146,252.0,396.361,0.0,396,280,0.523598,0.622,0.0,0.0,0.622,-30.628,90.775,0.0,60.146,-153.482,549.844,0.0,396.361
10.735097131924704,10406,1,7,6,-0.00274,-0.015439,0.60953,0.587247,171.06,298.0,388.889,0.0,388,298,0.418879,0.609,0.0,0.0,0.609,80.218,90.841,0.0,171.06,-101.551,490.441,0.0,388.889
10.747854845947586,10411,1,7,6,0.0,-0.012755,0.612269,0.508335,465.315,437.0,548.924,0.0,548,427,0.314159,0.612,0.0,0.0,0.612,374.161,91.153,0.0,465.315,22.652,526.272,0.0,548.924
10.747854845947586,10416,1,7,6,0.002741,-0.010439,0.632694,0.42202,850.213,613.0,859.353,0.0,859,661,0.209439,0.632,0.0,0.0,0.632,758.427,91.785,0.0,850.213,189.77,669.582,0.0,859.353
10.759731960948557,10421,1,7,6,0.005479,-0.008283,0.660642,0.410256,993.926,763.0,991.537,0.0,991,763,0.314159,0.66,0.0,0.0,0.66,901.389,92.536,0.0,993.926,184.741,806.795,0.0,991.537
10.759731960948557,10426,1,7,6,0.008212,-0.006211,0.692368,0.420181,1073.226,858.0,1109.028,0.0,1109,870,0.314159,0.692,0.0,0.0,0.692,979.872,93.353,0.0,1073.226,172.18,936.847,0.0,1109.028
10.759731960948557,10431,1,7,6,0.010937,-0.004099,0.721783,0.43351,1132.001,924.0,1221.022,0.0,1221,973,0.314159,0.721,0.0,0.0,0.721,1037.782,94.218,0.0,1132.001,166.4,1054.621,0.0,1221.022
10.77187395200599,10436,1,7,6,0.013651,-0.001729,0.738293,0.49376,975.27,851.0,1192.544,0.0,1192,882,0.314159,0.738,0.0,0.0,0.738,880.318,94.951,0.0,975.27,99.416,1093.128,0.0,1192.544
10.77187395200599,10441,1,7,6,0.016352,0.000817,0.745677,0.519371,910.333,858.0,1150.373,0.0,1150,852,0.418879,0.745,0.0,0.0,0.745,814.702,95.63,0.0,910.333,41.866,1108.506,0.0,1150.373
10.783094721962698,10446,1,7,6,0.019036,0.003405,0.750299,0.523949,911.171,870.0,1163.91,0.0,1163,882,0.418879,0.75,0.0,0.0,0.75,814.861,96.309,0.0,911.171,32.936,1130.973,0.0,1163.91
10.783094721962698,10451,1,7,6,0.021702,0.00612,0.747932,0.538123,852.224,810.0,1166.016,0.0,1166,861,0.418879,0.747,0.0,0.0,0.747,755.31,96.914,0.0,852.224,33.779,1132.236,0.0,1166.016
10.783094721962698,10456,1,7,6,0.024346,0.008947,0.739164,0.573752,692.896,772.0,1012.888,0.0,1012,790,0.418879,0.739,0.0,0.0,0.739,595.485,97.41,0.0,692.896,-63.283,1076.171,0.0,1012.888
10.795245838933624,10461,1,7,6,0.026967,0.01182,0.72706,0.575637,642.988,719.0,967.572,0.0,967,736,0.523598,0.727,0.0,0.0,0.727,545.123,97.864,0.0,642.988,-60.809,1028.381,0.0,967.572
10.795245838933624,10466,1,7,6,0.02956,0.014663,0.71505,0.563287,644.665,702.0,951.066,0.0,951,711,0.418879,0.715,0.0,0.0,0.715,546.345,98.319,0.0,644.665,-45.867,996.933,0.0,951.066
10.806467861984856,10475,1,7,6,0.034153,0.019938,0.682352,0.600634,393.182,546.0,737.736,0.0,737,546,0.418879,0.682,0.0,0.0,0.682,294.185,98.996,0.0,393.182,-122.254,859.99,0.0,737.736
10.817710115923546,10480,1,7,6,0.036659,0.022949,0.658071,0.601638,302.325,449.0,653.075,0.0,653,449,0.418879,0.658,0.0,0.0,0.658,203.16,99.165,0.0,302.325,-117.339,770.414,0.0,653.075
10.817710115923546,10486,1,7,6,0.039129,0.025964,0.631905,0.591838,243.527,386.0,567.603,0.0,567,416,0.418879,0.631,0.0,0.0,0.631,144.24,99.286,0.0,243.527,-113.978,681.581,0.0,567.603
10.817710115923546,10491,1,7,6,0.042041,0.029435,0.605054,0.558271,267.844,401.0,511.095,0.0,511,385,0.418879,0.605,0.0,0.0,0.605,168.418,99.426,0.0,267.844,-106.524,617.619,0.0,511.095
10.829882071935572,10496,1,7,6,0.044422,0.032122,0.590421,0.509532,390.869,431.0,573.56,0.0,573,432,0.314159,0.59,0.0,0.0,0.59,291.2,99.669,0.0,390.869,-32.104,605.665,0.0,573.56
10.829882071935572,10501,1,7,6,0.046759,0.034491,0.588893,0.426814,683.636,592.0,753.273,0.0,753,576,0.209439,0.588,0.0,0.0,0.588,583.481,100.155,0.0,683.636,73.309,679.963,0.0,753.273
10.841209434904158,10506,1,7,6,0.049051,0.036574,0.598879,0.377355,898.303,736.0,922.087,0.0,922,703,0.209439,0.598,0.0,0.0,0.598,797.483,100.819,0.0,898.303,129.842,792.245,0.0,922.087
10.841209434904158,10511,1,7,6,0.051294,0.038527,0.612785,0.383011,928.692,783.0,1002.981,0.0,1002,783,0.314159,0.612,0.0,0.0,0.612,827.183,101.509,0.0,928.692,116.553,886.427,0.0,1002.981
10.852424253942445,10516,1,7,6,0.053486,0.040435,0.626466,0.383356,977.434,863.0,1062.054,0.0,1062,832,0.209439,0.626,0.0,0.0,0.626,875.196,102.238,0.0,977.434,91.547,970.506,0.0,1062.054
10.852424253942445,10521,1,7,6,0.055625,0.042427,0.633525,0.409168,910.595,815.0,1092.558,0.0,1092,848,0.209439,0.633,0.0,0.0,0.633,807.683,102.911,0.0,910.595,76.476,1016.082,0.0,1092.558
10.864684391999617,10526,1,7,6,0.05771,0.044464,0.635808,0.440477,806.689,784.0,1036.67,0.0,1036,785,0.209439,0.635,0.0,0.0,0.635,703.191,103.497,0.0,806.689,18.151,1018.519,0.0,1036.67
10.864684391999617,10531,1,7,6,0.059738,0.046584,0.631367,0.432547,819.846,786.0,1058.773,0.0,1058,817,0.314159,0.631,0.0,0.0,0.631,715.752,104.094,0.0,819.846,27.077,1031.696,0.0,1058.773
10.864684391999617,10536,1,7,6,0.061706,0.048684,0.625094,0.418186,849.586,818.0,1075.912,0.0,1075,818,0.209439,0.625,0.0,0.0,0.625,744.871,104.714,0.0,849.586,25.269,1050.642,0.0,1075.912
10.876789370900951,10541,1,7,6,0.063614,0.050839,0.613217,0.425683,780.399,771.0,1050.562,0.0,1050,803,0.314159,0.613,0.0,0.0,0.613,675.122,105.277,0.0,780.399,7.519,1043.042,0.0,1050.562
10.876789370900951,10546,1,7,6,0.065459,0.052895,0.60308,0.396591,849.23,821.0,1080.796,0.0,1080,821,0.209439,0.603,0.0,0.0,0.603,743.358,105.872,0.0,849.23,22.584,1058.212,0.0,1080.796
10.887956652906723,10551,1,7,6,0.06724,0.054997,0.587657,0.421626,704.083,741.0,992.404,0.0,992,741,0.209439,0.587,0.0,0.0,0.587,597.712,106.37,0.0,704.083,-29.533,1021.938,0.0,992.404
10.887956652906723,10556,1,7,6,0.068954,0.057032,0.572253,0.410626,688.713,727.0,965.713,0.0,965,743,0.314159,0.572,0.0,0.0,0.572,581.858,106.855,0.0,688.713,-30.628,996.342,0.0,965.713
10.899409112986177,10565,1,7,6,0.071866,0.060674,0.537218,0.41224,557.589,667.0,805.411,0.0,805,667,0.209439,0.537,0.0,0.0,0.537,449.92,107.668,0.0,557.589,-87.528,892.939,0.0,805.411
10.899409112986177,10570,1,7,6,0.073386,0.062595,0.51797,0.377723,612.978,654.0,837.304,0.0,837,654,0.209439,0.517,0.0,0.0,0.517,504.889,108.089,0.0,612.978,-32.816,870.121,0.0,837.304
10.91092218796257,10575,1,7,6,0.074833,0.06436,0.502682,0.340349,692.975,684.0,884.0,0.0,884,684,0.104719,0.502,0.0,0.0,0.502,584.398,108.576,0.0,692.975,7.18,876.819,0.0,884.0
10.91092218796257,10581,1,7,6,0.076206,0.066029,0.488484,0.3258,694.728,674.0,893.339,0.0,893,674,0.209439,0.488,0.0,0.0,0.488,585.661,109.066,0.0,694.728,16.582,876.756,0.0,893.339
10.922058195923455,10586,1,7,6,0.077755,0.067872,0.47434,0.290124,772.799,754.0,916.904,0.0,916,737,0.209439,0.474,0.0,0.0,0.474,663.18,109.619,0.0,772.799,15.039,901.865,0.0,916.904
10.922058195923455,10591,1,7,6,0.078961,0.069314,0.463053,0.268803,809.499,758.0,971.176,0.0,971,776,0.104719,0.463,0.0,0.0,0.463,699.297,110.201,0.0,809.499,41.199,929.976,0.0,971.176
10.933296537958086,10596,1,7,6,0.080089,0.070695,0.450885,0.264793,780.691,789.0,933.125,0.0,933,762,0.0,0.45,0.0,0.0,0.45,669.93,110.76,0.0,780.691,-6.647,939.772,0.0,933.125
10.933296537958086,10601,1,7,6,0.081138,0.072005,0.438357,0.264822,736.007,746.0,925.872,0.0,925,732,0.209439,0.438,0.0,0.0,0.438,624.726,111.28,0.0,736.007,-7.994,933.866,0.0,925.872
10.933296537958086,10606,1,7,6,0.082107,0.07322,0.426593,0.21478,874.443,830.0,1010.147,0.0,1010,830,0.0,0.426,0.0,0.0,0.426,762.527,111.916,0.0,874.443,35.554,974.592,0.0,1010.147
10.944926199968904,10611,1,7,6,0.082995,0.074322,0.416294,0.206174,868.98,847.0,1012.813,0.0,1012,786,0.0,0.416,0.0,0.0,0.416,756.433,112.546,0.0,868.98,17.584,995.229,0.0,1012.813
10.944926199968904,10616,1,7,6,0.083801,0.075325,0.406852,0.198572,862.979,829.0,1045.058,0.0,1045,817,0.104719,0.406,0.0,0.0,0.406,749.808,113.171,0.0,862.979,27.183,1017.874,0.0,1045.058
10.956817191909067,10621,1,7,6,0.084524,0.076275,0.39595,0.175897,906.024,854.0,1083.106,0.0,1083,854,0.104719,0.395,0.0,0.0,0.395,792.192,113.831,0.0,906.024,41.619,1041.486,0.0,1083.106
10.956817191909067,10626,1,7,6,0.085164,0.077069,0.388599,0.141911,1002.647,939.0,1143.942,0.0,1143,939,0.104719,0.388,0.0,0.0,0.388,888.076,114.571,0.0,1002.647,50.918,1093.023,0.0,1143.942
10.96825103694573,10631,1,7,6,0.08572,0.077783,0.380966,0.145379,963.393,919.0,1144.128,0.0,1144,939,0.0,0.38,0.0,0.0,0.38,848.115,115.278,0.0,963.393,35.515,1108.613,0.0,1144.128
10.96825103694573,10636,1,7,6,0.086192,0.078519,0.368278,0.151797,895.233,926.0,1068.028,0.0,1068,893,0.0,0.368,0.0,0.0,0.368,779.331,115.901,0.0,895.233,-24.613,1092.641,0.0,1068.028
10.96825103694573,10641,1,7,6,0.086578,0.079149,0.356568,0.12284,958.023,944.0,1120.732,0.0,1120,927,0.0,0.356,0.0,0.0,0.356,841.42,116.603,0.0,958.023,11.218,1109.514,0.0,1120.732
10.98029121896252,10646,1,7,6,0.086879,0.079693,0.344923,0.104711,982.085,944.0,1161.773,0.0,1161,974,0.0,0.344,0.0,0.0,0.344,864.762,117.323,0.0,982.085,30.468,1131.305,0.0,1161.773
10.991337862913497,10655,1,7,6,0.087204,0.080476,0.322936,0.050984,1097.947,1017.0,1258.77,0.0,1258,1017,0.0,0.322,0.0,0.0,0.322,979.027,118.92,0.0,1097.947,64.757,1194.012,0.0,1258.77
10.991337862913497,10660,1,7,6,0.087264,0.080748,0.312775,0.061863,1022.956,1009.0,1203.97,0.0,1203,1009,0.0,0.312,0.0,0.0,0.312,903.283,119.673,0.0,1022.956,11.165,1192.804,0.0,1203.97
11.003165814909153,10665,1,7,6,0.087238,0.080941,0.302274,0.040749,1061.948,1017.0,1246.981,0.0,1246,1017,0.0,0.302,0.0,0.0,0.302,941.49,120.457,0.0,1061.948,35.958,1211.022,0.0,1246.981
11.003165814909153,10671,1,7,6,0.087126,0.081131,0.287778,0.012655,1111.728,1034.0,1302.998,0.0,1302,1058,0.0,0.287,0.0,0.0,0.287,990.443,121.285,0.0,1111.728,62.183,1240.815,0.0,1302.998
11.003165814909153,10676,1,7,6,0.086879,0.08122,0.27162,0.004932,1082.163,1064.0,1261.009,0.0,1261,1064,0.0,0.271,0.0,0.0,0.271,960.077,122.086,0.0,1082.163,14.531,1246.478,0.0,1261.009
11.015273744007573,10681,1,7,6,0.086578,0.081265,0.255033,0.001244,1036.487,1034.0,1241.763,0.0,1241,1046,0.0,0.255,0.0,0.0,0.255,913.64,122.847,0.0,1036.487,1.99,1239.772,0.0,1241.763
11.015273744007573,10686,1,7,6,0.086192,0.081272,0.236127,-0.006679,997.678,1017.0,1206.052,0.0,1206,1009,0.0,0.236,0.0,0.0,0.236,874.103,123.575,0.0,997.678,-15.456,1221.508,0.0,1206.052
11.027010364923626,10691,1,7,6,0.08572,0.081313,0.21157,0.013023,838.94,893.0,1114.557,0.0,1114,913,0.0,0.211,0.0,0.0,0.211,714.768,124.171,0.0,838.94,-43.247,1157.805,0.0,1114.557
11.027010364923626,10696,1,7,6,0.085164,0.081317,0.184677,-0.002822,799.732,927.0,998.542,0.0,998,906,0.0,0.184,0.0,0.0,0.184,674.998,124.733,0.0,799.732,-101.813,1100.356,0.0,998.542
11.038648376939818,10701,1,7,6,0.084524,0.081271,0.156142,-0.014983,741.301,809.0,985.664,0.0,985,829,0.0,0.156,0.0,0.0,0.156,616.053,125.247,0.0,741.301,-54.159,1039.823,0.0,985.664
11.038648376939818,10706,1,7,6,0.083801,0.081233,0.123272,0.003082,558.291,713.0,806.873,0.0,806,707,0.0,0.123,0.0,0.0,0.123,432.683,125.607,0.0,558.291,-123.767,930.64,0.0,806.873
11.048297495930456,10711,1,7,6,0.082995,0.081113,0.090309,-0.034016,573.555,690.0,774.706,0.0,774,678,0.0,0.09,0.0,0.0,0.09,447.574,125.98,0.0,573.555,-93.155,867.861,0.0,774.706
11.048297495930456,10716,1,7,6,0.082107,0.080984,0.053905,-0.035751,449.017,623.0,637.794,0.0,637,592,0.0,0.053,0.0,0.0,0.053,322.767,126.249,0.0,449.017,-139.186,776.98,0.0,637.794
11.048297495930456,10721,1,7,6,0.081138,0.080814,0.015513,-0.03783,318.445,466.0,550.21,0.0,550,478,0.0,0.015,0.0,0.0,0.015,192.035,126.409,0.0,318.445,-118.043,668.253,0.0,550.21
11.061937971971929,10726,1,7,6,0.080089,0.080551,-0.022193,-0.052614,236.01,441.0,402.449,0.0,402,423,0.0,-0.022,0.0,0.0,-0.022,109.513,126.497,0.0,236.01,-163.991,566.441,0.0,402.449
11.061937971971929,10731,1,7,6,0.078961,0.080197,-0.059345,-0.089199,234.058,376.0,371.845,0.0,371,406,0.0,-0.059,0.0,0.0,-0.059,107.471,126.587,0.0,234.058,-113.552,485.397,0.0,371.845
11.073450146010146,10736,1,7,6,0.077754,0.079766,-0.096573,-0.096398,125.956,284.0,255.495,0.0,255,291,-0.104719,-0.096,0.0,0.0,-0.096,-0.629,126.586,0.0,125.956,-126.434,381.929,0.0,255.495
11.073450146010146,10741,1,7,6,0.076471,0.079286,-0.135097,-0.116756,60.5,236.0,143.183,0.0,143,218,0.0,-0.135,0.0,0.0,-0.135,-66.03,126.531,0.0,60.5,-140.399,283.582,0.0,143.183
11.082900873967446,10750,1,7,6,0.073973,0.078294,-0.207407,-0.106843,-235.969,-13.0,-148.795,0.0,-148,-13,-0.104719,-0.207,0.0,0.0,-0.207,-362.027,126.058,0.0,-235.969,-178.375,29.579,0.0,-148.795
11.082900873967446,10755,1,7,6,0.072483,0.077672,-0.249083,-0.137487,-276.02,-66.0,-251.75,0.0,-251,-66,-0.104719,-0.249,0.0,0.0,-0.249,-401.744,125.723,0.0,-276.02,-168.016,-83.734,0.0,-251.75
11.093480828916654,10761,1,7,6,0.07092,0.076961,-0.289975,-0.146904,-389.759,-199.0,-354.224,0.0,-354,-169,-0.209439,-0.289,0.0,0.0,-0.289,-515.052,125.292,0.0,-389.759,-152.607,-201.616,0.0,-354.224
11.093480828916654,10766,1,7,6,0.068953,0.075963,-0.336479,-0.157852,-518.301,-301.0,-509.925,0.0,-509,-266,-0.104719,-0.336,0.0,0.0,-0.336,-643.058,124.756,0.0,-518.301,-173.841,-336.083,0.0,-509.925
11.106176515924744,10771,1,7,6,0.067239,0.075089,-0.376794,-0.152835,-682.164,-459.0,-666.991,0.0,-666,-446,-0.314159,-0.376,0.0,0.0,-0.376,-806.249,124.085,0.0,-682.164,-178.531,-488.46,0.0,-666.991
11.106176515924744,10776,1,7,6,0.065459,0.074248,-0.421859,-0.174587,-766.837,-530.0,-814.102,0.0,-814,-543,-0.104719,-0.421,0.0,0.0,-0.421,-890.181,123.343,0.0,-766.837,-189.47,-624.632,0.0,-814.102
11.118022674927488,10781,1,7,6,0.063614,0.073314,-0.465601,-0.175428,-922.151,-695.0,-959.732,0.0,-959,-678,-0.209439,-0.465,0.0,0.0,-0.465,-1044.624,122.472,0.0,-922.151,-181.721,-778.011,0.0,-959.732
11.118022674927488,10786,1,7,6,0.061706,0.072315,-0.509243,-0.236012,-861.978,-690.0,-1006.37,0.0,-1006,-678,-0.209439,-0.509,0.0,0.0,-0.509,-983.631,121.653,0.0,-861.978,-137.582,-868.787,0.0,-1006.37
11.118022674927488,10791,1,7,6,0.059737,0.071208,-0.550602,-0.230524,-1031.589,-840.0,-1157.192,0.0,-1157,-823,-0.209439,-0.55,0.0,0.0,-0.55,-1152.282,120.692,0.0,-1031.589,-153.271,-1003.92,0.0,-1157.192
11.129765492980368,10796,1,7,6,0.05771,0.07008,-0.593775,-0.230775,-1187.198,-948.0,-1345.855,0.0,-1345,-957,-0.314159,-0.593,0.0,0.0,-0.593,-1306.801,119.603,0.0,-1187.198,-191.358,-1154.497,0.0,-1345.855
11.129765492980368,10801,1,7,6,0.055625,0.068779,-0.631388,-0.278324,-1152.484,-978.0,-1391.498,0.0,-1391,-965,-0.314159,-0.631,0.0,0.0,-0.631,-1271.028,118.544,0.0,-1152.484,-139.587,-1251.91,0.0,-1391.498
11.140827185939997,10806,1,7,6,0.053486,0.067134,-0.65513,-0.350633,-978.559,-894.0,-1346.557,0.0,-1346,-894,-0.314159,-0.655,0.0,0.0,-0.655,-1096.19,117.631,0.0,-978.559,-67.647,-1278.91,0.0,-1346.557
11.140827185939997,10811,1,7,6,0.051293,0.06513,-0.664155,-0.405926,-812.769,-829.0,-1244.658,0.0,-1244,-808,-0.418879,-0.664,0.0,0.0,-0.664,-929.626,116.856,0.0,-812.769,12.984,-1257.643,0.0,-1244.658
11.152896984945983,10816,1,7,6,0.04905,0.062733,-0.656772,-0.506992,-422.783,-596.0,-993.014,0.0,-993,-595,-0.628318,-0.656,0.0,0.0,-0.656,-539.208,116.425,0.0,-422.783,138.573,-1131.587,0.0,-993.014
11.152896984945983,10821,1,7,6,0.046759,0.060071,-0.639001,-0.554877,-186.673,-481.0,-727.555,0.0,-727,-384,-0.523598,-0.639,0.0,0.0,-0.639,-302.845,116.172,0.0,-186.673,235.461,-963.016,0.0,-727.555
11.152896984945983,10826,1,7,6,0.044422,0.057202,-0.613474,-0.563553,-63.694,-321.0,-614.345,0.0,-614,-303,-0.523598,-0.613,0.0,0.0,-0.613,-179.717,116.023,0.0,-63.694,205.844,-820.189,0.0,-614.345
11.165108989924192,10831,1,7,6,0.04204,0.054338,-0.590295,-0.566983,32.029,-191.0,-503.407,0.0,-503,-175,-0.523598,-0.59,0.0,0.0,-0.59,-83.923,115.953,0.0,32.029,178.424,-681.831,0.0,-503.407
11.176553163910285,10840,1,7,6,0.037651,0.049301,-0.559229,-0.551704,88.826,-94.0,-318.373,0.0,-318,-94,-0.418879,-0.559,0.0,0.0,-0.559,-27.088,115.914,0.0,88.826,146.26,-464.634,0.0,-318.373
11.176553163910285,10845,1,7,6,0.035159,0.046724,-0.555097,-0.515536,-26.622,-109.0,-366.413,0.0,-366,-109,-0.418879,-0.555,0.0,0.0,-0.555,-142.418,115.795,0.0,-26.622,65.901,-432.314,0.0,-366.413
11.18760720291175,10851,1,7,6,0.032633,0.044316,-0.560771,-0.467301,-220.98,-190.0,-487.007,0.0,-487,-190,-0.418879,-0.56,0.0,0.0,-0.56,-336.495,115.514,0.0,-220.98,-24.784,-462.223,0.0,-487.007
11.18760720291175,10856,1,7,6,0.02956,0.041629,-0.57932,-0.438334,-392.458,-318.0,-589.51,0.0,-589,-286,-0.314159,-0.579,0.0,0.0,-0.579,-507.549,115.091,0.0,-392.458,-59.566,-529.943,0.0,-589.51
11.20003737998195,10861,1,7,6,0.026966,0.039496,-0.601451,-0.409321,-577.151,-397.0,-780.362,0.0,-780,-415,-0.418879,-0.601,0.0,0.0,-0.601,-691.666,114.515,0.0,-577.151,-144.121,-636.241,0.0,-780.362
11.20003737998195,10866,1,7,6,0.024346,0.037441,-0.628585,-0.39154,-739.556,-541.0,-920.865,0.0,-920,-557,-0.418879,-0.628,0.0,0.0,-0.628,-853.36,113.804,0.0,-739.556,-158.844,-762.02,0.0,-920.865
11.20003737998195,10871,1,7,6,0.021701,0.035475,-0.661145,-0.384935,-881.379,-669.0,-1061.696,0.0,-1061,-653,-0.314159,-0.661,0.0,0.0,-0.661,-994.354,112.975,0.0,-881.379,-169.903,-891.792,0.0,-1061.696
11.211256493930705,10876,1,7,6,0.019036,0.033523,-0.695373,-0.395218,-968.483,-750.0,-1197.263,0.0,-1197,-750,-0.314159,-0.695,0.0,0.0,-0.695,-1080.558,112.074,0.0,-968.483,-174.787,-1022.476,0.0,-1197.263
11.211256493930705,10881,1,7,6,0.016351,0.031558,-0.72989,-0.381916,-1141.673,-894.0,-1378.06,0.0,-1378,-911,-0.418879,-0.729,0.0,0.0,-0.729,-1252.704,111.031,0.0,-1141.673,-198.138,-1179.921,0.0,-1378.06
11.222422810969874,10886,1,7,6,0.013651,0.029521,-0.761789,-0.421828,-1113.849,-930.0,-1435.248,0.0,-1435,-927,-0.418879,-0.761,0.0,0.0,-0.761,-1223.86,110.011,0.0,-1113.849,-147.079,-1288.169,0.0,-1435.248
11.222422810969874,10891,1,7,6,0.010936,0.027184,-0.779878,-0.487963,-941.757,-865.0,-1386.281,0.0,-1386,-852,-0.523598,-0.779,0.0,0.0,-0.779,-1050.893,109.135,0.0,-941.757,-61.406,-1324.875,0.0,-1386.281
11.233860598993488,10896,1,7,6,0.008212,0.024498,-0.781718,-0.561611,-683.912,-724.0,-1245.132,0.0,-1245,-708,-0.628318,-0.781,0.0,0.0,-0.781,-792.387,108.475,0.0,-683.912,32.07,-1277.203,0.0,-1245.132
11.233860598993488,10901,1,7,6,0.005479,0.021544,-0.771113,-0.619504,-437.772,-568.0,-1078.42,0.0,-1078,-584,-0.628318,-0.771,0.0,0.0,-0.771,-545.792,108.02,0.0,-437.772,104.182,-1182.602,0.0,-1078.42
11.233860598993488,10906,1,7,6,0.00274,0.018281,-0.745935,-0.662857,-191.308,-409.0,-863.734,0.0,-863,-391,-0.628318,-0.745,0.0,0.0,-0.745,-299.079,107.77,0.0,-191.308,174.153,-1037.887,0.0,-863.734
11.245483799953945,10911,1,7,6,0.0,0.014918,-0.71613,-0.676806,-33.907,-291.0,-688.661,0.0,-688,-264,-0.628318,-0.716,0.0,0.0,-0.716,-141.565,107.657,0.0,-33.907,205.673,-894.335,0.0,-688.661
11.245483799953945,10916,1,7,6,-0.002741,0.011558,-0.686413,-0.658942,8.681,-230.0,-577.285,0.0,-577,-197,-0.628318,-0.686,0.0,0.0,-0.686,-98.893,107.575,0.0,8.681,190.945,-768.23,0.0,-577.285
11.256685395957902,10921,1,7,6,-0.005479,0.008365,-0.664543,-0.624989,-34.937,-196.0,-560.475,0.0,-560,-161,-0.628318,-0.664,0.0,0.0,-0.664,-142.394,107.456,0.0,-34.937,128.85,-689.325,0.0,-560.475
11.26796166296117,10930,1,7,6,-0.010393,0.003084,-0.646955,-0.557234,-215.978,-233.0,-622.419,0.0,-622,-233,-0.523598,-0.646,0.0,0.0,-0.646,-322.996,107.018,0.0,-215.978,13.616,-636.036,0.0,-622.419
11.26796166296117,10935,1,7,6,-0.013109,0.000451,-0.650973,-0.511827,-394.326,-336.0,-733.412,0.0,-733,-336,-0.418879,-0.65,0.0,0.0,-0.65,-500.926,106.6,0.0,-394.326,-46.66,-686.751,0.0,-733.412
11.26796166296117,10941,1,7,6,-0.015813,-0.002094,-0.658513,-0.484767,-519.409,-427.0,-825.446,0.0,-825,-415,-0.418879,-0.658,0.0,0.0,-0.658,-625.486,106.077,0.0,-519.409,-73.927,-751.518,0.0,-825.446
11.280250840005465,10946,1,7,6,-0.019036,-0.004935,-0.676862,-0.463152,-663.92,-518.0,-963.553,0.0,-963,-537,-0.418879,-0.676,0.0,0.0,-0.676,-769.357,105.436,0.0,-663.92,-116.736,-846.816,0.0,-963.553
11.280250840005465,10951,1,7,6,-0.021702,-0.007327,-0.69,-0.481327,-646.412,-537.0,-994.905,0.0,-994,-555,-0.418879,-0.69,0.0,0.0,-0.69,-751.223,104.81,0.0,-646.412,-87.53,-907.375,0.0,-994.905
11.291438319953158,10956,1,7,6,-0.024346,-0.009787,-0.698851,-0.520308,-538.481,-515.0,-939.436,0.0,-939,-488,-0.418879,-0.698,0.0,0.0,-0.698,-642.756,104.274,0.0,-538.481,-18.785,-920.65,0.0,-939.436
11.291438319953158,10961,1,7,6,-0.026966,-0.012195,-0.709009,-0.508049,-619.785,-579.0,-999.049,0.0,-999,-533,-0.418879,-0.709,0.0,0.0,-0.709,-723.457,103.672,0.0,-619.785,-32.628,-966.421,0.0,-999.049
11.302832743967883,10966,1,7,6,-0.02956,-0.01459,-0.71858,-0.47006,-791.746,-681.0,-1142.275,0.0,-1142,-662,-0.418879,-0.718,0.0,0.0,-0.718,-894.672,102.926,0.0,-791.746,-88.596,-1053.678,0.0,-1142.275
11.302832743967883,10971,1,7,6,-0.032125,-0.016998,-0.726106,-0.480024,-783.706,-680.0,-1194.89,0.0,-1194,-662,-0.523598,-0.726,0.0,0.0,-0.726,-885.894,102.188,0.0,-783.706,-82.964,-1111.925,0.0,-1194.89
11.302832743967883,10976,1,7,6,-0.034657,-0.019458,-0.729568,-0.514302,-673.415,-625.0,-1161.017,0.0,-1161,-644,-0.418879,-0.729,0.0,0.0,-0.729,-774.958,101.542,0.0,-673.415,-38.732,-1122.285,0.0,-1161.017
11.315756110940129,10981,1,7,6,-0.037156,-0.022057,-0.724734,-0.532118,-592.451,-579.0,-1123.538,0.0,-1123,-615,-0.523598,-0.724,0.0,0.0,-0.724,-693.416,100.964,0.0,-592.451,-10.761,-1112.777,0.0,-1123.538
11.315756110940129,10986,1,7,6,-0.039618,-0.02474,-0.71413,-0.534016,-547.988,-579.0,-1067.675,0.0,-1067,-597,-0.523598,-0.714,0.0,0.0,-0.714,-648.413,100.424,0.0,-547.988,24.808,-1092.484,0.0,-1067.675
11.327084156917408,10991,1,7,6,-0.042041,-0.027448,-0.700442,-0.544758,-460.505,-533.0,-987.832,0.0,-987,-514,-0.523598,-0.7,0.0,0.0,-0.7,-560.463,99.957,0.0,-460.505,57.995,-1045.827,0.0,-987.832
11.327084156917408,10996,1,7,6,-0.044422,-0.030166,-0.684278,-0.532997,-445.109,-482.0,-989.475,0.0,-989,-489,-0.523598,-0.684,0.0,0.0,-0.684,-544.612,99.503,0.0,-445.109,29.512,-1018.987,0.0,-989.475
11.336530356900766,11001,1,7,6,-0.046759,-0.03285,-0.667628,-0.542068,-352.874,-445.0,-890.79,0.0,-890,-464,-0.523598,-0.667,0.0,0.0,-0.667,-452.015,99.141,0.0,-352.874,73.7,-964.491,0.0,-890.79
11.336530356900766,11006,1,7,6,-0.049051,-0.035429,-0.653821,-0.514075,-404.363,-478.0,-876.029,0.0,-876,-464,-0.418879,-0.653,0.0,0.0,-0.653,-503.085,98.722,0.0,-404.363,58.909,-934.938,0.0,-876.029
11.349962654989213,11011,1,7,6,-0.051294,-0.037859,-0.644869,-0.465736,-546.695,-536.0,-966.605,0.0,-966,-536,-0.418879,-0.644,0.0,0.0,-0.644,-644.88,98.185,0.0,-546.695,-8.556,-958.049,0.0,-966.605
11.349962654989213,11020,1,7,6,-0.055202,-0.041853,-0.640759,-0.417585,-706.598,-638.0,-1109.973,0.0,-1109,-638,-0.418879,-0.64,0.0,0.0,-0.64,-803.428,96.829,0.0,-706.598,-54.878,-1055.094,0.0,-1109.973
11.362492577987723,11025,1,7,6,-0.057298,-0.044028,-0.63696,-0.431599,-643.085,-620.0,-1085.878,0.0,-1085,-620,-0.418879,-0.636,0.0,0.0,-0.636,-739.299,96.213,0.0,-643.085,-18.468,-1067.41,0.0,-1085.878
11.362492577987723,11030,1,7,6,-0.059337,-0.046299,-0.625805,-0.465415,-481.672,-530.0,-990.848,0.0,-990,-530,-0.418879,-0.625,0.0,0.0,-0.625,-577.405,95.732,0.0,-481.672,38.661,-1029.51,0.0,-990.848
11.374054412008263,11036,1,7,6,-0.061318,-0.048595,-0.610695,-0.453481,-470.708,-517.0,-968.719,0.0,-968,-495,-0.523598,-0.61,0.0,0.0,-0.61,-565.967,95.259,0.0,-470.708,37.033,-1005.753,0.0,-968.719
11.374054412008263,11041,1,7,6,-0.063614,-0.051338,-0.58924,-0.453181,-394.961,-441.0,-928.964,0.0,-928,-446,-0.523598,-0.589,0.0,0.0,-0.589,-489.812,94.85,0.0,-394.961,36.83,-965.795,0.0,-928.964
11.374054412008263,11046,1,7,6,-0.065459,-0.053613,-0.568614,-0.466321,-273.709,-392.0,-802.235,0.0,-802,-375,-0.418879,-0.568,0.0,0.0,-0.568,-368.253,94.543,0.0,-273.709,94.632,-896.868,0.0,-802.235
11.386221436900087,11051,1,7,6,-0.06724,-0.055829,-0.5477,-0.424753,-348.433,-410.0,-823.937,0.0,-823,-393,-0.418879,-0.547,0.0,0.0,-0.547,-442.608,94.175,0.0,-348.433,49.253,-873.191,0.0,-823.937
11.386221436900087,11056,1,7,6,-0.068954,-0.057918,-0.529719,-0.405223,-354.384,-388.0,-824.201,0.0,-824,-372,-0.523598,-0.529,0.0,0.0,-0.529,-448.186,93.801,0.0,-354.384,26.892,-851.093,0.0,-824.201
11.39796412200667,11061,1,7,6,-0.0706,-0.059948,-0.511258,-0.419629,-236.335,-340.0,-711.377,0.0,-711,-346,-0.314159,-0.511,0.0,0.0,-0.511,-329.861,93.526,0.0,-236.335,82.931,-794.309,0.0,-711.377
11.39796412200667,11066,1,7,6,-0.072176,-0.06189,-0.493751,-0.395887,-259.078,-319.0,-710.337,0.0,-710,-322,-0.314159,-0.493,0.0,0.0,-0.493,-352.311,93.233,0.0,-259.078,47.937,-758.275,0.0,-710.337
11.407996494905092,11071,1,7,6,-0.073681,-0.063699,-0.479159,-0.340553,-406.162,-385.0,-796.558,0.0,-796,-383,-0.314159,-0.479,0.0,0.0,-0.479,-498.98,92.817,0.0,-406.162,-16.93,-779.628,0.0,-796.558
11.407996494905092,11076,1,7,6,-0.075114,-0.065423,-0.465145,-0.336915,-369.194,-372.0,-768.974,0.0,-768,-372,-0.314159,-0.465,0.0,0.0,-0.465,-461.627,92.432,0.0,-369.194,2.244,-771.218,0.0,-768.974
11.407996494905092,11081,1,7,6,-0.076472,-0.067076,-0.451006,-0.317083,-390.092,-386.0,-780.322,0.0,-780,-400,-0.314159,-0.451,0.0,0.0,-0.451,-482.123,92.03,0.0,-390.092,-3.274,-777.047,0.0,-780.322
11.420988744008355,11086,1,7,6,-0.077755,-0.068628,-0.43806,-0.287703,-449.707,-434.0,-807.035,0.0,-807,-432,-0.314159,-0.438,0.0,0.0,-0.438,-541.287,91.579,0.0,-449.707,-12.565,-794.469,0.0,-807.035
11.420988744008355,11091,1,7,6,-0.078961,-0.070146,-0.423104,-0.303883,-337.959,-388.0,-723.361,0.0,-723,-383,-0.314159,-0.423,0.0,0.0,-0.423,-429.195,91.236,0.0,-337.959,40.032,-763.394,0.0,-723.361
11.432100204983726,11096,1,7,6,-0.080089,-0.071604,-0.407282,-0.297675,-303.676,-351.0,-695.881,0.0,-695,-354,-0.209439,-0.407,0.0,0.0,-0.407,-394.583,90.907,0.0,-303.676,37.859,-733.74,0.0,-695.881
11.432100204983726,11101,1,7,6,-0.081138,-0.072882,-0.3963,-0.246035,-450.497,-449.0,-757.109,0.0,-757,-416,-0.209439,-0.396,0.0,0.0,-0.396,-540.954,90.456,0.0,-450.497,-1.197,-755.911,0.0,-757.109
11.443813672987744,11110,1,7,6,-0.082824,-0.074852,-0.382635,-0.21409,-517.398,-512.0,-834.829,0.0,-834,-512,-0.209439,-0.382,0.0,0.0,-0.382,-606.763,89.364,0.0,-517.398,-4.318,-830.51,0.0,-834.829
11.443813672987744,11115,1,7,6,-0.083646,-0.075936,-0.370123,-0.212702,-477.822,-478.0,-831.982,0.0,-831,-478,-0.209439,-0.37,0.0,0.0,-0.37,-566.715,88.892,0.0,-477.822,0.141,-832.124,0.0,-831.982
11.45514731691219,11120,1,7,6,-0.084386,-0.07708,-0.350696,-0.225609,-361.795,-414.0,-752.44,0.0,-752,-414,-0.209439,-0.35,0.0,0.0,-0.35,-450.312,88.516,0.0,-361.795,41.763,-794.204,0.0,-752.44
11.45514731691219,11126,1,7,6,-0.085043,-0.078233,-0.326906,-0.232571,-251.375,-350.0,-654.574,0.0,-654,-335,-0.209439,-0.326,0.0,0.0,-0.326,-339.608,88.232,0.0,-251.375,78.899,-733.474,0.0,-654.574
11.46680406993255,11131,1,7,6,-0.08572,-0.079522,-0.297519,-0.197726,-271.32,-349.0,-633.134,0.0,-633,-350,-0.209439,-0.297,0.0,0.0,-0.297,-359.254,87.933,0.0,-271.32,62.143,-695.278,0.0,-633.134
11.46680406993255,11136,1,7,6,-0.086192,-0.080408,-0.277612,-0.170007,-299.766,-350.0,-627.989,0.0,-627,-334,-0.209439,-0.277,0.0,0.0,-0.277,-387.376,87.61,0.0,-299.766,40.187,-668.176,0.0,-627.989
11.478439987986349,11141,1,7,6,-0.086578,-0.081157,-0.260186,-0.163391,-261.142,-318.0,-587.702,0.0,-587,-334,-0.209439,-0.26,0.0,0.0,-0.26,-348.462,87.32,0.0,-261.142,45.486,-633.189,0.0,-587.702
11.478439987986349,11146,1,7,6,-0.086879,-0.08166,-0.250479,-0.107232,-428.8,-414.0,-672.223,0.0,-672,-414,0.0,-0.25,0.0,0.0,-0.25,-515.691,86.89,0.0,-428.8,-11.84,-660.383,0.0,-672.223
11.478439987986349,11151,1,7,6,-0.087094,-0.081997,-0.244666,-0.049128,-617.633,-525.0,-803.619,0.0,-803,-509,0.0,-0.244,0.0,0.0,-0.244,-703.937,86.304,0.0,-617.633,-74.106,-729.513,0.0,-803.619
11.4909400139004,11156,1,7,6,-0.087223,-0.082247,-0.238839,-0.045388,-610.7,-542.0,-825.094,0.0,-825,-558,0.0,-0.238,0.0,0.0,-0.238,-696.424,85.723,0.0,-610.7,-54.96,-770.133,0.0,-825.094
11.4909400139004,11161,1,7,6,-0.087266,-0.082485,-0.229475,-0.057964,-532.229,-510.0,-792.295,0.0,-792,-509,-0.104719,-0.229,0.0,0.0,-0.229,-617.438,85.209,0.0,-532.229,-17.783,-774.512,0.0,-792.295
11.50223073491361,11166,1,7,6,-0.087223,-0.082688,-0.217699,-0.03998,-555.112,-526.0,-812.772,0.0,-812,-526,0.0,-0.217,0.0,0.0,-0.217,-639.788,84.675,0.0,-555.112,-23.29,-789.482,0.0,-812.772
11.50223073491361,11171,1,7,6,-0.087094,-0.082836,-0.204379,-0.022678,-569.994,-542.0,-824.691,0.0,-824,-542,0.0,-0.204,0.0,0.0,-0.204,-654.125,84.13,0.0,-569.994,-22.395,-802.296,0.0,-824.691
11.513785327901132,11176,1,7,6,-0.086879,-0.083031,-0.184684,-0.044573,-420.69,-477.0,-715.898,0.0,-715,-462,0.0,-0.184,0.0,0.0,-0.184,-504.401,83.71,0.0,-420.69,45.047,-760.946,0.0,-715.898
11.513785327901132,11181,1,7,6,-0.086578,-0.083098,-0.167033,-0.008631,-486.993,-510.0,-742.611,0.0,-742,-477,0.0,-0.167,0.0,0.0,-0.167,-570.248,83.254,0.0,-486.993,18.404,-761.016,0.0,-742.611
11.513785327901132,11186,1,7,6,-0.086192,-0.083098,-0.148486,0.012301,-496.063,-494.0,-765.848,0.0,-765,-493,0.0,-0.148,0.0,0.0,-0.148,-578.835,82.772,0.0,-496.063,-1.65,-764.197,0.0,-765.848
11.525476577924564,11191,1,7,6,-0.08572,-0.083086,-0.126448,0.005885,-394.028,-445.0,-686.991,0.0,-686,-445,0.0,-0.126,0.0,0.0,-0.126,-476.403,82.375,0.0,-394.028,40.777,-727.768,0.0,-686.991
11.536581536987796,11200,1,7,6,-0.084659,-0.083063,-0.076616,0.0052,-212.737,-317.0,-522.176,0.0,-522,-317,0.0,-0.076,0.0,0.0,-0.076,-294.541,81.804,0.0,-212.737,83.41,-605.586,0.0,-522.176
11.536581536987796,11205,1,7,6,-0.083952,-0.082978,-0.046785,0.023284,-170.657,-270.0,-466.927,0.0,-466,-270,0.0,-0.046,0.0,0.0,-0.046,-252.251,81.593,0.0,-170.657,79.474,-546.401,0.0,-466.927
11.548095687991008,11210,1,7,6,-0.083163,-0.082852,-0.014921,0.027959,-72.905,-222.0,-349.67,0.0,-349,-222,0.0,-0.014,0.0,0.0,-0.014,-154.37,81.465,0.0,-72.905,119.275,-468.946,0.0,-349.67
11.548095687991008,11216,1,7,6,-0.082291,-0.082673,0.018328,0.020737,72.786,-125.0,-203.557,0.0,-203,-77,0.0,0.018,0.0,0.0,0.018,-8.671,81.458,0.0,72.786,158.229,-361.786,0.0,-203.557
11.559616770013236,11221,1,7,6,-0.081138,-0.082334,0.057437,0.060742,69.55,-61.0,-185.573,0.0,-185,-61,0.0,0.057,0.0,0.0,0.057,-11.897,81.448,0.0,69.55,104.44,-290.014,0.0,-185.573
11.559616770013236,11226,1,7,6,-0.080089,-0.081865,0.085278,0.100666,26.004,-61.0,-175.197,0.0,-175,-61,0.0,0.085,0.0,0.0,0.085,-55.396,81.401,0.0,26.004,69.603,-244.801,0.0,-175.197
11.559616770013236,11231,1,7,6,-0.07896,-0.081272,0.110962,0.129399,14.975,-61.0,-147.944,0.0,-147,-45,0.0,0.11,0.0,0.0,0.11,-66.371,81.346,0.0,14.975,60.78,-208.725,0.0,-147.944
11.571454723947681,11236,1,7,6,-0.077754,-0.080606,0.136865,0.128112,112.883,33.0,-83.804,0.0,-83,34,0.0,0.136,0.0,0.0,0.136,31.51,81.372,0.0,112.883,63.906,-147.711,0.0,-83.804
11.571454723947681,11241,1,7,6,-0.076472,-0.079964,0.167643,0.145212,162.19,66.0,-8.887,0.0,-8,100,0.104719,0.167,0.0,0.0,0.167,80.75,81.44,0.0,162.19,76.952,-85.839,0.0,-8.887
11.582619347958826,11246,1,7,6,-0.075113,-0.07927,0.199531,0.130785,329.132,179.0,134.608,0.0,134,178,0.0,0.199,0.0,0.0,0.199,247.485,81.646,0.0,329.132,120.105,14.502,0.0,134.608
11.582619347958826,11251,1,7,6,-0.073681,-0.078635,0.237796,0.118695,510.764,322.0,297.462,0.0,297,322,0.0,0.237,0.0,0.0,0.237,428.761,82.003,0.0,510.764,151.011,146.45,0.0,297.462
11.594683046918362,11256,1,7,6,-0.072176,-0.077869,0.2733,0.151228,521.831,354.0,376.72,0.0,376,370,0.0,0.273,0.0,0.0,0.273,439.461,82.369,0.0,521.831,134.265,242.454,0.0,376.72
11.594683046918362,11261,1,7,6,-0.070599,-0.077044,0.309347,0.169349,586.78,434.0,455.176,0.0,455,420,0.0,0.309,0.0,0.0,0.309,503.99,82.789,0.0,586.78,122.224,332.952,0.0,455.176
11.594683046918362,11266,1,7,6,-0.068953,-0.076146,0.345266,0.184071,663.575,517.0,544.971,0.0,544,534,0.0,0.345,0.0,0.0,0.345,580.301,83.273,0.0,663.575,117.26,427.711,0.0,544.971
11.606954255956225,11271,1,7,6,-0.067239,-0.075288,0.386351,0.158206,905.251,642.0,784.729,0.0,784,693,0.0,0.386,0.0,0.0,0.386,821.32,83.93,0.0,905.251,210.6,574.128,0.0,784.729
11.606954255956225,11276,1,7,6,-0.065459,-0.074343,0.426464,0.194895,918.274,724.0,836.732,0.0,836,741,0.104719,0.426,0.0,0.0,0.426,833.649,84.625,0.0,918.274,155.419,681.313,0.0,836.732
11.618678938946687,11281,1,7,6,-0.063614,-0.073255,0.462794,0.244877,869.779,710.0,880.549,0.0,880,758,0.209439,0.462,0.0,0.0,0.462,784.5,85.278,0.0,869.779,127.823,752.725,0.0,880.549
11.618678938946687,11290,1,7,6,-0.060136,-0.070939,0.518531,0.279298,947.927,809.0,1006.148,0.0,1006,809,0.209439,0.518,0.0,0.0,0.518,861.238,86.688,0.0,947.927,111.141,895.006,0.0,1006.148
11.62969189195428,11295,1,7,6,-0.05812,-0.06931,0.537127,0.349342,763.28,725.0,927.697,0.0,927,725,0.314159,0.537,0.0,0.0,0.537,676.028,87.252,0.0,763.28,30.624,897.072,0.0,927.697
11.62969189195428,11300,1,7,6,-0.056046,-0.067414,0.545659,0.405108,593.658,633.0,825.026,0.0,825,633,0.314159,0.545,0.0,0.0,0.545,505.984,87.673,0.0,593.658,-31.473,856.5,0.0,825.026
11.641783803934231,11306,1,7,6,-0.053918,-0.065255,0.544215,0.441998,455.962,535.0,730.661,0.0,730,556,0.418879,0.544,0.0,0.0,0.544,367.98,87.981,0.0,455.962,-63.23,793.891,0.0,730.661
11.641783803934231,11311,1,7,6,-0.051293,-0.062359,0.531147,0.483654,259.099,375.0,600.885,0.0,600,431,0.418879,0.531,0.0,0.0,0.531,170.975,88.124,0.0,259.099,-92.72,693.605,0.0,600.885
11.653140915906988,11316,1,7,6,-0.04905,-0.059808,0.516355,0.501442,141.854,330.0,432.53,0.0,432,312,0.418879,0.516,0.0,0.0,0.516,53.685,88.168,0.0,141.854,-150.516,583.047,0.0,432.53
11.653140915906988,11321,1,7,6,-0.046759,-0.057245,0.503346,0.505007,82.183,268.0,337.166,0.0,337,250,0.314159,0.503,0.0,0.0,0.503,-5.98,88.163,0.0,82.183,-148.653,485.819,0.0,337.166
11.664938255911693,11326,1,7,6,-0.044421,-0.054835,0.499847,0.466426,208.579,299.0,381.968,0.0,381,268,0.314159,0.499,0.0,0.0,0.499,120.314,88.264,0.0,208.579,-72.336,454.305,0.0,381.968
11.664938255911693,11331,1,7,6,-0.04204,-0.052585,0.506165,0.440448,325.045,347.0,443.264,0.0,443,334,0.314159,0.506,0.0,0.0,0.506,236.584,88.461,0.0,325.045,-17.563,460.828,0.0,443.264
11.664938255911693,11336,1,7,6,-0.039618,-0.050436,0.519275,0.412731,472.34,424.0,542.017,0.0,542,424,0.314159,0.519,0.0,0.0,0.519,383.559,88.781,0.0,472.34,38.672,503.345,0.0,542.017
11.676967257983051,11341,1,7,6,-0.037156,-0.048283,0.534116,0.430198,463.196,431.0,550.817,0.0,550,425,0.314159,0.534,0.0,0.0,0.534,374.103,89.092,0.0,463.196,25.756,525.06,0.0,550.817
11.676967257983051,11346,1,7,6,-0.034657,-0.046022,0.545547,0.460882,394.14,412.0,508.951,0.0,508,406,0.314159,0.545,0.0,0.0,0.545,304.793,89.346,0.0,394.14,-14.287,523.238,0.0,508.951
11.688111894996837,11351,1,7,6,-0.032124,-0.043708,0.556013,0.465593,415.127,412.0,527.927,0.0,527,420,0.314159,0.556,0.0,0.0,0.556,325.509,89.618,0.0,415.127,2.502,525.425,0.0,527.927
11.688111894996837,11356,1,7,6,-0.02956,-0.041367,0.566758,0.469867,438.713,431.0,542.798,0.0,542,419,0.209439,0.566,0.0,0.0,0.566,348.805,89.908,0.0,438.713,6.171,536.627,0.0,542.798
11.688111894996837,11361,1,7,6,-0.026966,-0.039165,0.585559,0.431028,646.665,558.0,675.209,0.0,675,548,0.418879,0.585,0.0,0.0,0.585,556.311,90.353,0.0,646.665,70.932,604.276,0.0,675.209
11.700291714980267,11366,1,7,6,-0.024346,-0.037093,0.611873,0.405752,833.006,642.0,873.362,0.0,873,669,0.209439,0.611,0.0,0.0,0.611,742.034,90.972,0.0,833.006,152.805,720.557,0.0,873.362
11.700291714980267,11371,1,7,6,-0.021702,-0.035071,0.641717,0.407387,935.264,760.0,971.332,0.0,971,750,0.418879,0.641,0.0,0.0,0.641,843.589,91.675,0.0,935.264,140.211,831.121,0.0,971.332
11.711566849960946,11376,1,7,6,-0.019036,-0.032911,0.665982,0.448745,874.381,732.0,1012.149,0.0,1012,751,0.314159,0.665,0.0,0.0,0.665,782.055,92.326,0.0,874.381,113.905,898.243,0.0,1012.149
11.72317174600903,11385,1,7,6,-0.014192,-0.028344,0.679281,0.551739,552.378,583.0,846.363,0.0,846,583,0.523598,0.679,0.0,0.0,0.679,459.151,93.227,0.0,552.378,-24.496,870.86,0.0,846.363
11.72317174600903,11390,1,7,6,-0.01148,-0.025371,0.666758,0.597062,344.345,472.0,681.985,0.0,681,472,0.418879,0.666,0.0,0.0,0.666,250.908,93.436,0.0,344.345,-102.123,784.109,0.0,681.985
11.72317174600903,11396,1,7,6,-0.008758,-0.022229,0.64661,0.633807,139.567,332.0,504.609,0.0,504,344,0.418879,0.646,0.0,0.0,0.646,46.092,93.474,0.0,139.567,-153.945,658.555,0.0,504.609
11.735092281945981,11401,1,7,6,-0.005479,-0.018497,0.624897,0.597752,191.279,344.0,455.645,0.0,455,316,0.418879,0.624,0.0,0.0,0.624,97.723,93.556,0.0,191.279,-122.176,577.821,0.0,455.645
11.735092281945981,11406,1,7,6,-0.00274,-0.015561,0.615419,0.56453,276.91,344.0,489.613,0.0,489,372,0.418879,0.615,0.0,0.0,0.615,183.201,93.709,0.0,276.91,-53.671,543.284,0.0,489.613
11.746421281946823,11411,1,7,6,0.0,-0.012936,0.620955,0.501919,522.594,503.0,600.323,0.0,600,493,0.209439,0.62,0.0,0.0,0.62,428.528,94.066,0.0,522.594,15.675,584.647,0.0,600.323
11.746421281946823,11416,1,7,6,0.002741,-0.010611,0.640936,0.428787,858.438,709.0,835.035,0.0,835,690,0.314159,0.64,0.0,0.0,0.64,763.736,94.702,0.0,858.438,119.551,715.484,0.0,835.035
11.75848789094016,11421,1,7,6,0.005479,-0.008475,0.669849,0.409467,1032.856,811.0,1036.276,0.0,1036,810,0.314159,0.669,0.0,0.0,0.669,937.373,95.483,0.0,1032.856,177.485,858.791,0.0,1036.276
11.75848789094016,11426,1,7,6,0.008212,-0.006316,0.697387,0.440659,1020.475,847.0,1093.345,0.0,1093,828,0.314159,0.697,0.0,0.0,0.697,924.221,96.253,0.0,1020.475,138.78,954.565,0.0,1093.345
11.75848789094016,11431,1,7,6,0.010937,-0.004017,0.717838,0.493489,904.584,822.0,1062.696,0.0,1062,833,0.314159,0.717,0.0,0.0,0.717,807.657,96.927,0.0,904.584,66.067,996.628,0.0,1062.696
11.77068974589929,11436,1,7,6,0.013651,-0.001554,0.729868,0.49936,927.448,857.0,1097.632,0.0,1097,857,0.314159,0.729,0.0,0.0,0.729,829.829,97.618,0.0,927.448,56.358,1041.273,0.0,1097.632
11.77068974589929,11441,1,7,6,0.016352,0.000983,0.7377,0.517283,891.778,834.0,1108.293,0.0,1108,870,0.418879,0.737,0.0,0.0,0.737,793.498,98.279,0.0,891.778,46.222,1062.07,0.0,1108.293
11.782198337954469,11446,1,7,6,0.019036,0.003562,0.74279,0.506485,949.686,870.0,1164.505,0.0,1164,865,0.314159,0.742,0.0,0.0,0.742,850.697,98.988,0.0,949.686,63.749,1100.756,0.0,1164.505
11.782198337954469,11451,1,7,6,0.021702,0.006162,0.745918,0.511311,944.247,891.0,1170.779,0.0,1170,891,0.523598,0.745,0.0,0.0,0.745,844.583,99.664,0.0,944.247,42.598,1128.181,0.0,1170.779
11.7946260899771,11456,1,7,6,0.024346,0.008873,0.742733,0.536812,841.598,838.0,1122.172,0.0,1122,855,0.418879,0.742,0.0,0.0,0.742,741.316,100.282,0.0,841.598,2.879,1119.293,0.0,1122.172
11.7946260899771,11461,1,7,6,0.026967,0.01167,0.734236,0.57984,656.573,737.0,993.905,0.0,993,720,0.523598,0.734,0.0,0.0,0.734,555.828,100.745,0.0,656.573,-64.341,1058.246,0.0,993.905
11.7946260899771,11466,1,7,6,0.02956,0.014562,0.719932,0.59097,565.395,667.0,911.447,0.0,911,650,0.418879,0.719,0.0,0.0,0.719,464.263,101.132,0.0,565.395,-81.283,992.731,0.0,911.447
11.806259279954247,11475,1,7,6,0.034153,0.019916,0.683394,0.608141,372.599,517.0,717.138,0.0,717,517,0.523598,0.683,0.0,0.0,0.683,270.909,101.689,0.0,372.599,-115.52,832.659,0.0,717.138
11.817444974905811,11480,1,7,6,0.036659,0.02289,0.660915,0.595219,338.393,500.0,629.649,0.0,629,500,0.418879,0.66,0.0,0.0,0.66,236.506,101.886,0.0,338.393,-129.285,758.934,0.0,629.649
11.817444974905811,11486,1,7,6,0.039129,0.025798,0.639859,0.556165,403.435,514.0,631.019,0.0,631,480,0.314159,0.639,0.0,0.0,0.639,301.296,102.138,0.0,403.435,-88.451,719.47,0.0,631.019
11.830051285913214,11491,1,7,6,0.042041,0.029162,0.618163,0.536551,396.186,481.0,616.583,0.0,616,464,0.418879,0.618,0.0,0.0,0.618,293.802,102.383,0.0,396.186,-67.85,684.434,0.0,616.583
11.830051285913214,11496,1,7,6,0.044422,0.031784,0.606637,0.494415,506.721,544.0,659.063,0.0,659,496,0.314159,0.606,0.0,0.0,0.606,404.001,102.72,0.0,506.721,-29.822,688.886,0.0,659.063
11.830051285913214,11501,1,7,6,0.046759,0.034262,0.59987,0.478899,538.575,543.0,694.401,0.0,694,544,0.314159,0.599,0.0,0.0,0.599,435.492,103.083,0.0,538.575,-3.539,697.94,0.0,694.401
11.839798336965032,11506,1,7,6,0.049051,0.036417,0.606439,0.425013,756.761,687.0,832.397,0.0,832,654,0.209439,0.606,0.0,0.0,0.606,653.134,103.627,0.0,756.761,55.809,776.588,0.0,832.397
11.839798336965032,11511,1,7,6,0.051294,0.038405,0.618668,0.386629,939.665,799.0,992.349,0.0,992,767,0.314159,0.618,0.0,0.0,0.618,835.341,104.323,0.0,939.665,112.532,879.817,0.0,992.349
11.852827153983526,11516,1,7,6,0.053486,0.040355,0.630309,0.385354,986.897,816.0,1102.459,0.0,1102,832,0.209439,0.63,0.0,0.0,0.63,881.838,105.058,0.0,986.897,136.717,965.741,0.0,1102.459
11.852827153983526,11521,1,7,6,0.055625,0.042294,0.639921,0.389718,1006.538,895.0,1124.682,0.0,1124,879,0.314159,0.639,0.0,0.0,0.639,900.729,105.809,0.0,1006.538,89.23,1035.451,0.0,1124.682
11.865011465968564,11526,1,7,6,0.05771,0.044288,0.644263,0.411863,943.146,879.0,1118.703,0.0,1118,863,0.209439,0.644,0.0,0.0,0.644,836.64,106.506,0.0,943.146,51.316,1067.386,0.0,1118.703
11.865011465968564,11531,1,7,6,0.059738,0.046409,0.639763,0.436273,839.678,882.0,1028.875,0.0,1028,833,0.314159,0.639,0.0,0.0,0.639,732.561,107.116,0.0,839.678,-33.857,1062.732,0.0,1028.875
11.865011465968564,11536,1,7,6,0.061707,0.048592,0.629506,0.432922,815.41,801.0,1073.208,0.0,1073,802,0.209439,0.629,0.0,0.0,0.629,707.703,107.706,0.0,815.41,11.528,1061.68,0.0,1073.208
11.87731559900567,11541,1,7,6,0.063614,0.050771,0.616468,0.43893,747.355,786.0,1007.116,0.0,1007,787,0.314159,0.616,0.0,0.0,0.616,639.137,108.217,0.0,747.355,-30.916,1038.032,0.0,1007.116
11.87731559900567,11546,1,7,6,0.065459,0.052919,0.601931,0.428345,733.649,756.0,1000.36,0.0,1000,758,0.209439,0.601,0.0,0.0,0.601,624.911,108.738,0.0,733.649,-17.88,1018.24,0.0,1000.36
11.886873018927872,11551,1,7,6,0.06724,0.055013,0.586862,0.413167,734.564,789.0,956.172,0.0,956,760,0.209439,0.586,0.0,0.0,0.586,625.304,109.259,0.0,734.564,-43.548,999.72,0.0,956.172
11.886873018927872,11556,1,7,6,0.068954,0.056959,0.575771,0.373314,838.709,838.0,1020.782,0.0,1020,810,0.209439,0.575,0.0,0.0,0.575,728.842,109.866,0.0,838.709,0.567,1020.214,0.0,1020.782
11.900627588969655,11565,1,7,6,0.071866,0.060444,0.548256,0.372738,742.84,764.0,980.5,0.0,980,764,0.209439,0.548,0.0,0.0,0.548,631.867,110.972,0.0,742.84,-16.927,997.427,0.0,980.5
11.900627588969655,11570,1,7,6,0.073386,0.062336,0.530383,0.369846,689.387,737.0,931.516,0.0,931,737,0.314159,0.53,0.0,0.0,0.53,577.933,111.454,0.0,689.387,-38.089,969.605,0.0,931.516
11.91094761597924,11576,1,7,6,0.074833,0.064194,0.510661,0.371993,611.076,704.0,849.449,0.0,849,670,0.209439,0.51,0.0,0.0,0.51,499.204,111.872,0.0,611.076,-74.339,923.789,0.0,849.449
11.91094761597924,11581,1,7,6,0.076472,0.066311,0.487724,0.349044,611.535,657.0,856.507,0.0,856,684,0.209439,0.487,0.0,0.0,0.487,499.247,112.288,0.0,611.535,-36.371,892.879,0.0,856.507
11.922223699977621,11586,1,7,6,0.077755,0.067947,0.470777,0.316825,666.975,687.0,863.913,0.0,863,692,0.209439,0.47,0.0,0.0,0.47,554.225,112.749,0.0,666.975,-16.02,879.933,0.0,863.913
11.922223699977621,11591,1,7,6,0.078961,0.069398,0.459003,0.278005,764.886,741.0,920.174,0.0,920,724,0.0,0.459,0.0,0.0,0.459,651.593,113.292,0.0,764.886,19.109,901.065,0.0,920.174
11.933421977912076,11596,1,7,6,0.080089,0.0707,0.45067,0.254921,818.577,789.0,957.196,0.0,957,789,0.0,0.45,0.0,0.0,0.45,704.696,113.88,0.0,818.577,23.661,933.535,0.0,957.196
11.933421977912076,11601,1,7,6,0.081138,0.071941,0.44144,0.256831,779.027,745.0,966.512,0.0,966,788,0.209439,0.441,0.0,0.0,0.441,664.593,114.433,0.0,779.027,27.222,939.29,0.0,966.512
11.933421977912076,11606,1,7,6,0.082107,0.073103,0.432165,0.222171,871.044,847.0,992.007,0.0,992,813,0.104719,0.432,0.0,0.0,0.432,755.98,115.063,0.0,871.044,19.235,972.771,0.0,992.007
11.945600571925752,11611,1,7,6,0.082995,0.074197,0.42232,0.219967,844.143,800.0,1024.168,0.0,1024,860,0.0,0.422,0.0,0.0,0.422,728.472,115.67,0.0,844.143,35.314,988.853,0.0,1024.168
11.945600571925752,11616,1,7,6,0.083801,0.075224,0.41171,0.200674,876.034,854.0,1026.191,0.0,1026,866,0.0,0.411,0.0,0.0,0.411,759.73,116.304,0.0,876.034,17.627,1008.563,0.0,1026.191
11.95694238494616,11621,1,7,6,0.084524,0.076204,0.399365,0.182167,898.868,854.0,1067.962,0.0,1067,871,0.0,0.399,0.0,0.0,0.399,781.912,116.955,0.0,898.868,35.894,1032.068,0.0,1067.962
11.95694238494616,11626,1,7,6,0.085164,0.07705,0.389493,0.159934,944.057,889.0,1106.258,0.0,1106,889,0.0,0.389,0.0,0.0,0.389,826.412,117.644,0.0,944.057,44.045,1062.213,0.0,1106.258
11.968428912921809,11631,1,7,6,0.08572,0.077765,0.381832,0.132433,1016.2,943.0,1162.653,0.0,1162,950,0.0,0.381,0.0,0.0,0.381,897.837,118.362,0.0,1016.2,58.56,1104.093,0.0,1162.653
11.968428912921809,11636,1,7,6,0.086192,0.078382,0.374871,0.128121,1007.402,944.0,1183.741,0.0,1183,974,0.0,0.374,0.0,0.0,0.374,888.299,119.102,0.0,1007.402,50.721,1133.02,0.0,1183.741
11.968428912921809,11641,1,7,6,0.086578,0.078887,0.369171,0.08683,1136.378,1041.0,1270.637,0.0,1270,1041,0.0,0.369,0.0,0.0,0.369,1016.428,119.949,0.0,1136.378,76.302,1194.334,0.0,1270.637
11.980416495003738,11646,1,7,6,0.086879,0.079376,0.360107,0.096217,1070.747,1008.0,1265.29,0.0,1265,1046,0.0,0.36,0.0,0.0,0.36,950.005,120.741,0.0,1070.747,50.197,1215.092,0.0,1265.29
11.991439046920277,11655,1,7,6,0.087204,0.080143,0.338947,0.086477,1031.21,1029.0,1233.78,0.0,1233,1029,0.0,0.338,0.0,0.0,0.338,908.89,122.319,0.0,1031.21,1.768,1232.012,0.0,1233.78
11.991439046920277,11660,1,7,6,0.087264,0.080517,0.323858,0.077984,1008.206,1029.0,1206.102,0.0,1206,1029,0.0,0.323,0.0,0.0,0.323,885.148,123.057,0.0,1008.206,-16.634,1222.737,0.0,1206.102
12.003078043926507,11666,1,7,6,0.087238,0.080853,0.306482,0.065271,992.143,997.0,1208.646,0.0,1208,1040,0.0,0.306,0.0,0.0,0.306,868.359,123.784,0.0,992.143,-3.885,1212.532,0.0,1208.646
12.003078043926507,11671,1,7,6,0.087094,0.081121,0.286668,0.03169,1042.47,997.0,1254.671,0.0,1254,1029,0.0,0.286,0.0,0.0,0.286,917.921,124.548,0.0,1042.47,36.376,1218.295,0.0,1254.671
12.003078043926507,11676,1,7,6,0.086879,0.081267,0.269336,0.030427,985.339,1009.0,1183.193,0.0,1183,1017,0.0,0.269,0.0,0.0,0.269,860.073,125.265,0.0,985.339,-18.928,1202.122,0.0,1183.193
12.015199031913653,11681,1,7,6,0.086578,0.081282,0.254205,0.027224,943.076,991.0,1137.428,0.0,1137,1009,0.0,0.254,0.0,0.0,0.254,817.13,125.946,0.0,943.076,-38.338,1175.767,0.0,1137.428
12.015199031913653,11686,1,7,6,0.086192,0.081221,0.238574,0.002204,977.586,1009.0,1143.909,0.0,1143,980,0.0,0.238,0.0,0.0,0.238,850.93,126.655,0.0,977.586,-25.13,1169.04,0.0,1143.909
12.02641206595581,11691,1,7,6,0.08572,0.081209,0.216514,-0.000818,909.704,962.0,1098.896,0.0,1098,962,0.0,0.216,0.0,0.0,0.216,782.397,127.307,0.0,909.704,-41.836,1140.733,0.0,1098.896
12.02641206595581,11696,1,7,6,0.085164,0.081157,0.192341,0.017656,756.696,829.0,1016.593,0.0,1016,876,0.0,0.192,0.0,0.0,0.192,628.864,127.831,0.0,756.696,-57.842,1074.436,0.0,1016.593
12.037552546011284,11701,1,7,6,0.084524,0.081161,0.161455,0.019051,640.913,762.0,890.757,0.0,890,774,0.0,0.161,0.0,0.0,0.161,512.655,128.258,0.0,640.913,-96.868,987.626,0.0,890.757
12.037552546011284,11706,1,7,6,0.083801,0.081103,0.129501,-0.007453,621.707,756.0,809.866,0.0,809,707,0.0,0.129,0.0,0.0,0.129,493.037,128.669,0.0,621.707,-107.434,917.3,0.0,809.866
12.049866028944962,11711,1,7,6,0.082995,0.08098,0.096693,-0.033855,599.039,678.0,796.717,0.0,796,678,0.0,0.096,0.0,0.0,0.096,469.978,129.061,0.0,599.039,-63.168,859.885,0.0,796.717
12.049866028944962,11716,1,7,6,0.082107,0.080779,0.063732,-0.035842,487.831,606.0,685.509,0.0,685,592,0.0,0.063,0.0,0.0,0.063,358.471,129.359,0.0,487.831,-94.535,780.044,0.0,685.509
12.049866028944962,11721,1,7,6,0.081138,0.080528,0.029257,-0.047447,405.726,525.0,603.443,0.0,603,537,0.0,0.029,0.0,0.0,0.029,276.136,129.59,0.0,405.726,-95.419,698.862,0.0,603.443
12.061126021901146,11726,1,7,6,0.080089,0.080279,-0.009163,-0.066466,336.045,490.0,490.572,0.0,490,472,0.0,-0.009,0.0,0.0,-0.009,206.29,129.755,0.0,336.045,-123.163,613.735,0.0,490.572
12.061126021901146,11731,1,7,6,0.07896,0.08,-0.049918,-0.067662,193.687,369.0,363.889,0.0,363,381,0.0,-0.049,0.0,0.0,-0.049,63.878,129.808,0.0,193.687,-140.25,504.14,0.0,363.889
12.072201962932013,11736,1,7,6,0.077754,0.079679,-0.092376,-0.073764,62.749,267.0,215.538,0.0,215,254,-0.104719,-0.092,0.0,0.0,-0.092,-67.003,129.752,0.0,62.749,-163.4,378.939,0.0,215.538
12.083141629002057,11745,1,7,6,0.075391,0.078856,-0.166302,-0.119187,-40.197,117.0,20.083,0.0,20,117,-0.209439,-0.166,0.0,0.0,-0.166,-169.615,129.417,0.0,-40.197,-125.758,145.841,0.0,20.083
12.083141629002057,11750,1,7,6,0.073973,0.078223,-0.204014,-0.135426,-117.704,20.0,-56.122,0.0,-56,20,-0.104719,-0.204,0.0,0.0,-0.204,-246.916,129.212,0.0,-117.704,-110.163,54.041,0.0,-56.122
12.094958055997267,11756,1,7,6,0.072483,0.077446,-0.238256,-0.155095,-170.417,-13.0,-165.058,0.0,-165,-60,-0.209439,-0.238,0.0,0.0,-0.238,-299.379,128.961,0.0,-170.417,-125.934,-39.123,0.0,-165.058
12.094958055997267,11761,1,7,6,0.070599,0.076426,-0.279682,-0.188158,-200.797,-90.0,-199.845,0.0,-199,-78,-0.209439,-0.279,0.0,0.0,-0.279,-329.485,128.687,0.0,-200.797,-88.638,-111.207,0.0,-199.845
12.094958055997267,11766,1,7,6,0.068953,0.075616,-0.319833,-0.172521,-402.076,-216.0,-382.695,0.0,-382,-212,-0.104719,-0.319,0.0,0.0,-0.319,-530.322,128.245,0.0,-402.076,-148.861,-233.834,0.0,-382.695
12.106847425922751,11771,1,7,6,0.067239,0.074868,-0.36617,-0.158437,-620.217,-369.0,-591.786,0.0,-591,-369,-0.209439,-0.366,0.0,0.0,-0.366,-747.839,127.622,0.0,-620.217,-200.973,-390.812,0.0,-591.786
12.106847425922751,11776,1,7,6,0.065459,0.074111,-0.415288,-0.172741,-746.275,-466.0,-771.48,0.0,-771,-478,-0.104719,-0.415,0.0,0.0,-0.415,-873.17,126.894,0.0,-746.275,-224.22,-547.26,0.0,-771.48
12.118547147954814,11781,1,7,6,0.063614,0.073414,-0.470406,-0.159022,-995.021,-708.0,-975.299,0.0,-975,-695,-0.104719,-0.47,0.0,0.0,-0.47,-1120.981,125.96,0.0,-995.021,-229.616,-745.682,0.0,-975.299
12.118547147954814,11786,1,7,6,0.061706,0.07253,-0.519566,-0.173492,-1120.945,-840.0,-1152.844,0.0,-1152,-823,-0.209439,-0.519,0.0,0.0,-0.519,-1245.868,124.922,0.0,-1120.945,-224.756,-928.087,0.0,-1152.844
12.128902612952515,11791,1,7,6,0.059737,0.071547,-0.56685,-0.203183,-1185.37,-920.0,-1300.48,0.0,-1300,-920,-0.314159,-0.566,0.0,0.0,-0.566,-1309.201,123.831,0.0,-1185.37,-212.296,-1088.183,0.0,-1300.48
12.128902612952515,11796,1,7,6,0.05771,0.070321,-0.605323,-0.239734,-1193.386,-984.0,-1381.962,0.0,-1381,-969,-0.209439,-0.605,0.0,0.0,-0.605,-1316.12,122.734,0.0,-1193.386,-167.509,-1214.452,0.0,-1381.962
12.128902612952515,11801,1,7,6,0.055625,0.068888,-0.636632,-0.303782,-1076.525,-947.0,-1379.171,0.0,-1379,-948,-0.314159,-0.636,0.0,0.0,-0.636,-1198.261,121.735,0.0,-1076.525,-103.62,-1275.551,0.0,-1379.171
12.139720413950272,11806,1,7,6,0.053485,0.067184,-0.657533,-0.354509,-970.057,-908.0,-1349.666,0.0,-1349,-913,-0.418879,-0.657,0.0,0.0,-0.657,-1090.883,120.826,0.0,-970.057,-49.645,-1300.021,0.0,-1349.666
12.139720413950272,11811,1,7,6,0.051293,0.065217,-0.668365,-0.405834,-825.07,-843.0,-1262.019,0.0,-1262,-829,-0.418879,-0.668,0.0,0.0,-0.668,-945.109,120.039,0.0,-825.07,14.343,-1276.362,0.0,-1262.019
12.15172696497757,11816,1,7,6,0.04905,0.062935,-0.666465,-0.474784,-570.563,-661.0,-1126.666,0.0,-1126,-709,-0.628318,-0.666,0.0,0.0,-0.666,-690.05,119.487,0.0,-570.563,72.349,-1199.015,0.0,-1126.666
12.15172696497757,11821,1,7,6,0.046759,0.06031,-0.650469,-0.547552,-251.321,-481.0,-852.319,0.0,-852,-497,-0.523598,-0.65,0.0,0.0,-0.65,-370.499,119.178,0.0,-251.321,183.742,-1036.062,0.0,-852.319
12.162835839902982,11826,1,7,6,0.044421,0.057393,-0.622637,-0.596991,26.774,-288.0,-585.997,0.0,-585,-272,-0.523598,-0.622,0.0,0.0,-0.622,-92.326,119.101,0.0,26.774,251.819,-837.817,0.0,-585.997
12.162835839902982,11835,1,7,6,0.040105,0.05192,-0.567119,-0.585067,183.855,-63.0,-306.9,0.0,-306,-63,-0.523598,-0.567,0.0,0.0,-0.567,64.612,119.243,0.0,183.855,197.484,-504.385,0.0,-306.9
12.175491081899963,11840,1,7,6,0.037651,0.048992,-0.544371,-0.568128,204.838,34.0,-259.585,0.0,-259,34,-0.523598,-0.544,0.0,0.0,-0.544,85.523,119.314,0.0,204.838,136.67,-396.256,0.0,-259.585
12.175491081899963,11845,1,7,6,0.035159,0.046274,-0.533489,-0.515959,56.156,-47.0,-273.142,0.0,-273,-47,-0.418879,-0.533,0.0,0.0,-0.533,-63.105,119.261,0.0,56.156,82.525,-355.668,0.0,-273.142
12.186614552978426,11851,1,7,6,0.032634,0.043748,-0.5335,-0.481221,-69.099,-62.0,-364.633,0.0,-364,-94,-0.418879,-0.533,0.0,0.0,-0.533,-188.203,119.104,0.0,-69.099,-5.679,-358.954,0.0,-364.633
12.186614552978426,11856,1,7,6,0.02956,0.041073,-0.552639,-0.433402,-310.506,-222.0,-499.02,0.0,-499,-206,-0.314159,-0.552,0.0,0.0,-0.552,-429.253,118.746,0.0,-310.506,-70.805,-428.215,0.0,-499.02
12.198474384960718,11861,1,7,6,0.026966,0.039021,-0.578641,-0.394092,-546.183,-365.0,-690.555,0.0,-690,-397,-0.314159,-0.578,0.0,0.0,-0.578,-664.376,118.193,0.0,-546.183,-144.946,-545.609,0.0,-690.555
12.198474384960718,11866,1,7,6,0.024346,0.037151,-0.614668,-0.352126,-827.746,-541.0,-942.548,0.0,-942,-590,-0.314159,-0.614,0.0,0.0,-0.614,-945.151,117.405,0.0,-827.746,-229.397,-713.151,0.0,-942.548
12.198474384960718,11871,1,7,6,0.021701,0.035373,-0.656221,-0.329641,-1059.26,-733.0,-1172.283,0.0,-1172,-751,-0.314159,-0.656,0.0,0.0,-0.656,-1175.686,116.425,0.0,-1059.26,-261.008,-911.275,0.0,-1172.283
12.210360312950797,11876,1,7,6,0.019036,0.03361,-0.699571,-0.358142,-1113.744,-830.0,-1300.382,0.0,-1300,-830,-0.314159,-0.699,0.0,0.0,-0.699,-1229.145,115.401,0.0,-1113.744,-226.995,-1073.387,0.0,-1300.382
12.210360312950797,11881,1,7,6,0.016351,0.03177,-0.740083,-0.397956,-1117.283,-863.0,-1408.509,0.0,-1408,-894,-0.418879,-0.74,0.0,0.0,-0.74,-1231.658,114.375,0.0,-1117.283,-203.426,-1205.082,0.0,-1408.509
12.221777176950127,11886,1,7,6,0.013651,0.029726,-0.771602,-0.42635,-1129.568,-927.0,-1474.564,0.0,-1474,-930,-0.418879,-0.771,0.0,0.0,-0.771,-1242.908,113.339,0.0,-1129.568,-162.054,-1312.509,0.0,-1474.564
12.221777176950127,11891,1,7,6,0.010937,0.027395,-0.790024,-0.48891,-971.572,-867.0,-1434.815,0.0,-1434,-868,-0.523598,-0.79,0.0,0.0,-0.79,-1084.008,112.435,0.0,-971.572,-83.658,-1351.157,0.0,-1434.815
12.233857838902622,11896,1,7,6,0.008212,0.024788,-0.795643,-0.536229,-822.232,-821.0,-1340.686,0.0,-1340,-789,-0.628318,-0.795,0.0,0.0,-0.795,-933.89,111.657,0.0,-822.232,-0.985,-1339.7,0.0,-1340.686
12.233857838902622,11901,1,7,6,0.005479,0.021773,-0.782151,-0.605078,-526.335,-615.0,-1181.705,0.0,-1181,-615,-0.628318,-0.782,0.0,0.0,-0.782,-637.461,111.126,0.0,-526.335,70.931,-1252.637,0.0,-1181.705
12.233857838902622,11906,1,7,6,0.00274,0.018472,-0.755137,-0.654887,-250.064,-472.0,-939.989,0.0,-939,-454,-0.628318,-0.755,0.0,0.0,-0.755,-360.901,110.837,0.0,-250.064,177.548,-1117.538,0.0,-939.989
12.245359863969497,11911,1,7,6,0.0,0.01499,-0.719558,-0.691512,9.79,-282.0,-701.455,0.0,-701,-259,-0.733038,-0.719,0.0,0.0,-0.719,-100.962,110.753,0.0,9.79,233.432,-934.887,0.0,-701.455
12.245359863969497,11916,1,7,6,-0.002741,0.011427,-0.680129,-0.704157,197.329,-126.0,-485.01,0.0,-485,-101,-0.628318,-0.68,0.0,0.0,-0.68,86.503,110.825,0.0,197.329,258.663,-743.673,0.0,-485.01
12.257574052899145,11925,1,7,6,-0.007666,0.005429,-0.628633,-0.592014,-21.038,-131.0,-466.941,0.0,-466,-131,-0.523598,-0.628,0.0,0.0,-0.628,-131.829,110.791,0.0,-21.038,87.969,-554.91,0.0,-466.941
12.269919449929148,11930,1,7,6,-0.010393,0.002565,-0.62203,-0.553282,-136.907,-149.0,-540.51,0.0,-540,-149,-0.523598,-0.622,0.0,0.0,-0.622,-247.493,110.585,0.0,-136.907,9.673,-550.184,0.0,-540.51
12.269919449929148,11935,1,7,6,-0.013109,-3.9e-05,-0.62738,-0.508045,-319.377,-282.0,-622.382,0.0,-622,-282,-0.418879,-0.627,0.0,0.0,-0.627,-429.604,110.227,0.0,-319.377,-29.901,-592.48,0.0,-622.382
12.269919449929148,11941,1,7,6,-0.015813,-0.002492,-0.63942,-0.472069,-492.739,-361.0,-779.19,0.0,-779,-360,-0.314159,-0.639,0.0,0.0,-0.639,-602.463,109.723,0.0,-492.739,-105.391,-673.798,0.0,-779.19
12.281291379011236,11946,1,7,6,-0.019036,-0.005231,-0.662647,-0.454928,-638.686,-463.0,-920.87,0.0,-920,-452,-0.418879,-0.662,0.0,0.0,-0.662,-747.787,109.1,0.0,-638.686,-140.549,-780.321,0.0,-920.87
12.281291379011236,11951,1,7,6,-0.021702,-0.007562,-0.678747,-0.464567,-662.588,-514.0,-981.733,0.0,-981,-507,-0.418879,-0.678,0.0,0.0,-0.678,-771.046,108.457,0.0,-662.588,-118.871,-862.862,0.0,-981.733
12.293443408911116,11956,1,7,6,-0.024347,-0.009905,-0.693209,-0.487368,-633.186,-525.0,-1004.721,0.0,-1004,-533,-0.418879,-0.693,0.0,0.0,-0.693,-741.026,107.84,0.0,-633.186,-86.549,-918.171,0.0,-1004.721
12.293443408911116,11961,1,7,6,-0.026967,-0.012299,-0.704038,-0.471605,-729.617,-579.0,-1120.316,0.0,-1120,-607,-0.418879,-0.704,0.0,0.0,-0.704,-836.76,107.143,0.0,-729.617,-120.494,-999.822,0.0,-1120.316
12.293443408911116,11966,1,7,6,-0.02956,-0.014665,-0.714974,-0.474431,-759.534,-644.0,-1154.19,0.0,-1154,-634,-0.418879,-0.714,0.0,0.0,-0.714,-865.955,106.421,0.0,-759.534,-92.427,-1061.763,0.0,-1154.19
12.306163420900702,11971,1,7,6,-0.032125,-0.017049,-0.723614,-0.48856,-740.476,-661.0,-1169.325,0.0,-1169,-634,-0.418879,-0.723,0.0,0.0,-0.723,-846.193,105.716,0.0,-740.476,-63.581,-1105.744,0.0,-1169.325
12.306163420900702,11976,1,7,6,-0.034658,-0.019427,-0.731072,-0.485969,-777.388,-698.0,-1225.738,0.0,-1225,-698,-0.418879,-0.731,0.0,0.0,-0.731,-882.369,104.98,0.0,-777.388,-63.511,-1162.227,0.0,-1225.738
12.317465999978594,11981,1,7,6,-0.037156,-0.021929,-0.730921,-0.514305,-675.489,-634.0,-1201.563,0.0,-1201,-634,-0.523598,-0.73,0.0,0.0,-0.73,-779.82,104.331,0.0,-675.489,-33.191,-1168.372,0.0,-1201.563
12.317465999978594,11986,1,7,6,-0.039618,-0.024566,-0.722506,-0.535054,-571.06,-588.0,-1132.038,0.0,-1132,-570,-0.523598,-0.722,0.0,0.0,-0.722,-674.828,103.768,0.0,-571.06,13.551,-1145.59,0.0,-1132.038
12.328908048919402,11991,1,7,6,-0.042041,-0.027363,-0.704549,-0.552142,-445.352,-514.0,-1040.2,0.0,-1040,-506,-0.523598,-0.704,0.0,0.0,-0.704,-548.664,103.311,0.0,-445.352,54.917,-1095.118,0.0,-1040.2
12.328908048919402,11996,1,7,6,-0.044422,-0.030267,-0.679435,-0.579066,-258.304,-404.0,-887.384,0.0,-887,-397,-0.628318,-0.679,0.0,0.0,-0.679,-361.327,103.022,0.0,-258.304,116.556,-1003.94,0.0,-887.384
12.328908048919402,12001,1,7,6,-0.04676,-0.033161,-0.65275,-0.570156,-194.562,-349.0,-791.256,0.0,-791,-349,-0.523598,-0.652,0.0,0.0,-0.652,-297.337,102.774,0.0,-194.562,123.549,-914.806,0.0,-791.256
12.340811425005086,12006,1,7,6,-0.049051,-0.035945,-0.629061,-0.533278,-242.333,-367.0,-757.168,0.0,-757,-324,-0.418879,-0.629,0.0,0.0,-0.629,-344.82,102.487,0.0,-242.333,99.733,-856.901,0.0,-757.168
12.351964625995606,12015,1,7,6,-0.053052,-0.040251,-0.614425,-0.445785,-505.608,-475.0,-927.081,0.0,-927,-475,-0.418879,-0.614,0.0,0.0,-0.614,-607.102,101.494,0.0,-505.608,-24.486,-902.595,0.0,-927.081
12.351964625995606,12020,1,7,6,-0.055202,-0.042408,-0.614101,-0.429911,-562.14,-511.0,-971.049,0.0,-971,-511,-0.418879,-0.614,0.0,0.0,-0.614,-663.082,100.941,0.0,-562.14,-40.912,-930.137,0.0,-971.049
12.363233479904011,12025,1,7,6,-0.057298,-0.044408,-0.618679,-0.394232,-707.741,-602.0,-1080.341,0.0,-1080,-602,-0.314159,-0.618,0.0,0.0,-0.618,-808.01,100.268,0.0,-707.741,-84.593,-995.748,0.0,-1080.341
12.363233479904011,12031,1,7,6,-0.059337,-0.046411,-0.620431,-0.402349,-685.484,-602.0,-1102.867,0.0,-1102,-597,-0.314159,-0.62,0.0,0.0,-0.62,-785.096,99.612,0.0,-685.484,-66.787,-1036.079,0.0,-1102.867
12.363233479904011,12036,1,7,6,-0.061707,-0.048879,-0.615733,-0.422267,-597.447,-584.0,-1051.825,0.0,-1051,-573,-0.523598,-0.615,0.0,0.0,-0.615,-696.478,99.031,0.0,-597.447,-10.757,-1041.068,0.0,-1051.825
12.37609941593837,12041,1,7,6,-0.063614,-0.051101,-0.600622,-0.455436,-424.073,-477.0,-951.861,0.0,-951,-507,-0.418879,-0.6,0.0,0.0,-0.6,-522.669,98.596,0.0,-424.073,42.341,-994.202,0.0,-951.861
12.37609941593837,12046,1,7,6,-0.065459,-0.053292,-0.584026,-0.437267,-430.176,-494.0,-915.202,0.0,-915,-454,-0.314159,-0.584,0.0,0.0,-0.584,-528.332,98.155,0.0,-430.176,51.059,-966.261,0.0,-915.202
12.387682694941759,12051,1,7,6,-0.06724,-0.055469,-0.564979,-0.429103,-391.403,-450.0,-887.57,0.0,-887,-459,-0.418879,-0.564,0.0,0.0,-0.564,-489.151,97.748,0.0,-391.403,46.877,-934.447,0.0,-887.57
12.387682694941759,12056,1,7,6,-0.068954,-0.057574,-0.5462,-0.412472,-384.074,-424.0,-875.686,0.0,-875,-421,-0.523598,-0.546,0.0,0.0,-0.546,-481.421,97.347,0.0,-384.074,31.94,-907.627,0.0,-875.686
12.399627234903164,12061,1,7,6,-0.0706,-0.059592,-0.528349,-0.379532,-438.842,-455.0,-890.85,0.0,-890,-434,-0.314159,-0.528,0.0,0.0,-0.528,-535.743,96.9,0.0,-438.842,12.925,-903.776,0.0,-890.85
12.399627234903164,12066,1,7,6,-0.072176,-0.061603,-0.50752,-0.409139,-257.567,-339.0,-770.631,0.0,-770,-357,-0.418879,-0.507,0.0,0.0,-0.507,-354.172,96.605,0.0,-257.567,65.145,-835.777,0.0,-770.631
12.399627234903164,12071,1,7,6,-0.073681,-0.063589,-0.484428,-0.406105,-185.594,-288.0,-685.11,0.0,-685,-308,-0.418879,-0.484,0.0,0.0,-0.484,-281.965,96.37,0.0,-185.594,81.924,-767.034,0.0,-685.11
12.411219813977368,12076,1,7,6,-0.075114,-0.065434,-0.464613,-0.353097,-305.422,-354.0,-718.084,0.0,-718,-352,-0.314159,-0.464,0.0,0.0,-0.464,-401.458,96.035,0.0,-305.422,38.861,-756.946,0.0,-718.084
12.411219813977368,12081,1,7,6,-0.076472,-0.067167,-0.446633,-0.326525,-336.715,-354.0,-736.112,0.0,-736,-371,-0.314159,-0.446,0.0,0.0,-0.446,-432.391,95.675,0.0,-336.715,13.827,-749.939,0.0,-736.112
12.422780870925635,12086,1,7,6,-0.077755,-0.068804,-0.429647,-0.331292,-258.686,-320.0,-662.963,0.0,-662,-322,-0.314159,-0.429,0.0,0.0,-0.429,-354.078,95.392,0.0,-258.686,49.05,-712.014,0.0,-662.963
12.422780870925635,12091,1,7,6,-0.078961,-0.070369,-0.412412,-0.306667,-285.606,-336.0,-649.394,0.0,-649,-320,-0.314159,-0.412,0.0,0.0,-0.412,-380.681,95.075,0.0,-285.606,40.315,-689.709,0.0,-649.394
12.43456887092907,12096,1,7,6,-0.080089,-0.071724,-0.401488,-0.249501,-452.532,-400.0,-774.31,0.0,-774,-400,-0.209439,-0.401,0.0,0.0,-0.401,-547.152,94.619,0.0,-452.532,-42.026,-732.284,0.0,-774.31
12.43456887092907,12101,1,7,6,-0.081138,-0.072944,-0.393314,-0.22956,-495.386,-449.0,-802.162,0.0,-802,-448,-0.209439,-0.393,0.0,0.0,-0.393,-589.514,94.127,0.0,-495.386,-37.108,-765.053,0.0,-802.162
12.445683798985556,12110,1,7,6,-0.082824,-0.074957,-0.377612,-0.21788,-481.865,-447.0,-816.427,0.0,-816,-447,-0.209439,-0.377,0.0,0.0,-0.377,-575.036,93.171,0.0,-481.865,-27.892,-788.535,0.0,-816.427
12.445683798985556,12115,1,7,6,-0.083646,-0.076021,-0.366032,-0.205561,-485.007,-478.0,-805.469,0.0,-805,-478,-0.209439,-0.366,0.0,0.0,-0.366,-577.697,92.689,0.0,-485.007,-5.606,-799.863,0.0,-805.469
12.457405232009478,12121,1,7,6,-0.084386,-0.076978,-0.355599,-0.200015,-467.879,-462.0,-805.322,0.0,-805,-447,-0.209439,-0.355,0.0,0.0,-0.355,-560.101,92.221,0.0,-467.879,-4.703,-800.618,0.0,-805.322
12.457405232009478,12126,1,7,6,-0.085164,-0.078081,-0.339982,-0.176577,-496.525,-495.0,-812.961,0.0,-812,-495,-0.209439,-0.339,0.0,0.0,-0.339,-588.256,91.731,0.0,-496.525,-1.22,-811.741,0.0,-812.961
12.469963913899846,12131,1,7,6,-0.08572,-0.078972,-0.323917,-0.177377,-436.251,-479.0,-760.343,0.0,-760,-446,-0.209439,-0.323,0.0,0.0,-0.323,-527.542,91.291,0.0,-436.251,34.199,-794.542,0.0,-760.343
12.469963913899846,12136,1,7,6,-0.086192,-0.079807,-0.306444,-0.166771,-411.951,-430.0,-764.476,0.0,-764,-445,-0.209439,-0.306,0.0,0.0,-0.306,-502.824,90.872,0.0,-411.951,14.438,-778.915,0.0,-764.476
12.469963913899846,12141,1,7,6,-0.086578,-0.080577,-0.288062,-0.152241,-398.488,-446.0,-720.87,0.0,-720,-445,-0.209439,-0.288,0.0,0.0,-0.288,-488.954,90.465,0.0,-398.488,38.008,-758.879,0.0,-720.87
12.481706513906829,12146,1,7,6,-0.086879,-0.081192,-0.27297,-0.111803,-490.216,-494.0,-769.335,0.0,-769,-477,-0.209439,-0.272,0.0,0.0,-0.272,-580.198,89.981,0.0,-490.216,3.026,-772.362,0.0,-769.335
12.481706513906829,12151,1,7,6,-0.087094,-0.081733,-0.257327,-0.073048,-573.974,-541.0,-830.073,0.0,-830,-526,0.0,-0.257,0.0,0.0,-0.257,-663.402,89.428,0.0,-573.974,-26.379,-803.694,0.0,-830.073
12.493628894910216,12156,1,7,6,-0.087223,-0.082207,-0.240768,-0.074803,-508.542,-494.0,-813.149,0.0,-813,-510,-0.104719,-0.24,0.0,0.0,-0.24,-597.472,88.93,0.0,-508.542,-11.633,-801.515,0.0,-813.149
12.493628894910216,12161,1,7,6,-0.087266,-0.082684,-0.219923,-0.091424,-374.05,-445.0,-698.9,0.0,-698,-446,-0.104719,-0.219,0.0,0.0,-0.219,-462.595,88.545,0.0,-374.05,56.759,-755.66,0.0,-698.9
12.493628894910216,12166,1,7,6,-0.087223,-0.083086,-0.198575,-0.069143,-377.796,-446.0,-671.291,0.0,-671,-429,0.0,-0.198,0.0,0.0,-0.198,-465.953,88.157,0.0,-377.796,54.562,-725.853,0.0,-671.291
12.505674469983205,12171,1,7,6,-0.087094,-0.083289,-0.182621,-0.030014,-461.684,-462.0,-728.983,0.0,-728,-478,0.0,-0.182,0.0,0.0,-0.182,-549.383,87.699,0.0,-461.684,0.252,-729.236,0.0,-728.983
12.505674469983205,12176,1,7,6,-0.086879,-0.083363,-0.168737,0.01458,-572.775,-541.0,-783.854,0.0,-783,-542,0.0,-0.168,0.0,0.0,-0.168,-659.946,87.171,0.0,-572.775,-25.42,-758.434,0.0,-783.854
12.516967564937659,12181,1,7,6,-0.086578,-0.083377,-0.15366,-0.012469,-421.541,-478.0,-678.237,0.0,-678,-445,0.0,-0.153,0.0,0.0,-0.153,-508.289,86.747,0.0,-421.541,45.166,-723.403,0.0,-678.237
12.516967564937659,12186,1,7,6,-0.086191,-0.083357,-0.136042,-0.011771,-360.998,-413.0,-648.404,0.0,-648,-397,0.0,-0.136,0.0,0.0,-0.136,-447.373,86.374,0.0,-360.998,41.601,-690.006,0.0,-648.404
12.528530736919492,12191,1,7,6,-0.08572,-0.083315,-0.115458,0.004365,-345.352,-397.0,-619.818,0.0,-619,-397,0.0,-0.115,0.0,0.0,-0.115,-431.367,86.015,0.0,-345.352,41.318,-661.137,0.0,-619.818
12.528530736919492,12200,1,7,6,-0.084659,-0.083238,-0.068188,0.012874,-206.304,-286.0,-478.572,0.0,-478,-286,0.0,-0.068,0.0,0.0,-0.068,-291.825,85.521,0.0,-206.304,63.756,-542.328,0.0,-478.572
12.540275448933244,12205,1,7,6,-0.083952,-0.0831,-0.040893,0.042834,-216.151,-286.0,-451.655,0.0,-451,-286,0.0,-0.04,0.0,0.0,-0.04,-301.421,85.269,0.0,-216.151,55.879,-507.535,0.0,-451.655
12.540275448933244,12211,1,7,6,-0.083163,-0.082841,-0.015452,0.056087,-172.487,-237.0,-416.775,0.0,-416,-253,0.0,-0.015,0.0,0.0,-0.015,-257.542,85.054,0.0,-172.487,51.609,-468.384,0.0,-416.775
12.551651622983627,12216,1,7,6,-0.082107,-0.082511,0.019393,0.054524,-41.524,-157.0,-302.793,0.0,-302,-158,0.0,0.019,0.0,0.0,0.019,-126.473,84.949,0.0,-41.524,92.38,-395.174,0.0,-302.793
12.551651622983627,12221,1,7,6,-0.081138,-0.082214,0.051681,0.074018,4.467,-110.0,-236.014,0.0,-236,-93,0.0,0.051,0.0,0.0,0.051,-80.414,84.882,0.0,4.467,91.573,-327.588,0.0,-236.014
12.563398302998394,12226,1,7,6,-0.080089,-0.081788,0.081585,0.094552,38.161,-77.0,-173.067,0.0,-173,-61,0.0,0.081,0.0,0.0,0.081,-46.681,84.843,0.0,38.161,92.129,-265.196,0.0,-173.067
12.563398302998394,12231,1,7,6,-0.078961,-0.081284,0.111513,0.116374,67.327,-29.0,-132.292,0.0,-132,-29,0.0,0.111,0.0,0.0,0.111,-17.5,84.828,0.0,67.327,77.062,-209.354,0.0,-132.292
12.563398302998394,12236,1,7,6,-0.077754,-0.080732,0.142913,0.113281,191.591,82.0,-34.433,0.0,-34,65,0.0,0.142,0.0,0.0,0.142,106.673,84.917,0.0,191.591,87.672,-122.106,0.0,-34.433
12.575326727936044,12241,1,7,6,-0.076471,-0.080125,0.175355,0.142229,204.269,98.0,27.014,0.0,27,82,0.104719,0.175,0.0,0.0,0.175,119.252,85.016,0.0,204.269,85.015,-58.0,0.0,27.014
12.575326727936044,12246,1,7,6,-0.075113,-0.07942,0.206705,0.134909,343.695,194.0,162.547,0.0,162,193,0.0,0.206,0.0,0.0,0.206,258.463,85.232,0.0,343.695,119.756,42.79,0.0,162.547
12.586577126989141,12251,1,7,6,-0.073681,-0.078738,0.242718,0.150126,418.841,274.0,251.412,0.0,251,260,0.0,0.242,0.0,0.0,0.242,333.331,85.51,0.0,418.841,115.873,135.539,0.0,251.412
12.586577126989141,12256,1,7,6,-0.072176,-0.07797,0.278136,0.156026,525.474,354.0,376.723,0.0,376,338,0.0,0.278,0.0,0.0,0.278,439.597,85.876,0.0,525.474,137.179,239.544,0.0,376.723
12.597631109994836,12261,1,7,6,-0.070599,-0.077172,0.315507,0.162074,638.696,465.0,491.961,0.0,491,468,0.0,0.315,0.0,0.0,0.315,552.359,86.336,0.0,638.696,138.957,353.004,0.0,491.961
12.597631109994836,12266,1,7,6,-0.068953,-0.076363,0.355651,0.178124,725.969,564.0,590.069,0.0,590,549,0.104719,0.355,0.0,0.0,0.355,639.1,86.869,0.0,725.969,129.575,460.493,0.0,590.069
12.609960183966905,12271,1,7,6,-0.067239,-0.075459,0.394551,0.177959,867.224,659.0,750.87,0.0,750,642,0.0,0.394,0.0,0.0,0.394,779.731,87.492,0.0,867.224,166.579,584.29,0.0,750.87
12.609960183966905,12276,1,7,6,-0.065459,-0.074518,0.434846,0.182303,997.406,773.0,903.782,0.0,903,773,0.104719,0.434,0.0,0.0,0.434,909.156,88.25,0.0,997.406,179.525,724.256,0.0,903.782
12.609960183966905,12281,1,7,6,-0.063614,-0.073358,0.467736,0.24843,878.409,741.0,897.224,0.0,897,758,0.209439,0.467,0.0,0.0,0.467,789.501,88.908,0.0,878.409,109.927,787.297,0.0,897.224
12.621836050995626,12290,1,7,6,-0.060136,-0.070687,0.506442,0.324981,743.266,695.0,855.099,0.0,855,695,0.209439,0.506,0.0,0.0,0.506,653.261,90.004,0.0,743.266,38.612,816.486,0.0,855.099
12.633107639965601,12295,1,7,6,-0.05812,-0.068946,0.519654,0.360044,665.076,634.0,842.288,0.0,842,634,0.314159,0.519,0.0,0.0,0.519,574.593,90.483,0.0,665.076,24.861,817.426,0.0,842.288
12.633107639965601,12300,1,7,6,-0.056046,-0.067081,0.529645,0.380485,627.904,614.0,822.709,0.0,822,614,0.314159,0.529,0.0,0.0,0.529,536.973,90.93,0.0,627.904,11.123,811.586,0.0,822.709
12.644862102926709,12306,1,7,6,-0.053918,-0.064952,0.529634,0.42695,460.903,522.0,713.053,0.0,713,504,0.418879,0.529,0.0,0.0,0.529,369.663,91.239,0.0,460.903,-48.877,761.93,0.0,713.053
12.644862102926709,12311,1,7,6,-0.051293,-0.062077,0.51764,0.478981,230.528,414.0,512.043,0.0,512,375,0.314159,0.517,0.0,0.0,0.517,139.172,91.355,0.0,230.528,-146.777,658.821,0.0,512.043
12.644862102926709,12316,1,7,6,-0.04905,-0.059601,0.506446,0.514143,63.623,268.0,371.018,0.0,371,268,0.418879,0.506,0.0,0.0,0.506,-27.709,91.332,0.0,63.623,-163.501,534.519,0.0,371.018
12.656865094904788,12321,1,7,6,-0.046759,-0.057099,0.496326,0.50332,66.13,250.0,297.909,0.0,297,255,0.314159,0.496,0.0,0.0,0.496,-25.181,91.311,0.0,66.13,-147.095,445.005,0.0,297.909
12.656865094904788,12326,1,7,6,-0.044422,-0.054743,0.495409,0.459079,222.207,299.0,359.894,0.0,359,286,0.314159,0.495,0.0,0.0,0.495,130.786,91.42,0.0,222.207,-61.433,421.328,0.0,359.894
12.668106889934279,12331,1,7,6,-0.04204,-0.052591,0.506461,0.42047,401.248,384.0,469.932,0.0,469,365,0.314159,0.506,0.0,0.0,0.506,309.57,91.678,0.0,401.248,13.799,456.133,0.0,469.932
12.668106889934279,12336,1,7,6,-0.039617,-0.050538,0.524173,0.40218,531.221,450.0,579.787,0.0,579,455,0.314159,0.524,0.0,0.0,0.524,439.176,92.044,0.0,531.221,64.977,514.81,0.0,579.787
12.680188837926835,12341,1,7,6,-0.037155,-0.048491,0.544114,0.410426,573.722,491.0,632.711,0.0,632,491,0.209439,0.544,0.0,0.0,0.544,481.276,92.445,0.0,573.722,66.177,566.533,0.0,632.711
12.680188837926835,12346,1,7,6,-0.034657,-0.046324,0.560013,0.439897,525.224,515.0,590.685,0.0,590,497,0.314159,0.56,0.0,0.0,0.56,432.418,92.806,0.0,525.224,8.179,582.505,0.0,590.685
12.680188837926835,12351,1,7,6,-0.032124,-0.044018,0.570925,0.46954,458.096,485.0,559.277,0.0,559,436,0.314159,0.57,0.0,0.0,0.57,364.986,93.11,0.0,458.096,-21.522,580.799,0.0,559.277
12.691598517005332,12356,1,7,6,-0.02956,-0.041732,0.584265,0.473056,493.799,485.0,602.411,0.0,602,460,0.209439,0.584,0.0,0.0,0.584,400.355,93.444,0.0,493.799,7.039,595.371,0.0,602.411
12.691598517005332,12361,1,7,6,-0.026966,-0.039433,0.598429,0.444362,648.527,577.0,712.313,0.0,712,551,0.314159,0.598,0.0,0.0,0.598,554.639,93.887,0.0,648.527,57.221,655.091,0.0,712.313
12.702895722002722,12366,1,7,6,-0.024346,-0.037264,0.620079,0.418165,821.384,661.0,882.618,0.0,882,669,0.314159,0.62,0.0,0.0,0.62,726.89,94.493,0.0,821.384,128.307,754.311,0.0,882.618
12.702895722002722,12371,1,7,6,-0.021701,-0.035062,0.641319,0.445057,801.624,686.0,909.345,0.0,909,687,0.418879,0.641,0.0,0.0,0.641,706.541,95.082,0.0,801.624,92.499,816.846,0.0,909.345
12.714641163940541,12380,1,7,6,-0.01689,-0.030755,0.665548,0.495473,708.404,630.0,932.366,0.0,932,630,0.314159,0.665,0.0,0.0,0.665,612.27,96.134,0.0,708.404,62.723,869.642,0.0,932.366
12.714641163940541,12385,1,7,6,-0.014192,-0.028101,0.667614,0.540844,552.884,591.0,811.344,0.0,811,591,0.523598,0.667,0.0,0.0,0.667,456.37,96.514,0.0,552.884,-30.492,841.836,0.0,811.344
12.726807869970798,12390,1,7,6,-0.01148,-0.025212,0.65913,0.60437,293.812,443.0,622.347,0.0,622,443,0.418879,0.659,0.0,0.0,0.659,197.133,96.678,0.0,293.812,-119.35,741.697,0.0,622.347
12.726807869970798,12396,1,7,6,-0.008757,-0.022116,0.641218,0.618762,177.588,362.0,488.224,0.0,488,325,0.418879,0.641,0.0,0.0,0.641,80.842,96.746,0.0,177.588,-147.529,635.753,0.0,488.224
12.738244921900332,12401,1,7,6,-0.005479,-0.01847,0.623573,0.587441,226.931,344.0,481.523,0.0,481,325,0.418879,0.623,0.0,0.0,0.623,130.076,96.854,0.0,226.931,-93.655,575.178,0.0,481.523
12.738244921900332,12406,1,7,6,-0.00274,-0.01562,0.618235,0.552649,333.162,380.0,521.248,0.0,521,409,0.314159,0.618,0.0,0.0,0.618,236.11,97.051,0.0,333.162,-37.47,558.718,0.0,521.248
12.738244921900332,12411,2,7,6,0.0,-0.013032,0.625575,0.507512,522.432,492.0,618.406,0.0,618,503,0.314159,0.625,0.0,0.0,0.625,425.027,97.405,0.0,522.432,24.346,594.06,0.0,618.406
12.751086186966859,12416,2,7,6,0.005482,-0.010707,0.777155,0.429524,1349.921,1005.0,1164.848,0.0,1164,949,0.209439,0.777,0.0,0.0,0.777,1251.473,98.448,0.0,1349.921,275.937,888.911,0.0,1164.848
12.751086186966859,12421,2,7,6,0.010964,-0.008581,0.938182,0.403692,2024.214,1462.0,1753.034,0.0,1753,1385,0.314159,0.938,0.0,0.0,0.938,1924.162,100.052,0.0,2024.214,449.771,1303.263,0.0,1753.034
12.762743083992973,12426,2,7,6,0.016443,-0.006151,1.084571,0.548698,2030.801,1522.0,2005.965,0.0,2005,1533,0.418879,1.084,0.0,0.0,1.084,1929.141,101.659,0.0,2030.801,407.041,1598.924,0.0,2005.965
12.762743083992973,12431,2,7,6,0.021918,-0.002958,1.194082,0.693094,1906.721,1522.0,2100.352,0.0,2100,1522,0.628318,1.194,0.0,0.0,1.194,1803.559,103.162,0.0,1906.721,307.777,1792.574,0.0,2100.352
12.774906239937991,12436,2,7,6,0.027387,0.000966,1.268216,0.837958,1653.383,1437.0,2055.405,0.0,2055,1446,0.733038,1.268,0.0,0.0,1.268,1548.929,104.453,0.0,1653.383,173.106,1882.298,0.0,2055.405
12.774906239937991,12441,2,7,6,0.03285,0.005611,1.307451,0.988194,1254.735,1268.0,1824.542,0.0,1824,1250,0.942477,1.307,0.0,0.0,1.307,1149.323,105.411,0.0,1254.735,-10.612,1835.154,0.0,1824.542
12.774906239937991,12446,2,7,6,0.038304,0.010799,1.320262,1.046724,1090.967,1175.0,1714.858,0.0,1714,1157,0.837758,1.32,0.0,0.0,1.32,984.735,106.231,0.0,1090.967,-67.226,1782.084,0.0,1714.858
12.786783546907827,12451,2,7,6,0.043749,0.016261,1.319416,1.092872,922.439,1068.0,1577.995,0.0,1577,1047,0.942477,1.319,0.0,0.0,1.319,815.555,106.884,0.0,922.439,-116.448,1694.443,0.0,1577.995
12.786783546907827,12456,2,7,6,0.049183,0.021844,1.312265,1.111417,830.54,979.0,1490.763,0.0,1490,946,0.942477,1.312,0.0,0.0,1.312,723.053,107.486,0.0,830.54,-118.767,1609.53,0.0,1490.763
12.799113268963993,12461,2,7,6,0.054605,0.027627,1.294951,1.161866,586.988,800.0,1301.614,0.0,1301,784,0.942477,1.294,0.0,0.0,1.294,479.102,107.886,0.0,586.988,-170.409,1472.023,0.0,1301.614
12.799113268963993,12466,2,7,6,0.060014,0.03357,1.269304,1.2025,348.579,608.0,1092.534,0.0,1092,623,0.942477,1.269,0.0,0.0,1.269,240.493,108.086,0.0,348.579,-207.536,1300.07,0.0,1092.534
12.811714262934402,12475,2,7,6,0.069711,0.044652,1.202866,1.211672,76.388,357.0,709.917,0.0,709,357,0.942477,1.202,0.0,0.0,1.202,-31.7,108.088,0.0,76.388,-224.489,934.406,0.0,709.917
12.811714262934402,12480,2,7,6,0.075075,0.050813,1.164578,1.207393,-46.173,232.0,552.202,0.0,552,232,0.837758,1.164,0.0,0.0,1.164,-154.133,107.96,0.0,-46.173,-222.538,774.741,0.0,552.202
12.822134730988182,12486,2,7,6,0.080421,0.056753,1.136049,1.161662,15.673,232.0,487.914,0.0,487,226,0.837758,1.136,0.0,0.0,1.136,-92.209,107.883,0.0,15.673,-173.06,660.975,0.0,487.914
12.822134730988182,12491,2,7,6,0.086809,0.063367,1.125178,1.037324,424.419,431.0,696.039,0.0,696,400,0.733038,1.125,0.0,0.0,1.125,316.273,108.146,0.0,424.419,-5.264,701.303,0.0,696.039
12.833678315975703,12496,2,7,6,0.092109,0.068403,1.137879,0.973284,701.184,570.0,906.223,0.0,906,533,0.628318,1.137,0.0,0.0,1.137,592.543,108.64,0.0,701.184,104.947,801.276,0.0,906.223
12.833678315975703,12501,2,7,6,0.097386,0.073116,1.164949,0.918561,996.375,737.0,1171.58,0.0,1171,744,0.628318,1.164,0.0,0.0,1.164,886.995,109.379,0.0,996.375,207.5,964.079,0.0,1171.58
12.833678315975703,12506,2,7,6,0.102639,0.077519,1.205739,0.86205,1347.689,1016.0,1451.212,0.0,1451,997,0.523598,1.205,0.0,0.0,1.205,1237.278,110.41,0.0,1347.689,265.351,1185.86,0.0,1451.212
12.845601753913797,12511,2,7,6,0.107867,0.081553,1.263057,0.778817,1855.126,1402.0,1872.597,0.0,1872,1373,0.523598,1.263,0.0,0.0,1.263,1743.263,111.863,0.0,1855.126,362.501,1510.095,0.0,1872.597
12.845601753913797,12516,2,7,6,0.113068,0.085432,1.326536,0.778291,2087.188,1630.0,2176.291,0.0,2176,1600,0.628318,1.326,0.0,0.0,1.326,1973.68,113.508,0.0,2087.188,365.75,1810.54,0.0,2176.291
12.85660477890633,12521,2,7,6,0.118241,0.089397,1.384547,0.808455,2189.167,1773.0,2398.016,0.0,2398,1762,0.733038,1.384,0.0,0.0,1.384,2073.93,115.236,0.0,2189.167,332.933,2065.083,0.0,2398.016
12.85660477890633,12526,2,7,6,0.123385,0.09358,1.430674,0.874775,2118.138,1795.0,2493.086,0.0,2493,1794,0.837758,1.43,0.0,0.0,1.43,2001.234,116.904,0.0,2118.138,258.51,2234.575,0.0,2493.086
12.868170197005384,12531,2,7,6,0.128499,0.098254,1.451778,0.958638,1893.687,1773.0,2401.912,0.0,2401,1773,0.942477,1.451,0.0,0.0,1.451,1775.304,118.383,0.0,1893.687,96.55,2305.362,0.0,2401.912
12.868170197005384,12536,2,7,6,0.133581,0.103444,1.446595,1.073119,1464.018,1489.0,2215.54,0.0,2215,1506,1.047197,1.446,0.0,0.0,1.446,1344.514,119.504,0.0,1464.018,-19.985,2235.525,0.0,2215.54
12.868170197005384,12541,2,7,6,0.13863,0.109089,1.417959,1.146979,1095.815,1292.0,1941.014,0.0,1941,1310,1.047197,1.417,0.0,0.0,1.417,975.531,120.284,0.0,1095.815,-156.947,2097.962,0.0,1941.014
12.880357367917895,12546,2,7,6,0.143645,0.114974,1.376201,1.16631,876.52,1142.0,1718.987,0.0,1718,1124,1.047197,1.376,0.0,0.0,1.376,755.606,120.914,0.0,876.52,-212.383,1931.371,0.0,1718.987
12.880357367917895,12551,2,7,6,0.148625,0.120899,1.330815,1.181158,660.13,990.0,1476.393,0.0,1476,938,1.047197,1.33,0.0,0.0,1.33,538.767,121.363,0.0,660.13,-263.895,1740.289,0.0,1476.393
12.891566609963775,12556,2,7,6,0.153567,0.126712,1.28903,1.143261,646.568,907.0,1395.136,0.0,1395,855,0.837758,1.289,0.0,0.0,1.289,524.767,121.8,0.0,646.568,-208.345,1603.482,0.0,1395.136
12.90305444598198,12565,2,7,6,0.162368,0.136788,1.227838,1.085779,634.078,791.0,1277.745,0.0,1277,791,0.837758,1.227,0.0,0.0,1.227,511.413,122.665,0.0,634.078,-125.537,1403.282,0.0,1277.745
12.90305444598198,12570,2,7,6,0.167201,0.142179,1.20108,1.074729,577.907,723.0,1200.509,0.0,1200,723,0.733038,1.201,0.0,0.0,1.201,454.862,123.044,0.0,577.907,-116.074,1316.583,0.0,1200.509
12.90305444598198,12576,2,7,6,0.171994,0.147454,1.177928,1.043689,606.711,720.0,1168.216,0.0,1168,701,0.733038,1.177,0.0,0.0,1.177,483.263,123.448,0.0,606.711,-90.63,1258.847,0.0,1168.216
12.915733843925409,12581,2,7,6,0.177688,0.153614,1.15557,1.015172,629.301,718.0,1144.382,0.0,1144,719,0.628318,1.155,0.0,0.0,1.155,505.431,123.869,0.0,629.301,-70.958,1215.341,0.0,1144.382
12.915733843925409,12586,2,7,6,0.182386,0.158532,1.144988,0.9712,750.028,782.0,1189.093,0.0,1189,766,0.733038,1.144,0.0,0.0,1.144,625.637,124.391,0.0,750.028,-25.577,1214.67,0.0,1189.093
12.926959258969873,12591,2,7,6,0.187038,0.163281,1.140376,0.940635,844.059,812.0,1262.806,0.0,1262,797,0.628318,1.14,0.0,0.0,1.14,719.068,124.99,0.0,844.059,25.647,1237.158,0.0,1262.806
12.926959258969873,12596,2,7,6,0.191645,0.167846,1.142355,0.904013,983.736,880.0,1380.216,0.0,1380,895,0.628318,1.142,0.0,0.0,1.142,858.031,125.705,0.0,983.736,82.989,1297.226,0.0,1380.216
12.938416407909244,12601,2,7,6,0.196204,0.172093,1.157316,0.839982,1269.057,1104.0,1564.316,0.0,1564,1087,0.523598,1.157,0.0,0.0,1.157,1142.4,126.657,0.0,1269.057,132.046,1432.269,0.0,1564.316
12.938416407909244,12606,2,7,6,0.200714,0.176175,1.177895,0.799363,1490.506,1265.0,1773.289,0.0,1773,1253,0.628318,1.177,0.0,0.0,1.177,1362.713,127.793,0.0,1490.506,180.405,1592.884,0.0,1773.289
12.950106653966941,12611,2,7,6,0.205175,0.180016,1.207659,0.747803,1784.654,1483.0,2043.155,0.0,2043,1488,0.628318,1.207,0.0,0.0,1.207,1655.481,129.172,0.0,1784.654,241.323,1801.832,0.0,2043.155
12.950106653966941,12616,2,7,6,0.209586,0.183689,1.243054,0.721195,2009.429,1671.0,2289.624,0.0,2289,1691,0.523598,1.243,0.0,0.0,1.243,1878.69,130.738,0.0,2009.429,270.743,2018.881,0.0,2289.624
12.950106653966941,12621,2,7,6,0.213944,0.187292,1.279327,0.712936,2171.445,1827.0,2501.836,0.0,2501,1857,0.628318,1.279,0.0,0.0,1.279,2039.008,132.437,0.0,2171.445,275.556,2226.279,0.0,2501.836
12.961677371989936,12626,2,7,6,0.21825,0.190894,1.313114,0.737747,2205.483,1954.0,2585.961,0.0,2585,1949,0.628318,1.313,0.0,0.0,1.313,2071.32,134.163,0.0,2205.483,201.186,2384.774,0.0,2585.961
12.961677371989936,12631,2,7,6,0.222502,0.194581,1.340246,0.740542,2294.827,2008.0,2760.697,0.0,2760,2063,0.733038,1.34,0.0,0.0,1.34,2158.936,135.89,0.0,2294.827,229.461,2531.235,0.0,2760.697
12.972781529999338,12636,2,7,6,0.2267,0.198364,1.360091,0.749417,2336.15,2109.0,2838.747,0.0,2838,2127,0.837758,1.36,0.0,0.0,1.36,2198.427,137.722,0.0,2336.15,181.72,2657.027,0.0,2838.747
12.972781529999338,12641,2,7,6,0.230841,0.202387,1.365778,0.81794,2111.582,2013.0,2759.537,0.0,2759,2034,0.837758,1.365,0.0,0.0,1.365,1972.216,139.365,0.0,2111.582,78.865,2680.672,0.0,2759.537
12.983856387902051,12646,2,7,6,0.234925,0.206726,1.353562,0.888257,1815.859,1872.0,2572.616,0.0,2572,1874,0.942477,1.353,0.0,0.0,1.353,1675.097,140.761,0.0,1815.859,-44.912,2617.528,0.0,2572.616
12.983856387902051,12655,2,7,6,0.24213,0.215018,1.301404,0.951527,1402.65,1592.0,2247.972,0.0,2247,1592,0.942477,1.301,0.0,0.0,1.301,1259.557,143.092,0.0,1402.65,-151.479,2399.452,0.0,2247.972
12.99520289793145,12660,2,7,6,0.24605,0.219864,1.256936,0.965106,1194.557,1437.0,2059.233,0.0,2059,1437,0.942477,1.256,0.0,0.0,1.256,1050.589,143.967,0.0,1194.557,-193.953,2253.187,0.0,2059.233
12.99520289793145,12666,2,7,6,0.249908,0.224764,1.206914,0.978693,966.252,1259.0,1835.375,0.0,1835,1239,0.942477,1.206,0.0,0.0,1.206,821.597,144.655,0.0,966.252,-234.198,2069.573,0.0,1835.375
13.006880067987368,12671,2,7,6,0.254458,0.230647,1.142898,0.963459,791.173,1097.0,1643.178,0.0,1643,1098,0.837758,1.142,0.0,0.0,1.142,645.98,145.193,0.0,791.173,-244.661,1887.839,0.0,1643.178
13.006880067987368,12676,2,7,6,0.25818,0.235465,1.090294,0.947484,659.738,957.0,1473.049,0.0,1473,958,0.837758,1.09,0.0,0.0,1.09,514.116,145.621,0.0,659.738,-237.809,1710.858,0.0,1473.049
13.018271192908287,12681,2,7,6,0.261838,0.240185,1.039307,0.926773,551.082,850.0,1302.771,0.0,1302,832,0.733038,1.039,0.0,0.0,1.039,405.122,145.959,0.0,551.082,-239.134,1541.905,0.0,1302.771
13.018271192908287,12686,2,7,6,0.265431,0.244751,0.99263,0.899761,480.566,751.0,1175.079,0.0,1175,729,0.733038,0.992,0.0,0.0,0.992,334.328,146.237,0.0,480.566,-216.346,1391.425,0.0,1175.079
13.027869270998053,12691,2,7,6,0.268959,0.249201,0.948393,0.904613,303.975,570.0,1004.4,0.0,1004,570,0.733038,0.948,0.0,0.0,0.948,157.606,146.369,0.0,303.975,-212.819,1217.22,0.0,1004.4
13.027869270998053,12696,2,7,6,0.272421,0.253383,0.913835,0.820501,482.649,643.0,1021.263,0.0,1021,629,0.628318,0.913,0.0,0.0,0.913,336.0,146.649,0.0,482.649,-128.28,1149.543,0.0,1021.263
13.027869270998053,12701,2,7,6,0.275816,0.25721,0.893091,0.754879,644.624,695.0,1098.345,0.0,1098,695,0.628318,0.893,0.0,0.0,0.893,497.56,147.063,0.0,644.624,-40.3,1138.646,0.0,1098.345
13.041198687977158,12706,2,7,6,0.279142,0.260788,0.880981,0.67527,888.242,817.0,1256.533,0.0,1256,822,0.523598,0.88,0.0,0.0,0.88,740.561,147.681,0.0,888.242,56.994,1199.539,0.0,1256.533
13.041198687977158,12711,2,7,6,0.2824,0.263988,0.883749,0.604625,1153.367,1006.0,1432.77,0.0,1432,992,0.523598,0.883,0.0,0.0,0.883,1004.848,148.518,0.0,1153.367,117.893,1314.877,0.0,1432.77
13.052719405968674,12716,2,7,6,0.285588,0.266809,0.901352,0.553459,1401.976,1183.0,1646.234,0.0,1646,1167,0.418879,0.901,0.0,0.0,0.901,1252.414,149.562,0.0,1401.976,175.181,1471.052,0.0,1646.234
13.052719405968674,12721,2,7,6,0.288705,0.269264,0.933159,0.466703,1830.205,1472.0,2002.071,0.0,2002,1471,0.418879,0.933,0.0,0.0,0.933,1679.243,150.961,0.0,1830.205,286.564,1715.507,0.0,2002.071
13.062028381973505,12726,2,7,6,0.291751,0.271525,0.970843,0.449357,2029.812,1647.0,2242.482,0.0,2242,1662,0.523598,0.97,0.0,0.0,0.97,1877.349,152.463,0.0,2029.812,306.25,1936.232,0.0,2242.482
13.062028381973505,12731,2,7,6,0.294726,0.273703,1.009094,0.437773,2210.932,1838.0,2460.027,0.0,2460,1854,0.418879,1.009,0.0,0.0,1.009,2056.755,154.177,0.0,2210.932,298.345,2161.682,0.0,2460.027
13.075129492906854,12736,2,7,6,0.297627,0.275825,1.046479,0.432475,2366.432,2014.0,2655.063,0.0,2655,2047,0.418879,1.046,0.0,0.0,1.046,2210.413,156.019,0.0,2366.432,281.945,2373.117,0.0,2655.063
13.075129492906854,12745,2,7,6,0.302664,0.279966,1.08952,0.499887,2282.392,2100.0,2773.362,0.0,2773,2100,0.523598,1.089,0.0,0.0,1.089,2122.677,159.715,0.0,2282.392,145.914,2627.447,0.0,2773.362
13.08695570891723,12750,2,7,6,0.305358,0.282534,1.09558,0.537651,2169.933,2073.0,2747.83,0.0,2747,2073,0.628318,1.095,0.0,0.0,1.095,2008.544,161.389,0.0,2169.933,77.546,2670.283,0.0,2747.83
13.08695570891723,12756,2,7,6,0.307977,0.285318,1.08766,0.579675,1991.665,1987.0,2659.498,0.0,2659,2007,0.628318,1.087,0.0,0.0,1.087,1828.746,162.919,0.0,1991.665,3.732,2655.766,0.0,2659.498
13.09879054396879,12761,2,7,6,0.311019,0.288889,1.062256,0.6096,1793.836,1856.0,2542.673,0.0,2542,1878,0.837758,1.062,0.0,0.0,1.062,1629.559,164.276,0.0,1793.836,-49.73,2592.403,0.0,2542.673
13.09879054396879,12766,2,7,6,0.31347,0.292084,1.026555,0.659202,1487.849,1691.0,2295.545,0.0,2295,1677,0.733038,1.026,0.0,0.0,1.026,1322.47,165.378,0.0,1487.849,-162.52,2458.065,0.0,2295.545
13.110330014955252,12771,2,7,6,0.315844,0.295358,0.983326,0.655545,1346.373,1563.0,2152.426,0.0,2152,1550,0.733038,0.983,0.0,0.0,0.983,1180.011,166.362,0.0,1346.373,-173.3,2325.727,0.0,2152.426
13.110330014955252,12776,2,7,6,0.318139,0.298695,0.933332,0.673154,1103.784,1374.0,1939.39,0.0,1939,1374,0.733038,0.933,0.0,0.0,0.933,936.641,167.142,0.0,1103.784,-216.172,2155.563,0.0,1939.39
13.110330014955252,12781,2,7,6,0.320356,0.302108,0.875917,0.695272,818.01,1145.0,1676.843,0.0,1676,1170,0.733038,0.875,0.0,0.0,0.875,650.325,167.684,0.0,818.01,-261.591,1938.435,0.0,1676.843
13.121788775897585,12786,2,7,6,0.322494,0.30545,0.818149,0.670176,700.83,1002.0,1506.862,0.0,1506,995,0.628318,0.818,0.0,0.0,0.818,532.702,168.128,0.0,700.83,-240.935,1747.797,0.0,1506.862
13.121788775897585,12791,2,7,6,0.324553,0.308712,0.760358,0.645602,581.593,895.0,1316.998,0.0,1316,850,0.628318,0.76,0.0,0.0,0.76,413.12,168.472,0.0,581.593,-250.725,1567.723,0.0,1316.998
13.133028531912714,12796,2,7,6,0.326531,0.311841,0.705124,0.62557,455.108,757.0,1152.012,0.0,1152,746,0.628318,0.705,0.0,0.0,0.705,286.397,168.711,0.0,455.108,-241.513,1393.525,0.0,1152.012
13.133028531912714,12801,2,7,6,0.328429,0.314812,0.653593,0.583468,421.371,699.0,1023.867,0.0,1023,671,0.418879,0.653,0.0,0.0,0.653,252.449,168.921,0.0,421.371,-222.103,1245.97,0.0,1023.867
13.144956231932156,12806,2,7,6,0.330246,0.317424,0.61545,0.512322,540.493,708.0,1039.796,0.0,1039,699,0.523598,0.615,0.0,0.0,0.615,371.261,169.231,0.0,540.493,-134.005,1173.801,0.0,1039.796
13.144956231932156,12811,2,7,6,0.331981,0.319628,0.592922,0.408406,834.041,846.0,1190.973,0.0,1190,836,0.314159,0.592,0.0,0.0,0.592,664.256,169.784,0.0,834.041,-9.566,1200.54,0.0,1190.973
13.144956231932156,12816,2,7,6,0.333634,0.321465,0.584127,0.350501,1011.512,920.0,1336.368,0.0,1336,947,0.209439,0.584,0.0,0.0,0.584,841.054,170.457,0.0,1011.512,73.21,1263.158,0.0,1336.368
13.156378287938423,12821,2,7,6,0.335205,0.322917,0.589855,0.255817,1373.996,1159.0,1589.801,0.0,1589,1149,0.209439,0.589,0.0,0.0,0.589,1202.536,171.459,0.0,1373.996,171.996,1417.804,0.0,1589.801
13.156378287938423,12826,2,7,6,0.336694,0.324055,0.606668,0.211749,1594.353,1315.0,1811.354,0.0,1811,1325,0.104719,0.606,0.0,0.0,0.606,1421.709,172.644,0.0,1594.353,223.483,1587.871,0.0,1811.354
13.167800490977243,12835,2,7,6,0.339163,0.325626,0.649759,0.145226,1991.836,1667.0,2215.565,0.0,2215,1667,0.0,0.649,0.0,0.0,0.649,1816.319,175.517,0.0,1991.836,259.869,1955.696,0.0,2215.565
13.179796819924377,12840,2,7,6,0.340418,0.326385,0.673567,0.142604,2088.578,1787.0,2364.734,0.0,2364,1787,0.0,0.673,0.0,0.0,0.673,1911.467,177.11,0.0,2088.578,241.262,2123.472,0.0,2364.734
13.179796819924377,12845,2,7,6,0.341589,0.327074,0.696687,0.143561,2170.025,1919.0,2472.811,0.0,2472,1919,0.0,0.696,0.0,0.0,0.696,1991.254,178.77,0.0,2170.025,200.819,2271.991,0.0,2472.811
13.179796819924377,12851,2,7,6,0.342675,0.327845,0.711872,0.153819,2189.441,1984.0,2555.077,0.0,2555,1976,0.0,0.711,0.0,0.0,0.711,2008.991,180.45,0.0,2189.441,164.353,2390.724,0.0,2555.077
13.191243487992324,12856,2,7,6,0.343868,0.328751,0.725571,0.171906,2175.304,2012.0,2609.169,0.0,2609,2012,0.104719,0.725,0.0,0.0,0.725,1993.192,182.111,0.0,2175.304,130.643,2478.526,0.0,2609.169
13.191243487992324,12861,2,7,6,0.344768,0.329665,0.724926,0.173211,2169.94,2052.0,2638.718,0.0,2638,2059,0.209439,0.724,0.0,0.0,0.724,1986.173,183.766,0.0,2169.94,94.351,2544.366,0.0,2638.718
13.202330381958745,12866,2,7,6,0.345583,0.330714,0.713703,0.215203,1979.863,1990.0,2526.654,0.0,2526,1961,0.104719,0.713,0.0,0.0,0.713,1794.601,185.261,0.0,1979.863,-8.108,2534.763,0.0,2526.654
13.202330381958745,12871,2,7,6,0.346313,0.331846,0.694393,0.229213,1861.302,1890.0,2476.007,0.0,2476,1901,0.209439,0.694,0.0,0.0,0.694,1674.645,186.657,0.0,1861.302,-22.958,2498.965,0.0,2476.007
13.213920708978549,12876,2,7,6,0.346957,0.333061,0.667018,0.275348,1597.845,1708.0,2305.236,0.0,2305,1726,0.209439,0.667,0.0,0.0,0.667,1410.013,187.832,0.0,1597.845,-88.123,2393.359,0.0,2305.236
13.213920708978549,12881,2,7,6,0.347516,0.334514,0.624089,0.2862,1405.244,1569.0,2133.689,0.0,2133,1598,0.104719,0.624,0.0,0.0,0.624,1216.398,188.846,0.0,1405.244,-131.004,2264.693,0.0,2133.689
13.213920708978549,12886,2,7,6,0.347989,0.335968,0.577046,0.298363,1192.94,1434.0,1912.074,0.0,1912,1405,0.209439,0.577,0.0,0.0,0.577,1003.258,189.682,0.0,1192.94,-192.847,2104.922,0.0,1912.074
13.225886521977372,12891,2,7,6,0.348377,0.337365,0.528555,0.275916,1099.94,1325.0,1786.996,0.0,1786,1325,0.0,0.528,0.0,0.0,0.528,909.5,190.44,0.0,1099.94,-180.047,1967.044,0.0,1786.996
13.225886521977372,12896,2,7,6,0.348678,0.338628,0.482401,0.244609,1047.204,1242.0,1686.605,0.0,1686,1242,0.104719,0.482,0.0,0.0,0.482,856.05,191.153,0.0,1047.204,-155.836,1842.441,0.0,1686.605
13.237142313970253,12901,2,7,6,0.348893,0.339663,0.443066,0.19001,1102.915,1253.0,1649.466,0.0,1649,1253,0.104719,0.443,0.0,0.0,0.443,911.002,191.912,0.0,1102.915,-120.067,1769.534,0.0,1649.466
13.237142313970253,12906,2,7,6,0.349022,0.34035,0.416278,0.118141,1266.065,1348.0,1687.546,0.0,1687,1288,0.0,0.416,0.0,0.0,0.416,1073.293,192.771,0.0,1266.065,-65.547,1753.094,0.0,1687.546
13.248789620934986,12911,2,7,6,0.349065,0.340801,0.396673,0.075257,1350.833,1366.0,1752.667,0.0,1752,1330,0.0,0.396,0.0,0.0,0.396,1157.097,193.735,0.0,1350.833,-12.133,1764.8,0.0,1752.667
13.248789620934986,12916,2,7,6,0.349022,0.34104,0.383169,0.040228,1429.35,1416.0,1799.621,0.0,1799,1366,0.0,0.383,0.0,0.0,0.383,1234.586,194.764,0.0,1429.35,10.68,1788.94,0.0,1799.621
13.26002140098717,12925,2,7,6,0.348728,0.340908,0.375353,-0.022957,1631.122,1542.0,1999.274,0.0,1999,1536,0.0,0.375,0.0,0.0,0.375,1433.918,197.204,0.0,1631.122,71.298,1927.976,0.0,1999.274
13.26002140098717,12930,2,7,6,0.348444,0.340861,0.36398,-0.000788,1511.467,1488.0,1950.381,0.0,1950,1488,0.0,0.363,0.0,0.0,0.363,1313.169,198.298,0.0,1511.467,18.774,1931.606,0.0,1950.381
13.271486400975846,12935,2,7,6,0.348074,0.340865,0.346017,0.009967,1409.089,1452.0,1872.005,0.0,1872,1457,0.0,0.346,0.0,0.0,0.346,1209.782,199.307,0.0,1409.089,-34.328,1906.333,0.0,1872.005
13.271486400975846,12941,2,7,6,0.347618,0.340899,0.322494,0.005503,1341.43,1403.0,1819.013,0.0,1819,1403,0.0,0.322,0.0,0.0,0.322,1141.169,200.261,0.0,1341.43,-49.255,1868.269,0.0,1819.013
13.282671658904292,12946,2,7,6,0.346957,0.340896,0.290948,0.00886,1216.626,1295.0,1742.078,0.0,1742,1336,0.0,0.29,0.0,0.0,0.29,1015.518,201.107,0.0,1216.626,-62.699,1804.777,0.0,1742.078
13.282671658904292,12951,2,7,6,0.346313,0.340801,0.264555,-0.014729,1207.373,1288.0,1689.001,0.0,1689,1277,0.0,0.264,0.0,0.0,0.264,1005.427,201.945,0.0,1207.373,-64.501,1753.503,0.0,1689.001
13.295328755979426,12956,2,7,6,0.345583,0.340638,0.237364,-0.03403,1179.783,1241.0,1663.92,0.0,1663,1253,0.0,0.237,0.0,0.0,0.237,977.023,202.759,0.0,1179.783,-48.973,1712.893,0.0,1663.92
13.295328755979426,12961,2,7,6,0.344768,0.340449,0.207302,-0.028437,1052.132,1157.0,1549.64,0.0,1549,1168,0.0,0.207,0.0,0.0,0.207,848.665,203.466,0.0,1052.132,-83.894,1633.534,0.0,1549.64
13.295328755979426,12966,2,7,6,0.343868,0.340325,0.170039,-0.011784,858.577,1017.0,1392.972,0.0,1392,1048,0.0,0.17,0.0,0.0,0.17,654.565,204.012,0.0,858.577,-126.737,1519.71,0.0,1392.972
13.30663664790336,12971,2,7,6,0.342882,0.34021,0.128271,-0.004341,681.817,897.0,1210.315,0.0,1210,909,0.0,0.128,0.0,0.0,0.128,477.406,204.41,0.0,681.817,-172.146,1382.461,0.0,1210.315
13.30663664790336,12976,2,7,6,0.341813,0.340114,0.081536,-0.019171,567.261,770.0,1085.266,0.0,1085,794,0.0,0.081,0.0,0.0,0.081,362.548,204.712,0.0,567.261,-162.191,1247.457,0.0,1085.266
13.3180584149668,12981,2,7,6,0.340659,0.339954,0.033834,-0.020737,401.333,661.0,880.214,0.0,880,613,-0.104719,0.033,0.0,0.0,0.033,196.457,204.876,0.0,401.333,-207.732,1087.947,0.0,880.214
13.3180584149668,12986,2,7,6,0.339421,0.339703,-0.013549,-0.059376,369.99,595.0,792.203,0.0,792,578,0.0,-0.013,0.0,0.0,-0.013,164.977,205.013,0.0,369.99,-180.007,972.211,0.0,792.203
13.329255767981522,12991,2,7,6,0.338099,0.339234,-0.054485,-0.102643,378.528,541.0,749.252,0.0,749,530,-0.209439,-0.054,0.0,0.0,-0.054,173.37,205.158,0.0,378.528,-129.977,879.229,0.0,749.252
13.329255767981522,12996,2,7,6,0.336694,0.338669,-0.094838,-0.130868,334.97,493.0,669.534,0.0,669,493,-0.209439,-0.094,0.0,0.0,-0.094,129.708,205.261,0.0,334.97,-126.423,795.958,0.0,669.534
13.329255767981522,13001,2,7,6,0.335205,0.337881,-0.128452,-0.163585,331.843,452.0,631.772,0.0,631,493,-0.314159,-0.128,0.0,0.0,-0.128,126.476,205.367,0.0,331.843,-96.125,727.898,0.0,631.772
13.341382527956739,13006,2,7,6,0.333634,0.336947,-0.159032,-0.198557,347.773,434.0,608.22,0.0,608,446,-0.314159,-0.159,0.0,0.0,-0.159,142.287,205.485,0.0,347.773,-68.981,677.201,0.0,608.22
13.341382527956739,13011,2,7,6,0.331981,0.335918,-0.188972,-0.199918,244.924,349.0,521.573,0.0,521,360,-0.209439,-0.188,0.0,0.0,-0.188,39.405,205.518,0.0,244.924,-83.26,604.833,0.0,521.573
13.352694615954533,13020,2,7,6,0.328799,0.33397,-0.248242,-0.209038,64.199,211.0,310.0,0.0,310,211,-0.314159,-0.248,0.0,0.0,-0.248,-141.134,205.333,0.0,64.199,-117.44,427.44,0.0,310.0
13.364026824943721,13025,2,7,6,0.326917,0.332934,-0.288811,-0.224268,-27.216,109.0,232.747,0.0,232,109,-0.209439,-0.288,0.0,0.0,-0.288,-232.356,205.139,0.0,-27.216,-108.973,341.721,0.0,232.747
13.364026824943721,13031,2,7,6,0.324955,0.331906,-0.333662,-0.194853,-294.988,-68.0,8.679,0.0,8,-68,-0.314159,-0.333,0.0,0.0,-0.333,-499.711,204.722,0.0,-294.988,-181.591,190.27,0.0,8.679
13.364026824943721,13036,2,7,6,0.322494,0.330743,-0.395916,-0.178232,-579.593,-280.0,-245.16,0.0,-245,-252,-0.314159,-0.395,0.0,0.0,-0.395,-783.662,204.068,0.0,-579.593,-239.675,-5.485,0.0,-245.16
13.37593002000358,13041,2,7,6,0.320356,0.329733,-0.450091,-0.22599,-603.369,-344.0,-365.867,0.0,-365,-344,-0.314159,-0.45,0.0,0.0,-0.45,-806.766,203.396,0.0,-603.369,-207.495,-158.371,0.0,-365.867
13.37593002000358,13046,2,7,6,0.318139,0.328578,-0.501056,-0.24972,-702.167,-464.0,-492.698,0.0,-492,-464,-0.314159,-0.501,0.0,0.0,-0.501,-904.81,202.642,0.0,-702.167,-190.533,-302.164,0.0,-492.698
13.387832623906434,13051,2,7,6,0.315844,0.327262,-0.548096,-0.286061,-741.468,-528.0,-596.209,0.0,-596,-528,-0.314159,-0.548,0.0,0.0,-0.548,-943.325,201.856,0.0,-741.468,-170.775,-425.433,0.0,-596.209
13.387832623906434,13056,2,7,6,0.31347,0.325725,-0.588233,-0.32418,-749.524,-573.0,-659.634,0.0,-659,-554,-0.418879,-0.588,0.0,0.0,-0.588,-950.589,201.064,0.0,-749.524,-141.219,-518.414,0.0,-659.634
13.399049022933468,13061,2,7,6,0.311019,0.324008,-0.623455,-0.334009,-841.81,-656.0,-777.317,0.0,-777,-656,-0.418879,-0.623,0.0,0.0,-0.623,-1042.006,200.196,0.0,-841.81,-148.648,-628.668,0.0,-777.317
13.399049022933468,13066,2,7,6,0.308492,0.322156,-0.655855,-0.376894,-804.898,-675.0,-797.509,0.0,-797,-693,-0.418879,-0.655,0.0,0.0,-0.655,-1004.257,199.359,0.0,-804.898,-103.919,-693.59,0.0,-797.509
13.399049022933468,13071,2,7,6,0.305888,0.320082,-0.681321,-0.416033,-756.472,-685.0,-785.529,0.0,-785,-685,-0.523598,-0.681,0.0,0.0,-0.681,-955.035,198.563,0.0,-756.472,-57.177,-728.352,0.0,-785.529
13.41104476491455,13076,2,7,6,0.303209,0.317876,-0.703991,-0.433979,-774.291,-721.0,-810.088,0.0,-810,-723,-0.523598,-0.703,0.0,0.0,-0.703,-972.044,197.753,0.0,-774.291,-42.632,-767.456,0.0,-810.088
13.41104476491455,13081,2,7,6,0.300455,0.315514,-0.72284,-0.479679,-678.353,-669.0,-773.877,0.0,-773,-679,-0.523598,-0.722,0.0,0.0,-0.722,-875.377,197.023,0.0,-678.353,-7.482,-766.394,0.0,-773.877
13.423535089939833,13086,2,7,6,0.297627,0.313038,-0.73972,-0.510693,-628.134,-625.0,-761.161,0.0,-761,-636,-0.523598,-0.739,0.0,0.0,-0.739,-824.498,196.364,0.0,-628.134,-2.507,-758.654,0.0,-761.161
13.423535089939833,13091,2,7,6,0.294725,0.310443,-0.754421,-0.523477,-635.726,-617.0,-772.712,0.0,-772,-641,-0.628318,-0.754,0.0,0.0,-0.754,-831.397,195.671,0.0,-635.726,-14.98,-757.731,0.0,-772.712
13.434954789932817,13096,2,7,6,0.291751,0.307739,-0.767403,-0.548181,-594.185,-612.0,-726.273,0.0,-726,-605,-0.733038,-0.767,0.0,0.0,-0.767,-789.198,195.013,0.0,-594.185,14.251,-740.525,0.0,-726.273
13.434954789932817,13101,2,7,6,0.288705,0.304905,-0.777611,-0.565016,-570.967,-605.0,-694.587,0.0,-694,-601,-0.733038,-0.777,0.0,0.0,-0.777,-765.343,194.375,0.0,-570.967,27.225,-721.813,0.0,-694.587
13.446209693909623,13110,2,7,6,0.283043,0.29951,-0.79042,-0.60076,-489.563,-525.0,-627.633,0.0,-627,-525,-0.733038,-0.79,0.0,0.0,-0.79,-682.774,193.211,0.0,-489.563,28.349,-655.982,0.0,-627.633
13.446209693909623,13115,2,7,6,0.279799,0.296493,-0.801309,-0.614389,-480.262,-539.0,-582.895,0.0,-582,-539,-0.733038,-0.801,0.0,0.0,-0.801,-672.912,192.65,0.0,-480.262,46.99,-629.886,0.0,-582.895
13.457609631936066,13121,2,7,6,0.276486,0.293506,-0.816933,-0.619166,-519.905,-519.0,-624.441,0.0,-624,-519,-0.837758,-0.816,0.0,0.0,-0.816,-711.96,192.054,0.0,-519.905,-0.724,-623.716,0.0,-624.441
13.457609631936066,13126,2,7,6,0.272421,0.290048,-0.846103,-0.552938,-864.217,-726.0,-838.713,0.0,-838,-711,-0.733038,-0.846,0.0,0.0,-0.846,-1055.393,191.175,0.0,-864.217,-110.574,-728.139,0.0,-838.713
13.470295725972392,13131,2,7,6,0.268959,0.287218,-0.87642,-0.555363,-965.591,-803.0,-951.647,0.0,-951,-805,-0.628318,-0.876,0.0,0.0,-0.876,-1155.803,190.212,0.0,-965.591,-130.072,-821.574,0.0,-951.647
13.470295725972392,13136,2,7,6,0.265431,0.284407,-0.910819,-0.570786,-1034.925,-866.0,-1044.357,0.0,-1044,-883,-0.733038,-0.91,0.0,0.0,-0.91,-1224.117,189.192,0.0,-1034.925,-135.14,-909.217,0.0,-1044.357
13.470295725972392,13141,2,7,6,0.261838,0.281576,-0.947443,-0.566136,-1184.656,-993.0,-1176.001,0.0,-1176,-994,-0.733038,-0.947,0.0,0.0,-0.947,-1372.704,188.048,0.0,-1184.656,-153.325,-1022.676,0.0,-1176.001
13.481894031981938,13146,2,7,6,0.258179,0.278763,-0.988028,-0.583807,-1268.361,-1089.0,-1276.829,0.0,-1276,-1074,-0.733038,-0.988,0.0,0.0,-0.988,-1455.197,186.835,0.0,-1268.361,-143.489,-1133.339,0.0,-1276.829
13.481894031981938,13151,2,7,6,0.254458,0.275846,-1.02666,-0.604772,-1333.228,-1154.0,-1383.012,0.0,-1383,-1155,-0.733038,-1.026,0.0,0.0,-1.026,-1518.798,185.569,0.0,-1333.228,-143.383,-1239.629,0.0,-1383.012
13.493067017989233,13156,2,7,6,0.250673,0.272764,-1.06037,-0.621819,-1394.53,-1238.0,-1463.362,0.0,-1463,-1238,-0.733038,-1.06,0.0,0.0,-1.06,-1578.784,184.254,0.0,-1394.53,-125.224,-1338.137,0.0,-1463.362
13.493067017989233,13161,2,7,6,0.246826,0.26956,-1.091224,-0.655815,-1384.525,-1256.0,-1507.526,0.0,-1507,-1273,-0.628318,-1.091,0.0,0.0,-1.091,-1567.473,182.947,0.0,-1384.525,-102.82,-1404.705,0.0,-1507.526
13.50490452197846,13166,2,7,6,0.242919,0.266279,-1.121307,-0.659461,-1481.082,-1345.0,-1599.1,0.0,-1599,-1343,-0.733038,-1.121,0.0,0.0,-1.121,-1662.644,181.562,0.0,-1481.082,-108.865,-1490.234,0.0,-1599.1
13.50490452197846,13171,2,7,6,0.238951,0.262966,-1.152681,-0.656784,-1605.154,-1438.0,-1729.44,0.0,-1729,-1445,-0.733038,-1.152,0.0,0.0,-1.152,-1785.229,180.074,0.0,-1605.154,-133.723,-1595.716,0.0,-1729.44
13.50490452197846,13176,2,7,6,0.234925,0.259575,-1.183198,-0.68948,-1598.789,-1470.0,-1771.186,0.0,-1771,-1470,-0.628318,-1.183,0.0,0.0,-1.183,-1777.382,178.593,0.0,-1598.789,-103.031,-1668.154,0.0,-1771.186
13.516849439940415,13181,2,7,6,0.230841,0.256124,-1.213596,-0.69746,-1680.983,-1530.0,-1873.344,0.0,-1873,-1543,-0.733038,-1.213,0.0,0.0,-1.213,-1858.09,177.107,0.0,-1680.983,-120.786,-1752.557,0.0,-1873.344
13.516849439940415,13186,2,7,6,0.2267,0.252604,-1.24341,-0.692271,-1808.645,-1650.0,-1983.536,0.0,-1983,-1628,-0.733038,-1.243,0.0,0.0,-1.243,-1984.099,175.453,0.0,-1808.645,-126.916,-1856.619,0.0,-1983.536
13.528158054919913,13191,2,7,6,0.222502,0.249018,-1.272766,-0.729899,-1780.495,-1646.0,-2035.51,0.0,-2035,-1637,-0.733038,-1.272,0.0,0.0,-1.272,-1954.32,173.825,0.0,-1780.495,-107.596,-1927.914,0.0,-2035.51
13.539763574954122,13200,2,7,6,0.21481,0.242025,-1.306335,-0.810364,-1614.702,-1596.0,-1959.838,0.0,-1959,-1596,-0.837758,-1.306,0.0,0.0,-1.306,-1785.493,170.791,0.0,-1614.702,-14.961,-1944.876,0.0,-1959.838
13.539763574954122,13205,2,7,6,0.210462,0.237933,-1.318606,-0.818969,-1629.399,-1577.0,-2005.396,0.0,-2005,-1606,-0.837758,-1.318,0.0,0.0,-1.318,-1798.691,169.292,0.0,-1629.399,-41.919,-1963.477,0.0,-2005.396
13.539763574954122,13211,2,7,6,0.206061,0.233673,-1.325364,-0.859938,-1507.642,-1534.0,-1918.238,0.0,-1918,-1534,-0.942477,-1.325,0.0,0.0,-1.325,-1675.532,167.89,0.0,-1507.642,21.086,-1939.324,0.0,-1918.238
13.552067021955736,13216,2,7,6,0.200714,0.228398,-1.328842,-0.880926,-1445.95,-1485.0,-1880.285,0.0,-1880,-1485,-0.942477,-1.328,0.0,0.0,-1.328,-1612.497,166.547,0.0,-1445.95,31.239,-1911.524,0.0,-1880.285
13.552067021955736,13221,2,7,6,0.196204,0.223879,-1.328435,-0.888672,-1417.92,-1458.0,-1851.42,0.0,-1851,-1440,-0.942477,-1.328,0.0,0.0,-1.328,-1583.148,165.227,0.0,-1417.92,32.063,-1883.484,0.0,-1851.42
13.56390558090061,13226,2,7,6,0.191645,0.219404,-1.33245,-0.896872,-1404.16,-1425.0,-1850.933,0.0,-1850,-1441,-0.942477,-1.332,0.0,0.0,-1.332,-1568.082,163.921,0.0,-1404.16,16.671,-1867.604,0.0,-1850.933
13.56390558090061,13231,2,7,6,0.187038,0.214853,-1.335093,-0.900213,-1402.951,-1421.0,-1838.483,0.0,-1838,-1418,-0.942477,-1.335,0.0,0.0,-1.335,-1565.567,162.616,0.0,-1402.951,14.439,-1852.922,0.0,-1838.483
13.56390558090061,13236,2,7,6,0.182386,0.210253,-1.337643,-0.919973,-1342.249,-1382.0,-1794.489,0.0,-1794,-1377,-1.047197,-1.337,0.0,0.0,-1.337,-1503.612,161.363,0.0,-1342.249,31.8,-1826.29,0.0,-1794.489
13.576200662995689,13241,2,7,6,0.177688,0.205575,-1.338541,-0.957267,-1212.366,-1279.0,-1714.74,0.0,-1714,-1293,-0.942477,-1.338,0.0,0.0,-1.338,-1372.586,160.219,0.0,-1212.366,53.306,-1768.046,0.0,-1714.74
13.576200662995689,13246,2,7,6,0.172947,0.200705,-1.332384,-0.997397,-1046.736,-1161.0,-1586.564,0.0,-1586,-1165,-0.942477,-1.332,0.0,0.0,-1.332,-1205.951,159.214,0.0,-1046.736,91.41,-1677.975,0.0,-1586.564
13.588091596961021,13251,2,7,6,0.168163,0.195686,-1.321101,-1.010701,-959.154,-1091.0,-1486.993,0.0,-1486,-1076,-1.047197,-1.321,0.0,0.0,-1.321,-1117.437,158.283,0.0,-959.154,105.476,-1592.47,0.0,-1486.993
13.588091596961021,13256,2,7,6,0.163338,0.190489,-1.30326,-1.040342,-789.01,-973.0,-1329.016,0.0,-1329,-953,-1.047197,-1.303,0.0,0.0,-1.303,-946.505,157.494,0.0,-789.01,147.191,-1476.207,0.0,-1329.016
13.600156025961041,13261,2,7,6,0.158472,0.185243,-1.28502,-1.05421,-674.114,-883.0,-1188.671,0.0,-1188,-867,-0.942477,-1.285,0.0,0.0,-1.285,-830.916,156.802,0.0,-674.114,167.108,-1355.78,0.0,-1188.671
13.600156025961041,13266,2,7,6,0.153567,0.180085,-1.272844,-1.002598,-816.896,-896.0,-1258.404,0.0,-1258,-897,-0.942477,-1.272,0.0,0.0,-1.272,-972.887,155.991,0.0,-816.896,63.282,-1321.687,0.0,-1258.404
13.600156025961041,13271,2,7,6,0.148624,0.175175,-1.274411,-0.969337,-943.15,-945.0,-1328.739,0.0,-1328,-943,-0.837758,-1.274,0.0,0.0,-1.274,-1098.263,155.113,0.0,-943.15,1.479,-1330.218,0.0,-1328.739
13.611539306933992,13276,2,7,6,0.143645,0.17051,-1.289498,-0.923384,-1163.997,-1071.0,-1478.034,0.0,-1478,-1071,-0.733038,-1.289,0.0,0.0,-1.289,-1318.012,154.014,0.0,-1163.997,-74.398,-1403.636,0.0,-1478.034
13.611539306933992,13281,2,7,6,0.13863,0.166077,-1.317443,-0.862548,-1484.971,-1262.0,-1737.246,0.0,-1737,-1263,-0.733038,-1.317,0.0,0.0,-1.317,-1637.621,152.65,0.0,-1484.971,-178.377,-1558.869,0.0,-1737.246
13.622782918973826,13290,2,7,6,0.129518,0.158093,-1.371603,-0.910021,-1511.859,-1350.0,-1892.739,0.0,-1892,-1350,-0.733038,-1.371,0.0,0.0,-1.371,-1661.695,149.836,0.0,-1511.859,-129.487,-1763.251,0.0,-1892.739
13.634920051903464,13295,2,7,6,0.124411,0.153489,-1.395782,-0.935977,-1506.843,-1374.0,-1939.475,0.0,-1939,-1374,-0.733038,-1.395,0.0,0.0,-1.395,-1655.299,148.456,0.0,-1506.843,-106.274,-1833.201,0.0,-1939.475
13.634920051903464,13300,2,7,6,0.119272,0.148684,-1.411762,-0.978778,-1411.585,-1344.0,-1919.244,0.0,-1919,-1344,-0.837758,-1.411,0.0,0.0,-1.411,-1558.742,147.157,0.0,-1411.585,-54.068,-1865.176,0.0,-1919.244
13.634920051903464,13306,2,7,6,0.114105,0.143611,-1.416291,-1.008586,-1321.809,-1313.0,-1877.277,0.0,-1877,-1301,-0.942477,-1.416,0.0,0.0,-1.416,-1467.739,145.93,0.0,-1321.809,-7.047,-1870.229,0.0,-1877.277
13.646150226006284,13311,2,7,6,0.107867,0.137353,-1.415342,-1.053884,-1156.403,-1215.0,-1779.003,0.0,-1779,-1203,-0.942477,-1.415,0.0,0.0,-1.415,-1301.249,144.845,0.0,-1156.403,46.877,-1825.88,0.0,-1779.003
13.646150226006284,13316,2,7,6,0.102639,0.132117,-1.414957,-1.07037,-1096.699,-1143.0,-1749.504,0.0,-1749,-1143,-0.942477,-1.414,0.0,0.0,-1.414,-1240.511,143.812,0.0,-1096.699,37.04,-1786.544,0.0,-1749.504
13.657598188961856,13321,2,7,6,0.097386,0.126815,-1.412627,-1.067747,-1098.791,-1130.0,-1742.788,0.0,-1742,-1113,-1.047197,-1.412,0.0,0.0,-1.412,-1241.569,142.777,0.0,-1098.791,24.966,-1767.755,0.0,-1742.788
13.657598188961856,13326,2,7,6,0.092108,0.121386,-1.405337,-1.087481,-1002.455,-1067.0,-1671.785,0.0,-1671,-1065,-1.047197,-1.405,0.0,0.0,-1.405,-1144.279,141.823,0.0,-1002.455,51.635,-1723.42,0.0,-1671.785
13.67002389091067,13331,2,7,6,0.086809,0.115748,-1.389068,-1.134003,-777.177,-924.0,-1500.244,0.0,-1500,-898,-1.151917,-1.389,0.0,0.0,-1.389,-918.236,141.058,0.0,-777.177,117.458,-1617.702,0.0,-1500.244
13.67002389091067,13336,2,7,6,0.081487,0.109919,-1.364741,-1.173246,-548.897,-729.0,-1335.355,0.0,-1335,-730,-1.151917,-1.364,0.0,0.0,-1.364,-689.381,140.484,0.0,-548.897,144.081,-1479.437,0.0,-1335.355
13.67002389091067,13341,2,7,6,0.076146,0.103975,-1.335791,-1.199579,-350.287,-601.0,-1120.476,0.0,-1120,-574,-1.151917,-1.335,0.0,0.0,-1.335,-490.362,140.075,0.0,-350.287,200.57,-1321.046,0.0,-1120.476
13.681449598981999,13346,2,7,6,0.070786,0.097886,-1.300807,-1.213197,-175.582,-437.0,-946.542,0.0,-946,-454,-1.151917,-1.3,0.0,0.0,-1.3,-315.394,139.812,0.0,-175.582,209.134,-1155.676,0.0,-946.542
13.681449598981999,13351,2,7,6,0.065408,0.091805,-1.267078,-1.213561,-53.009,-337.0,-765.721,0.0,-765,-336,-1.151917,-1.267,0.0,0.0,-1.267,-192.661,139.652,0.0,-53.009,227.192,-992.913,0.0,-765.721
13.693158782902174,13356,2,7,6,0.060014,0.085793,-1.237369,-1.194278,-15.605,-266.0,-656.609,0.0,-656,-265,-1.047197,-1.237,0.0,0.0,-1.237,-155.128,139.522,0.0,-15.605,200.315,-856.924,0.0,-656.609
13.693158782902174,13361,2,7,6,0.054605,0.079954,-1.216725,-1.142734,-127.057,-253.0,-694.681,0.0,-694,-266,-0.942477,-1.216,0.0,0.0,-1.216,-266.367,139.309,0.0,-127.057,100.753,-795.435,0.0,-694.681
13.705266068922356,13366,2,7,6,0.049183,0.074491,-1.214775,-1.057116,-428.735,-381.0,-878.674,0.0,-878,-425,-0.837758,-1.214,0.0,0.0,-1.214,-567.572,138.836,0.0,-428.735,-38.188,-840.486,0.0,-878.674
13.705266068922356,13371,2,7,6,0.043749,0.06947,-1.234616,-0.971984,-807.424,-616.0,-1134.32,0.0,-1134,-619,-0.733038,-1.234,0.0,0.0,-1.234,-945.473,138.048,0.0,-807.424,-153.139,-981.18,0.0,-1134.32
13.715339369955473,13380,2,7,6,0.033941,0.06127,-1.311798,-0.889482,-1384.695,-1029.0,-1695.016,0.0,-1695,-1029,-0.733038,-1.311,0.0,0.0,-1.311,-1520.337,135.641,0.0,-1384.695,-284.556,-1410.46,0.0,-1695.016
13.715339369955473,13385,2,7,6,0.02848,0.056773,-1.358075,-0.928447,-1412.308,-1119.0,-1815.88,0.0,-1815,-1119,-0.837758,-1.358,0.0,0.0,-1.358,-1546.66,134.352,0.0,-1412.308,-234.646,-1581.234,0.0,-1815.88
13.726781284902245,13390,2,7,6,0.023012,0.052014,-1.392127,-0.996894,-1289.671,-1085.0,-1841.798,0.0,-1841,-1085,-0.942477,-1.392,0.0,0.0,-1.392,-1422.837,133.166,0.0,-1289.671,-163.736,-1678.061,0.0,-1841.798
13.726781284902245,13396,2,7,6,0.017538,0.046859,-1.40741,-1.059112,-1121.754,-1067.0,-1752.111,0.0,-1752,-1004,-0.837758,-1.407,0.0,0.0,-1.407,-1253.872,132.117,0.0,-1121.754,-43.803,-1708.307,0.0,-1752.111
13.738390245009214,13401,2,7,6,0.010964,0.040277,-1.407012,-1.105557,-954.021,-956.0,-1694.876,0.0,-1694,-973,-0.942477,-1.407,0.0,0.0,-1.407,-1085.235,131.213,0.0,-954.021,1.582,-1696.459,0.0,-1694.876
13.738390245009214,13406,2,7,6,0.005482,0.034606,-1.397947,-1.145732,-777.518,-831.0,-1596.244,0.0,-1596,-865,-0.942477,-1.397,0.0,0.0,-1.397,-907.975,130.456,0.0,-777.518,42.785,-1639.029,0.0,-1596.244
13.738390245009214,13411,2,7,6,0.0,0.028777,-1.381302,-1.159892,-667.282,-772.0,-1484.591,0.0,-1484,-775,-1.047197,-1.381,0.0,0.0,-1.381,-797.075,129.792,0.0,-667.282,83.773,-1568.365,0.0,-1484.591
13.750295416917652,13416,2,7,6,-0.005482,0.023056,-1.369903,-1.151303,-657.822,-747.0,-1455.471,0.0,-1455,-747,-0.942477,-1.369,0.0,0.0,-1.369,-786.959,129.136,0.0,-657.822,71.342,-1526.813,0.0,-1455.471
13.750295416917652,13421,2,7,6,-0.010964,0.017303,-1.356859,-1.135456,-668.578,-720.0,-1455.459,0.0,-1455,-688,-1.047197,-1.356,0.0,0.0,-1.356,-797.05,128.472,0.0,-668.578,41.137,-1496.597,0.0,-1455.459
13.76112848194316,13426,2,7,6,-0.016443,0.011495,-1.34107,-1.180008,-451.832,-584.0,-1302.143,0.0,-1302,-567,-1.151917,-1.341,0.0,0.0,-1.341,-579.822,127.989,0.0,-451.832,105.733,-1407.876,0.0,-1302.143
13.76112848194316,13431,2,7,6,-0.021918,0.005544,-1.318185,-1.209385,-264.017,-421.0,-1169.175,0.0,-1169,-438,-1.151917,-1.318,0.0,0.0,-1.318,-391.681,127.663,0.0,-264.017,125.585,-1294.76,0.0,-1169.175
13.773000275949016,13436,2,7,6,-0.027387,-0.000449,-1.293015,-1.187498,-252.513,-386.0,-1105.102,0.0,-1105,-386,-1.047197,-1.293,0.0,0.0,-1.293,-379.86,127.346,0.0,-252.513,106.789,-1211.892,0.0,-1105.102
13.773000275949016,13441,2,7,6,-0.03285,-0.006388,-1.270166,-1.198336,-131.459,-284.0,-980.018,0.0,-980,-293,-1.047197,-1.27,0.0,0.0,-1.27,-258.59,127.131,0.0,-131.459,122.032,-1102.051,0.0,-980.018
13.773000275949016,13446,2,7,6,-0.038304,-0.012257,-1.250276,-1.164585,-181.613,-293.0,-950.271,0.0,-950,-312,-0.942477,-1.25,0.0,0.0,-1.25,-308.487,126.874,0.0,-181.613,89.108,-1039.38,0.0,-950.271
13.785270538995974,13451,2,7,6,-0.043749,-0.017914,-1.240112,-1.101913,-371.042,-413.0,-1010.256,0.0,-1010,-357,-0.837758,-1.24,0.0,0.0,-1.24,-497.518,126.476,0.0,-371.042,33.566,-1043.822,0.0,-1010.256
13.785270538995974,13456,2,7,6,-0.049183,-0.023216,-1.246455,-1.03744,-626.607,-541.0,-1196.521,0.0,-1196,-515,-0.837758,-1.246,0.0,0.0,-1.246,-752.456,125.848,0.0,-626.607,-68.485,-1128.035,0.0,-1196.521
13.796295334002934,13461,2,7,6,-0.054606,-0.028128,-1.270908,-0.936575,-1078.752,-775.0,-1569.531,0.0,-1569,-829,-0.733038,-1.27,0.0,0.0,-1.27,-1203.598,124.845,0.0,-1078.752,-243.002,-1326.529,0.0,-1569.531
13.796295334002934,13466,2,7,6,-0.060014,-0.032869,-1.302985,-0.940924,-1179.66,-888.0,-1722.026,0.0,-1722,-929,-0.837758,-1.302,0.0,0.0,-1.302,-1303.42,123.759,0.0,-1179.66,-233.328,-1488.697,0.0,-1722.026
13.807749308994971,13475,2,7,6,-0.069711,-0.041532,-1.352599,-1.007821,-1119.64,-994.0,-1808.84,0.0,-1808,-970,-0.942477,-1.352,0.0,0.0,-1.352,-1241.201,121.56,0.0,-1119.64,-100.512,-1708.328,0.0,-1808.84
13.807749308994971,13480,2,7,6,-0.075075,-0.046714,-1.361328,-1.065173,-945.485,-871.0,-1785.473,0.0,-1785,-871,-1.047197,-1.361,0.0,0.0,-1.361,-1066.157,120.671,0.0,-945.485,-59.588,-1725.884,0.0,-1785.473
13.821215559961274,13486,2,7,6,-0.080421,-0.052314,-1.349119,-1.118709,-709.497,-768.0,-1627.402,0.0,-1627,-765,-1.047197,-1.349,0.0,0.0,-1.349,-829.475,119.977,0.0,-709.497,46.801,-1674.204,0.0,-1627.402
13.821215559961274,13491,2,7,6,-0.086809,-0.059402,-1.31552,-1.195048,-314.081,-550.0,-1329.846,0.0,-1329,-549,-1.151917,-1.315,0.0,0.0,-1.315,-433.697,119.616,0.0,-314.081,188.734,-1518.581,0.0,-1329.846
13.832460917998105,13496,2,7,6,-0.092109,-0.065388,-1.282572,-1.207237,-151.816,-398.0,-1170.638,0.0,-1170,-417,-1.047197,-1.282,0.0,0.0,-1.282,-271.206,119.39,0.0,-151.816,196.947,-1367.585,0.0,-1170.638
13.832460917998105,13501,2,7,6,-0.097386,-0.071222,-1.255882,-1.148883,-266.13,-431.0,-1157.753,0.0,-1157,-398,-1.047197,-1.255,0.0,0.0,-1.255,-385.199,119.069,0.0,-266.13,131.895,-1289.649,0.0,-1157.753
13.84383392892778,13506,2,7,6,-0.102639,-0.076822,-1.239208,-1.135522,-254.512,-382.0,-1117.45,0.0,-1117,-381,-0.942477,-1.239,0.0,0.0,-1.239,-373.271,118.758,0.0,-254.512,101.989,-1219.439,0.0,-1117.45
13.84383392892778,13511,2,7,6,-0.107867,-0.082275,-1.228385,-1.085484,-396.113,-446.0,-1170.615,0.0,-1170,-446,-0.942477,-1.228,0.0,0.0,-1.228,-514.443,118.329,0.0,-396.113,39.908,-1210.524,0.0,-1170.615
13.855684773996472,13516,2,7,6,-0.113068,-0.087462,-1.229099,-1.018694,-639.76,-575.0,-1328.027,0.0,-1328,-544,-0.837758,-1.229,0.0,0.0,-1.229,-757.458,117.698,0.0,-639.76,-51.808,-1276.219,0.0,-1328.027
13.855684773996472,13521,2,7,6,-0.118241,-0.092553,-1.233035,-0.997089,-732.414,-627.0,-1431.248,0.0,-1431,-627,-0.942477,-1.233,0.0,0.0,-1.233,-849.405,116.99,0.0,-732.414,-84.331,-1346.917,0.0,-1431.248
13.855684773996472,13526,2,7,6,-0.123386,-0.097745,-1.230729,-1.040576,-568.129,-567.0,-1337.771,0.0,-1337,-570,-1.047197,-1.23,0.0,0.0,-1.23,-684.549,116.42,0.0,-568.129,-0.903,-1336.868,0.0,-1337.771
13.867345673963428,13531,2,7,6,-0.128499,-0.102995,-1.224178,-1.041122,-543.13,-539.0,-1332.643,0.0,-1332,-557,-0.942477,-1.224,0.0,0.0,-1.224,-659.001,115.87,0.0,-543.13,-3.304,-1329.339,0.0,-1332.643
13.867345673963428,13536,2,7,6,-0.133581,-0.108209,-1.217863,-1.051395,-483.913,-538.0,-1254.946,0.0,-1254,-530,-0.942477,-1.217,0.0,0.0,-1.217,-599.285,115.371,0.0,-483.913,43.268,-1298.215,0.0,-1254.946
13.878577985917218,13541,2,7,6,-0.13863,-0.113259,-1.217827,-0.995608,-685.256,-658.0,-1359.683,0.0,-1359,-633,-0.942477,-1.217,0.0,0.0,-1.217,-799.988,114.731,0.0,-685.256,-21.805,-1337.878,0.0,-1359.683
13.878577985917218,13546,2,7,6,-0.143645,-0.118038,-1.229127,-0.935571,-942.95,-789.0,-1569.758,0.0,-1569,-794,-0.942477,-1.229,0.0,0.0,-1.229,-1056.801,113.85,0.0,-942.95,-123.16,-1446.597,0.0,-1569.758
13.878577985917218,13551,2,7,6,-0.148625,-0.122525,-1.252779,-0.871658,-1259.327,-983.0,-1845.53,0.0,-1845,-994,-0.942477,-1.252,0.0,0.0,-1.252,-1372.035,112.707,0.0,-1259.327,-221.062,-1624.468,0.0,-1845.53
13.89116808900144,13556,2,7,6,-0.153567,-0.126995,-1.27546,-0.923113,-1156.798,-990.0,-1844.033,0.0,-1844,-996,-1.047197,-1.275,0.0,0.0,-1.275,-1268.448,111.65,0.0,-1156.798,-133.438,-1710.595,0.0,-1844.033
13.902363045956008,13565,2,7,6,-0.162368,-0.135778,-1.276321,-1.01279,-838.776,-845.0,-1710.867,0.0,-1710,-845,-1.151917,-1.276,0.0,0.0,-1.276,-948.713,109.936,0.0,-838.776,4.978,-1715.846,0.0,-1710.867
13.902363045956008,13570,2,7,6,-0.167202,-0.14117,-1.249536,-1.083408,-488.62,-652.0,-1470.708,0.0,-1470,-652,-1.047197,-1.249,0.0,0.0,-1.249,-598.058,109.438,0.0,-488.62,130.703,-1601.412,0.0,-1470.708
13.914087202982046,13576,2,7,6,-0.171994,-0.146769,-1.210783,-1.132254,-173.503,-471.0,-1190.315,0.0,-1190,-416,-1.047197,-1.21,0.0,0.0,-1.21,-282.705,109.201,0.0,-173.503,237.997,-1428.312,0.0,-1190.315
13.914087202982046,13581,2,7,6,-0.177689,-0.153682,-1.152325,-1.13805,57.768,-276.0,-963.381,0.0,-963,-263,-0.942477,-1.152,0.0,0.0,-1.152,-51.389,109.158,0.0,57.768,267.015,-1230.397,0.0,-963.381
13.9258330919547,13586,2,7,6,-0.182386,-0.159373,-1.104626,-1.109359,126.213,-204.0,-791.218,0.0,-791,-180,-0.837758,-1.104,0.0,0.0,-1.104,17.04,109.172,0.0,126.213,264.17,-1055.389,0.0,-791.218
13.9258330919547,13591,2,7,6,-0.187038,-0.164606,-1.076761,-0.997216,-177.424,-282.0,-931.49,0.0,-931,-300,-0.733038,-1.076,0.0,0.0,-1.076,-286.358,108.934,0.0,-177.424,83.66,-1015.151,0.0,-931.49
13.9258330919547,13596,2,7,6,-0.191645,-0.169391,-1.06816,-0.884841,-551.562,-481.0,-1143.19,0.0,-1143,-477,-0.628318,-1.068,0.0,0.0,-1.068,-659.946,108.384,0.0,-551.562,-56.449,-1086.74,0.0,-1143.19
13.938087138929404,13601,2,7,6,-0.196204,-0.173716,-1.079431,-0.852546,-709.081,-588.0,-1269.113,0.0,-1269,-601,-0.628318,-1.079,0.0,0.0,-1.079,-816.785,107.703,0.0,-709.081,-96.865,-1172.247,0.0,-1269.113
13.938087138929404,13606,2,7,6,-0.200714,-0.177937,-1.093307,-0.842679,-795.31,-663.0,-1364.031,0.0,-1364,-650,-0.628318,-1.093,0.0,0.0,-1.093,-902.262,106.951,0.0,-795.31,-105.848,-1258.182,0.0,-1364.031
13.94762806291692,13611,2,7,6,-0.205175,-0.182193,-1.103165,-0.869947,-733.332,-649.0,-1370.096,0.0,-1370,-644,-0.523598,-1.103,0.0,0.0,-1.103,-839.584,106.252,0.0,-733.332,-67.466,-1302.63,0.0,-1370.096
13.94762806291692,13616,2,7,6,-0.209586,-0.186572,-1.104673,-0.892699,-657.49,-612.0,-1353.596,0.0,-1353,-628,-0.628318,-1.104,0.0,0.0,-1.104,-763.106,105.616,0.0,-657.49,-36.391,-1317.205,0.0,-1353.596
13.94762806291692,13621,2,7,6,-0.213944,-0.191163,-1.093533,-0.919505,-521.403,-544.0,-1272.822,0.0,-1272,-547,-0.628318,-1.093,0.0,0.0,-1.093,-626.497,105.094,0.0,-521.403,18.077,-1290.899,0.0,-1272.822
13.961233926005661,13626,2,7,6,-0.21825,-0.195731,-1.080952,-0.917192,-484.932,-529.0,-1230.176,0.0,-1230,-527,-0.628318,-1.08,0.0,0.0,-1.08,-589.535,104.602,0.0,-484.932,35.254,-1265.431,0.0,-1230.176
13.961233926005661,13631,2,7,6,-0.222502,-0.200265,-1.067389,-0.895376,-515.162,-527.0,-1245.573,0.0,-1245,-540,-0.523598,-1.067,0.0,0.0,-1.067,-619.249,104.086,0.0,-515.162,9.47,-1255.043,0.0,-1245.573
13.972686880966648,13636,2,7,6,-0.2267,-0.204665,-1.057668,-0.864431,-592.121,-558.0,-1300.347,0.0,-1300,-558,-0.628318,-1.057,0.0,0.0,-1.057,-695.652,103.53,0.0,-592.121,-27.297,-1273.05,0.0,-1300.347
13.972686880966648,13641,2,7,6,-0.230841,-0.209015,-1.04765,-0.870797,-533.673,-541.0,-1259.68,0.0,-1259,-542,-0.628318,-1.047,0.0,0.0,-1.047,-636.673,102.999,0.0,-533.673,5.86,-1265.541,0.0,-1259.68
13.984189769951627,13646,2,7,6,-0.234925,-0.213448,-1.030909,-0.888581,-409.809,-462.0,-1181.322,0.0,-1181,-446,-0.628318,-1.03,0.0,0.0,-1.03,-512.382,102.572,0.0,-409.809,41.752,-1223.074,0.0,-1181.322
13.984189769951627,13655,2,7,6,-0.24213,-0.22197,-0.967707,-0.969964,110.458,-124.0,-779.117,0.0,-779,-124,-0.733038,-0.967,0.0,0.0,-0.967,8.123,102.334,0.0,110.458,187.566,-966.684,0.0,-779.117
13.996482141898014,13660,2,7,6,-0.24605,-0.226861,-0.921082,-0.952481,215.465,-62.0,-590.673,0.0,-590,-62,-0.733038,-0.921,0.0,0.0,-0.921,113.037,102.428,0.0,215.465,221.972,-812.645,0.0,-590.673
13.996482141898014,13666,2,7,6,-0.249909,-0.231582,-0.879683,-0.906132,197.726,-31.0,-512.539,0.0,-512,-31,-0.733038,-0.879,0.0,0.0,-0.879,95.218,102.508,0.0,197.726,182.981,-695.52,0.0,-512.539
14.006704138941132,13671,2,7,6,-0.254458,-0.236727,-0.851092,-0.79935,-83.919,-128.0,-651.854,0.0,-651,-128,-0.628318,-0.851,0.0,0.0,-0.851,-186.271,102.352,0.0,-83.919,35.264,-687.119,0.0,-651.854
14.006704138941132,13676,2,7,6,-0.25818,-0.24057,-0.84527,-0.7242,-333.864,-256.0,-804.566,0.0,-804,-282,-0.628318,-0.845,0.0,0.0,-0.845,-435.854,101.989,0.0,-333.864,-62.291,-742.275,0.0,-804.566
14.018852999899536,13681,2,7,6,-0.261838,-0.244105,-0.851187,-0.708333,-412.716,-349.0,-842.74,0.0,-842,-345,-0.628318,-0.851,0.0,0.0,-0.851,-514.277,101.561,0.0,-412.716,-50.972,-791.768,0.0,-842.74
14.018852999899536,13686,2,7,6,-0.265431,-0.247531,-0.859201,-0.700504,-470.225,-381.0,-911.607,0.0,-911,-364,-0.628318,-0.859,0.0,0.0,-0.859,-571.31,101.084,0.0,-470.225,-71.38,-840.226,0.0,-911.607
14.03021831298247,13691,2,7,6,-0.268959,-0.251007,-0.86173,-0.703977,-467.299,-421.0,-916.078,0.0,-916,-411,-0.628318,-0.861,0.0,0.0,-0.861,-567.911,100.611,0.0,-467.299,-37.039,-879.038,0.0,-916.078
14.03021831298247,13696,2,7,6,-0.272421,-0.254508,-0.859843,-0.693213,-499.755,-442.0,-966.276,0.0,-966,-441,-0.628318,-0.859,0.0,0.0,-0.859,-599.866,100.111,0.0,-499.755,-46.204,-920.072,0.0,-966.276
14.03021831298247,13701,2,7,6,-0.275816,-0.25814,-0.848434,-0.705435,-415.114,-394.0,-938.42,0.0,-938,-394,-0.628318,-0.848,0.0,0.0,-0.848,-514.797,99.682,0.0,-415.114,-16.891,-921.528,0.0,-938.42
14.041979798930697,13706,2,7,6,-0.279142,-0.261733,-0.835641,-0.712027,-345.698,-369.0,-884.9,0.0,-884,-363,-0.628318,-0.835,0.0,0.0,-0.835,-445.01,99.311,0.0,-345.698,18.64,-903.541,0.0,-884.9
14.041979798930697,13711,2,7,6,-0.2824,-0.265215,-0.824845,-0.668821,-462.844,-436.0,-951.021,0.0,-951,-418,-0.628318,-0.824,0.0,0.0,-0.824,-561.688,98.843,0.0,-462.844,-21.475,-929.545,0.0,-951.021
14.05310485092923,13716,2,7,6,-0.285588,-0.268532,-0.818673,-0.653205,-497.335,-492.0,-957.518,0.0,-957,-481,-0.628318,-0.818,0.0,0.0,-0.818,-595.683,98.347,0.0,-497.335,-4.268,-953.249,0.0,-957.518
14.05310485092923,13721,2,7,6,-0.288705,-0.271769,-0.812946,-0.649057,-492.146,-490.0,-965.644,0.0,-965,-472,-0.523598,-0.812,0.0,0.0,-0.812,-590.002,97.855,0.0,-492.146,-1.717,-963.927,0.0,-965.644
14.064179073902778,13726,2,7,6,-0.291751,-0.274994,-0.804346,-0.630753,-527.579,-490.0,-1016.324,0.0,-1016,-517,-0.628318,-0.804,0.0,0.0,-0.804,-624.935,97.355,0.0,-527.579,-30.063,-986.26,0.0,-1016.324
14.064179073902778,13731,2,7,6,-0.294726,-0.278197,-0.793386,-0.637589,-463.978,-482.0,-956.609,0.0,-956,-471,-0.523598,-0.793,0.0,0.0,-0.793,-560.866,96.888,0.0,-463.978,14.417,-971.026,0.0,-956.609
14.064179073902778,13736,2,7,6,-0.297627,-0.281393,-0.779239,-0.637092,-415.267,-453.0,-913.271,0.0,-913,-471,-0.523598,-0.779,0.0,0.0,-0.779,-511.729,96.462,0.0,-415.267,30.185,-943.457,0.0,-913.271
14.076492914929986,13745,2,7,6,-0.302664,-0.287017,-0.751092,-0.595966,-462.903,-491.0,-893.745,0.0,-893,-491,-0.523598,-0.751,0.0,0.0,-0.751,-558.454,95.55,0.0,-462.903,22.477,-916.222,0.0,-893.745
14.08742508396972,13750,2,7,6,-0.305359,-0.289931,-0.740534,-0.569302,-521.398,-519.0,-924.628,0.0,-924,-519,-0.418879,-0.74,0.0,0.0,-0.74,-616.435,95.037,0.0,-521.398,-1.918,-922.709,0.0,-924.628
14.08742508396972,13755,2,7,6,-0.307977,-0.29261,-0.737607,-0.511438,-719.849,-643.0,-1048.269,0.0,-1048,-632,-0.418879,-0.737,0.0,0.0,-0.737,-814.208,94.358,0.0,-719.849,-61.479,-986.79,0.0,-1048.269
14.099071571952663,13761,2,7,6,-0.31052,-0.295113,-0.739528,-0.480689,-838.241,-716.0,-1160.274,0.0,-1160,-699,-0.418879,-0.739,0.0,0.0,-0.739,-931.82,93.579,0.0,-838.241,-97.793,-1062.481,0.0,-1160.274
14.099071571952663,13766,2,7,6,-0.31347,-0.297967,-0.744163,-0.482965,-847.517,-744.0,-1206.341,0.0,-1206,-732,-0.523598,-0.744,0.0,0.0,-0.744,-940.313,92.795,0.0,-847.517,-82.814,-1123.527,0.0,-1206.341
14.099071571952663,13771,2,7,6,-0.315844,-0.300427,-0.740005,-0.494958,-790.106,-701.0,-1232.298,0.0,-1232,-733,-0.418879,-0.74,0.0,0.0,-0.74,-882.166,92.06,0.0,-790.106,-71.285,-1161.013,0.0,-1232.298
14.11077176395338,13776,2,7,6,-0.318139,-0.303047,-0.724413,-0.537684,-580.725,-628.0,-1080.066,0.0,-1080,-623,-0.418879,-0.724,0.0,0.0,-0.724,-672.225,91.5,0.0,-580.725,37.819,-1117.886,0.0,-1080.066
14.11077176395338,13781,2,7,6,-0.320356,-0.305852,-0.696188,-0.568942,-366.966,-503.0,-911.781,0.0,-911,-520,-0.418879,-0.696,0.0,0.0,-0.696,-458.084,91.118,0.0,-366.966,108.826,-1020.608,0.0,-911.781
14.121999669936486,13786,2,7,6,-0.322494,-0.308607,-0.666578,-0.538636,-369.854,-516.0,-833.979,0.0,-833,-472,-0.523598,-0.666,0.0,0.0,-0.666,-460.588,90.734,0.0,-369.854,116.916,-950.895,0.0,-833.979
14.121999669936486,13791,2,7,6,-0.324553,-0.311188,-0.641514,-0.481937,-484.22,-556.0,-881.168,0.0,-881,-533,-0.418879,-0.641,0.0,0.0,-0.641,-574.476,90.255,0.0,-484.22,57.423,-938.591,0.0,-881.168
14.13380624097772,13796,2,7,6,-0.326531,-0.313527,-0.62418,-0.460074,-501.017,-516.0,-910.032,0.0,-910,-546,-0.418879,-0.624,0.0,0.0,-0.624,-590.781,89.763,0.0,-501.017,11.985,-922.018,0.0,-910.032
14.13380624097772,13801,2,7,6,-0.328429,-0.315671,-0.612369,-0.415184,-620.692,-596.0,-962.867,0.0,-962,-608,-0.418879,-0.612,0.0,0.0,-0.612,-709.864,89.172,0.0,-620.692,-19.753,-943.113,0.0,-962.867
14.145225159008987,13806,2,7,6,-0.330246,-0.317744,-0.600083,-0.400809,-628.811,-608.0,-963.749,0.0,-963,-608,-0.314159,-0.6,0.0,0.0,-0.6,-717.386,88.574,0.0,-628.811,-16.649,-947.1,0.0,-963.749
14.145225159008987,13811,2,7,6,-0.331981,-0.319806,-0.584395,-0.414059,-525.146,-558.0,-887.403,0.0,-887,-555,-0.314159,-0.584,0.0,0.0,-0.584,-613.209,88.063,0.0,-525.146,26.282,-913.686,0.0,-887.403
14.145225159008987,13816,2,7,6,-0.333634,-0.321815,-0.567332,-0.405484,-495.056,-572.0,-815.314,0.0,-815,-570,-0.314159,-0.567,0.0,0.0,-0.567,-582.653,87.597,0.0,-495.056,61.555,-876.869,0.0,-815.314
14.157284592976794,13821,2,7,6,-0.335205,-0.323729,-0.550862,-0.374302,-548.549,-615.0,-805.886,0.0,-805,-587,-0.314159,-0.55,0.0,0.0,-0.55,-635.617,87.067,0.0,-548.549,53.16,-859.046,0.0,-805.886
14.157284592976794,13826,2,7,6,-0.336694,-0.325428,-0.540763,-0.339453,-638.252,-618.0,-895.465,0.0,-895,-617,-0.314159,-0.54,0.0,0.0,-0.54,-724.716,86.463,0.0,-638.252,-16.202,-879.263,0.0,-895.465
14.168833897914737,13835,2,7,6,-0.339163,-0.328129,-0.529629,-0.272868,-839.351,-727.0,-1066.976,0.0,-1066,-727,-0.418879,-0.529,0.0,0.0,-0.529,-924.34,84.989,0.0,-839.351,-89.881,-977.095,0.0,-1066.976
14.168833897914737,13840,2,7,6,-0.340418,-0.329668,-0.515989,-0.313516,-644.522,-644.0,-952.922,0.0,-952,-644,-0.314159,-0.515,0.0,0.0,-0.515,-728.904,84.382,0.0,-644.522,-0.418,-952.504,0.0,-952.922
14.180818998953328,13845,2,7,6,-0.341589,-0.331278,-0.494902,-0.354604,-421.11,-531.0,-783.63,0.0,-783,-531,-0.314159,-0.494,0.0,0.0,-0.494,-505.071,83.961,0.0,-421.11,87.911,-871.541,0.0,-783.63
14.180818998953328,13851,2,7,6,-0.342675,-0.332992,-0.46478,-0.316371,-450.757,-516.0,-778.529,0.0,-778,-545,-0.314159,-0.464,0.0,0.0,-0.464,-534.272,83.514,0.0,-450.757,52.193,-830.723,0.0,-778.529
14.192081002984196,13856,2,7,6,-0.343868,-0.334917,-0.429649,-0.285487,-435.903,-530.0,-705.693,0.0,-705,-500,-0.314159,-0.429,0.0,0.0,-0.429,-518.985,83.081,0.0,-435.903,75.277,-780.97,0.0,-705.693
14.192081002984196,13861,2,7,6,-0.344768,-0.336349,-0.404116,-0.275642,-379.81,-484.0,-641.529,0.0,-641,-464,-0.314159,-0.404,0.0,0.0,-0.404,-462.506,82.696,0.0,-379.81,83.351,-724.88,0.0,-641.529
14.203492898959666,13866,2,7,6,-0.345583,-0.337661,-0.380255,-0.251467,-381.326,-450.0,-626.186,0.0,-626,-465,-0.209439,-0.38,0.0,0.0,-0.38,-463.636,82.31,0.0,-381.326,54.938,-681.125,0.0,-626.186
14.203492898959666,13871,2,7,6,-0.346313,-0.338799,-0.360686,-0.227402,-397.91,-499.0,-559.354,0.0,-559,-465,-0.209439,-0.36,0.0,0.0,-0.36,-479.82,81.91,0.0,-397.91,80.871,-640.226,0.0,-559.354
14.203492898959666,13876,2,7,6,-0.346957,-0.339754,-0.345776,-0.191105,-475.367,-529.0,-590.13,0.0,-590,-480,-0.209439,-0.345,0.0,0.0,-0.345,-556.813,81.446,0.0,-475.367,42.906,-633.036,0.0,-590.13
14.216307064983994,13881,2,7,6,-0.347516,-0.340532,-0.335251,-0.146754,-597.708,-592.0,-670.946,0.0,-670,-576,-0.209439,-0.335,0.0,0.0,-0.335,-678.588,80.88,0.0,-597.708,-4.566,-666.38,0.0,-670.946
14.216307064983994,13886,2,7,6,-0.347989,-0.341164,-0.327624,-0.122804,-657.084,-592.0,-756.114,0.0,-756,-608,-0.209439,-0.327,0.0,0.0,-0.327,-737.35,80.266,0.0,-657.084,-52.067,-704.047,0.0,-756.114
14.227469098987058,13891,2,7,6,-0.348377,-0.341777,-0.316769,-0.122024,-621.4,-608.0,-722.745,0.0,-722,-592,-0.104719,-0.316,0.0,0.0,-0.316,-701.082,79.681,0.0,-621.4,-10.72,-712.025,0.0,-722.745
14.227469098987058,13896,2,7,6,-0.348678,-0.342364,-0.303083,-0.122189,-572.08,-593.0,-684.923,0.0,-684,-577,0.0,-0.303,0.0,0.0,-0.303,-651.219,79.139,0.0,-572.08,16.735,-701.659,0.0,-684.923
14.238615799928084,13901,2,7,6,-0.348893,-0.343035,-0.281202,-0.131778,-459.235,-544.0,-584.763,0.0,-584,-545,-0.104719,-0.281,0.0,0.0,-0.281,-537.926,78.691,0.0,-459.235,67.811,-652.574,0.0,-584.763
14.238615799928084,13906,2,7,6,-0.349022,-0.343518,-0.264192,-0.094069,-534.24,-576.0,-608.313,0.0,-608,-545,0.0,-0.264,0.0,0.0,-0.264,-612.441,78.201,0.0,-534.24,33.407,-641.72,0.0,-608.313
14.250436183996499,13911,2,7,6,-0.349065,-0.34381,-0.252247,-0.04363,-673.447,-623.0,-722.739,0.0,-722,-639,-0.104719,-0.252,0.0,0.0,-0.252,-751.023,77.575,0.0,-673.447,-40.358,-682.381,0.0,-722.739
14.250436183996499,13916,2,7,6,-0.349022,-0.343951,-0.243405,-0.02196,-720.291,-639.0,-786.128,0.0,-786,-671,0.0,-0.243,0.0,0.0,-0.243,-797.202,76.91,0.0,-720.291,-65.033,-721.095,0.0,-786.128
14.250436183996499,13921,2,7,6,-0.348893,-0.344127,-0.228788,-0.054074,-552.585,-560.0,-685.125,0.0,-685,-607,0.0,-0.228,0.0,0.0,-0.228,-628.972,76.386,0.0,-552.585,5.931,-691.056,0.0,-685.125
14.262529591913335,13930,2,7,6,-0.348444,-0.344714,-0.179039,-0.053469,-376.369,-448.0,-483.949,0.0,-483,-464,0.0,-0.179,0.0,0.0,-0.179,-452.052,75.683,0.0,-376.369,57.304,-541.253,0.0,-483.949
14.273538669920526,13935,2,7,6,-0.348074,-0.344968,-0.149079,-0.003645,-448.315,-480.0,-500.106,0.0,-500,-480,0.0,-0.149,0.0,0.0,-0.149,-523.563,75.247,0.0,-448.315,25.347,-525.453,0.0,-500.106
14.273538669920526,13941,2,7,6,-0.347618,-0.344889,-0.130967,0.005534,-416.57,-480.0,-442.707,0.0,-442,-495,0.0,-0.13,0.0,0.0,-0.13,-491.406,74.836,0.0,-416.57,50.743,-493.451,0.0,-442.707
14.273538669920526,13946,2,7,6,-0.346957,-0.344722,-0.107294,0.027901,-412.272,-448.0,-441.568,0.0,-441,-480,0.0,-0.107,0.0,0.0,-0.107,-486.702,74.43,0.0,-412.272,28.582,-470.15,0.0,-441.568
14.285760163911618,13951,2,7,6,-0.346313,-0.344526,-0.085774,0.044979,-396.678,-416.0,-427.898,0.0,-427,-449,0.0,-0.085,0.0,0.0,-0.085,-470.717,74.038,0.0,-396.678,15.456,-443.355,0.0,-427.898
14.285760163911618,13956,2,7,6,-0.345583,-0.344274,-0.062832,0.048033,-325.412,-418.0,-324.607,0.0,-324,-367,0.0,-0.062,0.0,0.0,-0.062,-399.117,73.705,0.0,-325.412,74.07,-398.677,0.0,-324.607
14.29694543092046,13961,2,7,6,-0.344768,-0.344028,-0.035519,0.049373,-232.163,-337.0,-256.939,0.0,-256,-337,0.104719,-0.035,0.0,0.0,-0.035,-305.614,73.451,0.0,-232.163,83.869,-340.809,0.0,-256.939
14.29694543092046,13966,2,7,6,-0.343868,-0.343689,-0.008573,0.077583,-236.971,-352.0,-201.705,0.0,-201,-305,0.0,-0.008,0.0,0.0,-0.008,-310.163,73.192,0.0,-236.971,92.023,-293.728,0.0,-201.705
14.308496326906607,13971,2,7,6,-0.342882,-0.343238,0.01706,0.102666,-235.248,-322.0,-188.501,0.0,-188,-306,0.0,0.017,0.0,0.0,0.017,-308.184,72.935,0.0,-235.248,69.401,-257.902,0.0,-188.501
14.308496326906607,13976,2,7,6,-0.341813,-0.342713,0.043235,0.122568,-212.898,-256.0,-187.23,0.0,-187,-290,0.0,0.043,0.0,0.0,0.043,-285.596,72.697,0.0,-212.898,34.481,-221.711,0.0,-187.23
14.320391931920312,13981,2,7,6,-0.340659,-0.342094,0.068893,0.114707,-92.371,-193.0,-68.671,0.0,-68,-194,0.0,0.068,0.0,0.0,0.068,-164.931,72.56,0.0,-92.371,80.503,-149.174,0.0,-68.671
14.320391931920312,13986,2,7,6,-0.339421,-0.341448,0.097326,0.120553,-11.126,-146.0,39.973,0.0,39,-146,0.104719,0.097,0.0,0.0,0.097,-83.617,72.49,0.0,-11.126,107.898,-67.924,0.0,39.973
14.320391931920312,13991,2,7,6,-0.338099,-0.340707,0.125196,0.150239,-17.739,-131.0,78.821,0.0,78,-131,0.0,0.125,0.0,0.0,0.125,-90.154,72.415,0.0,-17.739,90.608,-11.787,0.0,78.821
14.332011372898705,13996,2,7,6,-0.336694,-0.339921,0.154897,0.150955,86.615,-65.0,193.709,0.0,193,-65,0.0,0.154,0.0,0.0,0.154,14.188,72.426,0.0,86.615,121.292,72.417,0.0,193.709
14.332011372898705,14001,2,7,6,-0.335205,-0.338993,0.181793,0.186628,55.008,-49.0,210.052,0.0,210,-34,0.0,0.181,0.0,0.0,0.181,-17.403,72.412,0.0,55.008,83.206,126.845,0.0,210.052
14.3434648119146,14006,2,7,6,-0.333634,-0.337981,0.208634,0.212401,58.84,-19.0,233.852,0.0,233,-50,0.209439,0.208,0.0,0.0,0.208,-13.56,72.401,0.0,58.84,62.272,171.579,0.0,233.852
14.3434648119146,14011,2,7,6,-0.331981,-0.336741,0.228488,0.25606,-26.94,-67.0,216.932,0.0,216,-50,0.209439,0.228,0.0,0.0,0.228,-99.258,72.318,0.0,-26.94,32.047,184.885,0.0,216.932
14.354957595933229,14020,2,7,6,-0.328799,-0.334529,0.275037,0.254971,144.626,48.0,358.784,0.0,358,48,0.104719,0.275,0.0,0.0,0.275,72.238,72.387,0.0,144.626,77.301,281.483,0.0,358.784
14.354957595933229,14025,2,7,6,-0.326917,-0.333288,0.305789,0.26097,233.869,97.0,464.47,0.0,464,93,0.209439,0.305,0.0,0.0,0.305,161.347,72.522,0.0,233.869,109.495,354.974,0.0,464.47
14.366384444991127,14031,2,7,6,-0.324955,-0.331908,0.333745,0.27308,291.098,145.0,543.861,0.0,543,142,0.314159,0.333,0.0,0.0,0.333,218.393,72.704,0.0,291.098,116.878,426.982,0.0,543.861
14.366384444991127,14036,2,7,6,-0.322494,-0.329967,0.358699,0.349867,104.527,48.0,474.269,0.0,474,126,0.209439,0.358,0.0,0.0,0.358,31.796,72.731,0.0,104.527,45.222,429.047,0.0,474.269
14.377909143920988,14041,2,7,6,-0.320356,-0.328083,0.37087,0.385763,19.071,48.0,382.948,0.0,382,33,0.209439,0.37,0.0,0.0,0.37,-53.615,72.686,0.0,19.071,-23.142,406.091,0.0,382.948
14.377909143920988,14046,2,7,6,-0.318139,-0.326011,0.377849,0.39924,-4.384,0.0,390.724,0.0,390,0,0.314159,0.377,0.0,0.0,0.377,-77.007,72.622,0.0,-4.384,-3.507,394.232,0.0,390.724
14.389533738954924,14051,2,7,6,-0.315844,-0.323946,0.388891,0.413524,-16.129,17.0,354.258,0.0,354,0,0.314159,0.388,0.0,0.0,0.388,-88.678,72.548,0.0,-16.129,-26.503,380.762,0.0,354.258
14.389533738954924,14056,2,7,6,-0.31347,-0.321942,0.40665,0.414948,42.648,34.0,399.659,0.0,399,65,0.209439,0.406,0.0,0.0,0.406,-29.875,72.523,0.0,42.648,6.919,392.74,0.0,399.659
14.389533738954924,14061,2,7,6,-0.311019,-0.319941,0.428256,0.400539,172.389,84.0,511.269,0.0,511,133,0.314159,0.428,0.0,0.0,0.428,99.782,72.607,0.0,172.389,70.711,440.557,0.0,511.269
14.40220892499201,14066,2,7,6,-0.308492,-0.317925,0.452778,0.418487,196.158,120.0,540.511,0.0,540,115,0.314159,0.452,0.0,0.0,0.452,123.448,72.709,0.0,196.158,60.926,479.584,0.0,540.511
14.40220892499201,14071,2,7,6,-0.305888,-0.315737,0.472735,0.448883,158.647,114.0,537.231,0.0,537,114,0.314159,0.472,0.0,0.0,0.472,85.866,72.781,0.0,158.647,35.718,501.513,0.0,537.231
14.413343015941791,14076,2,7,6,-0.303209,-0.313364,0.487449,0.475775,114.842,97.0,522.268,0.0,522,109,0.418879,0.487,0.0,0.0,0.487,42.025,72.816,0.0,114.842,14.273,507.995,0.0,522.268
14.413343015941791,14081,2,7,6,-0.300455,-0.310854,0.499164,0.514029,19.256,17.0,480.91,0.0,480,48,0.209439,0.499,0.0,0.0,0.499,-53.515,72.771,0.0,19.256,1.805,479.105,0.0,480.91
14.42528034991119,14086,2,7,6,-0.297627,-0.308263,0.510509,0.512588,65.281,65.0,482.871,0.0,482,85,0.314159,0.51,0.0,0.0,0.51,-7.484,72.765,0.0,65.281,0.225,482.646,0.0,482.871
14.42528034991119,14091,2,7,6,-0.294725,-0.305763,0.529782,0.491203,211.763,158.0,564.469,0.0,564,169,0.314159,0.529,0.0,0.0,0.529,138.886,72.876,0.0,211.763,43.01,521.459,0.0,564.469
14.42528034991119,14096,2,7,6,-0.291751,-0.303299,0.554298,0.483426,328.228,243.0,646.711,0.0,646,234,0.314159,0.554,0.0,0.0,0.554,255.139,73.089,0.0,328.228,68.182,578.528,0.0,646.711
14.436418337980285,14101,2,7,6,-0.288705,-0.300827,0.58185,0.496175,381.776,261.0,743.326,0.0,743,290,0.314159,0.581,0.0,0.0,0.581,308.43,73.346,0.0,381.776,96.621,646.704,0.0,743.326
14.447959253913723,14110,2,7,6,-0.283043,-0.296101,0.626791,0.549871,350.74,275.0,788.259,0.0,788,275,0.418879,0.626,0.0,0.0,0.626,276.913,73.827,0.0,350.74,60.592,727.666,0.0,788.259
14.447959253913723,14115,2,7,6,-0.279799,-0.29317,0.641799,0.592418,251.743,250.0,725.505,0.0,725,250,0.418879,0.641,0.0,0.0,0.641,177.768,73.975,0.0,251.743,1.394,724.11,0.0,725.505
14.460036945994943,14120,2,7,6,-0.276486,-0.290065,0.651791,0.627598,161.141,201.0,671.844,0.0,671,201,0.418879,0.651,0.0,0.0,0.651,87.093,74.048,0.0,161.141,-31.886,703.73,0.0,671.844
14.460036945994943,14126,2,7,6,-0.273105,-0.286893,0.661821,0.633045,177.73,183.0,684.48,0.0,684,211,0.418879,0.661,0.0,0.0,0.661,103.595,74.134,0.0,177.73,-4.215,688.696,0.0,684.48
14.460036945994943,14131,2,7,6,-0.268959,-0.283093,0.678421,0.632964,237.915,240.0,697.539,0.0,697,213,0.418879,0.678,0.0,0.0,0.678,163.644,74.271,0.0,237.915,-1.667,699.206,0.0,697.539
14.471354179899208,14136,2,7,6,-0.265431,-0.280026,0.700544,0.619019,368.005,314.0,786.643,0.0,786,285,0.523598,0.7,0.0,0.0,0.7,293.489,74.515,0.0,368.005,43.204,743.439,0.0,786.643
14.471354179899208,14141,2,7,6,-0.261837,-0.276898,0.722883,0.623286,433.361,351.0,865.267,0.0,865,351,0.418879,0.722,0.0,0.0,0.722,358.546,74.814,0.0,433.361,65.889,799.378,0.0,865.267
14.482683084905148,14146,2,7,6,-0.258179,-0.273698,0.744891,0.62414,509.881,400.0,951.678,0.0,951,418,0.523598,0.744,0.0,0.0,0.744,434.704,75.176,0.0,509.881,87.904,863.773,0.0,951.678
14.482683084905148,14151,2,7,6,-0.254457,-0.270379,0.764245,0.678215,385.141,351.0,890.218,0.0,890,371,0.418879,0.764,0.0,0.0,0.764,309.706,75.434,0.0,385.141,27.313,862.905,0.0,890.218
14.49386034894269,14156,2,7,6,-0.250673,-0.266915,0.779627,0.701329,357.543,357.0,862.117,0.0,862,364,0.523598,0.779,0.0,0.0,0.779,281.874,75.669,0.0,357.543,0.435,861.682,0.0,862.117
14.49386034894269,14161,2,7,6,-0.246826,-0.263531,0.80181,0.662887,576.207,477.0,1013.95,0.0,1013,496,0.523598,0.801,0.0,0.0,0.801,500.12,76.086,0.0,576.207,79.365,934.584,0.0,1013.95
14.505086916964501,14166,2,7,6,-0.242919,-0.260235,0.8312,0.646423,741.838,592.0,1152.142,0.0,1152,586,0.523598,0.831,0.0,0.0,0.831,665.197,76.64,0.0,741.838,119.87,1032.271,0.0,1152.142
14.505086916964501,14171,2,7,6,-0.238951,-0.256929,0.862921,0.664869,790.219,630.0,1245.955,0.0,1245,635,0.523598,0.862,0.0,0.0,0.862,712.984,77.235,0.0,790.219,128.175,1117.779,0.0,1245.955
14.505086916964501,14176,2,7,6,-0.234925,-0.253511,0.892136,0.705709,748.931,643.0,1252.424,0.0,1252,626,0.523598,0.892,0.0,0.0,0.892,671.136,77.794,0.0,748.931,84.745,1167.679,0.0,1252.424
14.516195181990042,14181,2,7,6,-0.230841,-0.249877,0.913755,0.7531,656.616,606.0,1227.463,0.0,1227,625,0.523598,0.913,0.0,0.0,0.913,578.359,78.257,0.0,656.616,40.492,1186.97,0.0,1227.463
14.516195181990042,14186,2,7,6,-0.2267,-0.246075,0.930043,0.776963,629.803,606.0,1216.019,0.0,1216,602,0.628318,0.93,0.0,0.0,0.93,551.087,78.716,0.0,629.803,19.043,1196.976,0.0,1216.019
14.527200710959733,14191,2,7,6,-0.222502,-0.242176,0.944338,0.774968,688.956,632.0,1277.664,0.0,1277,626,0.523598,0.944,0.0,0.0,0.944,609.731,79.224,0.0,688.956,45.564,1232.1,0.0,1277.664
14.538810018915683,14200,2,7,6,-0.21481,-0.234815,0.960248,0.847205,486.967,548.0,1138.534,0.0,1138,512,0.523598,0.96,0.0,0.0,0.96,406.954,80.012,0.0,486.967,-48.826,1187.36,0.0,1138.534
14.538810018915683,14205,2,7,6,-0.210462,-0.230632,0.968189,0.858564,474.99,528.0,1116.509,0.0,1116,512,0.523598,0.968,0.0,0.0,0.968,394.648,80.341,0.0,474.99,-42.407,1158.917,0.0,1116.509
14.538810018915683,14210,2,7,6,-0.206061,-0.226402,0.976352,0.835652,587.283,590.0,1172.357,0.0,1172,559,0.523598,0.976,0.0,0.0,0.976,506.519,80.763,0.0,587.283,-2.173,1174.53,0.0,1172.357
14.552065236959606,14216,2,7,6,-0.20161,-0.222179,0.987285,0.832761,637.514,607.0,1222.254,0.0,1222,608,0.523598,0.987,0.0,0.0,0.987,556.285,81.229,0.0,637.514,24.411,1197.842,0.0,1222.254
14.552065236959606,14221,2,7,6,-0.196203,-0.21696,0.996314,0.867929,543.802,543.0,1183.59,0.0,1183,560,0.523598,0.996,0.0,0.0,0.996,462.188,81.614,0.0,543.802,0.642,1182.948,0.0,1183.59
14.563399475999177,14226,2,7,6,-0.191645,-0.212357,0.994214,0.91118,380.784,479.0,1043.619,0.0,1043,480,0.523598,0.994,0.0,0.0,0.994,298.921,81.863,0.0,380.784,-78.572,1122.191,0.0,1043.619
14.563399475999177,14231,2,7,6,-0.187038,-0.207664,0.990024,0.930231,297.296,416.0,957.826,0.0,957,416,0.418879,0.99,0.0,0.0,0.99,215.254,82.042,0.0,297.296,-94.962,1052.789,0.0,957.826
14.574891884927638,14236,2,7,6,-0.182386,-0.202992,0.989086,0.940004,258.886,371.0,898.73,0.0,898,366,0.523598,0.989,0.0,0.0,0.989,176.696,82.189,0.0,258.886,-89.69,988.42,0.0,898.73
14.574891884927638,14241,2,7,6,-0.177688,-0.198479,0.997966,0.900252,434.251,453.0,980.935,0.0,980,434,0.418879,0.997,0.0,0.0,0.997,351.768,82.482,0.0,434.251,-14.998,995.934,0.0,980.935
14.574891884927638,14246,2,7,6,-0.172947,-0.194095,1.015103,0.864267,625.942,566.0,1104.969,0.0,1104,533,0.418879,1.015,0.0,0.0,1.015,543.007,82.935,0.0,625.942,47.954,1057.015,0.0,1104.969
14.58640339691192,14251,2,7,6,-0.168163,-0.189665,1.032071,0.877608,639.466,565.0,1156.855,0.0,1156,559,0.523598,1.032,0.0,0.0,1.032,556.067,83.398,0.0,639.466,59.573,1097.282,0.0,1156.855
14.58640339691192,14256,2,7,6,-0.163338,-0.185136,1.046329,0.92963,503.867,523.0,1062.36,0.0,1062,497,0.523598,1.046,0.0,0.0,1.046,420.118,83.748,0.0,503.867,-15.305,1077.666,0.0,1062.36
14.595788373961113,14261,2,7,6,-0.158472,-0.1804,1.05256,0.937701,497.584,510.0,1061.653,0.0,1061,502,0.628318,1.052,0.0,0.0,1.052,413.491,84.093,0.0,497.584,-9.932,1071.585,0.0,1061.653
14.595788373961113,14266,2,7,6,-0.153567,-0.175562,1.055769,0.96951,394.887,461.0,979.709,0.0,979,465,0.628318,1.055,0.0,0.0,1.055,310.534,84.352,0.0,394.887,-52.89,1032.599,0.0,979.709
14.608632846968248,14271,2,7,6,-0.148624,-0.170587,1.054217,0.994367,299.986,412.0,881.984,0.0,881,412,0.628318,1.054,0.0,0.0,1.054,215.461,84.524,0.0,299.986,-89.61,971.595,0.0,881.984
14.608632846968248,14276,2,7,6,-0.143645,-0.165708,1.059007,0.961666,435.244,471.0,937.578,0.0,937,471,0.628318,1.059,0.0,0.0,1.059,350.427,84.816,0.0,435.244,-28.604,966.183,0.0,937.578
14.620118083897978,14281,2,7,6,-0.13863,-0.161027,1.07503,0.899136,718.564,617.0,1130.465,0.0,1130,612,0.628318,1.075,0.0,0.0,1.075,633.22,85.344,0.0,718.564,81.251,1049.213,0.0,1130.465
14.620118083897978,14290,2,7,6,-0.129518,-0.152898,1.122219,0.920672,812.192,712.0,1274.234,0.0,1274,712,0.733038,1.122,0.0,0.0,1.122,725.569,86.622,0.0,812.192,80.154,1194.08,0.0,1274.234
14.631344493012875,14295,2,7,6,-0.124411,-0.148217,1.142718,0.965279,725.935,693.0,1231.216,0.0,1231,693,0.942477,1.142,0.0,0.0,1.142,638.78,87.155,0.0,725.935,26.348,1204.867,0.0,1231.216
14.631344493012875,14300,2,7,6,-0.119272,-0.143372,1.156777,0.984569,707.619,692.0,1228.573,0.0,1228,683,0.942477,1.156,0.0,0.0,1.156,619.947,87.671,0.0,707.619,12.495,1216.077,0.0,1228.573
14.642678148928098,14306,2,7,6,-0.114105,-0.138313,1.161995,1.014915,617.605,647.0,1174.921,0.0,1174,631,0.942477,1.161,0.0,0.0,1.161,529.49,88.114,0.0,617.605,-23.515,1198.437,0.0,1174.921
14.642678148928098,14311,2,7,6,-0.107867,-0.13197,1.15696,1.0647,420.526,534.0,1033.415,0.0,1033,533,1.047197,1.156,0.0,0.0,1.156,332.135,88.391,0.0,420.526,-90.778,1124.194,0.0,1033.415
14.654366950970143,14316,2,7,6,-0.102639,-0.126518,1.146193,1.091603,285.076,436.0,908.354,0.0,908,437,1.047197,1.146,0.0,0.0,1.146,196.52,88.555,0.0,285.076,-120.739,1029.093,0.0,908.354
14.654366950970143,14321,2,7,6,-0.097386,-0.121162,1.141244,1.062739,371.406,468.0,911.217,0.0,911,450,0.942477,1.141,0.0,0.0,1.141,282.616,88.79,0.0,371.406,-77.274,988.492,0.0,911.217
14.654366950970143,14326,2,7,6,-0.092108,-0.115951,1.144451,1.040247,464.238,498.0,956.276,0.0,956,493,0.942477,1.144,0.0,0.0,1.144,375.135,89.103,0.0,464.238,-27.009,983.285,0.0,956.276
14.665795867913403,14331,2,7,6,-0.086808,-0.110788,1.151038,1.022505,552.208,553.0,1001.148,0.0,1001,536,0.942477,1.151,0.0,0.0,1.151,462.719,89.488,0.0,552.208,-0.633,1001.782,0.0,1001.148
14.665795867913403,14336,2,7,6,-0.081487,-0.105592,1.157057,1.044938,493.453,504.0,979.285,0.0,979,515,0.837758,1.157,0.0,0.0,1.157,403.628,89.825,0.0,493.453,-8.437,987.722,0.0,979.285
14.67747093795333,14341,2,7,6,-0.076146,-0.10028,1.158433,1.070771,405.672,436.0,928.466,0.0,928,451,0.942477,1.158,0.0,0.0,1.158,315.584,90.088,0.0,405.672,-24.261,952.728,0.0,928.466
14.67747093795333,14346,2,7,6,-0.070785,-0.094957,1.160241,1.074238,399.958,450.0,884.364,0.0,884,450,0.837758,1.16,0.0,0.0,1.16,309.612,90.346,0.0,399.958,-40.033,924.397,0.0,884.364
14.688729946967214,14351,2,7,6,-0.065408,-0.089596,1.161033,1.054768,473.219,498.0,907.477,0.0,907,514,0.837758,1.161,0.0,0.0,1.161,382.554,90.664,0.0,473.219,-19.824,927.302,0.0,907.477
14.688729946967214,14356,2,7,6,-0.060014,-0.084307,1.166085,1.026903,592.136,564.0,977.035,0.0,977,579,0.837758,1.166,0.0,0.0,1.166,501.053,91.082,0.0,592.136,22.509,954.526,0.0,977.035
14.700508609996177,14361,2,7,6,-0.054605,-0.079085,1.175009,1.036584,589.812,580.0,973.301,0.0,973,563,0.837758,1.175,0.0,0.0,1.175,498.331,91.481,0.0,589.812,7.85,965.451,0.0,973.301
14.700508609996177,14366,2,7,6,-0.049183,-0.074045,1.193385,0.998956,792.01,697.0,1117.14,0.0,1117,680,0.733038,1.193,0.0,0.0,1.193,699.945,92.064,0.0,792.01,76.008,1041.132,0.0,1117.14
14.700508609996177,14371,2,7,6,-0.043749,-0.069212,1.22223,0.941488,1103.578,912.0,1341.965,0.0,1341,899,0.733038,1.222,0.0,0.0,1.222,1010.671,92.906,0.0,1103.578,153.262,1188.702,0.0,1341.965
14.712045414955355,14376,2,7,6,-0.038304,-0.064504,1.25759,0.94075,1234.478,996.0,1523.329,0.0,1523,982,0.733038,1.257,0.0,0.0,1.257,1140.621,93.857,0.0,1234.478,190.783,1332.546,0.0,1523.329
14.723362483899109,14385,2,7,6,-0.02848,-0.055572,1.30043,1.024867,1087.636,1010.0,1528.482,0.0,1528,1010,0.837758,1.3,0.0,0.0,1.3,992.026,95.609,0.0,1087.636,62.108,1466.373,0.0,1528.482
14.723362483899109,14390,2,7,6,-0.023012,-0.05017,1.303604,1.100658,826.825,871.0,1391.352,0.0,1391,871,0.837758,1.303,0.0,0.0,1.303,730.606,96.218,0.0,826.825,-35.339,1426.692,0.0,1391.352
14.735104632913135,14396,2,7,6,-0.017538,-0.044528,1.29552,1.154481,604.381,727.0,1244.346,0.0,1244,753,0.942477,1.295,0.0,0.0,1.295,507.738,96.642,0.0,604.381,-98.094,1342.441,0.0,1244.346
14.735104632913135,14401,2,7,6,-0.010964,-0.037396,1.268753,1.179445,418.418,621.0,1061.063,0.0,1061,621,1.047197,1.268,0.0,0.0,1.268,321.507,96.91,0.0,418.418,-162.065,1223.128,0.0,1061.063
14.735104632913135,14406,2,7,6,-0.005482,-0.031366,1.242442,1.199612,251.226,472.0,905.235,0.0,905,481,0.942477,1.242,0.0,0.0,1.242,154.187,97.039,0.0,251.226,-176.618,1081.853,0.0,905.235
14.747095532948151,14411,2,7,6,0.0,-0.02545,1.221633,1.176811,258.533,443.0,832.861,0.0,832,464,0.837758,1.221,0.0,0.0,1.221,161.359,97.173,0.0,258.533,-147.573,980.434,0.0,832.861
14.747095532948151,14416,2,7,6,0.005483,-0.019756,1.211491,1.110399,461.408,500.0,929.949,0.0,929,511,0.837758,1.211,0.0,0.0,1.211,363.931,97.477,0.0,461.408,-30.873,960.822,0.0,929.949
14.758655435987748,14421,2,7,6,0.010964,-0.014423,1.218614,1.02854,782.313,716.0,1093.818,0.0,1093,680,0.733038,1.218,0.0,0.0,1.218,684.265,98.047,0.0,782.313,53.05,1040.768,0.0,1093.818
14.758655435987748,14426,2,7,6,0.016443,-0.009357,1.238454,0.991401,988.177,822.0,1288.217,0.0,1288,833,0.837758,1.238,0.0,0.0,1.238,889.389,98.788,0.0,988.177,132.942,1155.274,0.0,1288.217
14.770731110009365,14431,2,7,6,0.021918,-0.004339,1.260347,0.993872,1058.898,912.0,1367.887,0.0,1367,906,0.733038,1.26,0.0,0.0,1.26,959.31,99.587,0.0,1058.898,117.518,1250.368,0.0,1367.887
14.770731110009365,14436,2,7,6,0.027387,0.000703,1.28084,1.004647,1094.711,932.0,1463.693,0.0,1463,949,0.837758,1.28,0.0,0.0,1.28,994.295,100.416,0.0,1094.711,130.169,1333.523,0.0,1463.693
14.770731110009365,14441,2,7,6,0.03285,0.005942,1.291552,1.060224,933.891,904.0,1366.451,0.0,1366,917,0.837758,1.291,0.0,0.0,1.291,832.781,101.11,0.0,933.891,23.913,1342.538,0.0,1366.451
14.782974466914311,14446,2,7,6,0.038304,0.011314,1.295525,1.077985,884.905,862.0,1360.876,0.0,1360,893,0.837758,1.295,0.0,0.0,1.295,783.141,101.763,0.0,884.905,18.324,1342.552,0.0,1360.876
14.782974466914311,14451,2,7,6,0.043749,0.016727,1.297052,1.086,862.16,873.0,1328.761,0.0,1328,869,0.837758,1.297,0.0,0.0,1.297,759.789,102.371,0.0,862.16,-8.671,1337.433,0.0,1328.761
14.792414561961778,14456,2,7,6,0.049183,0.02211,1.299511,1.070024,929.214,900.0,1381.883,0.0,1381,914,0.837758,1.299,0.0,0.0,1.299,826.154,103.059,0.0,929.214,23.371,1358.512,0.0,1381.883
14.792414561961778,14461,2,7,6,0.054606,0.02741,1.305412,1.057292,997.034,945.0,1437.51,0.0,1437,913,0.837758,1.305,0.0,0.0,1.305,893.23,103.803,0.0,997.034,41.627,1395.882,0.0,1437.51
14.806109015946276,14466,2,7,6,0.060014,0.032685,1.311815,1.066613,987.268,942.0,1456.721,0.0,1456,958,0.733038,1.311,0.0,0.0,1.311,882.729,104.539,0.0,987.268,36.214,1420.506,0.0,1456.721
14.806109015946276,14475,2,7,6,0.069712,0.042272,1.317122,1.079131,962.826,945.0,1471.49,0.0,1471,929,0.837758,1.317,0.0,0.0,1.317,856.764,106.062,0.0,962.826,14.261,1457.228,0.0,1471.49
14.816575137898326,14480,2,7,6,0.075075,0.047718,1.313128,1.103324,861.986,901.0,1396.326,0.0,1396,887,0.837758,1.313,0.0,0.0,1.313,755.295,106.691,0.0,861.986,-31.21,1427.537,0.0,1396.326
14.816575137898326,14486,2,7,6,0.080421,0.053329,1.300402,1.119355,759.007,858.0,1301.312,0.0,1301,813,0.837758,1.3,0.0,0.0,1.3,651.77,107.237,0.0,759.007,-79.193,1380.506,0.0,1301.312
14.827166989911348,14491,2,7,6,0.086809,0.06013,1.280588,1.150716,575.166,750.0,1146.71,0.0,1146,732,0.837758,1.28,0.0,0.0,1.28,467.539,107.626,0.0,575.166,-139.866,1286.577,0.0,1146.71
14.827166989911348,14496,2,7,6,0.092109,0.065812,1.262259,1.143235,536.471,674.0,1096.852,0.0,1096,660,0.837758,1.262,0.0,0.0,1.262,428.487,107.983,0.0,536.471,-110.022,1206.875,0.0,1096.852
14.839030664996244,14501,2,7,6,0.097386,0.071435,1.245648,1.102304,624.45,702.0,1107.421,0.0,1107,689,0.733038,1.245,0.0,0.0,1.245,516.036,108.413,0.0,624.45,-62.039,1169.46,0.0,1107.421
14.839030664996244,14506,2,7,6,0.102639,0.076807,1.23993,1.047775,800.747,762.0,1224.566,0.0,1224,780,0.733038,1.239,0.0,0.0,1.239,691.757,108.99,0.0,800.747,30.998,1193.568,0.0,1224.566
14.839030664996244,14511,2,7,6,0.107867,0.081827,1.249915,0.973099,1106.359,981.0,1400.154,0.0,1400,944,0.628318,1.249,0.0,0.0,1.249,996.538,109.82,0.0,1106.359,100.287,1299.867,0.0,1400.154
14.851301550981589,14516,2,7,6,0.113068,0.086445,1.277931,0.902347,1463.048,1237.0,1666.994,0.0,1666,1190,0.733038,1.277,0.0,0.0,1.277,1352.101,110.947,0.0,1463.048,180.838,1486.155,0.0,1666.994
14.851301550981589,14521,2,7,6,0.118242,0.090897,1.312547,0.858641,1746.37,1426.0,1963.92,0.0,1963,1444,0.837758,1.312,0.0,0.0,1.312,1634.061,112.309,0.0,1746.37,256.296,1707.624,0.0,1963.92
14.862012699944898,14526,2,7,6,0.123386,0.095199,1.352967,0.883145,1805.08,1487.0,2132.262,0.0,2132,1507,0.733038,1.352,0.0,0.0,1.352,1691.361,113.718,0.0,1805.08,254.464,1877.798,0.0,2132.262
14.862012699944898,14531,2,7,6,0.128499,0.099743,1.380312,0.920645,1769.898,1562.0,2169.106,0.0,2169,1553,0.837758,1.38,0.0,0.0,1.38,1654.801,115.097,0.0,1769.898,166.319,2002.787,0.0,2169.106
14.87359006900806,14536,2,7,6,0.133581,0.104561,1.392971,0.976308,1616.332,1507.0,2137.88,0.0,2137,1518,0.837758,1.392,0.0,0.0,1.392,1499.985,116.347,0.0,1616.332,87.466,2050.413,0.0,2137.88
14.87359006900806,14541,2,7,6,0.13863,0.109643,1.391378,1.04331,1370.397,1373.0,2020.785,0.0,2020,1393,1.047197,1.391,0.0,0.0,1.391,1253.047,117.35,0.0,1370.397,-2.082,2022.867,0.0,2020.785
14.87359006900806,14546,2,7,6,0.143645,0.114963,1.376767,1.081037,1182.863,1266.0,1884.787,0.0,1884,1281,0.942477,1.376,0.0,0.0,1.376,1064.626,118.237,0.0,1182.863,-66.509,1951.296,0.0,1884.787
14.885566226905212,14551,2,7,6,0.148625,0.120281,1.360499,1.049483,1238.827,1286.0,1889.919,0.0,1889,1294,0.942477,1.36,0.0,0.0,1.36,1119.657,119.17,0.0,1238.827,-37.738,1927.657,0.0,1889.919
14.885566226905212,14556,2,7,6,0.153568,0.125478,1.348289,1.023442,1289.594,1317.0,1899.152,0.0,1899,1290,0.837758,1.348,0.0,0.0,1.348,1169.45,120.144,0.0,1289.594,-21.924,1921.076,0.0,1899.152
14.897164550959133,14565,2,7,6,0.162368,0.134849,1.320899,1.0588,1065.428,1150.0,1759.955,0.0,1759,1152,0.837758,1.32,0.0,0.0,1.32,943.553,121.874,0.0,1065.428,-67.657,1827.612,0.0,1759.955
14.909355951007456,14570,2,7,6,0.167202,0.140139,1.299008,1.052741,1009.171,1094.0,1698.416,0.0,1698,1110,0.733038,1.299,0.0,0.0,1.299,886.558,122.613,0.0,1009.171,-67.862,1766.279,0.0,1698.416
14.909355951007456,14576,2,7,6,0.171994,0.145532,1.270181,1.086582,784.122,979.0,1490.723,0.0,1490,942,0.837758,1.27,0.0,0.0,1.27,660.956,123.166,0.0,784.122,-155.901,1646.625,0.0,1490.723
14.909355951007456,14581,2,7,6,0.177689,0.15213,1.226813,1.106119,558.026,814.0,1284.908,0.0,1284,814,0.837758,1.226,0.0,0.0,1.226,434.498,123.528,0.0,558.026,-204.778,1489.687,0.0,1284.908
14.921771420980804,14586,2,7,6,0.182386,0.157613,1.189112,1.086295,493.977,733.0,1162.269,0.0,1162,717,0.837758,1.189,0.0,0.0,1.189,370.14,123.836,0.0,493.977,-191.218,1353.487,0.0,1162.269
14.921771420980804,14591,2,7,6,0.187038,0.163026,1.152591,1.050173,492.849,668.0,1111.027,0.0,1111,686,0.733038,1.152,0.0,0.0,1.152,368.705,124.144,0.0,492.849,-140.12,1251.147,0.0,1111.027
14.933120511937886,14596,2,7,6,0.191645,0.168195,1.125614,0.985367,629.455,719.0,1140.717,0.0,1140,704,0.733038,1.125,0.0,0.0,1.125,504.89,124.564,0.0,629.455,-71.635,1212.353,0.0,1140.717
14.933120511937886,14601,2,7,6,0.196204,0.173054,1.11119,0.931509,771.954,784.0,1213.932,0.0,1213,788,0.733038,1.111,0.0,0.0,1.111,646.85,125.103,0.0,771.954,-9.636,1223.569,0.0,1213.932
14.944480441976339,14606,2,7,6,0.200714,0.177519,1.11339,0.862194,1030.161,933.0,1384.418,0.0,1384,916,0.628318,1.113,0.0,0.0,1.113,904.303,125.857,0.0,1030.161,77.729,1306.689,0.0,1384.418
14.944480441976339,14611,2,7,6,0.205175,0.181702,1.126717,0.824214,1215.775,1054.0,1548.891,0.0,1548,1054,0.628318,1.126,0.0,0.0,1.126,1089.01,126.764,0.0,1215.775,129.42,1419.471,0.0,1548.891
14.944480441976339,14616,2,7,6,0.209586,0.185523,1.155042,0.75111,1582.131,1301.0,1842.33,0.0,1842,1323,0.628318,1.155,0.0,0.0,1.155,1454.154,127.976,0.0,1582.131,224.905,1617.424,0.0,1842.33
14.955911104916595,14621,2,7,6,0.213945,0.18906,1.194469,0.698304,1915.661,1552.0,2147.896,0.0,2147,1560,0.523598,1.194,0.0,0.0,1.194,1786.196,129.465,0.0,1915.661,290.929,1856.966,0.0,2147.896
14.955911104916595,14626,2,7,6,0.21825,0.192532,1.234488,0.684085,2112.567,1737.0,2389.342,0.0,2389,1769,0.628318,1.234,0.0,0.0,1.234,1981.451,131.116,0.0,2112.567,300.454,2088.888,0.0,2389.342
14.96742934291251,14631,2,7,6,0.222503,0.195917,1.276098,0.683867,2264.926,1899.0,2596.054,0.0,2596,1918,0.523598,1.276,0.0,0.0,1.276,2132.033,132.893,0.0,2264.926,292.741,2303.313,0.0,2596.054
14.96742934291251,14636,2,7,6,0.2267,0.199335,1.313514,0.680716,2412.789,2043.0,2799.541,0.0,2799,2085,0.733038,1.313,0.0,0.0,1.313,2278.073,134.715,0.0,2412.789,295.831,2503.709,0.0,2799.541
14.979214531951584,14641,2,7,6,0.230841,0.202922,1.340103,0.720118,2368.52,2105.0,2849.369,0.0,2849,2130,0.733038,1.34,0.0,0.0,1.34,2231.944,136.575,0.0,2368.52,210.816,2638.552,0.0,2849.369
14.979214531951584,14646,2,7,6,0.234925,0.206762,1.351851,0.778483,2202.42,2047.0,2822.17,0.0,2822,2099,0.837758,1.351,0.0,0.0,1.351,2064.124,138.296,0.0,2202.42,124.336,2697.833,0.0,2822.17
14.990632949979044,14655,2,7,6,0.24213,0.214294,1.336134,0.863752,1841.878,1905.0,2587.782,0.0,2587,1905,0.942477,1.336,0.0,0.0,1.336,1700.575,141.302,0.0,1841.878,-50.497,2638.28,0.0,2587.782
14.990632949979044,14660,2,7,6,0.24605,0.218738,1.310978,0.883153,1682.756,1806.0,2467.627,0.0,2467,1806,0.942477,1.31,0.0,0.0,1.31,1540.17,142.586,0.0,1682.756,-98.594,2566.221,0.0,2467.627
15.002135935006663,14665,2,7,6,0.249909,0.223411,1.271868,0.929812,1375.014,1592.0,2249.493,0.0,2249,1592,0.942477,1.271,0.0,0.0,1.271,1231.401,143.612,0.0,1375.014,-173.588,2423.081,0.0,2249.493
15.002135935006663,14671,2,7,6,0.253706,0.228231,1.222799,0.976327,1031.652,1357.0,1959.296,0.0,1959,1353,0.942477,1.222,0.0,0.0,1.222,887.298,144.354,0.0,1031.652,-260.277,2219.574,0.0,1959.296
15.013473083963618,14676,2,7,6,0.25818,0.234182,1.151889,1.001266,687.05,1085.0,1645.96,0.0,1645,1085,0.837758,1.151,0.0,0.0,1.151,542.243,144.806,0.0,687.05,-318.359,1964.32,0.0,1645.96
15.013473083963618,14681,2,7,6,0.261838,0.239188,1.087193,1.01424,407.656,868.0,1323.249,0.0,1323,845,0.837758,1.087,0.0,0.0,1.087,262.631,145.025,0.0,407.656,-368.274,1691.524,0.0,1323.249
15.025503237964585,14686,2,7,6,0.265431,0.244017,1.027903,0.951392,420.692,786.0,1207.343,0.0,1207,751,0.837758,1.027,0.0,0.0,1.027,275.437,145.254,0.0,420.692,-292.246,1499.589,0.0,1207.343
15.025503237964585,14691,2,7,6,0.26896,0.24873,0.971009,0.910801,362.182,672.0,1077.327,0.0,1077,650,0.837758,0.971,0.0,0.0,0.971,216.746,145.435,0.0,362.182,-247.854,1325.181,0.0,1077.327
15.025503237964585,14696,2,7,6,0.272421,0.253254,0.920046,0.892443,244.888,514.0,937.555,0.0,937,532,0.733038,0.92,0.0,0.0,0.92,99.37,145.518,0.0,244.888,-215.289,1152.844,0.0,937.555
15.036793924984522,14701,2,7,6,0.275816,0.257528,0.877814,0.822268,345.649,530.0,910.557,0.0,910,532,0.733038,0.877,0.0,0.0,0.877,199.964,145.684,0.0,345.649,-147.48,1058.037,0.0,910.557
15.036793924984522,14706,2,7,6,0.279142,0.261447,0.849376,0.759794,468.447,577.0,924.457,0.0,924,559,0.628318,0.849,0.0,0.0,0.849,322.493,145.953,0.0,468.447,-86.842,1011.299,0.0,924.457
15.048065639915876,14711,2,7,6,0.2824,0.26501,0.83473,0.68841,673.143,672.0,1037.839,0.0,1037,655,0.628318,0.834,0.0,0.0,0.834,526.75,146.392,0.0,673.143,0.914,1036.924,0.0,1037.839
15.048065639915876,14716,2,7,6,0.285588,0.268063,0.841189,0.576681,1099.415,910.0,1338.193,0.0,1338,910,0.523598,0.841,0.0,0.0,0.841,952.228,147.186,0.0,1099.415,151.532,1186.661,0.0,1338.193
15.059185359976254,14721,2,7,6,0.288705,0.270639,0.86719,0.479782,1543.015,1198.0,1697.028,0.0,1697,1215,0.418879,0.867,0.0,0.0,0.867,1394.667,148.348,0.0,1543.015,276.012,1421.015,0.0,1697.028
15.059185359976254,14726,2,7,6,0.291751,0.272903,0.904704,0.439357,1824.936,1406.0,1994.323,0.0,1994,1438,0.418879,0.904,0.0,0.0,0.904,1675.247,149.688,0.0,1824.936,335.148,1659.175,0.0,1994.323
15.070239691995084,14731,2,7,6,0.294726,0.274937,0.949856,0.397757,2138.9,1710.0,2280.073,0.0,2280,1694,0.314159,0.949,0.0,0.0,0.949,1987.555,151.345,0.0,2138.9,343.12,1936.952,0.0,2280.073
15.070239691995084,14736,2,7,6,0.297627,0.276877,0.99602,0.375044,2388.723,1934.0,2579.597,0.0,2579,1934,0.523598,0.996,0.0,0.0,0.996,2235.515,153.208,0.0,2388.723,363.778,2215.819,0.0,2579.597
15.08183343091514,14745,2,7,6,0.302664,0.280614,1.058421,0.454986,2329.316,2084.0,2751.831,0.0,2751,2101,0.418879,1.058,0.0,0.0,1.058,2172.365,156.951,0.0,2329.316,196.253,2555.577,0.0,2751.831
15.08183343091514,14750,2,7,6,0.305359,0.282989,1.073757,0.503765,2210.633,2041.0,2761.937,0.0,2761,2092,0.523598,1.073,0.0,0.0,1.073,2051.972,158.66,0.0,2210.633,135.706,2626.23,0.0,2761.937
15.093328491901048,14755,2,7,6,0.307977,0.285556,1.076235,0.530492,2124.974,2065.0,2706.2,0.0,2706,2070,0.628318,1.076,0.0,0.0,1.076,1964.675,160.298,0.0,2124.974,47.979,2658.221,0.0,2706.2
15.093328491901048,14761,2,7,6,0.31052,0.288338,1.064732,0.576542,1919.252,1972.0,2579.037,0.0,2579,1958,0.837758,1.064,0.0,0.0,1.064,1757.484,161.767,0.0,1919.252,-42.198,2621.235,0.0,2579.037
15.105320491013117,14766,2,7,6,0.31347,0.291938,1.033531,0.609685,1688.885,1784.0,2459.934,0.0,2459,1823,0.628318,1.033,0.0,0.0,1.033,1525.845,163.039,0.0,1688.885,-76.091,2536.026,0.0,2459.934
15.105320491013117,14771,2,7,6,0.315844,0.295148,0.9934,0.628364,1478.264,1666.0,2265.366,0.0,2265,1660,0.733038,0.993,0.0,0.0,0.993,1314.129,164.134,0.0,1478.264,-150.188,2415.555,0.0,2265.366
15.105320491013117,14776,2,7,6,0.318139,0.298434,0.945857,0.679548,1123.642,1399.0,2007.683,0.0,2007,1423,0.733038,0.945,0.0,0.0,0.945,958.709,164.933,0.0,1123.642,-220.285,2227.968,0.0,2007.683
15.116888468968682,14781,2,7,6,0.320356,0.301832,0.889194,0.693797,868.949,1157.0,1779.179,0.0,1779,1211,0.837758,0.889,0.0,0.0,0.889,703.43,165.519,0.0,868.949,-230.44,2009.619,0.0,1779.179
15.116888468968682,14786,2,7,6,0.322494,0.305287,0.825947,0.690609,653.142,977.0,1527.728,0.0,1527,991,0.628318,0.825,0.0,0.0,0.825,487.216,165.925,0.0,653.142,-259.086,1786.815,0.0,1527.728
15.128144523943774,14791,2,7,6,0.324553,0.308737,0.759152,0.703319,367.092,723.0,1248.774,0.0,1248,748,0.628318,0.759,0.0,0.0,0.759,200.999,166.093,0.0,367.092,-284.725,1533.5,0.0,1248.774
15.128144523943774,14796,2,7,6,0.326531,0.312081,0.693609,0.656401,300.153,662.0,1040.278,0.0,1040,636,0.523598,0.693,0.0,0.0,0.693,133.948,166.204,0.0,300.153,-289.477,1329.756,0.0,1040.278
15.139248878927901,14801,2,7,6,0.328429,0.315185,0.635703,0.590462,329.209,588.0,975.418,0.0,975,588,0.418879,0.635,0.0,0.0,0.635,162.869,166.34,0.0,329.209,-207.032,1182.45,0.0,975.418
15.139248878927901,14806,2,7,6,0.330246,0.317961,0.589678,0.519863,417.884,606.0,938.257,0.0,938,597,0.523598,0.589,0.0,0.0,0.589,251.334,166.55,0.0,417.884,-150.492,1088.75,0.0,938.257
15.139248878927901,14811,2,7,6,0.331981,0.320284,0.561454,0.438269,610.386,643.0,1046.469,0.0,1046,662,0.314159,0.561,0.0,0.0,0.561,443.466,166.919,0.0,610.386,-26.09,1072.56,0.0,1046.469
15.150692130904645,14816,2,7,6,0.333634,0.322126,0.552386,0.340267,931.159,855.0,1206.526,0.0,1206,837,0.314159,0.552,0.0,0.0,0.552,763.628,167.53,0.0,931.159,60.927,1145.599,0.0,1206.526
15.150692130904645,14821,2,7,6,0.335205,0.323548,0.559531,0.24696,1293.722,1076.0,1481.742,0.0,1481,1049,0.209439,0.559,0.0,0.0,0.559,1125.254,168.468,0.0,1293.722,174.178,1307.564,0.0,1481.742
15.163207307923585,14826,2,7,6,0.336694,0.324613,0.579857,0.194216,1557.933,1261.0,1737.27,0.0,1737,1269,0.104719,0.579,0.0,0.0,0.579,1388.308,169.625,0.0,1557.933,237.546,1499.723,0.0,1737.27
15.17501424800139,14835,2,7,6,0.339163,0.326006,0.631552,0.148563,1911.27,1622.0,2130.3,0.0,2130,1640,0.104719,0.631,0.0,0.0,0.631,1738.758,172.511,0.0,1911.27,231.416,1898.883,0.0,2130.3
15.17501424800139,14840,2,7,6,0.340418,0.326676,0.659621,0.143312,2032.774,1751.0,2293.626,0.0,2293,1779,0.0,0.659,0.0,0.0,0.659,1858.713,174.06,0.0,2032.774,225.419,2068.206,0.0,2293.626
15.17501424800139,14845,2,7,6,0.341589,0.327304,0.685662,0.123915,2198.035,1890.0,2487.475,0.0,2487,1937,0.104719,0.685,0.0,0.0,0.685,2022.289,175.746,0.0,2198.035,246.428,2241.047,0.0,2487.475
15.186683853971772,14851,2,7,6,0.342675,0.327936,0.707462,0.145137,2201.808,1993.0,2535.358,0.0,2535,1992,0.0,0.707,0.0,0.0,0.707,2024.37,177.438,0.0,2201.808,167.047,2368.311,0.0,2535.358
15.186683853971772,14856,2,7,6,0.343868,0.328759,0.725206,0.142795,2275.864,2068.0,2657.518,0.0,2657,2059,0.209439,0.725,0.0,0.0,0.725,2096.677,179.186,0.0,2275.864,166.291,2491.227,0.0,2657.518
15.198840101948008,14861,2,7,6,0.344768,0.329558,0.730091,0.160215,2232.448,2089.0,2684.549,0.0,2684,2108,0.104719,0.73,0.0,0.0,0.73,2051.552,180.895,0.0,2232.448,114.758,2569.79,0.0,2684.549
15.198840101948008,14866,2,7,6,0.345583,0.330515,0.723252,0.204376,2050.407,2015.0,2601.662,0.0,2601,2037,0.104719,0.723,0.0,0.0,0.723,1867.954,182.452,0.0,2050.407,28.325,2573.337,0.0,2601.662
15.210652492009103,14871,2,7,6,0.346313,0.331689,0.701957,0.242509,1837.845,1879.0,2483.918,0.0,2483,1898,0.209439,0.701,0.0,0.0,0.701,1654.014,183.83,0.0,1837.845,-32.923,2516.841,0.0,2483.918
15.210652492009103,14876,2,7,6,0.346957,0.332955,0.672098,0.259031,1672.111,1780.0,2347.894,0.0,2347,1791,0.209439,0.672,0.0,0.0,0.672,1487.041,185.07,0.0,1672.111,-86.31,2434.205,0.0,2347.894
15.210652492009103,14881,2,7,6,0.347516,0.334376,0.630742,0.267479,1493.905,1653.0,2192.521,0.0,2192,1664,0.104719,0.63,0.0,0.0,0.63,1307.746,186.159,0.0,1493.905,-127.275,2319.797,0.0,2192.521
15.221977899898775,14886,2,7,6,0.347989,0.33586,0.582208,0.288383,1244.811,1470.0,1980.597,0.0,1980,1500,0.209439,0.582,0.0,0.0,0.582,1057.77,187.041,0.0,1244.811,-180.15,2160.747,0.0,1980.597
15.221977899898775,14891,2,7,6,0.348377,0.337377,0.52796,0.277708,1088.7,1332.0,1805.154,0.0,1805,1332,0.104719,0.527,0.0,0.0,0.527,900.907,187.792,0.0,1088.7,-194.64,1999.794,0.0,1805.154
15.233195994980633,14896,2,7,6,0.348678,0.338759,0.47612,0.272543,921.279,1204.0,1600.479,0.0,1600,1157,0.0,0.476,0.0,0.0,0.476,732.876,188.402,0.0,921.279,-226.176,1826.656,0.0,1600.479
15.233195994980633,14901,2,7,6,0.348893,0.339914,0.43098,0.211169,980.379,1180.0,1564.749,0.0,1564,1168,0.0,0.43,0.0,0.0,0.43,791.317,189.062,0.0,980.379,-159.696,1724.445,0.0,1564.749
15.244427272933535,14906,2,7,6,0.349022,0.340764,0.396403,0.131846,1142.227,1234.0,1620.992,0.0,1620,1234,0.0,0.396,0.0,0.0,0.396,952.403,189.824,0.0,1142.227,-73.417,1694.41,0.0,1620.992
15.244427272933535,14911,2,7,6,0.349065,0.341271,0.374117,0.079925,1249.795,1270.0,1673.489,0.0,1673,1253,0.0,0.374,0.0,0.0,0.374,1059.089,190.706,0.0,1249.795,-16.163,1689.652,0.0,1673.489
15.244427272933535,14916,2,7,6,0.349022,0.341544,0.358973,0.049175,1306.91,1300.0,1706.032,0.0,1706,1300,0.0,0.358,0.0,0.0,0.358,1115.274,191.636,0.0,1306.91,5.528,1700.503,0.0,1706.032
15.255647958954796,14921,2,7,6,0.348893,0.341491,0.355304,-0.027101,1569.444,1451.0,1884.933,0.0,1884,1452,0.0,0.355,0.0,0.0,0.355,1376.661,192.783,0.0,1569.444,94.755,1790.178,0.0,1884.933
15.267078815959394,14930,2,7,6,0.348444,0.341259,0.344847,-0.008818,1468.226,1433.0,1884.588,0.0,1884,1420,0.0,0.344,0.0,0.0,0.344,1273.199,195.027,0.0,1468.226,28.181,1856.407,0.0,1884.588
15.267078815959394,14935,2,7,6,0.348074,0.341203,0.32981,0.001227,1378.909,1403.0,1821.979,0.0,1821,1403,0.0,0.329,0.0,0.0,0.329,1182.896,196.012,0.0,1378.909,-19.272,1841.252,0.0,1821.979
15.278415262931958,14941,2,7,6,0.347618,0.341212,0.307491,0.018728,1236.426,1318.0,1719.959,0.0,1719,1288,0.0,0.307,0.0,0.0,0.307,1039.544,196.882,0.0,1236.426,-65.258,1785.217,0.0,1719.959
15.278415262931958,14946,2,7,6,0.346957,0.341195,0.276592,-0.039695,1336.467,1348.0,1773.901,0.0,1773,1355,0.0,0.276,0.0,0.0,0.276,1138.635,197.831,0.0,1336.467,-9.226,1783.127,0.0,1773.901
15.290408861939795,14951,2,7,6,0.346313,0.341123,0.249112,-0.028419,1197.777,1288.0,1656.173,0.0,1656,1253,0.0,0.249,0.0,0.0,0.249,999.113,198.663,0.0,1197.777,-72.177,1728.351,0.0,1656.173
15.290408861939795,14956,2,7,6,0.345583,0.340989,0.220511,-0.016531,1052.732,1175.0,1551.344,0.0,1551,1157,-0.104719,0.22,0.0,0.0,0.22,853.358,199.375,0.0,1052.732,-97.813,1649.158,0.0,1551.344
15.290408861939795,14961,2,7,6,0.344768,0.340801,0.190386,-0.012056,928.777,1048.0,1460.438,0.0,1460,1066,0.0,0.19,0.0,0.0,0.19,728.795,199.982,0.0,928.777,-95.377,1555.815,0.0,1460.438
15.30290289199911,14966,2,7,6,0.343868,0.340589,0.157376,-0.020156,839.634,988.0,1340.348,0.0,1340,994,0.0,0.157,0.0,0.0,0.157,639.119,200.514,0.0,839.634,-118.692,1459.041,0.0,1340.348
15.30290289199911,14971,2,7,6,0.342882,0.340453,0.116621,-0.015453,676.377,896.0,1158.024,0.0,1158,867,0.0,0.116,0.0,0.0,0.116,475.466,200.911,0.0,676.377,-175.697,1333.722,0.0,1158.024
15.312771710916422,14976,2,7,6,0.341813,0.340309,0.07219,-0.026879,557.862,765.0,1042.702,0.0,1042,782,-0.104719,0.072,0.0,0.0,0.072,356.654,201.208,0.0,557.862,-165.709,1208.412,0.0,1042.702
15.312771710916422,14981,2,7,6,0.340659,0.340159,0.023989,-0.045794,452.64,650.0,920.879,0.0,920,650,-0.104719,0.023,0.0,0.0,0.023,251.222,201.417,0.0,452.64,-157.887,1078.767,0.0,920.879
15.32480807590764,14986,2,7,6,0.339421,0.339922,-0.024049,-0.049223,292.119,530.0,740.69,0.0,740,511,-0.104719,-0.024,0.0,0.0,-0.024,90.626,201.493,0.0,292.119,-190.304,930.995,0.0,740.69
15.32480807590764,14991,2,7,6,0.338099,0.339582,-0.071215,-0.086604,256.939,427.0,681.22,0.0,681,464,-0.104719,-0.071,0.0,0.0,-0.071,55.4,201.539,0.0,256.939,-136.048,817.268,0.0,681.22
15.32480807590764,14996,2,7,6,0.336694,0.339013,-0.111322,-0.141705,311.007,464.0,619.911,0.0,619,433,-0.209439,-0.111,0.0,0.0,-0.111,109.38,201.626,0.0,311.007,-122.394,742.305,0.0,619.911
15.336984942900017,15001,2,7,6,0.335205,0.338287,-0.147904,-0.141573,178.813,330.0,518.827,0.0,518,360,-0.314159,-0.147,0.0,0.0,-0.147,-22.794,201.607,0.0,178.813,-120.949,639.777,0.0,518.827
15.336984942900017,15006,2,7,6,0.333634,0.337335,-0.17763,-0.200469,283.894,357.0,540.722,0.0,540,349,-0.314159,-0.177,0.0,0.0,-0.177,82.218,201.676,0.0,283.894,-58.484,599.206,0.0,540.722
15.348192724981345,15011,2,7,6,0.331981,0.336191,-0.202096,-0.239374,335.985,397.0,530.567,0.0,530,368,-0.209439,-0.202,0.0,0.0,-0.202,134.197,201.788,0.0,335.985,-48.811,579.378,0.0,530.567
15.348192724981345,15020,2,7,6,0.328799,0.334032,-0.251204,-0.230454,127.131,257.0,375.334,0.0,375,239,-0.209439,-0.251,0.0,0.0,-0.251,-74.703,201.834,0.0,127.131,-103.895,479.229,0.0,375.334
15.360156582901254,15025,2,7,6,0.326917,0.332891,-0.286767,-0.227465,-11.83,156.0,244.427,0.0,244,146,-0.209439,-0.286,0.0,0.0,-0.286,-213.486,201.656,0.0,-11.83,-134.264,378.692,0.0,244.427
15.360156582901254,15031,2,7,6,0.324955,0.33188,-0.332433,-0.185039,-329.405,-39.0,-27.01,0.0,-27,-39,-0.314159,-0.332,0.0,0.0,-0.332,-530.617,201.212,0.0,-329.405,-232.324,205.314,0.0,-27.01
15.371438474976458,15036,2,7,6,0.322494,0.330684,-0.393133,-0.192574,-521.398,-234.0,-210.803,0.0,-210,-244,-0.314159,-0.393,0.0,0.0,-0.393,-722.009,200.61,0.0,-521.398,-229.919,19.116,0.0,-210.803
15.371438474976458,15041,2,7,6,0.320356,0.329586,-0.443046,-0.244741,-513.883,-259.0,-313.557,0.0,-313,-296,-0.314159,-0.443,0.0,0.0,-0.443,-713.898,200.015,0.0,-513.883,-203.906,-109.65,0.0,-313.557
15.382880955003202,15046,2,7,6,0.318139,0.328357,-0.490452,-0.269582,-595.779,-399.0,-394.305,0.0,-394,-408,-0.314159,-0.49,0.0,0.0,-0.49,-795.132,199.353,0.0,-595.779,-157.423,-236.881,0.0,-394.305
15.382880955003202,15051,2,7,6,0.315844,0.326938,-0.532517,-0.283872,-696.515,-473.0,-545.86,0.0,-545,-481,-0.314159,-0.532,0.0,0.0,-0.532,-895.122,198.607,0.0,-696.515,-178.812,-367.047,0.0,-545.86
15.395451174932532,15056,2,7,6,0.31347,0.325323,-0.568934,-0.332755,-652.344,-517.0,-555.03,0.0,-555,-499,-0.418879,-0.568,0.0,0.0,-0.568,-850.243,197.898,0.0,-652.344,-108.275,-446.754,0.0,-555.03
15.395451174932532,15061,2,7,6,0.311019,0.323525,-0.600284,-0.358989,-671.483,-573.0,-596.63,0.0,-596,-537,-0.418879,-0.6,0.0,0.0,-0.6,-868.658,197.174,0.0,-671.483,-78.787,-517.842,0.0,-596.63
15.395451174932532,15066,2,7,6,0.308492,0.321658,-0.631987,-0.363368,-770.658,-629.0,-722.718,0.0,-722,-612,-0.523598,-0.631,0.0,0.0,-0.631,-967.027,196.369,0.0,-770.658,-113.326,-609.391,0.0,-722.718
15.406950798933394,15071,2,7,6,0.305888,0.319659,-0.660983,-0.390083,-779.684,-658.0,-771.346,0.0,-771,-639,-0.523598,-0.66,0.0,0.0,-0.66,-975.24,195.556,0.0,-779.684,-97.347,-673.999,0.0,-771.346
15.406950798933394,15076,2,7,6,0.303209,0.317588,-0.690186,-0.435686,-721.406,-658.0,-758.356,0.0,-758,-677,-0.523598,-0.69,0.0,0.0,-0.69,-916.199,194.792,0.0,-721.406,-50.725,-707.631,0.0,-758.356
15.418777914950624,15081,2,7,6,0.300455,0.315374,-0.716119,-0.433647,-822.955,-723.0,-844.716,0.0,-844,-716,-0.523598,-0.716,0.0,0.0,-0.716,-1016.9,193.945,0.0,-822.955,-79.964,-764.752,0.0,-844.716
15.418777914950624,15086,2,7,6,0.297627,0.313023,-0.739017,-0.462376,-802.793,-721.0,-872.819,0.0,-872,-739,-0.628318,-0.739,0.0,0.0,-0.739,-995.908,193.115,0.0,-802.793,-65.434,-807.384,0.0,-872.819
15.430947129963897,15091,2,7,6,0.294725,0.310475,-0.755962,-0.517389,-666.434,-673.0,-782.71,0.0,-782,-684,-0.628318,-0.755,0.0,0.0,-0.755,-858.863,192.428,0.0,-666.434,5.252,-787.962,0.0,-782.71
15.430947129963897,15096,2,7,6,0.291751,0.307833,-0.771919,-0.535963,-657.723,-677.0,-763.45,0.0,-763,-654,-0.733038,-0.771,0.0,0.0,-0.771,-849.443,191.72,0.0,-657.723,15.421,-778.871,0.0,-763.45
15.430947129963897,15101,2,7,6,0.288705,0.305103,-0.787103,-0.533338,-722.594,-703.0,-812.381,0.0,-812,-703,-0.733038,-0.787,0.0,0.0,-0.787,-913.553,190.959,0.0,-722.594,-15.675,-796.706,0.0,-812.381
15.442681819899008,15110,2,7,6,0.283043,0.299834,-0.80597,-0.59241,-579.17,-609.0,-713.544,0.0,-713,-627,-0.837758,-0.805,0.0,0.0,-0.805,-768.814,189.644,0.0,-579.17,23.863,-737.408,0.0,-713.544
15.45377489097882,15115,2,7,6,0.279799,0.296859,-0.818856,-0.585199,-652.222,-672.0,-723.853,0.0,-723,-654,-0.733038,-0.818,0.0,0.0,-0.818,-841.166,188.943,0.0,-652.222,15.822,-739.675,0.0,-723.853
15.45377489097882,15121,2,7,6,0.276486,0.293799,-0.831007,-0.61414,-592.428,-597.0,-716.067,0.0,-716,-617,-0.837758,-0.831,0.0,0.0,-0.831,-780.719,188.29,0.0,-592.428,3.657,-719.724,0.0,-716.067
15.45377489097882,15126,2,7,6,0.272421,0.290185,-0.852682,-0.604506,-705.886,-676.0,-774.346,0.0,-774,-692,-0.733038,-0.852,0.0,0.0,-0.852,-893.432,187.546,0.0,-705.886,-23.909,-750.436,0.0,-774.346
15.466452972963452,15131,2,7,6,0.268959,0.287248,-0.877867,-0.588109,-856.454,-772.0,-878.399,0.0,-878,-772,-0.733038,-0.877,0.0,0.0,-0.877,-1043.131,186.676,0.0,-856.454,-67.563,-810.836,0.0,-878.399
15.466452972963452,15136,2,7,6,0.265431,0.284383,-0.909699,-0.55317,-1097.895,-931.0,-1061.545,0.0,-1061,-916,-0.733038,-0.909,0.0,0.0,-0.909,-1283.503,185.607,0.0,-1097.895,-133.516,-928.028,0.0,-1061.545
15.477592715993524,15141,2,7,6,0.261837,0.281513,-0.944417,-0.581488,-1122.027,-962.0,-1144.45,0.0,-1144,-978,-0.733038,-0.944,0.0,0.0,-0.944,-1306.545,184.518,0.0,-1122.027,-128.021,-1016.428,0.0,-1144.45
15.477592715993524,15146,2,7,6,0.258179,0.278555,-0.978024,-0.609108,-1144.689,-1010.0,-1200.437,0.0,-1200,-1026,-0.733038,-0.978,0.0,0.0,-0.978,-1328.101,183.411,0.0,-1144.689,-107.751,-1092.685,0.0,-1200.437
15.48927692999132,15151,2,7,6,0.254457,0.275493,-1.009726,-0.616231,-1234.351,-1108.0,-1279.123,0.0,-1279,-1090,-0.733038,-1.009,0.0,0.0,-1.009,-1416.582,182.231,0.0,-1234.351,-101.081,-1178.042,0.0,-1279.123
15.48927692999132,15156,2,7,6,0.250673,0.272391,-1.042478,-0.624449,-1323.924,-1174.0,-1394.834,0.0,-1394,-1192,-0.733038,-1.042,0.0,0.0,-1.042,-1504.901,180.977,0.0,-1323.924,-119.939,-1274.894,0.0,-1394.834
15.48927692999132,15161,2,7,6,0.246826,0.269188,-1.073382,-0.63931,-1382.987,-1260.0,-1459.237,0.0,-1459,-1273,-0.733038,-1.073,0.0,0.0,-1.073,-1562.662,179.675,0.0,-1382.987,-98.389,-1360.847,0.0,-1459.237
15.501327681005932,15166,2,7,6,0.242919,0.265918,-1.103942,-0.664312,-1404.312,-1296.0,-1516.795,0.0,-1516,-1294,-0.628318,-1.103,0.0,0.0,-1.103,-1582.668,178.356,0.0,-1404.312,-86.649,-1430.145,0.0,-1516.795
15.501327681005932,15171,2,7,6,0.238951,0.262604,-1.135326,-0.648138,-1576.984,-1403.0,-1684.779,0.0,-1684,-1411,-0.628318,-1.135,0.0,0.0,-1.135,-1753.878,176.894,0.0,-1576.984,-139.187,-1545.592,0.0,-1684.779
15.512451610993594,15176,2,7,6,0.234925,0.259272,-1.16865,-0.64681,-1703.295,-1506.0,-1822.254,0.0,-1822,-1506,-0.628318,-1.168,0.0,0.0,-1.168,-1878.624,175.329,0.0,-1703.295,-157.836,-1664.418,0.0,-1822.254
15.512451610993594,15181,2,7,6,0.230841,0.255912,-1.203424,-0.687241,-1684.418,-1526.0,-1871.182,0.0,-1871,-1539,-0.733038,-1.203,0.0,0.0,-1.203,-1858.26,173.842,0.0,-1684.418,-126.734,-1744.447,0.0,-1871.182
15.523755884962156,15186,2,7,6,0.226699,0.25245,-1.236037,-0.694102,-1778.748,-1611.0,-1978.376,0.0,-1978,-1603,-0.628318,-1.236,0.0,0.0,-1.236,-1950.964,172.216,0.0,-1778.748,-134.198,-1844.177,0.0,-1978.376
15.523755884962156,15191,2,7,6,0.222502,0.248879,-1.266092,-0.719538,-1797.019,-1657.0,-2036.793,0.0,-2036,-1667,-0.837758,-1.266,0.0,0.0,-1.266,-1967.596,170.576,0.0,-1797.019,-112.015,-1924.778,0.0,-2036.793
15.53565750096459,15200,2,7,6,0.21481,0.242058,-1.307895,-0.793121,-1685.844,-1646.0,-2034.068,0.0,-2034,-1646,-0.837758,-1.307,0.0,0.0,-1.307,-1853.186,167.342,0.0,-1685.844,-31.875,-2002.192,0.0,-2034.068
15.53565750096459,15205,2,7,6,0.210461,0.237971,-1.320444,-0.83548,-1579.982,-1576.0,-1992.566,0.0,-1992,-1576,-0.837758,-1.32,0.0,0.0,-1.32,-1745.869,165.887,0.0,-1579.982,-3.185,-1989.381,0.0,-1992.566
15.54686728992965,15210,2,7,6,0.206061,0.233718,-1.327523,-0.85949,-1520.435,-1542.0,-1950.279,0.0,-1950,-1542,-0.837758,-1.327,0.0,0.0,-1.327,-1684.918,164.483,0.0,-1520.435,17.251,-1967.531,0.0,-1950.279
15.54686728992965,15216,2,7,6,0.20161,0.229286,-1.328443,-0.87527,-1468.301,-1522.0,-1894.752,0.0,-1894,-1494,-0.942477,-1.328,0.0,0.0,-1.328,-1631.42,163.118,0.0,-1468.301,42.958,-1937.711,0.0,-1894.752
15.55855040194001,15221,2,7,6,0.196203,0.223886,-1.328768,-0.900245,-1380.848,-1440.0,-1848.775,0.0,-1848,-1440,-0.942477,-1.328,0.0,0.0,-1.328,-1542.681,161.833,0.0,-1380.848,47.321,-1896.097,0.0,-1848.775
15.55855040194001,15226,2,7,6,0.191644,0.219367,-1.330708,-0.897331,-1399.622,-1452.0,-1833.108,0.0,-1833,-1434,-0.942477,-1.33,0.0,0.0,-1.33,-1560.155,160.533,0.0,-1399.622,41.901,-1875.01,0.0,-1833.108
15.570560361957178,15231,2,7,6,0.187038,0.214788,-1.331992,-0.914752,-1342.783,-1392.0,-1800.836,0.0,-1800,-1397,-1.047197,-1.331,0.0,0.0,-1.331,-1502.064,159.281,0.0,-1342.783,39.373,-1840.21,0.0,-1800.836
15.570560361957178,15236,2,7,6,0.182386,0.210112,-1.330884,-0.910349,-1355.904,-1376.0,-1807.136,0.0,-1807,-1377,-0.942477,-1.33,0.0,0.0,-1.33,-1513.924,158.019,0.0,-1355.904,16.076,-1823.212,0.0,-1807.136
15.570560361957178,15241,2,7,6,0.177688,0.205377,-1.32904,-0.964352,-1155.949,-1244.0,-1676.896,0.0,-1676,-1243,-1.047197,-1.329,0.0,0.0,-1.329,-1312.875,156.925,0.0,-1155.949,70.44,-1747.337,0.0,-1676.896
15.582517302013002,15246,2,7,6,0.172947,0.200531,-1.324016,-1.007833,-982.281,-1121.0,-1536.188,0.0,-1536,-1146,-1.047197,-1.324,0.0,0.0,-1.324,-1138.258,155.977,0.0,-982.281,110.975,-1647.163,0.0,-1536.188
15.582517302013002,15251,2,7,6,0.168163,0.195495,-1.311957,-1.005443,-948.391,-1092.0,-1451.392,0.0,-1451,-1073,-1.047197,-1.311,0.0,0.0,-1.311,-1103.449,155.057,0.0,-948.391,114.886,-1566.279,0.0,-1451.392
15.593932556919754,15256,2,7,6,0.163338,0.190319,-1.295087,-1.036761,-775.693,-966.0,-1299.04,0.0,-1299,-953,-0.942477,-1.295,0.0,0.0,-1.295,-929.976,154.282,0.0,-775.693,152.244,-1451.285,0.0,-1299.04
15.593932556919754,15261,2,7,6,0.158472,0.185151,-1.280596,-1.03544,-729.012,-885.0,-1229.876,0.0,-1229,-854,-0.942477,-1.28,0.0,0.0,-1.28,-882.56,153.547,0.0,-729.012,124.789,-1354.666,0.0,-1229.876
15.6060920949094,15266,2,7,6,0.153567,0.180011,-1.26931,-1.002934,-806.205,-896.0,-1243.086,0.0,-1243,-894,-0.942477,-1.269,0.0,0.0,-1.269,-958.953,152.748,0.0,-806.205,71.835,-1314.921,0.0,-1243.086
15.6060920949094,15271,2,7,6,0.148624,0.175159,-1.273678,-0.955671,-992.992,-975.0,-1354.103,0.0,-1354,-958,-0.837758,-1.273,0.0,0.0,-1.273,-1144.825,151.832,0.0,-992.992,-14.394,-1339.709,0.0,-1354.103
15.6060920949094,15276,2,7,6,0.143645,0.170522,-1.290084,-0.906314,-1230.893,-1101.0,-1541.496,0.0,-1541,-1086,-0.733038,-1.29,0.0,0.0,-1.29,-1381.574,150.68,0.0,-1230.893,-103.914,-1437.581,0.0,-1541.496
15.61753297492396,15281,2,7,6,0.13863,0.166066,-1.316904,-0.878572,-1428.629,-1229.0,-1728.302,0.0,-1728,-1263,-0.733038,-1.316,0.0,0.0,-1.316,-1577.995,149.365,0.0,-1428.629,-159.703,-1568.598,0.0,-1728.302
15.62868086900562,15290,2,7,6,0.129518,0.15801,-1.367606,-0.910449,-1499.21,-1348.0,-1892.675,0.0,-1892,-1352,-0.837758,-1.367,0.0,0.0,-1.367,-1645.765,146.554,0.0,-1499.21,-120.968,-1771.706,0.0,-1892.675
15.62868086900562,15295,2,7,6,0.124411,0.15331,-1.387173,-0.927513,-1509.597,-1371.0,-1953.422,0.0,-1953,-1360,-0.837758,-1.387,0.0,0.0,-1.387,-1654.773,145.175,0.0,-1509.597,-110.877,-1842.544,0.0,-1953.422
15.637996313977055,15300,2,7,6,0.119272,0.148419,-1.399026,-0.998305,-1298.621,-1268.0,-1862.407,0.0,-1862,-1289,-0.837758,-1.399,0.0,0.0,-1.399,-1442.594,143.973,0.0,-1298.621,-24.497,-1837.91,0.0,-1862.407
15.637996313977055,15306,2,7,6,0.114105,0.14332,-1.402315,-1.034179,-1182.422,-1223.0,-1772.723,0.0,-1772,-1218,-0.942477,-1.402,0.0,0.0,-1.402,-1325.288,142.865,0.0,-1182.422,32.461,-1805.184,0.0,-1772.723
15.650833920924924,15311,2,7,6,0.107867,0.137017,-1.399209,-1.023331,-1211.424,-1215.0,-1800.252,0.0,-1800,-1198,-0.942477,-1.399,0.0,0.0,-1.399,-1353.161,141.737,0.0,-1211.424,2.86,-1803.112,0.0,-1800.252
15.650833920924924,15316,2,7,6,0.102639,0.131746,-1.397143,-1.052595,-1099.669,-1130.0,-1745.489,0.0,-1745,-1136,-0.942477,-1.397,0.0,0.0,-1.397,-1240.373,140.704,0.0,-1099.669,24.264,-1769.754,0.0,-1745.489
15.650833920924924,15321,2,7,6,0.097385,0.126358,-1.390696,-1.082584,-969.421,-1052.0,-1646.251,0.0,-1646,-1052,-1.047197,-1.39,0.0,0.0,-1.39,-1109.201,139.779,0.0,-969.421,66.062,-1712.314,0.0,-1646.251
15.663187414989807,15326,2,7,6,0.092108,0.120801,-1.377274,-1.107714,-831.443,-945.0,-1541.366,0.0,-1541,-942,-1.047197,-1.377,0.0,0.0,-1.377,-970.414,138.97,0.0,-831.443,90.845,-1632.212,0.0,-1541.366
15.663187414989807,15331,2,7,6,0.086808,0.115045,-1.355339,-1.179965,-492.902,-703.0,-1296.61,0.0,-1296,-729,-1.256637,-1.355,0.0,0.0,-1.355,-631.347,138.444,0.0,-492.902,168.077,-1464.688,0.0,-1296.61
15.674846520996653,15336,2,7,6,0.081487,0.109148,-1.327704,-1.18073,-391.105,-627.0,-1129.078,0.0,-1129,-618,-1.151917,-1.327,0.0,0.0,-1.327,-529.109,138.003,0.0,-391.105,188.715,-1317.793,0.0,-1129.078
15.674846520996653,15341,2,7,6,0.076146,0.103245,-1.300778,-1.176292,-310.518,-507.0,-1031.717,0.0,-1031,-556,-1.151917,-1.3,0.0,0.0,-1.3,-448.149,137.63,0.0,-310.518,157.185,-1188.902,0.0,-1031.717
15.674846520996653,15346,2,7,6,0.070785,0.097353,-1.275272,-1.170922,-238.341,-436.0,-911.227,0.0,-911,-429,-1.151917,-1.275,0.0,0.0,-1.275,-375.658,137.317,0.0,-238.341,158.127,-1069.355,0.0,-911.227
15.684860046952963,15351,2,7,6,0.065408,0.091429,-1.249044,-1.194475,-59.293,-307.0,-722.36,0.0,-722,-272,-1.047197,-1.249,0.0,0.0,-1.249,-196.447,137.153,0.0,-59.293,198.165,-920.525,0.0,-722.36
15.684860046952963,15356,2,7,6,0.060014,0.085528,-1.224677,-1.171993,-52.666,-254.0,-651.935,0.0,-651,-234,-1.047197,-1.224,0.0,0.0,-1.224,-189.661,136.995,0.0,-52.666,161.067,-813.002,0.0,-651.935
15.69805649900809,15361,2,7,6,0.054605,0.079865,-1.212473,-1.11389,-218.185,-301.0,-722.797,0.0,-722,-283,-0.942477,-1.212,0.0,0.0,-1.212,-354.897,136.711,0.0,-218.185,66.251,-789.049,0.0,-722.797
15.69805649900809,15366,2,7,6,0.049183,0.074481,-1.214316,-1.049822,-455.959,-411.0,-874.533,0.0,-874,-437,-0.837758,-1.214,0.0,0.0,-1.214,-592.178,136.218,0.0,-455.959,-35.967,-838.565,0.0,-874.533
15.70943864993751,15371,2,7,6,0.043749,0.069492,-1.235653,-0.965902,-835.697,-633.0,-1148.035,0.0,-1148,-616,-0.733038,-1.235,0.0,0.0,-1.235,-971.106,135.408,0.0,-835.697,-162.157,-985.878,0.0,-1148.035
15.70943864993751,15380,2,7,6,0.033941,0.061321,-1.314226,-0.90163,-1352.321,-997.0,-1694.189,0.0,-1694,-1009,-0.733038,-1.314,0.0,0.0,-1.314,-1485.345,133.023,0.0,-1352.321,-284.257,-1409.932,0.0,-1694.189
15.720657411962748,15385,2,7,6,0.02848,0.05681,-1.359879,-0.933192,-1404.327,-1088.0,-1831.627,0.0,-1831,-1135,-0.837758,-1.359,0.0,0.0,-1.359,-1536.07,131.743,0.0,-1404.327,-253.061,-1578.566,0.0,-1831.627
15.720657411962748,15390,2,7,6,0.023012,0.052042,-1.393444,-0.970515,-1392.067,-1134.0,-1916.899,0.0,-1916,-1148,-0.837758,-1.393,0.0,0.0,-1.393,-1522.542,130.474,0.0,-1392.067,-206.454,-1710.445,0.0,-1916.899
15.73210502997972,15396,2,7,6,0.017538,0.046858,-1.407362,-1.064445,-1105.06,-1051.0,-1770.97,0.0,-1770,-1051,-0.942477,-1.407,0.0,0.0,-1.407,-1234.503,129.442,0.0,-1105.06,-43.248,-1727.721,0.0,-1770.97
15.73210502997972,15401,2,7,6,0.010964,0.040195,-1.403109,-1.135847,-833.504,-878.0,-1638.484,0.0,-1638,-926,-0.942477,-1.403,0.0,0.0,-1.403,-962.144,128.64,0.0,-833.504,35.596,-1674.081,0.0,-1638.484
15.743781763943844,15406,2,7,6,0.005482,0.034358,-1.386064,-1.171116,-645.817,-738.0,-1513.431,0.0,-1513,-783,-1.047197,-1.386,0.0,0.0,-1.386,-773.813,127.995,0.0,-645.817,73.745,-1587.177,0.0,-1513.431
15.743781763943844,15411,2,7,6,0.0,0.028484,-1.367271,-1.180087,-546.428,-674.0,-1395.939,0.0,-1395,-708,-1.047197,-1.367,0.0,0.0,-1.367,-673.862,127.434,0.0,-546.428,102.057,-1497.996,0.0,-1395.939
15.755685295909643,15416,2,7,6,-0.005483,0.022719,-1.353711,-1.151545,-600.971,-681.0,-1387.377,0.0,-1387,-654,-0.942477,-1.353,0.0,0.0,-1.353,-727.798,126.827,0.0,-600.971,64.023,-1451.4,0.0,-1387.377
15.755685295909643,15421,2,7,6,-0.010964,0.017029,-1.343713,-1.137572,-615.897,-654.0,-1395.382,0.0,-1395,-657,-1.047197,-1.343,0.0,0.0,-1.343,-742.106,126.209,0.0,-615.897,30.481,-1425.864,0.0,-1395.382
15.755685295909643,15426,2,7,6,-0.016443,0.011288,-1.331127,-1.133224,-586.836,-614.0,-1380.463,0.0,-1380,-668,-1.047197,-1.331,0.0,0.0,-1.331,-712.451,125.615,0.0,-586.836,21.73,-1402.194,0.0,-1380.463
15.76730033790227,15431,2,7,6,-0.021918,0.005443,-1.313388,-1.174324,-375.432,-457.0,-1243.692,0.0,-1243,-475,-1.047197,-1.313,0.0,0.0,-1.313,-500.631,125.198,0.0,-375.432,65.253,-1308.945,0.0,-1243.692
15.76730033790227,15436,2,7,6,-0.027387,-0.000499,-1.290657,-1.194114,-222.646,-349.0,-1109.647,0.0,-1109,-378,-1.047197,-1.29,0.0,0.0,-1.29,-347.555,124.908,0.0,-222.646,101.082,-1210.73,0.0,-1109.647
15.77845294889994,15441,2,7,6,-0.03285,-0.006436,-1.267887,-1.165329,-244.605,-408.0,-1010.047,0.0,-1010,-358,-1.047197,-1.267,0.0,0.0,-1.267,-369.206,124.601,0.0,-244.605,130.715,-1140.763,0.0,-1010.047
15.77845294889994,15446,2,7,6,-0.038304,-0.012347,-1.245926,-1.180459,-111.277,-284.0,-902.957,0.0,-902,-275,-1.047197,-1.245,0.0,0.0,-1.245,-235.681,124.404,0.0,-111.277,138.178,-1041.136,0.0,-902.957
15.790711503010243,15451,2,7,6,-0.043749,-0.018049,-1.233601,-1.129306,-251.355,-330.0,-951.314,0.0,-951,-311,-0.837758,-1.233,0.0,0.0,-1.233,-375.459,124.104,0.0,-251.355,62.915,-1014.229,0.0,-951.314
15.790711503010243,15456,2,7,6,-0.049183,-0.023387,-1.238205,-1.023911,-647.996,-541.0,-1201.298,0.0,-1201,-525,-0.837758,-1.238,0.0,0.0,-1.238,-771.456,123.459,0.0,-647.996,-85.597,-1115.701,0.0,-1201.298
15.790711503010243,15461,2,7,6,-0.054606,-0.028281,-1.263579,-0.941683,-1036.333,-767.0,-1518.455,0.0,-1518,-767,-0.733038,-1.263,0.0,0.0,-1.263,-1158.827,122.494,0.0,-1036.333,-215.466,-1302.989,0.0,-1518.455
15.802616830915213,15470,2,7,6,-0.064331,-0.036588,-1.331646,-0.934707,-1308.88,-1024.0,-1894.995,0.0,-1894,-1018,-0.837758,-1.331,0.0,0.0,-1.331,-1428.978,120.098,0.0,-1308.88,-227.904,-1667.091,0.0,-1894.995
15.814522453933023,15475,2,7,6,-0.069712,-0.041539,-1.352276,-1.013384,-1100.928,-958.0,-1843.025,0.0,-1843,-959,-0.942477,-1.352,0.0,0.0,-1.352,-1220.009,119.081,0.0,-1100.928,-114.342,-1728.683,0.0,-1843.025
15.814522453933023,15480,2,7,6,-0.075076,-0.046819,-1.356331,-1.082804,-866.436,-858.0,-1725.477,0.0,-1725,-871,-1.047197,-1.356,0.0,0.0,-1.356,-984.697,118.261,0.0,-866.436,-6.749,-1718.727,0.0,-1725.477
15.825942164985463,15486,2,7,6,-0.080421,-0.052492,-1.340576,-1.168047,-503.363,-651.0,-1490.92,0.0,-1490,-650,-1.151917,-1.34,0.0,0.0,-1.34,-621.105,117.741,0.0,-503.363,118.109,-1609.029,0.0,-1490.92
15.825942164985463,15491,2,7,6,-0.086809,-0.059691,-1.301686,-1.213082,-201.499,-469.0,-1228.392,0.0,-1228,-452,-1.047197,-1.301,0.0,0.0,-1.301,-318.975,117.475,0.0,-201.499,214.0,-1442.392,0.0,-1228.392
15.825942164985463,15496,2,7,6,-0.092109,-0.065706,-1.267336,-1.185419,-177.672,-383.0,-1157.407,0.0,-1157,-382,-1.047197,-1.267,0.0,0.0,-1.267,-294.903,117.23,0.0,-177.672,164.261,-1321.669,0.0,-1157.407
15.837355174007826,15501,2,7,6,-0.097386,-0.071529,-1.241137,-1.130408,-281.725,-398.0,-1167.548,0.0,-1167,-381,-1.047197,-1.241,0.0,0.0,-1.241,-398.623,116.897,0.0,-281.725,93.019,-1260.568,0.0,-1167.548
15.837355174007826,15506,2,7,6,-0.102639,-0.077152,-1.223353,-1.107184,-301.656,-381.0,-1149.605,0.0,-1149,-381,-0.942477,-1.223,0.0,0.0,-1.223,-418.206,116.549,0.0,-301.656,63.474,-1213.08,0.0,-1149.605
15.848545174929313,15511,2,7,6,-0.107867,-0.082557,-1.214884,-1.068569,-410.623,-446.0,-1180.568,0.0,-1180,-431,-0.942477,-1.214,0.0,0.0,-1.214,-526.734,116.11,0.0,-410.623,28.3,-1208.868,0.0,-1180.568
15.848545174929313,15516,2,7,6,-0.113068,-0.087806,-1.212571,-1.026669,-553.693,-528.0,-1266.642,0.0,-1266,-511,-0.942477,-1.212,0.0,0.0,-1.212,-669.245,115.552,0.0,-553.693,-20.554,-1246.088,0.0,-1266.642
15.86068251891993,15521,2,7,6,-0.118242,-0.092984,-1.212382,-1.023087,-566.478,-527.0,-1301.177,0.0,-1301,-529,-0.942477,-1.212,0.0,0.0,-1.212,-681.463,114.984,0.0,-566.478,-31.582,-1269.595,0.0,-1301.177
15.86068251891993,15526,2,7,6,-0.123386,-0.098097,-1.213878,-1.038104,-518.331,-514.0,-1271.675,0.0,-1271,-521,-0.942477,-1.213,0.0,0.0,-1.213,-632.788,114.457,0.0,-518.331,-3.465,-1268.21,0.0,-1271.675
15.86068251891993,15531,2,7,6,-0.1285,-0.103211,-1.213843,-1.016598,-596.216,-566.0,-1315.157,0.0,-1315,-570,-0.942477,-1.213,0.0,0.0,-1.213,-710.082,113.865,0.0,-596.216,-24.172,-1290.984,0.0,-1315.157
15.8730231289519,15536,2,7,6,-0.133582,-0.108195,-1.21854,-0.9762,-759.283,-676.0,-1422.965,0.0,-1422,-689,-0.942477,-1.218,0.0,0.0,-1.218,-872.422,113.138,0.0,-759.283,-66.627,-1356.338,0.0,-1422.965
15.8730231289519,15541,2,7,6,-0.13863,-0.113019,-1.229357,-0.931705,-959.267,-783.0,-1602.927,0.0,-1602,-801,-0.942477,-1.229,0.0,0.0,-1.229,-1071.549,112.281,0.0,-959.267,-141.014,-1461.912,0.0,-1602.927
15.8842897239374,15546,2,7,6,-0.143645,-0.117749,-1.243042,-0.944966,-961.687,-825.0,-1645.0,0.0,-1645,-838,-0.942477,-1.243,0.0,0.0,-1.243,-1073.074,111.387,0.0,-961.687,-109.349,-1535.65,0.0,-1645.0
15.8842897239374,15551,2,7,6,-0.148625,-0.12243,-1.257346,-0.928234,-1074.405,-917.0,-1759.174,0.0,-1759,-929,-1.047197,-1.257,0.0,0.0,-1.257,-1184.805,110.399,0.0,-1074.405,-125.924,-1633.25,0.0,-1759.174
15.8842897239374,15556,2,7,6,-0.153568,-0.127118,-1.269573,-0.939829,-1077.666,-941.0,-1815.414,0.0,-1815,-950,-1.151917,-1.269,0.0,0.0,-1.269,-1187.077,109.41,0.0,-1077.666,-109.333,-1706.08,0.0,-1815.414
15.89642801193986,15565,2,7,6,-0.162368,-0.136002,-1.265585,-1.007093,-822.83,-836.0,-1696.281,0.0,-1696,-828,-1.047197,-1.265,0.0,0.0,-1.265,-930.568,107.737,0.0,-822.83,10.535,-1706.817,0.0,-1696.281
15.907466781907715,15570,2,7,6,-0.167202,-0.141337,-1.241484,-1.073691,-496.82,-636.0,-1490.302,0.0,-1490,-657,-1.047197,-1.241,0.0,0.0,-1.241,-604.054,107.234,0.0,-496.82,111.343,-1601.645,0.0,-1490.302
15.907466781907715,15576,2,7,6,-0.171994,-0.146928,-1.203144,-1.131835,-149.694,-440.0,-1188.856,0.0,-1188,-433,-1.047197,-1.203,0.0,0.0,-1.203,-256.714,107.019,0.0,-149.694,232.244,-1421.1,0.0,-1188.856
15.918905630009249,15581,2,7,6,-0.177689,-0.15396,-1.13899,-1.166649,206.675,-175.0,-869.455,0.0,-869,-192,-0.942477,-1.138,0.0,0.0,-1.138,99.572,107.102,0.0,206.675,305.34,-1174.796,0.0,-869.455
15.918905630009249,15586,2,7,6,-0.182386,-0.159727,-1.087644,-1.124678,240.537,-113.0,-696.782,0.0,-696,-84,-0.837758,-1.087,0.0,0.0,-1.087,133.323,107.214,0.0,240.537,282.83,-979.613,0.0,-696.782
15.930582504952326,15591,2,7,6,-0.187038,-0.16503,-1.05641,-1.019738,-24.915,-198.0,-771.636,0.0,-771,-186,-0.733038,-1.056,0.0,0.0,-1.056,-132.019,107.104,0.0,-24.915,138.467,-910.103,0.0,-771.636
15.930582504952326,15596,2,7,6,-0.191645,-0.169724,-1.052187,-0.900967,-437.741,-454.0,-964.247,0.0,-964,-410,-0.628318,-1.052,0.0,0.0,-1.052,-544.391,106.65,0.0,-437.741,13.007,-977.255,0.0,-964.247
15.930582504952326,15601,2,7,6,-0.196204,-0.17392,-1.069636,-0.801109,-860.853,-685.0,-1286.864,0.0,-1286,-654,-0.523598,-1.069,0.0,0.0,-1.069,-966.698,105.844,0.0,-860.853,-140.682,-1146.181,0.0,-1286.864
15.942185613908805,15606,2,7,6,-0.200715,-0.177915,-1.094356,-0.795614,-970.522,-751.0,-1460.172,0.0,-1460,-760,-0.628318,-1.094,0.0,0.0,-1.094,-1075.47,104.948,0.0,-970.522,-175.617,-1284.554,0.0,-1460.172
15.942185613908805,15611,2,7,6,-0.205175,-0.182054,-1.109813,-0.86875,-763.6,-649.0,-1408.091,0.0,-1408,-649,-0.628318,-1.109,0.0,0.0,-1.109,-867.825,104.225,0.0,-763.6,-91.68,-1316.41,0.0,-1408.091
15.953308884985745,15616,2,7,6,-0.209586,-0.186448,-1.110601,-0.901839,-647.946,-630.0,-1331.95,0.0,-1331,-612,-0.628318,-1.11,0.0,0.0,-1.11,-751.545,103.599,0.0,-647.946,-14.357,-1317.592,0.0,-1331.95
15.953308884985745,15621,2,7,6,-0.213945,-0.190975,-1.102556,-0.89713,-636.55,-625.0,-1336.033,0.0,-1336,-595,-0.523598,-1.102,0.0,0.0,-1.102,-739.532,102.982,0.0,-636.55,-9.24,-1326.793,0.0,-1336.033
15.964589781942777,15626,2,7,6,-0.21825,-0.195524,-1.090865,-0.891133,-616.652,-594.0,-1354.294,0.0,-1354,-606,-0.628318,-1.09,0.0,0.0,-1.09,-719.035,102.383,0.0,-616.652,-18.121,-1336.173,0.0,-1354.294
15.964589781942777,15631,2,7,6,-0.222503,-0.200073,-1.076626,-0.913882,-483.963,-514.0,-1277.607,0.0,-1277,-527,-0.628318,-1.076,0.0,0.0,-1.076,-585.878,101.914,0.0,-483.963,24.028,-1301.636,0.0,-1277.607
15.964589781942777,15636,2,7,6,-0.2267,-0.204581,-1.061686,-0.883122,-541.449,-541.0,-1300.579,0.0,-1300,-574,-0.628318,-1.061,0.0,0.0,-1.061,-642.828,101.379,0.0,-541.449,-0.359,-1300.219,0.0,-1300.579
15.976215492002666,15641,2,7,6,-0.230841,-0.209101,-1.04355,-0.899208,-418.686,-477.0,-1204.062,0.0,-1204,-462,-0.628318,-1.043,0.0,0.0,-1.043,-519.632,100.946,0.0,-418.686,46.651,-1250.713,0.0,-1204.062
15.976215492002666,15646,2,7,6,-0.234925,-0.213711,-1.018294,-0.937085,-191.649,-351.0,-1023.701,0.0,-1023,-335,-0.628318,-1.018,0.0,0.0,-1.018,-292.351,100.702,0.0,-191.649,127.48,-1151.181,0.0,-1023.701
15.98743924498558,15655,2,7,6,-0.24213,-0.222327,-0.950562,-0.950905,101.847,-113.0,-716.76,0.0,-716,-111,-0.733038,-0.95,0.0,0.0,-0.95,1.235,100.612,0.0,101.847,171.878,-888.638,0.0,-716.76
15.99887457396835,15660,2,7,6,-0.24605,-0.227045,-0.912217,-0.923659,141.84,-62.0,-611.444,0.0,-611,-79,-0.733038,-0.912,0.0,0.0,-0.912,41.193,100.647,0.0,141.84,163.072,-774.516,0.0,-611.444
15.99887457396835,15666,2,7,6,-0.249909,-0.231653,-0.876291,-0.873711,91.352,-81.0,-554.544,0.0,-554,-62,-0.733038,-0.876,0.0,0.0,-0.876,-9.286,100.639,0.0,91.352,137.882,-692.426,0.0,-554.544
16.01054463291075,15671,2,7,6,-0.254458,-0.236778,-0.848639,-0.817009,-13.323,-111.0,-575.133,0.0,-575,-128,-0.628318,-0.848,0.0,0.0,-0.848,-113.867,100.544,0.0,-13.323,78.141,-653.274,0.0,-575.133
16.01054463291075,15676,2,7,6,-0.25818,-0.240586,-0.844501,-0.734865,-294.472,-261.0,-722.435,0.0,-722,-248,-0.628318,-0.844,0.0,0.0,-0.844,-394.687,100.215,0.0,-294.472,-26.777,-695.657,0.0,-722.435
16.01054463291075,15681,2,7,6,-0.261838,-0.244093,-0.85177,-0.64792,-634.253,-439.0,-988.18,0.0,-988,-448,-0.628318,-0.851,0.0,0.0,-0.851,-733.857,99.604,0.0,-634.253,-156.202,-831.978,0.0,-988.18
16.020144890993834,15686,2,7,6,-0.265431,-0.247477,-0.861803,-0.661842,-620.855,-466.0,-1037.355,0.0,-1037,-478,-0.628318,-0.861,0.0,0.0,-0.861,-719.859,99.004,0.0,-620.855,-123.884,-913.471,0.0,-1037.355
16.020144890993834,15691,2,7,6,-0.26896,-0.250991,-0.862491,-0.69822,-492.861,-416.0,-997.979,0.0,-997,-435,-0.628318,-0.862,0.0,0.0,-0.862,-591.373,98.511,0.0,-492.861,-61.489,-936.49,0.0,-997.979
16.032778695924208,15696,2,7,6,-0.272421,-0.25464,-0.853493,-0.720843,-379.424,-356.0,-939.118,0.0,-939,-393,-0.628318,-0.853,0.0,0.0,-0.853,-477.538,98.113,0.0,-379.424,-18.739,-920.378,0.0,-939.118
16.032778695924208,15701,2,7,6,-0.275816,-0.25836,-0.837889,-0.728139,-297.315,-327.0,-863.91,0.0,-863,-339,-0.628318,-0.837,0.0,0.0,-0.837,-395.099,97.784,0.0,-297.315,23.747,-887.658,0.0,-863.91
16.042257652967237,15706,2,7,6,-0.279142,-0.26198,-0.823804,-0.718304,-282.33,-334.0,-815.654,0.0,-815,-302,-0.628318,-0.823,0.0,0.0,-0.823,-379.798,97.467,0.0,-282.33,41.335,-856.99,0.0,-815.654
16.042257652967237,15711,2,7,6,-0.2824,-0.265444,-0.81387,-0.668929,-424.757,-383.0,-919.146,0.0,-919,-418,-0.628318,-0.813,0.0,0.0,-0.813,-521.79,97.032,0.0,-424.757,-33.406,-885.74,0.0,-919.146
16.05560510593932,15716,2,7,6,-0.285588,-0.268682,-0.811456,-0.640187,-520.048,-451.0,-979.649,0.0,-979,-482,-0.628318,-0.811,0.0,0.0,-0.811,-616.567,96.519,0.0,-520.048,-55.238,-924.41,0.0,-979.649
16.05560510593932,15721,2,7,6,-0.288705,-0.271798,-0.811556,-0.628192,-564.117,-482.0,-1028.714,0.0,-1028,-509,-0.523598,-0.811,0.0,0.0,-0.811,-660.108,95.99,0.0,-564.117,-65.693,-963.021,0.0,-1028.714
16.05560510593932,15726,2,7,6,-0.291751,-0.274978,-0.805146,-0.652795,-452.93,-461.0,-940.812,0.0,-940,-452,-0.628318,-0.805,0.0,0.0,-0.805,-548.463,95.532,0.0,-452.93,6.455,-947.268,0.0,-940.812
16.06708217097912,15731,2,7,6,-0.294726,-0.278211,-0.792679,-0.654486,-402.374,-444.0,-889.737,0.0,-889,-453,-0.523598,-0.792,0.0,0.0,-0.792,-497.492,95.118,0.0,-402.374,33.3,-923.038,0.0,-889.737
16.06708217097912,15736,2,7,6,-0.297627,-0.281446,-0.776711,-0.627609,-442.099,-471.0,-891.01,0.0,-891,-471,-0.523598,-0.776,0.0,0.0,-0.776,-536.77,94.671,0.0,-442.099,23.12,-914.131,0.0,-891.01
16.078074925928377,15745,2,7,6,-0.302664,-0.286927,-0.755378,-0.58972,-502.647,-519.0,-889.282,0.0,-889,-511,-0.418879,-0.755,0.0,0.0,-0.755,-596.369,93.722,0.0,-502.647,13.081,-902.363,0.0,-889.282
16.089400846976787,15750,2,7,6,-0.305359,-0.289678,-0.752679,-0.528648,-713.459,-632.0,-1034.04,0.0,-1034,-632,-0.418879,-0.752,0.0,0.0,-0.752,-806.509,93.05,0.0,-713.459,-65.167,-968.872,0.0,-1034.04
16.089400846976787,15756,2,7,6,-0.307977,-0.292246,-0.755125,-0.51115,-785.995,-671.0,-1127.028,0.0,-1127,-678,-0.418879,-0.755,0.0,0.0,-0.755,-878.31,92.315,0.0,-785.995,-91.996,-1035.032,0.0,-1127.028
16.10094767692499,15761,2,7,6,-0.31102,-0.29516,-0.761271,-0.493489,-872.501,-756.0,-1206.273,0.0,-1206,-734,-0.418879,-0.761,0.0,0.0,-0.761,-964.014,91.512,0.0,-872.501,-93.201,-1113.072,0.0,-1206.273
16.10094767692499,15766,2,7,6,-0.31347,-0.297609,-0.761336,-0.486119,-900.095,-756.0,-1300.346,0.0,-1300,-750,-0.523598,-0.761,0.0,0.0,-0.761,-990.781,90.686,0.0,-900.095,-115.275,-1185.07,0.0,-1300.346
16.10094767692499,15771,2,7,6,-0.315844,-0.300246,-0.748712,-0.558338,-595.232,-648.0,-1098.313,0.0,-1098,-648,-0.523598,-0.748,0.0,0.0,-0.748,-685.347,90.115,0.0,-595.232,42.214,-1140.527,0.0,-1098.313
16.11148802295793,15776,2,7,6,-0.318139,-0.3031,-0.721903,-0.581867,-414.434,-526.0,-970.576,0.0,-970,-526,-0.418879,-0.721,0.0,0.0,-0.721,-504.129,89.695,0.0,-414.434,89.252,-1059.828,0.0,-970.576
16.11148802295793,15781,2,7,6,-0.320356,-0.306054,-0.686509,-0.545841,-417.133,-520.0,-922.343,0.0,-922,-508,-0.523598,-0.686,0.0,0.0,-0.686,-506.406,89.273,0.0,-417.133,82.293,-1004.636,0.0,-922.343
16.123203385970555,15786,2,7,6,-0.322494,-0.308825,-0.656148,-0.527548,-374.072,-485.0,-851.197,0.0,-851,-453,-0.523598,-0.656,0.0,0.0,-0.656,-462.96,88.887,0.0,-374.072,88.741,-939.939,0.0,-851.197
16.123203385970555,15791,2,7,6,-0.324553,-0.311394,-0.631618,-0.504229,-370.093,-448.0,-826.784,0.0,-826,-448,-0.314159,-0.631,0.0,0.0,-0.631,-458.599,88.505,0.0,-370.093,62.325,-889.109,0.0,-826.784
16.13447277189698,15796,2,7,6,-0.326531,-0.313753,-0.61334,-0.449481,-501.877,-511.0,-878.199,0.0,-878,-546,-0.418879,-0.613,0.0,0.0,-0.613,-589.891,88.013,0.0,-501.877,7.297,-885.497,0.0,-878.199
16.13447277189698,15801,2,7,6,-0.328429,-0.315924,-0.600221,-0.428962,-529.029,-532.0,-876.561,0.0,-876,-546,-0.418879,-0.6,0.0,0.0,-0.6,-616.53,87.5,0.0,-529.029,2.376,-878.937,0.0,-876.561
16.13447277189698,15806,2,7,6,-0.330246,-0.317998,-0.587897,-0.392225,-617.506,-623.0,-889.425,0.0,-889,-589,-0.314159,-0.587,0.0,0.0,-0.587,-704.419,86.913,0.0,-617.506,4.394,-893.82,0.0,-889.425
16.147948032943532,15811,2,7,6,-0.331981,-0.319906,-0.579583,-0.390981,-592.596,-603.0,-882.946,0.0,-882,-586,-0.314159,-0.579,0.0,0.0,-0.579,-678.966,86.369,0.0,-592.596,8.322,-891.269,0.0,-882.946
16.147948032943532,15816,2,7,6,-0.333634,-0.321771,-0.569429,-0.359913,-668.516,-618.0,-958.589,0.0,-958,-636,-0.314159,-0.569,0.0,0.0,-0.569,-754.257,85.741,0.0,-668.516,-40.412,-918.177,0.0,-958.589
16.159195445943624,15821,2,7,6,-0.335205,-0.323516,-0.561102,-0.343118,-699.655,-684.0,-947.739,0.0,-947,-664,-0.314159,-0.561,0.0,0.0,-0.561,-784.743,85.087,0.0,-699.655,-12.524,-935.214,0.0,-947.739
16.159195445943624,15826,2,7,6,-0.336694,-0.325181,-0.552598,-0.339269,-683.535,-667.0,-957.28,0.0,-957,-653,-0.314159,-0.552,0.0,0.0,-0.552,-767.983,84.447,0.0,-683.535,-13.228,-944.052,0.0,-957.28
16.1704198399093,15835,2,7,6,-0.339163,-0.328135,-0.529365,-0.328569,-639.73,-660.0,-945.422,0.0,-945,-629,-0.314159,-0.529,0.0,0.0,-0.529,-722.863,83.133,0.0,-639.73,16.215,-961.638,0.0,-945.422
16.1704198399093,15840,2,7,6,-0.340418,-0.329829,-0.508253,-0.353117,-475.821,-582.0,-814.113,0.0,-814,-548,-0.314159,-0.508,0.0,0.0,-0.508,-558.489,82.668,0.0,-475.821,84.943,-899.056,0.0,-814.113
16.181859286967665,15846,2,7,6,-0.341589,-0.331563,-0.481256,-0.328833,-466.515,-546.0,-795.089,0.0,-795,-546,-0.314159,-0.481,0.0,0.0,-0.481,-548.724,82.209,0.0,-466.515,63.587,-858.677,0.0,-795.089
16.181859286967665,15851,2,7,6,-0.342882,-0.333571,-0.446971,-0.311233,-406.855,-531.0,-700.992,0.0,-700,-515,-0.314159,-0.446,0.0,0.0,-0.446,-488.657,81.801,0.0,-406.855,99.315,-800.307,0.0,-700.992
16.193417513975874,15856,2,7,6,-0.343868,-0.335187,-0.41665,-0.299542,-340.138,-450.0,-647.427,0.0,-647,-466,-0.314159,-0.416,0.0,0.0,-0.416,-421.589,81.45,0.0,-340.138,87.889,-735.316,0.0,-647.427
16.193417513975874,15861,2,7,6,-0.344768,-0.336662,-0.389086,-0.27765,-320.051,-418.0,-597.319,0.0,-597,-450,-0.209439,-0.389,0.0,0.0,-0.389,-401.168,81.116,0.0,-320.051,78.358,-675.678,0.0,-597.319
16.204446369898506,15866,2,7,6,-0.345583,-0.337968,-0.365542,-0.265932,-277.781,-402.0,-506.937,0.0,-506,-418,-0.209439,-0.365,0.0,0.0,-0.365,-358.599,80.817,0.0,-277.781,99.374,-606.312,0.0,-506.937
16.204446369898506,15871,2,7,6,-0.346313,-0.339064,-0.347953,-0.211688,-410.143,-464.0,-550.196,0.0,-550,-450,-0.209439,-0.347,0.0,0.0,-0.347,-490.551,80.408,0.0,-410.143,43.085,-593.282,0.0,-550.196
16.204446369898506,15876,2,7,6,-0.346957,-0.339903,-0.338603,-0.15431,-583.598,-560.0,-646.203,0.0,-646,-560,-0.209439,-0.338,0.0,0.0,-0.338,-663.454,79.855,0.0,-583.598,-18.878,-627.324,0.0,-646.203
16.216295351972803,15881,2,7,6,-0.347516,-0.340606,-0.331695,-0.143552,-598.024,-593.0,-649.519,0.0,-649,-561,-0.104719,-0.331,0.0,0.0,-0.331,-677.315,79.291,0.0,-598.024,-4.019,-645.5,0.0,-649.519
16.216295351972803,15886,2,7,6,-0.347989,-0.341292,-0.321488,-0.132483,-601.696,-592.0,-668.489,0.0,-668,-592,-0.104719,-0.321,0.0,0.0,-0.321,-680.42,78.724,0.0,-601.696,-7.757,-660.732,0.0,-668.489
16.227514515980147,15891,2,7,6,-0.348377,-0.341857,-0.312928,-0.102892,-678.036,-624.0,-737.266,0.0,-737,-623,0.0,-0.312,0.0,0.0,-0.312,-756.13,78.094,0.0,-678.036,-43.229,-694.037,0.0,-737.266
16.227514515980147,15896,2,7,6,-0.348678,-0.342381,-0.302249,-0.111115,-610.563,-608.0,-694.253,0.0,-694,-623,0.0,-0.302,0.0,0.0,-0.302,-688.084,77.52,0.0,-610.563,-2.05,-692.203,0.0,-694.253
16.23873660399113,15901,2,7,6,-0.348893,-0.342883,-0.288485,-0.120108,-529.123,-577.0,-624.159,0.0,-624,-561,-0.209439,-0.288,0.0,0.0,-0.288,-606.158,77.034,0.0,-529.123,38.301,-662.46,0.0,-624.159
16.23873660399113,15906,2,7,6,-0.349022,-0.343332,-0.27311,-0.090569,-580.659,-592.0,-654.408,0.0,-654,-592,-0.104719,-0.273,0.0,0.0,-0.273,-657.147,76.488,0.0,-580.659,9.072,-663.48,0.0,-654.408
16.251006503938697,15911,2,7,6,-0.349065,-0.343642,-0.260303,-0.064558,-628.779,-623.0,-680.697,0.0,-680,-593,0.0,-0.26,0.0,0.0,-0.26,-704.681,75.901,0.0,-628.779,-4.623,-676.073,0.0,-680.697
16.251006503938697,15916,2,7,6,-0.349022,-0.343857,-0.247921,-0.031689,-703.184,-672.0,-738.848,0.0,-738,-639,-0.104719,-0.247,0.0,0.0,-0.247,-778.436,75.252,0.0,-703.184,-24.947,-713.901,0.0,-738.848
16.262482393998653,15925,2,7,6,-0.348728,-0.344381,-0.208655,-0.096447,-329.554,-465.0,-482.236,0.0,-482,-465,0.0,-0.208,0.0,0.0,-0.208,-403.948,74.394,0.0,-329.554,108.356,-590.593,0.0,-482.236
16.262482393998653,15930,2,7,6,-0.348444,-0.344768,-0.176447,-0.056603,-357.405,-465.0,-447.645,0.0,-447,-449,0.0,-0.176,0.0,0.0,-0.176,-431.44,74.034,0.0,-357.405,86.075,-533.72,0.0,-447.645
16.274125456926413,15936,2,7,6,-0.348074,-0.345017,-0.146727,-0.02746,-355.684,-416.0,-441.972,0.0,-441,-400,0.0,-0.146,0.0,0.0,-0.146,-429.359,73.675,0.0,-355.684,48.252,-490.225,0.0,-441.972
16.274125456926413,15941,2,7,6,-0.347516,-0.344969,-0.122248,0.032609,-484.276,-480.0,-498.048,0.0,-498,-480,0.0,-0.122,0.0,0.0,-0.122,-557.488,73.211,0.0,-484.276,-3.421,-494.627,0.0,-498.048
16.28532098699361,15946,2,7,6,-0.346957,-0.344749,-0.105975,0.058853,-520.666,-495.0,-518.256,0.0,-518,-511,0.0,-0.105,0.0,0.0,-0.105,-593.383,72.716,0.0,-520.666,-20.533,-497.723,0.0,-518.256
16.28532098699361,15951,2,7,6,-0.346313,-0.344537,-0.085234,0.031472,-347.778,-416.0,-392.057,0.0,-392,-417,0.0,-0.085,0.0,0.0,-0.085,-420.144,72.366,0.0,-347.778,54.577,-446.634,0.0,-392.057
16.28532098699361,15956,2,7,6,-0.345583,-0.344371,-0.058173,0.012164,-181.059,-352.0,-217.565,0.0,-217,-321,0.0,-0.058,0.0,0.0,-0.058,-253.214,72.155,0.0,-181.059,136.752,-354.317,0.0,-217.565
16.29733920993749,15961,2,7,6,-0.344768,-0.344161,-0.029135,0.055546,-232.953,-337.0,-220.815,0.0,-220,-321,0.0,-0.029,0.0,0.0,-0.029,-304.855,71.901,0.0,-232.953,83.237,-304.052,0.0,-220.815
16.30836470995564,15970,2,7,6,-0.343086,-0.343598,0.024573,0.128081,-301.423,-368.0,-234.336,0.0,-234,-337,0.0,0.024,0.0,0.0,0.024,-372.628,71.205,0.0,-301.423,53.261,-287.598,0.0,-234.336
16.30836470995564,15975,2,7,6,-0.342033,-0.343598,0.075107,0.128081,-119.659,-240.0,-112.559,0.0,-112,-256,0.0,0.075,0.0,0.0,0.075,-190.705,71.046,0.0,-119.659,96.272,-208.832,0.0,-112.559
16.319605289958417,15981,2,7,6,-0.340896,-0.342393,0.071866,0.099252,-27.626,-161.0,-14.104,0.0,-14,-146,0.0,0.071,0.0,0.0,0.071,-98.59,70.963,0.0,-27.626,106.698,-120.803,0.0,-14.104
16.319605289958417,15986,2,7,6,-0.339421,-0.341455,0.097668,0.133984,-59.887,-163.0,15.573,0.0,15,-161,0.0,0.097,0.0,0.0,0.097,-130.737,70.85,0.0,-59.887,82.49,-66.916,0.0,15.573
16.319605289958417,15991,2,7,6,-0.338099,-0.340726,0.126089,0.161893,-58.145,-146.0,51.728,0.0,51,-147,0.0,0.126,0.0,0.0,0.126,-128.892,70.747,0.0,-58.145,70.283,-18.554,0.0,51.728
16.33179498591926,15996,2,7,6,-0.336693,-0.339886,0.153219,0.169335,12.681,-96.0,131.096,0.0,131,-128,0.104719,0.153,0.0,0.0,0.153,-58.017,70.698,0.0,12.681,86.944,44.151,0.0,131.096
16.33179498591926,16001,2,7,6,-0.335205,-0.339002,0.182244,0.186748,54.469,-34.0,178.546,0.0,178,-65,0.0,0.182,0.0,0.0,0.182,-16.215,70.685,0.0,54.469,70.775,107.77,0.0,178.546
16.343234822968952,16006,2,7,6,-0.333634,-0.338092,0.213961,0.180895,189.821,63.0,302.522,0.0,302,31,0.104719,0.213,0.0,0.0,0.213,119.036,70.784,0.0,189.821,101.456,201.065,0.0,302.522
16.354528616997413,16015,2,7,6,-0.330599,-0.336166,0.267229,0.248777,137.348,62.0,369.468,0.0,369,48,0.209439,0.267,0.0,0.0,0.267,66.425,70.922,0.0,137.348,60.278,309.189,0.0,369.468
16.354528616997413,16020,2,7,6,-0.328799,-0.33482,0.289046,0.273162,128.152,64.0,394.532,0.0,394,79,0.209439,0.289,0.0,0.0,0.289,57.181,70.97,0.0,128.152,51.321,343.211,0.0,394.532
16.354528616997413,16026,2,7,6,-0.326917,-0.333328,0.307708,0.3123,54.425,16.0,378.697,0.0,378,49,0.209439,0.307,0.0,0.0,0.307,-16.531,70.956,0.0,54.425,30.74,347.957,0.0,378.697
16.366547426907346,16031,2,7,6,-0.324553,-0.331406,0.328971,0.331154,63.093,48.0,367.633,0.0,367,45,0.209439,0.328,0.0,0.0,0.328,-7.857,70.95,0.0,63.093,12.074,355.559,0.0,367.633
16.366547426907346,16036,2,7,6,-0.322494,-0.329761,0.348787,0.304469,230.626,159.0,474.743,0.0,474,129,0.314159,0.348,0.0,0.0,0.348,159.543,71.083,0.0,230.626,57.301,417.442,0.0,474.743
16.3782050939044,16041,2,7,6,-0.320356,-0.32802,0.367847,0.35015,134.843,98.0,459.712,0.0,459,78,0.209439,0.367,0.0,0.0,0.367,63.707,71.136,0.0,134.843,29.475,430.237,0.0,459.712
16.3782050939044,16046,2,7,6,-0.318139,-0.326116,0.382867,0.394252,30.118,34.0,415.946,0.0,415,62,0.314159,0.382,0.0,0.0,0.382,-40.983,71.102,0.0,30.118,-3.105,419.051,0.0,415.946
16.38967581198085,16051,2,7,6,-0.315844,-0.324068,0.394751,0.407729,24.342,17.0,419.502,0.0,419,31,0.314159,0.394,0.0,0.0,0.394,-46.72,71.063,0.0,24.342,5.874,413.628,0.0,419.502
16.38967581198085,16056,2,7,6,-0.31347,-0.321909,0.405043,0.427129,-8.513,0.0,390.651,0.0,390,0,0.209439,0.405,0.0,0.0,0.405,-79.51,70.996,0.0,-8.513,-6.81,397.461,0.0,390.651
16.38967581198085,16061,2,7,6,-0.311019,-0.319704,0.416842,0.41662,71.797,34.0,453.279,0.0,453,48,0.314159,0.416,0.0,0.0,0.416,0.8,70.997,0.0,71.797,30.238,423.041,0.0,453.279
16.401687016012147,16066,2,7,6,-0.308492,-0.317508,0.432792,0.436303,58.347,97.0,394.361,0.0,394,52,0.314159,0.432,0.0,0.0,0.432,-12.639,70.987,0.0,58.347,-30.922,425.283,0.0,394.361
16.401687016012147,16071,2,7,6,-0.305888,-0.315283,0.450937,0.438876,114.441,114.0,447.423,0.0,447,85,0.314159,0.45,0.0,0.0,0.45,43.418,71.023,0.0,114.441,0.353,447.07,0.0,447.423
16.41292778996285,16076,2,7,6,-0.303209,-0.312998,0.469881,0.463002,95.809,72.0,473.047,0.0,473,84,0.418879,0.469,0.0,0.0,0.469,24.765,71.043,0.0,95.809,19.047,453.999,0.0,473.047
16.41292778996285,16081,2,7,6,-0.300455,-0.310704,0.491934,0.460854,183.02,133.0,528.05,0.0,528,132,0.314159,0.491,0.0,0.0,0.491,111.887,71.133,0.0,183.02,40.016,488.034,0.0,528.05
16.424172797007486,16086,2,7,6,-0.297627,-0.30839,0.516649,0.467084,249.715,187.0,581.708,0.0,581,187,0.314159,0.516,0.0,0.0,0.516,178.433,71.282,0.0,249.715,50.172,531.535,0.0,581.708
16.424172797007486,16091,2,7,6,-0.294725,-0.306025,0.542359,0.474221,316.783,245.0,644.698,0.0,644,235,0.314159,0.542,0.0,0.0,0.542,245.297,71.486,0.0,316.783,57.427,587.27,0.0,644.698
16.436420615995303,16096,2,7,6,-0.291751,-0.303583,0.567914,0.48978,353.001,260.0,716.383,0.0,716,243,0.314159,0.567,0.0,0.0,0.567,281.281,71.72,0.0,353.001,74.401,641.981,0.0,716.383
16.436420615995303,16105,2,7,6,-0.286217,-0.298728,0.600547,0.561657,211.98,194.0,662.913,0.0,662,195,0.314159,0.6,0.0,0.0,0.6,140.005,71.975,0.0,211.98,14.384,648.529,0.0,662.913
16.44742632599082,16110,2,7,6,-0.283043,-0.295869,0.615675,0.562956,261.918,213.0,710.726,0.0,710,243,0.418879,0.615,0.0,0.0,0.615,189.785,72.133,0.0,261.918,39.135,671.591,0.0,710.726
16.44742632599082,16116,2,7,6,-0.279799,-0.293004,0.633856,0.559825,338.868,268.0,769.53,0.0,769,257,0.418879,0.633,0.0,0.0,0.633,266.512,72.356,0.0,338.868,56.694,712.835,0.0,769.53
16.45936699293088,16121,2,7,6,-0.275815,-0.289423,0.653168,0.601572,258.258,232.0,740.269,0.0,740,239,0.523598,0.653,0.0,0.0,0.653,185.747,72.51,0.0,258.258,21.006,719.263,0.0,740.269
16.45936699293088,16126,2,7,6,-0.272421,-0.286354,0.668768,0.623853,234.339,232.0,719.477,0.0,719,239,0.418879,0.668,0.0,0.0,0.668,161.694,72.645,0.0,234.339,1.871,717.605,0.0,719.477
16.45936699293088,16131,2,7,6,-0.268959,-0.283239,0.685428,0.634101,257.577,240.0,741.116,0.0,741,240,0.418879,0.685,0.0,0.0,0.685,184.777,72.799,0.0,257.577,14.061,727.054,0.0,741.116
16.471472968929447,16136,2,7,6,-0.265431,-0.280086,0.703458,0.653104,254.222,231.0,747.873,0.0,747,258,0.523598,0.703,0.0,0.0,0.703,181.272,72.95,0.0,254.222,18.578,729.295,0.0,747.873
16.471472968929447,16141,2,7,6,-0.261837,-0.276869,0.721492,0.64725,340.447,306.0,784.5,0.0,784,306,0.418879,0.721,0.0,0.0,0.721,267.273,73.173,0.0,340.447,27.557,756.942,0.0,784.5
16.48262398992665,16146,2,7,6,-0.258179,-0.273624,0.741368,0.63901,441.969,364.0,874.289,0.0,874,371,0.523598,0.741,0.0,0.0,0.741,368.489,73.48,0.0,441.969,62.375,811.913,0.0,874.289
16.48262398992665,16151,2,7,6,-0.254457,-0.27034,0.762385,0.670482,404.605,364.0,867.588,0.0,867,357,0.418879,0.762,0.0,0.0,0.762,330.849,73.756,0.0,404.605,32.484,835.103,0.0,867.588
16.494069691980258,16156,2,7,6,-0.250673,-0.26696,0.781794,0.669301,479.067,410.0,933.366,0.0,933,417,0.523598,0.781,0.0,0.0,0.781,404.973,74.093,0.0,479.067,55.253,878.112,0.0,933.366
16.494069691980258,16161,2,7,6,-0.246826,-0.263607,0.805486,0.676684,538.167,482.0,965.593,0.0,965,465,0.523598,0.805,0.0,0.0,0.805,463.687,74.48,0.0,538.167,44.934,920.659,0.0,965.593
16.494069691980258,16166,2,7,6,-0.242919,-0.26031,0.834769,0.654261,724.85,586.0,1132.591,0.0,1132,568,0.523598,0.834,0.0,0.0,0.834,649.829,75.021,0.0,724.85,111.08,1021.511,0.0,1132.591
16.506322806933895,16171,2,7,6,-0.238951,-0.257038,0.868144,0.650947,857.582,678.0,1277.427,0.0,1277,687,0.523598,0.868,0.0,0.0,0.868,781.909,75.673,0.0,857.582,143.665,1133.762,0.0,1277.427
16.506322806933895,16176,2,7,6,-0.234925,-0.253636,0.89814,0.694008,811.139,702.0,1286.433,0.0,1286,672,0.523598,0.898,0.0,0.0,0.898,734.877,76.262,0.0,811.139,87.311,1199.121,0.0,1286.433
16.517380449920893,16181,2,7,6,-0.230841,-0.250078,0.92337,0.717178,819.17,709.0,1350.327,0.0,1350,722,0.523598,0.923,0.0,0.0,0.923,742.29,76.88,0.0,819.17,88.136,1262.191,0.0,1350.327
16.517380449920893,16186,2,7,6,-0.226699,-0.246275,0.939615,0.779297,654.504,655.0,1258.612,0.0,1258,638,0.628318,0.939,0.0,0.0,0.939,577.142,77.361,0.0,654.504,-0.396,1259.008,0.0,1258.612
16.528545189998113,16195,2,7,6,-0.219105,-0.238797,0.945201,0.855323,401.567,483.0,1094.886,0.0,1094,486,0.523598,0.945,0.0,0.0,0.945,323.563,78.004,0.0,401.567,-65.145,1160.031,0.0,1094.886
16.539437550934963,16200,2,7,6,-0.21481,-0.234551,0.947571,0.84289,455.17,497.0,1103.552,0.0,1103,497,0.628318,0.947,0.0,0.0,0.947,376.852,78.318,0.0,455.17,-33.463,1137.016,0.0,1103.552
16.539437550934963,16206,2,7,6,-0.210461,-0.230395,0.956832,0.825627,551.052,562.0,1132.799,0.0,1132,545,0.523598,0.956,0.0,0.0,0.956,472.339,78.713,0.0,551.052,-8.757,1141.557,0.0,1132.799
16.539437550934963,16211,2,7,6,-0.205175,-0.225458,0.973579,0.797286,713.897,640.0,1255.028,0.0,1255,639,0.523598,0.973,0.0,0.0,0.973,634.655,79.241,0.0,713.897,59.118,1195.91,0.0,1255.028
16.55105340993032,16216,2,7,6,-0.200714,-0.221268,0.986566,0.829481,645.218,623.0,1227.28,0.0,1227,607,0.523598,0.986,0.0,0.0,0.986,565.505,79.713,0.0,645.218,17.775,1209.505,0.0,1227.28
16.55105340993032,16221,2,7,6,-0.196203,-0.216896,0.993243,0.882697,478.011,526.0,1128.527,0.0,1128,526,0.523598,0.993,0.0,0.0,0.993,397.966,80.044,0.0,478.011,-38.39,1166.918,0.0,1128.527
16.562185406917706,16226,2,7,6,-0.191644,-0.212355,0.994123,0.905077,400.878,496.0,1039.603,0.0,1039,481,0.523598,0.994,0.0,0.0,0.994,320.566,80.311,0.0,400.878,-76.096,1115.7,0.0,1039.603
16.562185406917706,16231,2,7,6,-0.187038,-0.207772,0.995248,0.906258,400.941,465.0,1025.598,0.0,1025,466,0.418879,0.995,0.0,0.0,0.995,320.362,80.578,0.0,400.941,-51.246,1076.845,0.0,1025.598
16.573438963969238,16236,2,7,6,-0.182386,-0.203216,0.999871,0.882194,504.568,528.0,1061.041,0.0,1061,497,0.523598,0.999,0.0,0.0,0.999,423.636,80.931,0.0,504.568,-18.744,1079.786,0.0,1061.041
16.573438963969238,16241,2,7,6,-0.177688,-0.198711,1.009094,0.902657,464.424,471.0,1059.696,0.0,1059,498,0.523598,1.009,0.0,0.0,1.009,383.173,81.251,0.0,464.424,-5.26,1064.956,0.0,1059.696
16.5856078309007,16246,2,7,6,-0.172947,-0.194242,1.022144,0.898006,528.519,513.0,1088.66,0.0,1088,502,0.418879,1.022,0.0,0.0,1.022,446.895,81.623,0.0,528.519,12.415,1076.244,0.0,1088.66
16.5856078309007,16251,2,7,6,-0.168163,-0.189699,1.033711,0.909384,529.575,522.0,1088.276,0.0,1088,506,0.523598,1.033,0.0,0.0,1.033,447.578,81.996,0.0,529.575,6.06,1082.216,0.0,1088.276
16.5856078309007,16256,2,7,6,-0.163337,-0.18506,1.042689,0.938507,457.363,475.0,1046.531,0.0,1046,489,0.523598,1.042,0.0,0.0,1.042,375.054,82.309,0.0,457.363,-14.109,1060.64,0.0,1046.531
16.596979182912037,16261,2,7,6,-0.158472,-0.180338,1.049559,0.953682,427.751,462.0,1008.269,0.0,1008,461,0.523598,1.049,0.0,0.0,1.049,345.154,82.596,0.0,427.751,-27.399,1035.668,0.0,1008.269
16.596979182912037,16266,2,7,6,-0.153567,-0.17563,1.059031,0.958025,446.509,479.0,996.288,0.0,996,465,0.628318,1.059,0.0,0.0,1.059,363.62,82.888,0.0,446.509,-25.992,1022.281,0.0,996.288
16.6083788999822,16271,2,7,6,-0.148624,-0.170797,1.064303,0.954344,479.071,485.0,1018.309,0.0,1018,490,0.628318,1.064,0.0,0.0,1.064,395.853,83.218,0.0,479.071,-4.742,1023.052,0.0,1018.309
16.6083788999822,16276,2,7,6,-0.143645,-0.165952,1.070738,0.965644,461.871,497.0,980.24,0.0,980,484,0.628318,1.07,0.0,0.0,1.07,378.338,83.533,0.0,461.871,-28.102,1008.342,0.0,980.24
16.61761142499745,16285,2,7,6,-0.134594,-0.157469,1.097998,0.92611,703.249,620.0,1141.507,0.0,1141,639,0.733038,1.097,0.0,0.0,1.097,618.798,84.451,0.0,703.249,66.599,1074.907,0.0,1141.507
16.61761142499745,16290,2,7,6,-0.129518,-0.152842,1.119584,0.918564,808.725,694.0,1232.971,0.0,1232,712,0.733038,1.119,0.0,0.0,1.119,723.671,85.054,0.0,808.725,91.78,1141.19,0.0,1232.971
16.631000240915455,16296,2,7,6,-0.12441,-0.148282,1.145838,0.923085,887.637,747.0,1328.206,0.0,1328,757,0.733038,1.145,0.0,0.0,1.145,801.912,85.724,0.0,887.637,112.509,1215.696,0.0,1328.206
16.631000240915455,16301,2,7,6,-0.118241,-0.142668,1.172478,0.941085,919.431,794.0,1384.33,0.0,1384,795,0.942477,1.172,0.0,0.0,1.172,833.012,86.418,0.0,919.431,100.344,1283.985,0.0,1384.33
16.642568698967807,16306,2,7,6,-0.113068,-0.137683,1.181541,1.017178,678.62,696.0,1245.193,0.0,1245,686,0.942477,1.181,0.0,0.0,1.181,591.708,86.911,0.0,678.62,-13.903,1259.097,0.0,1245.193
16.642568698967807,16311,2,7,6,-0.107867,-0.132371,1.176187,1.086453,410.223,529.0,1072.522,0.0,1072,540,1.047197,1.176,0.0,0.0,1.176,323.042,87.181,0.0,410.223,-95.02,1167.543,0.0,1072.522
16.65412653493695,16316,2,7,6,-0.102639,-0.126806,1.160038,1.105426,283.946,443.0,938.348,0.0,938,455,1.151917,1.16,0.0,0.0,1.16,196.601,87.344,0.0,283.946,-127.243,1065.591,0.0,938.348
16.65412653493695,16321,2,7,6,-0.097386,-0.121251,1.145517,1.095942,265.962,426.0,855.747,0.0,855,406,1.047197,1.145,0.0,0.0,1.145,178.468,87.493,0.0,265.962,-128.03,983.777,0.0,855.747
16.666256043943577,16326,2,7,6,-0.092108,-0.115885,1.141287,1.06325,368.659,432.0,903.93,0.0,903,432,1.047197,1.141,0.0,0.0,1.141,280.932,87.727,0.0,368.659,-50.672,954.602,0.0,903.93
16.666256043943577,16331,2,7,6,-0.086809,-0.110673,1.145515,1.02527,520.972,508.0,985.995,0.0,985,518,0.942477,1.145,0.0,0.0,1.145,432.884,88.088,0.0,520.972,10.378,975.617,0.0,985.995
16.666256043943577,16336,2,7,6,-0.081487,-0.105541,1.154579,1.029968,537.061,516.0,1002.412,0.0,1002,518,0.942477,1.154,0.0,0.0,1.154,448.598,88.462,0.0,537.061,16.849,985.563,0.0,1002.412
16.67880059790332,16341,2,7,6,-0.076145,-0.10038,1.163268,1.042662,523.006,515.0,994.492,0.0,994,515,0.942477,1.163,0.0,0.0,1.163,434.182,88.824,0.0,523.006,6.405,988.087,0.0,994.492
16.67880059790332,16346,2,7,6,-0.070785,-0.095146,1.169329,1.048546,524.005,513.0,1000.063,0.0,1000,515,0.942477,1.169,0.0,0.0,1.169,434.818,89.186,0.0,524.005,8.804,991.258,0.0,1000.063
16.690447544911876,16351,2,7,6,-0.065407,-0.08974,1.167954,1.084485,389.926,450.0,895.92,0.0,895,450,0.837758,1.167,0.0,0.0,1.167,300.488,89.437,0.0,389.926,-48.059,943.979,0.0,895.92
16.690447544911876,16356,2,7,6,-0.060014,-0.084261,1.163851,1.091706,349.367,433.0,830.371,0.0,830,451,0.837758,1.163,0.0,0.0,1.163,259.722,89.644,0.0,349.367,-66.906,897.277,0.0,830.371
16.690447544911876,16361,2,7,6,-0.054605,-0.078913,1.166778,1.034451,566.418,547.0,945.261,0.0,945,565,0.733038,1.166,0.0,0.0,1.166,476.376,90.041,0.0,566.418,15.534,929.726,0.0,945.261
16.70226900000125,16366,2,7,6,-0.049183,-0.073913,1.187027,0.969721,872.995,724.0,1160.225,0.0,1160,743,0.733038,1.187,0.0,0.0,1.187,782.301,90.693,0.0,872.995,119.196,1041.029,0.0,1160.225
16.711536676972173,16375,2,7,6,-0.039393,-0.065686,1.262067,0.932366,1279.574,1032.0,1564.064,0.0,1564,1027,0.733038,1.262,0.0,0.0,1.262,1186.924,92.649,0.0,1279.574,198.059,1366.005,0.0,1564.064
16.711536676972173,16380,2,7,6,-0.033941,-0.061081,1.302716,0.949173,1366.463,1119.0,1701.056,0.0,1701,1127,0.837758,1.302,0.0,0.0,1.302,1272.753,93.71,0.0,1366.463,197.97,1503.085,0.0,1701.056
16.722955967998132,16386,2,7,6,-0.028479,-0.056192,1.33022,1.016015,1225.792,1085.0,1680.06,0.0,1680,1107,0.837758,1.33,0.0,0.0,1.33,1131.135,94.656,0.0,1225.792,112.633,1567.427,0.0,1680.06
16.722955967998132,16391,2,7,6,-0.021917,-0.049819,1.339272,1.092747,982.886,979.0,1549.195,0.0,1549,986,0.942477,1.339,0.0,0.0,1.339,887.49,95.395,0.0,982.886,3.109,1546.086,0.0,1549.195
16.722955967998132,16396,2,7,6,-0.016443,-0.044053,1.325319,1.159471,692.946,822.0,1351.479,0.0,1351,811,0.942477,1.325,0.0,0.0,1.325,597.053,95.893,0.0,692.946,-103.242,1454.722,0.0,1351.479
16.736598560935818,16401,2,7,6,-0.010963,-0.038038,1.299587,1.196342,467.883,650.0,1181.596,0.0,1181,685,1.047197,1.299,0.0,0.0,1.299,371.679,96.203,0.0,467.883,-145.693,1327.29,0.0,1181.596
16.736598560935818,16406,2,7,6,-0.005482,-0.031894,1.26774,1.21571,283.666,519.0,983.055,0.0,983,554,0.942477,1.267,0.0,0.0,1.267,187.307,96.359,0.0,283.666,-188.266,1171.322,0.0,983.055
16.74807620199863,16411,2,7,6,0.0,-0.025759,1.236465,1.2027,218.016,453.0,845.492,0.0,845,435,0.837758,1.236,0.0,0.0,1.236,121.556,96.46,0.0,218.016,-187.986,1033.479,0.0,845.492
16.74807620199863,16416,2,7,6,0.005483,-0.019945,1.220578,1.145194,368.066,511.0,866.581,0.0,866,500,0.837758,1.22,0.0,0.0,1.22,271.379,96.686,0.0,368.066,-114.346,980.928,0.0,866.581
16.759975114953704,16421,2,7,6,0.010964,-0.014455,1.220184,1.049979,709.936,686.0,1058.901,0.0,1058,642,0.837758,1.22,0.0,0.0,1.22,612.738,97.197,0.0,709.936,19.148,1039.752,0.0,1058.901
16.759975114953704,16426,2,7,6,0.016443,-0.009327,1.23703,1.009509,916.953,803.0,1223.879,0.0,1223,774,0.733038,1.237,0.0,0.0,1.237,819.074,97.879,0.0,916.953,91.163,1132.716,0.0,1223.879
16.759975114953704,16431,2,7,6,0.021918,-0.004283,1.257683,1.004018,1011.833,876.0,1337.975,0.0,1337,894,0.837758,1.257,0.0,0.0,1.257,913.193,98.64,0.0,1011.833,108.667,1229.307,0.0,1337.975
16.77121436991729,16436,2,7,6,0.027387,0.000785,1.276891,1.022967,1013.53,900.0,1382.372,0.0,1382,899,0.837758,1.276,0.0,0.0,1.276,914.127,99.402,0.0,1013.53,90.824,1291.547,0.0,1382.372
16.77121436991729,16441,2,7,6,0.03285,0.005992,1.289167,1.041568,991.501,921.0,1389.884,0.0,1389,917,0.837758,1.289,0.0,0.0,1.289,891.356,100.145,0.0,991.501,56.401,1333.483,0.0,1389.884
16.782603231957182,16446,2,7,6,0.038304,0.011323,1.295122,1.093936,824.996,862.0,1283.038,0.0,1283,830,0.837758,1.295,0.0,0.0,1.295,724.27,100.726,0.0,824.996,-29.602,1312.641,0.0,1283.038
16.782603231957182,16451,2,7,6,0.043749,0.01677,1.295015,1.088701,844.073,824.0,1332.54,0.0,1332,838,0.837758,1.295,0.0,0.0,1.295,742.728,101.344,0.0,844.073,16.058,1316.481,0.0,1332.54
16.79383556090761,16456,2,7,6,0.049183,0.022092,1.300379,1.042295,1031.221,950.0,1446.505,0.0,1446,962,0.733038,1.3,0.0,0.0,1.3,929.102,102.119,0.0,1031.221,64.977,1381.528,0.0,1446.505
16.805303744971752,16465,2,7,6,0.058934,0.031453,1.319068,1.029762,1145.357,1038.0,1586.969,0.0,1586,1055,0.837758,1.319,0.0,0.0,1.319,1041.499,103.857,0.0,1145.357,85.885,1501.083,0.0,1586.969
16.805303744971752,16470,2,7,6,0.064331,0.036687,1.326908,1.047273,1111.383,1038.0,1594.775,0.0,1594,1054,0.837758,1.326,0.0,0.0,1.326,1006.687,104.696,0.0,1111.383,58.707,1536.068,0.0,1594.775
16.805303744971752,16475,2,7,6,0.069712,0.041977,1.331251,1.078984,1013.613,1009.0,1537.925,0.0,1537,1009,0.837758,1.331,0.0,0.0,1.331,908.159,105.453,0.0,1013.613,3.69,1534.234,0.0,1537.925
16.816840464947745,16481,2,7,6,0.075076,0.047462,1.325455,1.115861,860.622,949.0,1414.242,0.0,1414,934,0.837758,1.325,0.0,0.0,1.325,754.538,106.084,0.0,860.622,-70.702,1484.944,0.0,1414.242
16.816840464947745,16486,2,7,6,0.081488,0.054201,1.309755,1.117277,799.585,890.0,1359.563,0.0,1359,844,0.837758,1.309,0.0,0.0,1.309,692.923,106.661,0.0,799.585,-72.331,1431.895,0.0,1359.563
16.828083467902616,16491,2,7,6,0.086809,0.059994,1.287123,1.155128,582.241,750.0,1195.788,0.0,1195,718,0.837758,1.287,0.0,0.0,1.287,475.184,107.057,0.0,582.241,-134.206,1329.994,0.0,1195.788
16.828083467902616,16496,2,7,6,0.092109,0.065776,1.263991,1.176512,422.245,643.0,1031.492,0.0,1031,630,0.837758,1.263,0.0,0.0,1.263,314.925,107.32,0.0,422.245,-176.603,1208.096,0.0,1031.492
16.83910153596662,16501,2,7,6,0.097386,0.071477,1.243618,1.124589,536.181,652.0,1060.504,0.0,1060,672,0.837758,1.243,0.0,0.0,1.243,428.504,107.677,0.0,536.181,-92.654,1153.159,0.0,1060.504
16.83910153596662,16506,2,7,6,0.102639,0.076975,1.231897,1.069158,694.026,756.0,1101.015,0.0,1101,713,0.733038,1.231,0.0,0.0,1.231,585.86,108.165,0.0,694.026,-49.578,1150.594,0.0,1101.015
16.83910153596662,16511,2,7,6,0.107867,0.082127,1.235543,0.999862,957.325,879.0,1294.229,0.0,1294,897,0.733038,1.235,0.0,0.0,1.235,848.453,108.872,0.0,957.325,62.66,1231.569,0.0,1294.229
16.85192886798177,16516,2,7,6,0.113068,0.086852,1.258375,0.908129,1370.807,1135.0,1602.806,0.0,1602,1141,0.733038,1.258,0.0,0.0,1.258,1260.884,109.923,0.0,1370.807,188.646,1414.16,0.0,1602.806
16.85192886798177,16521,2,7,6,0.118241,0.091185,1.298688,0.846875,1737.803,1387.0,1930.277,0.0,1930,1380,0.628318,1.298,0.0,0.0,1.298,1626.524,111.278,0.0,1737.803,280.642,1649.635,0.0,1930.277
16.863227499998175,16526,2,7,6,0.123386,0.095429,1.341941,0.84816,1890.371,1554.0,2133.825,0.0,2133,1561,0.733038,1.341,0.0,0.0,1.341,1777.611,112.76,0.0,1890.371,269.097,1864.727,0.0,2133.825
16.863227499998175,16531,2,7,6,0.1285,0.099818,1.376701,0.899557,1831.909,1571.0,2211.416,0.0,2211,1589,0.837758,1.376,0.0,0.0,1.376,1717.718,114.191,0.0,1831.909,208.727,2002.688,0.0,2211.416
16.875678010983393,16536,2,7,6,0.133581,0.104474,1.397166,0.946074,1739.424,1554.0,2230.5,0.0,2230,1555,0.837758,1.397,0.0,0.0,1.397,1623.931,115.493,0.0,1739.424,148.339,2082.16,0.0,2230.5
16.875678010983393,16541,2,7,6,0.13863,0.109406,1.402793,1.001857,1560.067,1502.0,2144.223,0.0,2144,1494,0.942477,1.402,0.0,0.0,1.402,1443.371,116.696,0.0,1560.067,46.454,2097.769,0.0,2144.223
16.875678010983393,16546,2,7,6,0.143646,0.114532,1.39743,1.028438,1446.173,1410.0,2123.22,0.0,2123,1475,0.942477,1.397,0.0,0.0,1.397,1328.37,117.803,0.0,1446.173,28.939,2094.281,0.0,2123.22
16.887179211946204,16555,2,7,6,0.152582,0.12401,1.371432,1.066875,1216.217,1334.0,1907.82,0.0,1907,1295,0.837758,1.371,0.0,0.0,1.371,1096.405,119.811,0.0,1216.217,-94.225,2002.045,0.0,1907.82
16.898489162907936,16560,2,7,6,0.157494,0.129303,1.35318,1.051265,1207.613,1289.0,1892.71,0.0,1892,1276,0.837758,1.353,0.0,0.0,1.353,1086.896,120.717,0.0,1207.613,-65.108,1957.819,0.0,1892.71
16.898489162907936,16565,2,7,6,0.162368,0.134619,1.331972,1.072263,1056.451,1202.0,1758.527,0.0,1758,1167,0.837758,1.331,0.0,0.0,1.331,934.954,121.496,0.0,1056.451,-116.439,1874.966,0.0,1758.527
16.910317588946782,16571,2,7,6,0.167202,0.140042,1.303687,1.08069,924.956,1080.0,1649.961,0.0,1649,1080,0.837758,1.303,0.0,0.0,1.303,802.788,122.167,0.0,924.956,-124.035,1773.997,0.0,1649.961
16.910317588946782,16576,2,7,6,0.172947,0.146694,1.260149,1.111835,656.541,913.0,1410.184,0.0,1410,897,0.837758,1.26,0.0,0.0,1.26,533.929,122.612,0.0,656.541,-205.166,1615.351,0.0,1410.184
16.910317588946782,16581,2,7,6,0.177689,0.152369,1.215366,1.132348,421.727,735.0,1174.231,0.0,1174,734,0.837758,1.215,0.0,0.0,1.215,298.865,122.861,0.0,421.727,-250.617,1424.848,0.0,1174.231
16.9218142319005,16586,2,7,6,0.182386,0.157969,1.172043,1.104512,366.176,638.0,1052.424,0.0,1052,622,0.733038,1.172,0.0,0.0,1.172,243.112,123.064,0.0,366.176,-217.458,1269.882,0.0,1052.424
16.9218142319005,16591,2,7,6,0.187039,0.163425,1.133478,1.072629,342.304,589.0,944.517,0.0,944,574,0.733038,1.133,0.0,0.0,1.133,219.057,123.246,0.0,342.304,-197.356,1141.874,0.0,944.517
16.93327012390364,16596,2,7,6,0.191645,0.168598,1.106241,1.006979,480.89,606.0,986.371,0.0,986,576,0.733038,1.106,0.0,0.0,1.106,357.345,123.544,0.0,480.89,-100.087,1086.458,0.0,986.371
16.93327012390364,16601,2,7,6,0.196204,0.173456,1.0919,0.92022,742.107,721.0,1139.981,0.0,1139,736,0.628318,1.091,0.0,0.0,1.091,618.047,124.059,0.0,742.107,16.885,1123.095,0.0,1139.981
16.944868530961685,16606,2,7,6,0.200714,0.177864,1.096798,0.870306,940.109,834.0,1281.63,0.0,1281,837,0.628318,1.096,0.0,0.0,1.096,815.369,124.739,0.0,940.109,84.887,1196.743,0.0,1281.63
16.944868530961685,16611,2,7,6,0.205176,0.181997,1.112569,0.797954,1258.299,1062.0,1507.91,0.0,1507,1052,0.523598,1.112,0.0,0.0,1.112,1132.615,125.683,0.0,1258.299,157.039,1350.87,0.0,1507.91
16.944868530961685,16616,2,7,6,0.209586,0.185701,1.146464,0.71211,1690.658,1322.0,1891.109,0.0,1891,1333,0.523598,1.146,0.0,0.0,1.146,1563.671,126.986,0.0,1690.658,294.926,1596.182,0.0,1891.109
16.956486468901858,16621,2,7,6,0.213945,0.189163,1.189522,0.67981,1963.479,1570.0,2165.758,0.0,2165,1587,0.523598,1.189,0.0,0.0,1.189,1834.963,128.515,0.0,1963.479,314.783,1850.974,0.0,2165.758
16.956486468901858,16626,2,7,6,0.218251,0.192517,1.235197,0.669105,2168.077,1745.0,2426.083,0.0,2426,1782,0.523598,1.235,0.0,0.0,1.235,2037.931,130.146,0.0,2168.077,338.462,2087.62,0.0,2426.083
16.96756223391276,16631,2,7,6,0.222503,0.195844,1.279621,0.675446,2306.989,1898.0,2642.226,0.0,2642,1947,0.628318,1.279,0.0,0.0,1.279,2175.03,131.958,0.0,2306.989,327.191,2315.035,0.0,2642.226
16.96756223391276,16636,2,7,6,0.2267,0.199207,1.319678,0.675138,2454.236,2080.0,2829.128,0.0,2829,2132,0.628318,1.319,0.0,0.0,1.319,2320.344,133.892,0.0,2454.236,299.389,2529.739,0.0,2829.128
16.97920477297157,16641,2,7,6,0.230841,0.202719,1.349864,0.718187,2409.822,2139.0,2885.969,0.0,2885,2163,0.733038,1.349,0.0,0.0,1.349,2274.035,135.787,0.0,2409.822,216.657,2669.311,0.0,2885.969
16.97920477297157,16650,2,7,6,0.238151,0.209728,1.364303,0.817821,2106.638,2057.0,2801.734,0.0,2801,2077,0.942477,1.364,0.0,0.0,1.364,1967.333,139.304,0.0,2106.638,39.71,2762.023,0.0,2801.734
16.991567919962108,16655,2,7,6,0.242131,0.214023,1.349144,0.87428,1850.241,1934.0,2631.396,0.0,2631,1933,0.942477,1.349,0.0,0.0,1.349,1709.512,140.729,0.0,1850.241,-67.006,2698.403,0.0,2631.396
16.991567919962108,16661,2,7,6,0.24605,0.218569,1.319075,0.937162,1516.765,1721.0,2395.237,0.0,2395,1713,0.837758,1.319,0.0,0.0,1.319,1374.886,141.879,0.0,1516.765,-163.387,2558.625,0.0,2395.237
17.002858813968487,16666,2,7,6,0.250673,0.224264,1.267633,0.967145,1224.535,1522.0,2136.848,0.0,2136,1508,0.942477,1.267,0.0,0.0,1.267,1081.755,142.78,0.0,1224.535,-237.971,2374.819,0.0,2136.848
17.002858813968487,16671,2,7,6,0.254458,0.229209,1.211927,0.986274,955.805,1299.0,1885.972,0.0,1885,1281,0.942477,1.211,0.0,0.0,1.211,812.348,143.457,0.0,955.805,-274.555,2160.528,0.0,1885.972
17.0150020099245,16676,2,7,6,0.25818,0.234238,1.149198,0.991274,712.459,1084.0,1634.263,0.0,1634,1074,0.837758,1.149,0.0,0.0,1.149,568.527,143.931,0.0,712.459,-297.232,1931.496,0.0,1634.263
17.0150020099245,16681,2,7,6,0.261838,0.239215,1.085874,0.995155,470.793,831.0,1396.083,0.0,1396,848,0.837758,1.085,0.0,0.0,1.085,326.59,144.203,0.0,470.793,-288.164,1684.248,0.0,1396.083
17.02636347198859,16686,2,7,6,0.265431,0.244106,1.023638,0.973956,323.208,681.0,1169.828,0.0,1169,689,0.837758,1.023,0.0,0.0,1.023,178.855,144.352,0.0,323.208,-286.233,1456.062,0.0,1169.828
17.02636347198859,16691,2,7,6,0.26896,0.248839,0.965792,0.939317,239.744,570.0,992.836,0.0,992,557,0.733038,0.965,0.0,0.0,0.965,95.312,144.431,0.0,239.744,-264.204,1257.041,0.0,992.836
17.02636347198859,16696,2,7,6,0.272421,0.25339,0.913527,0.899687,194.297,486.0,856.52,0.0,856,469,0.733038,0.913,0.0,0.0,0.913,49.824,144.473,0.0,194.297,-233.361,1089.882,0.0,856.52
17.035714966943488,16701,2,7,6,0.275816,0.257661,0.871454,0.828765,298.281,486.0,844.424,0.0,844,466,0.733038,0.871,0.0,0.0,0.871,153.68,144.601,0.0,298.281,-150.174,994.598,0.0,844.424
17.035714966943488,16706,2,7,6,0.279142,0.261544,0.844737,0.733078,546.907,576.0,973.918,0.0,973,576,0.523598,0.844,0.0,0.0,0.844,401.97,144.936,0.0,546.907,-23.274,997.192,0.0,973.918
17.04852251894772,16711,2,7,6,0.2824,0.265016,0.834403,0.654428,793.383,704.0,1134.616,0.0,1134,704,0.523598,0.834,0.0,0.0,0.834,647.907,145.476,0.0,793.383,71.506,1063.109,0.0,1134.616
17.04852251894772,16716,2,7,6,0.285588,0.268039,0.84234,0.561662,1156.728,943.0,1381.824,0.0,1381,928,0.523598,0.842,0.0,0.0,0.842,1010.442,146.286,0.0,1156.728,170.982,1210.841,0.0,1381.824
17.0598048819229,16721,2,7,6,0.288705,0.270644,0.866937,0.484783,1523.185,1183.0,1707.649,0.0,1707,1213,0.418879,0.866,0.0,0.0,0.866,1375.752,147.433,0.0,1523.185,272.148,1435.501,0.0,1707.649
17.0598048819229,16726,2,7,6,0.291751,0.272929,0.903498,0.438346,1823.374,1438.0,1989.074,0.0,1989,1470,0.418879,0.903,0.0,0.0,0.903,1674.545,148.828,0.0,1823.374,308.299,1680.774,0.0,1989.074
17.0598048819229,16731,2,7,6,0.294726,0.275039,0.944942,0.412255,2068.102,1662.0,2253.853,0.0,2253,1678,0.418879,0.944,0.0,0.0,0.944,1917.676,150.426,0.0,2068.102,324.882,1928.971,0.0,2253.853
17.07210004492663,16740,2,7,6,0.299895,0.278724,1.016218,0.415829,2315.496,1985.0,2642.542,0.0,2642,2017,0.523598,1.016,0.0,0.0,1.016,2161.399,154.096,0.0,2315.496,264.397,2378.145,0.0,2642.542
17.083087494946085,16745,2,7,6,0.302664,0.280895,1.04493,0.451197,2293.315,2053.0,2701.055,0.0,2701,2052,0.523598,1.044,0.0,0.0,1.044,2137.437,155.878,0.0,2293.315,192.252,2508.802,0.0,2701.055
17.083087494946085,16751,2,7,6,0.305359,0.283317,1.058006,0.482364,2229.922,2056.0,2733.781,0.0,2733,2093,0.523598,1.058,0.0,0.0,1.058,2072.311,157.611,0.0,2229.922,139.138,2594.643,0.0,2733.781
17.094762878958136,16756,2,7,6,0.308492,0.286474,1.056873,0.54659,1996.161,1982.0,2599.605,0.0,2599,1971,0.628318,1.056,0.0,0.0,1.056,1837.019,159.142,0.0,1996.161,11.328,2588.276,0.0,2599.605
17.094762878958136,16761,2,7,6,0.31102,0.289323,1.041428,0.572447,1848.88,1888.0,2520.192,0.0,2520,1871,0.733038,1.041,0.0,0.0,1.041,1688.331,160.549,0.0,1848.88,-31.295,2551.487,0.0,2520.192
17.094762878958136,16766,2,7,6,0.31347,0.292319,1.015256,0.602922,1646.19,1763.0,2377.935,0.0,2377,1771,0.733038,1.015,0.0,0.0,1.015,1484.404,161.786,0.0,1646.19,-93.447,2471.383,0.0,2377.935
17.10617339098826,16771,2,7,6,0.315844,0.295458,0.978538,0.634129,1402.69,1615.0,2172.829,0.0,2172,1576,0.733038,0.978,0.0,0.0,0.978,1239.871,162.819,0.0,1402.69,-169.847,2342.677,0.0,2172.829
17.10617339098826,16776,2,7,6,0.318139,0.298666,0.934744,0.648079,1195.676,1423.0,2010.029,0.0,2010,1418,0.733038,0.934,0.0,0.0,0.934,1031.997,163.679,0.0,1195.676,-181.858,2191.888,0.0,2010.029
17.117496646009386,16781,2,7,6,0.320357,0.301979,0.882109,0.653298,988.085,1242.0,1815.231,0.0,1815,1235,0.733038,0.882,0.0,0.0,0.882,823.719,164.365,0.0,988.085,-203.131,2018.363,0.0,1815.231
17.117496646009386,16786,2,7,6,0.322494,0.305343,0.823265,0.676485,693.213,969.0,1582.957,0.0,1582,1025,0.733038,0.823,0.0,0.0,0.823,528.407,164.806,0.0,693.213,-220.628,1803.586,0.0,1582.957
17.128966074902564,16791,2,7,6,0.324553,0.308701,0.760864,0.66471,511.249,851.0,1313.979,0.0,1313,848,0.523598,0.76,0.0,0.0,0.76,346.154,165.094,0.0,511.249,-271.8,1585.78,0.0,1313.979
17.128966074902564,16796,2,7,6,0.326531,0.312015,0.696773,0.630369,404.349,711.0,1151.912,0.0,1151,709,0.628318,0.696,0.0,0.0,0.696,239.055,165.293,0.0,404.349,-245.32,1397.233,0.0,1151.912
17.141153503907844,16801,2,7,6,0.328429,0.315113,0.639166,0.599954,306.574,588.0,995.316,0.0,995,615,0.418879,0.639,0.0,0.0,0.639,141.163,165.411,0.0,306.574,-225.14,1220.456,0.0,995.316
17.141153503907844,16806,2,7,6,0.330246,0.317908,0.592186,0.534431,373.502,588.0,932.919,0.0,932,578,0.418879,0.592,0.0,0.0,0.592,207.917,165.584,0.0,373.502,-171.598,1104.518,0.0,932.919
17.141153503907844,16811,2,7,6,0.331981,0.320363,0.557654,0.453475,540.93,662.0,967.062,0.0,967,643,0.418879,0.557,0.0,0.0,0.557,375.045,165.885,0.0,540.93,-96.855,1063.918,0.0,967.062
17.153323330916464,16816,2,7,6,0.333634,0.322306,0.543768,0.355331,844.826,800.0,1160.367,0.0,1160,772,0.209439,0.543,0.0,0.0,0.543,678.376,166.45,0.0,844.826,35.861,1124.506,0.0,1160.367
17.153323330916464,16821,2,7,6,0.335205,0.323819,0.546545,0.279463,1128.746,984.0,1358.947,0.0,1358,956,0.209439,0.546,0.0,0.0,0.546,961.494,167.251,0.0,1128.746,115.796,1243.15,0.0,1358.947
17.16515796794556,16830,2,7,6,0.337825,0.325656,0.584089,0.176706,1636.19,1316.0,1866.232,0.0,1866,1372,0.0,0.584,0.0,0.0,0.584,1466.578,169.611,0.0,1636.19,256.151,1610.08,0.0,1866.232
17.16515796794556,16835,2,7,6,0.339163,0.326424,0.61148,0.145537,1848.406,1529.0,2055.784,0.0,2055,1575,0.104719,0.611,0.0,0.0,0.611,1677.396,171.009,0.0,1848.406,255.524,1800.259,0.0,2055.784
17.176165884942748,16841,2,7,6,0.340418,0.327078,0.640306,0.142877,1963.249,1677.0,2200.175,0.0,2200,1685,0.0,0.64,0.0,0.0,0.64,1790.744,172.504,0.0,1963.249,228.999,1971.175,0.0,2200.175
17.176165884942748,16846,2,7,6,0.341813,0.327878,0.668872,0.150026,2041.908,1787.0,2324.846,0.0,2324,1787,0.0,0.668,0.0,0.0,0.668,1867.845,174.063,0.0,2041.908,203.927,2120.919,0.0,2324.846
17.18722834100481,16851,2,7,6,0.342883,0.32855,0.687975,0.145918,2127.094,1928.0,2420.135,0.0,2420,1908,0.104719,0.687,0.0,0.0,0.687,1951.405,175.689,0.0,2127.094,159.275,2260.86,0.0,2420.135
17.18722834100481,16856,2,7,6,0.343868,0.329272,0.700595,0.150474,2157.777,1966.0,2526.159,0.0,2526,1966,0.0,0.7,0.0,0.0,0.7,1980.437,177.339,0.0,2157.777,153.421,2372.737,0.0,2526.159
17.19880029093474,16861,2,7,6,0.344768,0.330034,0.7072,0.15259,2175.598,2012.0,2598.427,0.0,2598,2030,0.209439,0.707,0.0,0.0,0.707,1996.595,179.003,0.0,2175.598,130.878,2467.548,0.0,2598.427
17.19880029093474,16866,2,7,6,0.345583,0.330903,0.704631,0.190334,2032.015,1979.0,2531.673,0.0,2531,1960,0.209439,0.704,0.0,0.0,0.704,1851.469,180.546,0.0,2032.015,42.412,2489.261,0.0,2531.673
17.210150012979284,16876,2,7,6,0.346835,0.33263,0.681844,0.237543,1782.774,1825.0,2394.709,0.0,2394,1854,0.209439,0.681,0.0,0.0,0.681,1599.486,183.288,0.0,1782.774,-33.78,2428.489,0.0,2394.709
17.210150012979284,16881,2,7,6,0.347516,0.334445,0.627422,0.260796,1504.239,1678.0,2172.113,0.0,2172,1649,0.209439,0.627,0.0,0.0,0.627,1319.852,184.387,0.0,1504.239,-139.008,2311.121,0.0,2172.113
17.22228761599399,16886,2,7,6,0.347989,0.335885,0.58101,0.304356,1181.173,1459.0,1912.391,0.0,1912,1448,0.104719,0.581,0.0,0.0,0.581,995.955,185.217,0.0,1181.173,-222.261,2134.653,0.0,1912.391
17.22228761599399,16891,2,7,6,0.348377,0.337259,0.533656,0.269357,1137.487,1368.0,1810.628,0.0,1810,1350,0.209439,0.533,0.0,0.0,0.533,951.476,186.01,0.0,1137.487,-184.41,1995.038,0.0,1810.628
17.23275832494255,16896,2,7,6,0.348678,0.338504,0.488353,0.231594,1111.115,1284.0,1749.823,0.0,1749,1302,0.0,0.488,0.0,0.0,0.488,924.334,186.781,0.0,1111.115,-138.307,1888.131,0.0,1749.823
17.24338676093612,16906,2,7,6,0.349003,0.339879,0.437988,0.225136,954.317,1120.0,1522.631,0.0,1522,1138,0.0,0.437,0.0,0.0,0.437,766.267,188.049,0.0,954.317,-132.546,1655.177,0.0,1522.631
17.24338676093612,16915,2,7,6,0.349038,0.341101,0.380978,0.103476,1188.731,1230.0,1599.343,0.0,1599,1242,0.0,0.38,0.0,0.0,0.38,999.005,189.725,0.0,1188.731,-33.015,1632.358,0.0,1599.343
17.25510560395196,16920,2,7,6,0.348926,0.341127,0.374354,0.00492,1520.846,1408.0,1817.837,0.0,1817,1428,0.0,0.374,0.0,0.0,0.374,1329.964,190.881,0.0,1520.846,90.276,1727.56,0.0,1817.837
17.25510560395196,16925,2,7,6,0.348728,0.340756,0.382627,-0.052656,1759.211,1554.0,2018.24,0.0,2018,1560,0.0,0.382,0.0,0.0,0.382,1567.023,192.187,0.0,1759.211,164.169,1854.071,0.0,2018.24
17.266699985950254,16931,2,7,6,0.348444,0.34061,0.376031,-0.030345,1656.368,1547.0,2000.661,0.0,2000,1547,0.0,0.376,0.0,0.0,0.376,1462.956,193.411,0.0,1656.368,87.494,1913.167,0.0,2000.661
17.266699985950254,16936,2,7,6,0.347989,0.340605,0.354449,0.006528,1446.97,1439.0,1901.033,0.0,1901,1439,0.0,0.354,0.0,0.0,0.354,1252.515,194.454,0.0,1446.97,6.376,1894.656,0.0,1901.033
17.278100266936235,16941,2,7,6,0.347516,0.340776,0.323511,0.031165,1247.779,1313.0,1776.746,0.0,1776,1332,0.0,0.323,0.0,0.0,0.323,1052.447,195.331,0.0,1247.779,-52.176,1828.922,0.0,1776.746
17.278100266936235,16946,2,7,6,0.346957,0.340848,0.293269,0.017005,1190.71,1336.0,1648.982,0.0,1648,1289,0.0,0.293,0.0,0.0,0.293,994.549,196.16,0.0,1190.71,-116.231,1765.214,0.0,1648.982
17.290706422994845,16951,2,7,6,0.346313,0.340771,0.266016,-0.025556,1246.697,1325.0,1676.312,0.0,1676,1277,0.0,0.266,0.0,0.0,0.266,1049.662,197.035,0.0,1246.697,-62.641,1738.954,0.0,1676.312
17.290706422994845,16956,2,7,6,0.345583,0.340655,0.236523,-0.030875,1160.474,1241.0,1625.799,0.0,1625,1229,0.0,0.236,0.0,0.0,0.236,962.637,197.837,0.0,1160.474,-64.42,1690.219,0.0,1625.799
17.290706422994845,16961,2,7,6,0.344768,0.34044,0.207717,-0.032715,1064.115,1157.0,1553.005,0.0,1553,1193,0.0,0.207,0.0,0.0,0.207,865.557,198.558,0.0,1064.115,-74.307,1627.312,0.0,1553.005
17.302681497996673,16966,2,7,6,0.343867,0.340252,0.173552,-0.039137,964.878,1089.0,1442.018,0.0,1442,1102,0.0,0.173,0.0,0.0,0.173,765.682,199.196,0.0,964.878,-99.296,1541.315,0.0,1442.018
17.302681497996673,16971,2,7,6,0.342882,0.340089,0.134054,-0.034621,806.935,999.0,1277.129,0.0,1277,999,0.0,0.134,0.0,0.0,0.134,607.233,199.702,0.0,806.935,-153.651,1430.78,0.0,1277.129
17.313876695930958,16976,2,7,6,0.341813,0.340008,0.086637,-0.024994,601.913,819.0,1115.912,0.0,1115,819,0.0,0.086,0.0,0.0,0.086,401.876,200.036,0.0,601.913,-173.669,1289.582,0.0,1115.912
17.313876695930958,16981,2,7,6,0.340659,0.339903,0.03626,-0.019699,401.661,668.0,910.515,0.0,910,697,-0.104719,0.036,0.0,0.0,0.036,201.456,200.205,0.0,401.661,-213.071,1123.586,0.0,910.515
17.325104846968316,16986,2,7,6,0.339421,0.339728,-0.014738,-0.04347,303.724,577.0,748.193,0.0,748,541,0.0,-0.014,0.0,0.0,-0.014,103.433,200.291,0.0,303.724,-218.62,966.813,0.0,748.193
17.325104846968316,16991,2,7,6,0.338099,0.339343,-0.059723,-0.088357,303.455,541.0,667.961,0.0,667,482,-0.104719,-0.059,0.0,0.0,-0.059,103.081,200.373,0.0,303.455,-190.036,857.997,0.0,667.961
17.325104846968316,16996,2,7,6,0.336694,0.338763,-0.099339,-0.133553,323.647,482.0,648.448,0.0,648,451,-0.209439,-0.099,0.0,0.0,-0.099,123.17,200.476,0.0,323.647,-126.682,775.13,0.0,648.448
17.33640981093049,17001,2,7,6,0.335205,0.337984,-0.1334,-0.165747,317.02,434.0,616.487,0.0,616,415,-0.209439,-0.133,0.0,0.0,-0.133,116.447,200.573,0.0,317.02,-93.583,710.07,0.0,616.487
17.34753170493059,17010,2,7,6,0.332318,0.336098,-0.181444,-0.219361,337.309,378.0,593.212,0.0,593,397,-0.314159,-0.181,0.0,0.0,-0.181,136.499,200.809,0.0,337.309,-32.552,625.764,0.0,593.212
17.34753170493059,17015,2,7,6,0.330599,0.334959,-0.20925,-0.224855,257.033,331.0,512.037,0.0,512,349,-0.314159,-0.209,0.0,0.0,-0.209,56.177,200.856,0.0,257.033,-59.173,571.21,0.0,512.037
17.359159525949508,17020,2,7,6,0.328799,0.333831,-0.241571,-0.221046,126.904,247.0,392.628,0.0,392,266,-0.209439,-0.241,0.0,0.0,-0.241,-73.89,200.794,0.0,126.904,-96.076,488.704,0.0,392.628
17.359159525949508,17026,2,7,6,0.326917,0.332735,-0.279257,-0.208415,-54.449,155.0,203.627,0.0,203,127,-0.314159,-0.279,0.0,0.0,-0.279,-255.03,200.581,0.0,-54.449,-167.559,371.186,0.0,203.627
17.37103237293195,17031,2,7,6,0.324553,0.331372,-0.327323,-0.229671,-151.26,35.0,107.655,0.0,107,46,-0.314159,-0.327,0.0,0.0,-0.327,-351.549,200.288,0.0,-151.26,-149.008,256.664,0.0,107.655
17.37103237293195,17036,2,7,6,0.322494,0.330221,-0.370895,-0.240575,-269.257,-49.0,-47.367,0.0,-47,-57,-0.314159,-0.37,0.0,0.0,-0.37,-469.155,199.897,0.0,-269.257,-176.205,128.837,0.0,-47.367
17.37103237293195,17041,2,7,6,0.320356,0.32898,-0.413922,-0.253423,-378.38,-167.0,-164.926,0.0,-164,-178,-0.314159,-0.413,0.0,0.0,-0.413,-577.796,199.416,0.0,-378.38,-169.104,4.177,0.0,-164.926
17.38248799100984,17046,2,7,6,0.318139,0.327651,-0.456552,-0.281418,-431.59,-278.0,-226.489,0.0,-226,-260,-0.314159,-0.456,0.0,0.0,-0.456,-630.481,198.89,0.0,-431.59,-122.872,-103.617,0.0,-226.489
17.38248799100984,17051,2,7,6,0.315844,0.326185,-0.496407,-0.302022,-501.477,-326.0,-351.42,0.0,-351,-352,-0.314159,-0.496,0.0,0.0,-0.496,-699.785,198.307,0.0,-501.477,-140.382,-211.038,0.0,-351.42
17.394121443969198,17056,2,7,6,0.31347,0.32466,-0.537131,-0.308346,-626.003,-453.0,-467.455,0.0,-467,-443,-0.418879,-0.537,0.0,0.0,-0.537,-823.624,197.621,0.0,-626.003,-138.402,-329.053,0.0,-467.455
17.394121443969198,17061,2,7,6,0.311019,0.323029,-0.57649,-0.307426,-771.816,-582.0,-619.205,0.0,-619,-555,-0.418879,-0.576,0.0,0.0,-0.576,-968.63,196.814,0.0,-771.816,-151.853,-467.352,0.0,-619.205
17.405948416911997,17066,2,7,6,0.308492,0.321325,-0.616011,-0.343598,-784.689,-611.0,-705.211,0.0,-705,-603,-0.418879,-0.616,0.0,0.0,-0.616,-980.686,195.996,0.0,-784.689,-138.951,-566.259,0.0,-705.211
17.405948416911997,17071,2,7,6,0.305888,0.319514,-0.654034,-0.371196,-823.066,-640.0,-802.089,0.0,-802,-650,-0.418879,-0.654,0.0,0.0,-0.654,-1018.214,195.148,0.0,-823.066,-146.453,-655.636,0.0,-802.089
17.405948416911997,17076,2,7,6,0.303209,0.317625,-0.691968,-0.397586,-865.51,-705.0,-870.513,0.0,-870,-742,-0.523598,-0.691,0.0,0.0,-0.691,-1059.775,194.265,0.0,-865.51,-128.408,-742.104,0.0,-870.513
17.41709495789837,17081,2,7,6,0.300455,0.315608,-0.727343,-0.422933,-902.488,-771.0,-915.332,0.0,-915,-771,-0.523598,-0.727,0.0,0.0,-0.727,-1095.875,193.386,0.0,-902.488,-105.191,-810.141,0.0,-915.332
17.41709495789837,17086,2,7,6,0.297627,0.313398,-0.757013,-0.461067,-872.907,-768.0,-944.29,0.0,-944,-794,-0.523598,-0.757,0.0,0.0,-0.757,-1065.405,192.498,0.0,-872.907,-83.925,-860.364,0.0,-944.29
17.428945022984408,17091,2,7,6,0.294725,0.311073,-0.784691,-0.467333,-950.942,-841.0,-1012.749,0.0,-1012,-859,-0.628318,-0.784,0.0,0.0,-0.784,-1142.489,191.546,0.0,-950.942,-87.954,-924.795,0.0,-1012.749
17.428945022984408,17096,2,7,6,0.291751,0.308544,-0.80606,-0.499765,-912.034,-853.0,-999.965,0.0,-999,-829,-0.733038,-0.806,0.0,0.0,-0.806,-1102.662,190.627,0.0,-912.034,-47.227,-952.738,0.0,-999.965
17.44054501201026,17105,2,7,6,0.286216,0.303554,-0.832218,-0.593785,-669.256,-728.0,-846.259,0.0,-846,-724,-0.733038,-0.832,0.0,0.0,-0.832,-858.361,189.104,0.0,-669.256,46.994,-893.254,0.0,-846.259
17.44054501201026,17110,2,7,6,0.283043,0.300564,-0.841044,-0.613015,-632.486,-693.0,-808.578,0.0,-808,-685,-0.837758,-0.841,0.0,0.0,-0.841,-820.906,188.42,0.0,-632.486,48.41,-856.988,0.0,-808.578
17.452117544948123,17116,2,7,6,0.279799,0.297456,-0.84753,-0.624135,-616.473,-672.0,-782.576,0.0,-782,-668,-0.733038,-0.847,0.0,0.0,-0.847,-804.221,187.747,0.0,-616.473,44.42,-826.997,0.0,-782.576
17.452117544948123,17121,2,7,6,0.275816,0.293727,-0.859753,-0.62981,-640.735,-662.0,-792.697,0.0,-792,-667,-0.942477,-0.859,0.0,0.0,-0.859,-827.793,187.058,0.0,-640.735,17.011,-809.708,0.0,-792.697
17.463654645951465,17126,2,7,6,0.272421,0.290542,-0.869802,-0.624151,-698.023,-709.0,-802.825,0.0,-802,-693,-0.733038,-0.869,0.0,0.0,-0.869,-884.344,186.321,0.0,-698.023,8.78,-811.606,0.0,-802.825
17.463654645951465,17131,2,7,6,0.268959,0.287372,-0.883821,-0.635915,-706.884,-709.0,-813.476,0.0,-813,-707,-0.733038,-0.883,0.0,0.0,-0.883,-892.461,185.577,0.0,-706.884,1.692,-815.168,0.0,-813.476
17.473091493942775,17136,2,7,6,0.265431,0.284232,-0.902472,-0.618004,-839.362,-786.0,-903.338,0.0,-903,-770,-0.733038,-0.902,0.0,0.0,-0.902,-1024.086,184.723,0.0,-839.362,-42.69,-860.648,0.0,-903.338
17.473091493942775,17141,2,7,6,0.261838,0.281104,-0.924785,-0.613079,-938.353,-833.0,-1007.808,0.0,-1007,-833,-0.733038,-0.924,0.0,0.0,-0.924,-1122.142,183.788,0.0,-938.353,-84.282,-923.526,0.0,-1007.808
17.48548041190952,17151,2,7,6,0.255207,0.27731,-1.060946,-0.630907,-1366.608,-1108.0,-1355.933,0.0,-1355,-1109,-0.733038,-1.06,0.0,0.0,-1.06,-1548.138,181.53,0.0,-1366.608,-206.886,-1149.047,0.0,-1355.933
17.49662070197519,17161,2,7,6,0.2476,0.271519,-1.148083,-0.649104,-1617.367,-1343.0,-1585.255,0.0,-1585,-1343,-0.733038,-1.148,0.0,0.0,-1.148,-1796.326,178.958,0.0,-1617.367,-219.493,-1365.761,0.0,-1585.255
17.49662070197519,17166,2,7,6,0.242919,0.264747,-1.047771,-0.662697,-1208.462,-1153.0,-1405.922,0.0,-1405,-1157,-0.733038,-1.047,0.0,0.0,-1.047,-1386.265,177.803,0.0,-1208.462,-44.369,-1361.552,0.0,-1405.922
17.50898091495037,17176,2,7,6,0.235735,0.260587,-1.1929,-0.695962,-1613.751,-1446.0,-1658.752,0.0,-1658,-1367,-0.733038,-1.192,0.0,0.0,-1.192,-1788.978,175.226,0.0,-1613.751,-134.2,-1524.551,0.0,-1658.752
17.52042622596491,17181,2,7,6,0.23084,0.254383,-1.130061,-0.657078,-1528.928,-1397.0,-1702.54,0.0,-1702,-1411,-0.628318,-1.13,0.0,0.0,-1.13,-1702.736,173.808,0.0,-1528.928,-105.542,-1596.997,0.0,-1702.54
17.52042622596491,17186,2,7,6,0.2267,0.251023,-1.167544,-0.670246,-1617.955,-1483.0,-1792.438,0.0,-1792,-1470,-0.628318,-1.167,0.0,0.0,-1.167,-1790.271,172.316,0.0,-1617.955,-107.964,-1684.474,0.0,-1792.438
17.531763216946274,17195,2,7,6,0.219105,0.244779,-1.232375,-0.71543,-1691.877,-1572.0,-1948.729,0.0,-1948,-1578,-0.733038,-1.232,0.0,0.0,-1.232,-1861.003,169.125,0.0,-1691.877,-95.902,-1852.827,0.0,-1948.729
17.531763216946274,17200,2,7,6,0.21481,0.241096,-1.261749,-0.741631,-1704.858,-1599.0,-1994.798,0.0,-1994,-1610,-0.733038,-1.261,0.0,0.0,-1.261,-1872.423,167.565,0.0,-1704.858,-84.686,-1910.111,0.0,-1994.798
17.540778997004963,17206,2,7,6,0.210461,0.237228,-1.284806,-0.781142,-1647.141,-1587.0,-1987.113,0.0,-1987,-1592,-0.837758,-1.284,0.0,0.0,-1.284,-1813.19,166.048,0.0,-1647.141,-48.113,-1939.0,0.0,-1987.113
17.540778997004963,17211,2,7,6,0.205175,0.232386,-1.306155,-0.823084,-1574.457,-1553.0,-1960.406,0.0,-1960,-1561,-0.837758,-1.306,0.0,0.0,-1.306,-1739.057,164.599,0.0,-1574.457,-17.166,-1943.24,0.0,-1960.406
17.55295358900912,17216,2,7,6,0.200714,0.228142,-1.316577,-0.836849,-1563.859,-1559.0,-1951.868,0.0,-1951,-1558,-0.942477,-1.316,0.0,0.0,-1.316,-1727.019,163.16,0.0,-1563.859,-3.887,-1947.981,0.0,-1951.868
17.55295358900912,17221,2,7,6,0.196203,0.223828,-1.325988,-0.888828,-1411.926,-1449.0,-1875.669,0.0,-1875,-1449,-0.837758,-1.325,0.0,0.0,-1.325,-1573.775,161.849,0.0,-1411.926,29.658,-1905.328,0.0,-1875.669
17.56449374894146,17226,2,7,6,0.191644,0.219472,-1.335717,-0.879911,-1480.418,-1481.0,-1905.735,0.0,-1905,-1469,-0.942477,-1.335,0.0,0.0,-1.335,-1640.9,160.481,0.0,-1480.418,0.465,-1906.2,0.0,-1905.735
17.56449374894146,17231,2,7,6,0.187038,0.215133,-1.348582,-0.868993,-1567.478,-1532.0,-1964.304,0.0,-1964,-1510,-0.942477,-1.348,0.0,0.0,-1.348,-1726.521,159.042,0.0,-1567.478,-28.383,-1935.921,0.0,-1964.304
17.56449374894146,17236,2,7,6,0.182385,0.21071,-1.35956,-0.897672,-1505.138,-1491.0,-1947.76,0.0,-1947,-1491,-1.151917,-1.359,0.0,0.0,-1.359,-1662.795,157.657,0.0,-1505.138,-11.31,-1936.45,0.0,-1947.76
17.576471545966342,17241,2,7,6,0.177688,0.206043,-1.361058,-0.948702,-1328.062,-1401.0,-1824.171,0.0,-1824,-1382,-1.047197,-1.361,0.0,0.0,-1.361,-1484.482,156.42,0.0,-1328.062,58.35,-1882.521,0.0,-1824.171
17.576471545966342,17246,2,7,6,0.172947,0.201165,-1.354443,-0.976777,-1204.31,-1316.0,-1725.793,0.0,-1725,-1311,-1.047197,-1.354,0.0,0.0,-1.354,-1359.598,155.287,0.0,-1204.31,89.351,-1815.145,0.0,-1725.793
17.587789036915638,17251,2,7,6,0.168163,0.196036,-1.337915,-1.04961,-883.477,-1108.0,-1483.133,0.0,-1483,-1105,-1.151917,-1.337,0.0,0.0,-1.337,-1037.9,154.422,0.0,-883.477,179.617,-1662.75,0.0,-1483.133
17.587789036915638,17256,2,7,6,0.163337,0.190718,-1.314288,-1.073424,-713.411,-967.0,-1303.467,0.0,-1303,-953,-0.942477,-1.314,0.0,0.0,-1.314,-867.11,153.699,0.0,-713.411,202.871,-1506.338,0.0,-1303.467
17.59919118997641,17261,2,7,6,0.158472,0.185285,-1.287051,-1.083706,-578.954,-821.0,-1162.358,0.0,-1162,-821,-0.942477,-1.287,0.0,0.0,-1.287,-732.044,153.089,0.0,-578.954,193.636,-1355.994,0.0,-1162.358
17.59919118997641,17266,2,7,6,0.153567,0.179912,-1.264554,-1.061629,-578.024,-770.0,-1098.33,0.0,-1098,-768,-0.942477,-1.264,0.0,0.0,-1.264,-730.528,152.504,0.0,-578.024,153.58,-1251.911,0.0,-1098.33
17.59919118997641,17271,2,7,6,0.148624,0.174878,-1.26019,-0.973334,-881.039,-910.0,-1248.257,0.0,-1248,-862,-0.837758,-1.26,0.0,0.0,-1.26,-1032.682,151.643,0.0,-881.039,23.168,-1271.426,0.0,-1248.257
17.611340048955753,17276,2,7,6,0.143645,0.170068,-1.268308,-0.933017,-1056.411,-1006.0,-1370.457,0.0,-1370,-974,-0.733038,-1.268,0.0,0.0,-1.268,-1207.049,150.637,0.0,-1056.411,-40.329,-1330.127,0.0,-1370.457
17.622471189009957,17285,2,7,6,0.134593,0.161851,-1.30835,-0.908554,-1291.007,-1138.0,-1646.69,0.0,-1646,-1155,-0.837758,-1.308,0.0,0.0,-1.308,-1439.266,148.258,0.0,-1291.007,-122.406,-1524.284,0.0,-1646.69
17.622471189009957,17290,2,7,6,0.129518,0.160009,-1.463563,-0.918599,-1815.248,-1475.0,-2055.383,0.0,-2055,-1498,-0.733038,-1.463,0.0,0.0,-1.463,-1961.868,146.62,0.0,-1815.248,-272.198,-1783.184,0.0,-2055.383
17.63410068396479,17295,2,7,6,0.12441,0.160009,-1.708737,-0.918599,-2700.244,-2001.0,-2801.378,0.0,-2801,-2024,-0.837758,-1.708,0.0,0.0,-1.708,-2844.493,144.249,0.0,-2700.244,-559.395,-2241.982,0.0,-2801.378
17.63410068396479,17300,2,7,6,0.119272,0.160009,-1.955369,-0.918599,-3591.23,-2717.0,-3566.01,0.0,-3566,-2682,-0.942477,-1.955,0.0,0.0,-1.955,-3732.369,141.139,0.0,-3591.23,-699.384,-2866.625,0.0,-3566.01
17.63410068396479,17305,2,7,6,0.114105,0.160009,-2.203399,-0.918599,-3800.0,-2960.0,-4032.269,0.0,-4032,-2963,-1.151917,-2.203,0.0,0.0,-2.203,-4625.278,137.265,0.0,-3800.0,-672.0,-3360.269,0.0,-4032.269
17.646045223926194,17310,2,7,6,0.108909,0.160009,-2.452795,-0.918599,-3800.0,-3086.0,-4323.573,0.0,-4323,-3142,-1.466076,-2.452,0.0,0.0,-2.452,-5523.104,132.696,0.0,-3800.0,-571.2,-3752.373,0.0,-4323.573
17.646045223926194,17316,2,7,6,0.103686,0.160009,-2.703497,-0.918599,-3800.0,-3192.0,-4570.073,0.0,-4570,-3224,-1.780235,-2.703,0.0,0.0,-2.703,-6425.629,127.089,0.0,-3800.0,-486.4,-4083.673,0.0,-4570.073
17.657790082972497,17321,2,7,6,0.097385,0.09796,-0.027577,-2.094481,3800.0,1664.0,-21.559,0.0,-21,895,-2.513274,-0.027,0.0,0.0,-0.027,7440.853,127.089,0.0,3800.0,1708.8,-1730.359,0.0,-21.559
17.657790082972497,17326,2,7,6,0.092108,0.086441,0.272015,-2.407859,3800.0,1534.0,1418.698,0.0,1418,1557,-1.780235,0.272,0.0,0.0,0.272,9647.552,127.089,0.0,3800.0,1812.8,-394.101,0.0,1418.698
17.66946061095223,17331,2,7,6,0.086808,0.076792,0.48077,-1.605031,3800.0,1951.0,2122.823,0.0,2122,2017,-1.466076,0.48,0.0,0.0,0.48,7508.89,127.089,0.0,3800.0,1479.2,643.623,0.0,2122.823
17.66946061095223,17336,2,7,6,0.081487,0.069161,0.59167,-1.371885,3800.0,2358.0,2614.633,0.0,2614,2413,-1.256637,0.591,0.0,0.0,0.591,7068.8,127.089,0.0,3800.0,1153.6,1461.033,0.0,2614.633
17.66946061095223,17341,2,7,6,0.076145,0.063465,0.608635,-0.949353,3800.0,2628.0,3048.158,0.0,3048,2689,-0.733038,0.608,0.0,0.0,0.608,5608.757,127.089,0.0,3800.0,937.6,2110.558,0.0,3048.158
17.681767434929498,17346,2,7,6,0.070785,0.059968,0.519221,-0.561513,3800.0,2846.0,3397.598,0.0,3397,2893,-0.418879,0.519,0.0,0.0,0.519,3890.643,127.089,0.0,3800.0,763.2,2634.398,0.0,3397.598
17.681767434929498,17351,2,7,6,0.065408,0.058481,0.33246,-0.135647,1813.682,1897.0,2338.84,0.0,2338,1914,0.209439,0.332,0.0,0.0,0.332,1685.188,128.494,0.0,1813.682,-66.654,2405.494,0.0,2338.84
17.692910109995864,17356,2,7,6,0.060014,0.058831,0.056794,0.183675,-328.648,657.0,882.222,0.0,882,715,0.314159,0.056,0.0,0.0,0.056,-456.772,128.123,0.0,-328.648,-788.519,1670.741,0.0,882.222
17.692910109995864,17361,2,7,6,0.054605,0.059749,-0.246935,0.193132,-1457.44,-85.0,-288.118,0.0,-288,-169,0.209439,-0.246,0.0,0.0,-0.246,-1584.244,126.803,0.0,-1457.44,-1097.952,809.833,0.0,-288.118
17.704475685954094,17366,2,7,6,0.049183,0.060293,-0.533284,0.051532,-1980.292,-628.0,-1046.921,0.0,-1046,-750,0.209439,-0.533,0.0,0.0,-0.533,-2105.341,125.049,0.0,-1980.292,-1081.833,34.912,0.0,-1046.921
17.704475685954094,17375,2,7,6,0.039394,0.059941,-0.986296,-0.118339,-3004.55,-1788.0,-2439.472,0.0,-2439,-1859,0.0,-0.986,0.0,0.0,-0.986,-3124.647,120.096,0.0,-3004.55,-973.24,-1466.231,0.0,-2439.472
17.716470235958695,17380,2,7,6,0.03394,0.059036,-1.20457,-0.242696,-3345.534,-2235.0,-2992.09,0.0,-2992,-2270,-0.104719,-1.204,0.0,0.0,-1.204,-3462.746,117.211,0.0,-3345.534,-888.427,-2103.662,0.0,-2992.09
17.716470235958695,17385,2,7,6,0.028479,0.057668,-1.40104,-0.306747,-3800.0,-2739.0,-3578.827,0.0,-3578,-2756,-0.314159,-1.401,0.0,0.0,-1.401,-3939.453,113.928,0.0,-3800.0,-848.8,-2730.027,0.0,-3578.827
17.727737845969386,17391,2,7,6,0.023012,0.056096,-1.588059,-0.355475,-3800.0,-2955.0,-3878.91,0.0,-3878,-2982,-0.523598,-1.588,0.0,0.0,-1.588,-4437.305,110.257,0.0,-3800.0,-676.0,-3202.91,0.0,-3878.91
17.727737845969386,17396,2,7,6,0.016443,0.053266,-1.767548,-0.562337,-3800.0,-3092.0,-4152.139,0.0,-4152,-3103,-0.733038,-1.767,0.0,0.0,-1.767,-4338.758,106.641,0.0,-3800.0,-566.4,-3585.739,0.0,-4152.139
17.73926446295809,17401,2,7,6,0.010963,0.049833,-1.865728,-0.781633,-3799.388,-3176.0,-4414.487,0.0,-4414,-3199,-0.942477,-1.865,0.0,0.0,-1.865,-3902.743,103.355,0.0,-3799.388,-498.71,-3915.776,0.0,-4414.487
17.73926446295809,17406,2,7,6,0.005482,0.044937,-1.893868,-1.114843,-2703.471,-2628.0,-3908.931,0.0,-3908,-2677,-1.361356,-1.893,0.0,0.0,-1.893,-2804.489,101.018,0.0,-2703.471,-60.377,-3848.554,0.0,-3908.931
17.751732104923576,17411,2,7,6,0.0,0.037983,-1.823211,-1.580647,-772.939,-1514.0,-2644.551,0.0,-2644,-1531,-1.780235,-1.823,0.0,0.0,-1.823,-873.229,100.29,0.0,-772.939,592.848,-3237.4,0.0,-2644.551
17.751732104923576,17416,2,7,6,-0.005483,0.028731,-1.642323,-1.942697,1182.537,-287.0,-1074.606,0.0,-1074,-271,-1.780235,-1.642,0.0,0.0,-1.642,1081.345,101.191,0.0,1182.537,1175.629,-2250.236,0.0,-1074.606
17.751732104923576,17421,2,7,6,-0.010964,0.018305,-1.404974,-2.118955,2673.661,838.0,368.654,0.0,368,855,-1.884955,-1.404,0.0,0.0,-1.404,2570.334,103.327,0.0,2673.661,1468.529,-1099.875,0.0,368.654
17.763496160972863,17430,2,7,6,-0.020823,0.007904,-1.378937,-2.029769,2450.747,1395.0,1211.554,0.0,1211,1462,-1.361356,-1.378,0.0,0.0,-1.378,2342.993,107.754,0.0,2450.747,844.597,366.956,0.0,1211.554
17.772830148926005,17435,2,7,6,-0.026294,0.007904,-1.641524,-2.029769,1506.599,1039.0,874.345,0.0,874,1105,-0.942477,-1.641,0.0,0.0,-1.641,1397.68,108.918,0.0,1506.599,374.079,500.265,0.0,874.345
17.772830148926005,17440,2,7,6,-0.031758,0.007904,-1.903799,-2.029769,562.786,612.0,344.967,0.0,344,643,-0.837758,-1.903,0.0,0.0,-1.903,453.489,109.296,0.0,562.786,-39.37,384.338,0.0,344.967
17.78646079392638,17445,2,7,6,-0.037214,0.007904,-2.165715,-2.029769,-380.515,93.0,-343.934,0.0,-343,87,-0.523598,-2.165,0.0,0.0,-2.165,-489.404,108.889,0.0,-380.515,-378.812,34.878,0.0,-343.934
17.78646079392638,17450,2,7,6,-0.042661,0.007904,-2.427157,-2.029769,-1322.906,-537.0,-1116.132,0.0,-1116,-525,-0.523598,-2.427,0.0,0.0,-2.427,-1430.597,107.69,0.0,-1322.906,-628.725,-487.407,0.0,-1116.132
17.78646079392638,17455,2,7,6,-0.048098,0.007904,-2.68811,-2.029769,-2264.299,-1291.0,-1963.942,0.0,-1963,-1253,-0.523598,-2.688,0.0,0.0,-2.688,-2370.029,105.729,0.0,-2264.299,-778.639,-1185.303,0.0,-1963.942
17.79847500892356,17460,2,7,6,-0.053522,0.007904,-2.948494,-2.029769,-3204.554,-1962.0,-2985.151,0.0,-2985,-1952,-0.733038,-2.948,0.0,0.0,-2.948,-3307.409,102.854,0.0,-3204.554,-994.043,-1991.107,0.0,-2985.151
17.79847500892356,17465,2,7,6,-0.058934,-0.020004,-1.868665,-0.879204,-3462.172,-2339.0,-3547.483,0.0,-3547,-2366,-0.837758,-1.868,0.0,0.0,-1.868,-3562.057,99.885,0.0,-3462.172,-898.537,-2648.945,0.0,-3547.483
17.80979629000649,17470,2,7,6,-0.064331,-0.025028,-1.886544,-1.085206,-2787.335,-2188.0,-3399.862,0.0,-3399,-2179,-1.047197,-1.886,0.0,0.0,-1.886,-2884.816,97.481,0.0,-2787.335,-479.468,-2920.394,0.0,-3399.862
17.80979629000649,17475,2,7,6,-0.069712,-0.031128,-1.852042,-1.305009,-1873.479,-1785.0,-2969.575,0.0,-2969,-1750,-1.256637,-1.852,0.0,0.0,-1.852,-1969.32,95.84,0.0,-1873.479,-70.783,-2898.792,0.0,-2969.575
17.80979629000649,17481,2,7,6,-0.075076,-0.037815,-1.788518,-1.432615,-1186.481,-1404.0,-2560.72,0.0,-2560,-1387,-1.466076,-1.788,0.0,0.0,-1.788,-1281.25,94.769,0.0,-1186.481,174.014,-2734.734,0.0,-2560.72
17.822219925932586,17486,2,7,6,-0.081488,-0.047337,-1.63926,-1.719025,382.161,-472.0,-1454.983,0.0,-1454,-472,-1.780235,-1.639,0.0,0.0,-1.639,287.152,95.008,0.0,382.161,683.328,-2138.312,0.0,-1454.983
17.822219925932586,17491,2,7,6,-0.086809,-0.056214,-1.468571,-1.813518,1337.851,195.0,-523.424,0.0,-523,215,-1.570796,-1.468,0.0,0.0,-1.468,1241.807,96.043,0.0,1337.851,914.28,-1437.705,0.0,-523.424
17.834099036990665,17496,2,7,6,-0.092109,-0.065184,-1.292396,-1.609349,1238.013,338.0,-244.906,0.0,-244,405,-1.256637,-1.292,0.0,0.0,-1.292,1141.029,96.984,0.0,1238.013,720.011,-964.917,0.0,-244.906
17.834099036990665,17501,2,7,6,-0.097386,-0.072477,-1.195617,-1.292138,444.746,49.0,-536.551,0.0,-536,145,-1.256637,-1.195,0.0,0.0,-1.195,347.472,97.273,0.0,444.746,316.597,-853.148,0.0,-536.551
17.84350739500951,17506,2,7,6,-0.10264,-0.07864,-1.151973,-1.169178,159.263,2.0,-688.158,0.0,-688,49,-1.151917,-1.151,0.0,0.0,-1.151,61.938,97.325,0.0,159.263,125.811,-813.969,0.0,-688.158
17.84350739500951,17511,2,7,6,-0.107867,-0.084805,-1.106962,-1.241007,580.293,275.0,-369.763,0.0,-369,242,-1.151917,-1.106,0.0,0.0,-1.106,482.565,97.727,0.0,580.293,244.234,-613.998,0.0,-369.763
17.856365651008673,17516,2,7,6,-0.113068,-0.090826,-1.067606,-1.173636,479.753,228.0,-289.497,0.0,-289,229,-0.942477,-1.067,0.0,0.0,-1.067,381.707,98.046,0.0,479.753,201.402,-490.899,0.0,-289.497
17.856365651008673,17521,2,7,6,-0.118242,-0.096164,-1.05974,-0.978089,-196.143,-110.0,-668.263,0.0,-668,-92,-0.733038,-1.059,0.0,0.0,-1.059,-293.944,97.801,0.0,-196.143,-68.914,-599.348,0.0,-668.263
17.856365651008673,17526,2,7,6,-0.123386,-0.100878,-1.080378,-0.927381,-453.448,-274.0,-868.589,0.0,-868,-305,-0.837758,-1.08,0.0,0.0,-1.08,-550.79,97.342,0.0,-453.448,-143.558,-725.031,0.0,-868.589
17.867961863987148,17531,2,7,6,-0.128499,-0.105386,-1.109438,-0.892276,-685.091,-437.0,-1070.815,0.0,-1070,-469,-0.628318,-1.109,0.0,0.0,-1.109,-781.782,96.69,0.0,-685.091,-198.473,-872.341,0.0,-1070.815
17.867961863987148,17536,2,7,6,-0.133582,-0.109612,-1.150552,-0.772817,-1264.245,-835.0,-1493.614,0.0,-1493,-831,-0.628318,-1.15,0.0,0.0,-1.15,-1359.846,95.6,0.0,-1264.245,-343.396,-1150.218,0.0,-1493.614
17.879813628969714,17541,2,7,6,-0.138631,-0.113118,-1.22458,-0.64587,-1989.494,-1314.0,-2136.905,0.0,-2136,-1306,-0.628318,-1.224,0.0,0.0,-1.224,-2083.358,93.864,0.0,-1989.494,-540.395,-1596.51,0.0,-2136.905
17.879813628969714,17546,2,7,6,-0.143646,-0.116365,-1.309474,-0.636456,-2331.019,-1618.0,-2595.724,0.0,-2595,-1635,-0.837758,-1.309,0.0,0.0,-1.309,-2422.864,91.844,0.0,-2331.019,-570.415,-2025.308,0.0,-2595.724
17.891723777982406,17555,2,7,6,-0.152582,-0.120728,-1.528958,-0.777885,-2616.148,-1928.0,-3213.749,0.0,-3213,-1977,-1.151917,-1.528,0.0,0.0,-1.528,-2703.864,87.715,0.0,-2616.148,-550.518,-2663.23,0.0,-3213.749
17.891723777982406,17560,2,7,6,-0.157495,-0.128593,-1.387262,-1.025568,-1215.423,-1317.0,-2425.617,0.0,-2425,-1326,-1.570796,-1.387,0.0,0.0,-1.387,-1302.098,86.675,0.0,-1215.423,81.261,-2506.879,0.0,-2425.617
17.90303952700924,17565,2,7,6,-0.162368,-0.130719,-1.519172,-1.065983,-1546.164,-1418.0,-2689.519,0.0,-2689,-1400,-1.466076,-1.519,0.0,0.0,-1.519,-1631.48,85.316,0.0,-1546.164,-102.531,-2586.988,0.0,-2689.519
17.90303952700924,17570,2,7,6,-0.167202,-0.130719,-1.75117,-1.065983,-2383.412,-1832.0,-3376.046,0.0,-3376,-1855,-1.570796,-1.751,0.0,0.0,-1.751,-2466.673,83.26,0.0,-2383.412,-441.13,-2934.915,0.0,-3376.046
17.91483885492198,17576,2,7,6,-0.171994,-0.150129,-1.049495,-1.60575,2087.459,375.0,-270.288,0.0,-270,375,-1.780235,-1.049,0.0,0.0,-1.049,2002.516,84.942,0.0,2087.459,1369.967,-1640.255,0.0,-270.288
17.91483885492198,17585,2,7,6,-0.181451,-0.169408,-0.578055,-2.128163,3800.0,1961.0,2163.456,0.0,2163,2063,-0.837758,-0.578,0.0,0.0,-0.578,5580.389,84.942,0.0,3800.0,1471.2,692.255,0.0,2163.456
17.924963531899266,17591,2,7,6,-0.186112,-0.176274,-0.472217,-1.135349,2474.224,1435.0,1883.368,0.0,1883,1533,-0.418879,-0.472,0.0,0.0,-0.472,2387.276,86.947,0.0,2474.224,831.379,1051.988,0.0,1883.368
17.924963531899266,17596,2,7,6,-0.191645,-0.178182,-0.646247,-0.269192,-1271.61,-282.0,-605.267,0.0,-605,-286,0.0,-0.646,0.0,0.0,-0.646,-1357.396,85.786,0.0,-1271.61,-791.688,186.42,0.0,-605.267
17.936340446933173,17601,2,7,6,-0.196204,-0.178424,-0.85344,0.076507,-3264.842,-1609.0,-2308.792,0.0,-2308,-1564,-0.209439,-0.853,0.0,0.0,-0.853,-3347.81,82.967,0.0,-3264.842,-1324.674,-984.117,0.0,-2308.792
17.936340446933173,17606,2,7,6,-0.200715,-0.178325,-1.074715,-0.092534,-3455.797,-1964.0,-3023.222,0.0,-3023,-1991,-0.314159,-1.074,0.0,0.0,-1.074,-3535.85,80.052,0.0,-3455.797,-1193.438,-1829.784,0.0,-3023.222
17.948279434000142,17611,2,7,6,-0.205176,-0.180315,-1.193291,-0.679537,-1771.004,-1316.0,-2287.384,0.0,-2287,-1349,-0.628318,-1.193,0.0,0.0,-1.193,-1849.515,78.511,0.0,-1771.004,-364.003,-1923.38,0.0,-2287.384
17.948279434000142,17616,2,7,6,-0.209586,-0.185141,-1.173363,-1.148325,-11.7,-449.0,-1161.919,0.0,-1161,-435,-0.628318,-1.173,0.0,0.0,-1.173,-90.136,78.435,0.0,-11.7,349.839,-1511.758,0.0,-1161.919
17.95924248895608,17621,2,7,6,-0.213945,-0.191337,-1.085189,-1.248394,666.469,-34.0,-509.222,0.0,-509,-14,-0.628318,-1.085,0.0,0.0,-1.085,587.538,78.93,0.0,666.469,560.375,-1069.597,0.0,-509.222
17.95924248895608,17626,2,7,6,-0.21825,-0.196897,-1.024978,-1.015319,44.129,-303.0,-684.802,0.0,-684,-226,-0.418879,-1.024,0.0,0.0,-1.024,-34.773,78.902,0.0,44.129,277.703,-962.506,0.0,-684.802
17.95924248895608,17631,2,7,6,-0.222503,-0.201068,-1.028844,-0.693142,-1130.63,-863.0,-1455.722,0.0,-1455,-816,-0.418879,-1.028,0.0,0.0,-1.028,-1208.526,77.895,0.0,-1130.63,-214.104,-1241.617,0.0,-1455.722
17.971122438902967,17636,2,7,6,-0.2267,-0.20389,-1.094869,-0.490116,-2101.026,-1376.0,-2303.558,0.0,-2303,-1374,-0.418879,-1.094,0.0,0.0,-1.094,-2177.108,76.081,0.0,-2101.026,-580.021,-1723.536,0.0,-2303.558
17.971122438902967,17641,2,7,6,-0.230841,-0.206534,-1.16675,-0.566421,-2086.906,-1438.0,-2578.021,0.0,-2578,-1483,-0.628318,-1.166,0.0,0.0,-1.166,-2161.187,74.28,0.0,-2086.906,-519.125,-2058.895,0.0,-2578.021
17.98209747998044,17650,2,7,6,-0.238151,-0.214023,-1.158135,-1.10281,-126.172,-494.0,-1470.918,0.0,-1470,-495,-0.942477,-1.158,0.0,0.0,-1.158,-199.169,72.996,0.0,-126.172,294.261,-1765.179,0.0,-1470.918
17.993520347983576,17655,2,7,6,-0.242131,-0.220383,-1.043881,-1.31711,1057.441,160.0,-489.503,0.0,-489,210,-0.942477,-1.043,0.0,0.0,-1.043,983.625,73.816,0.0,1057.441,717.953,-1207.456,0.0,-489.503
17.993520347983576,17661,2,7,6,-0.24605,-0.227389,-0.895716,-1.367966,1775.336,678.0,312.895,0.0,312,695,-0.837758,-0.895,0.0,0.0,-0.895,1700.098,75.237,0.0,1775.336,877.869,-564.973,0.0,312.895
17.993520347983576,17666,2,7,6,-0.250673,-0.235347,-0.735639,-1.202673,1757.962,827.0,682.613,0.0,682,861,-0.733038,-0.735,0.0,0.0,-0.735,1681.324,76.638,0.0,1757.962,744.77,-62.156,0.0,682.613
18.00572823092807,17671,2,7,6,-0.254458,-0.240359,-0.676754,-0.894937,862.75,526.0,320.383,0.0,320,522,-0.628318,-0.676,0.0,0.0,-0.676,785.457,77.293,0.0,862.75,269.4,50.983,0.0,320.383
18.00572823092807,17676,2,7,6,-0.25818,-0.243504,-0.704437,-0.496485,-671.958,-204.0,-682.932,0.0,-682,-248,-0.523598,-0.704,0.0,0.0,-0.704,-748.628,76.669,0.0,-671.958,-374.367,-308.565,0.0,-682.932
18.016447823960334,17681,2,7,6,-0.261838,-0.245568,-0.780952,-0.360304,-1438.924,-706.0,-1351.91,0.0,-1351,-723,-0.628318,-0.78,0.0,0.0,-0.78,-1514.332,75.407,0.0,-1438.924,-586.339,-765.571,0.0,-1351.91
18.016447823960334,17686,2,7,6,-0.265431,-0.247668,-0.852621,-0.542356,-1042.474,-624.0,-1290.599,0.0,-1290,-678,-0.523598,-0.852,0.0,0.0,-0.852,-1116.953,74.478,0.0,-1042.474,-334.779,-955.819,0.0,-1290.599
18.02788986894302,17695,2,7,6,-0.271735,-0.250913,-0.999426,-0.714132,-953.873,-694.0,-1340.335,0.0,-1340,-660,-0.733038,-0.999,0.0,0.0,-0.999,-1027.059,73.185,0.0,-953.873,-207.899,-1132.436,0.0,-1340.335
18.039687752956524,17700,2,7,6,-0.275142,-0.250913,-1.163001,-0.714132,-1544.14,-991.0,-1920.142,0.0,-1920,-1035,-0.837758,-1.163,0.0,0.0,-1.163,-1615.928,71.788,0.0,-1544.14,-442.512,-1477.63,0.0,-1920.142
18.039687752956524,17706,2,7,6,-0.278482,-0.263221,-0.73255,-0.920757,749.882,-29.0,-328.802,0.0,-328,8,-0.733038,-0.732,0.0,0.0,-0.732,677.545,72.336,0.0,749.882,623.105,-951.908,0.0,-328.802
18.05139912897721,17716,2,7,6,-0.284956,-0.270888,-0.675285,-1.061509,1465.389,657.0,834.047,0.0,834,668,-0.314159,-0.675,0.0,0.0,-0.675,1390.406,74.983,0.0,1465.389,646.711,187.335,0.0,834.047
18.0621058329707,17725,2,7,6,-0.291148,-0.273404,-0.851719,0.00637,-3018.482,-1646.0,-2590.069,0.0,-2590,-1692,-0.523598,-0.851,0.0,0.0,-0.851,-3089.123,70.641,0.0,-3018.482,-1097.986,-1492.083,0.0,-2590.069
18.0621058329707,17730,2,7,6,-0.294137,-0.275944,-0.873261,-0.35294,-1804.025,-1293.0,-2089.222,0.0,-2089,-1302,-0.523598,-0.873,0.0,0.0,-0.873,-1873.154,69.128,0.0,-1804.025,-408.82,-1680.402,0.0,-2089.222
18.075163490953855,17735,2,7,6,-0.297053,-0.275944,-1.013242,-0.35294,-2309.999,-1590.0,-2680.147,0.0,-2680,-1561,-0.733038,-1.013,0.0,0.0,-1.013,-2377.087,67.088,0.0,-2309.999,-575.999,-2104.148,0.0,-2680.147
18.075163490953855,17740,2,7,6,-0.299896,-0.28409,-0.75867,-0.920889,651.564,-204.0,-754.973,0.0,-754,-205,-0.733038,-0.758,0.0,0.0,-0.758,583.989,67.574,0.0,651.564,684.451,-1439.425,0.0,-754.973
18.075163490953855,17745,2,7,6,-0.302664,-0.289763,-0.619287,-1.395376,2863.851,980.0,1217.72,0.0,1217,1073,-0.418879,-0.619,0.0,0.0,-0.619,2793.922,69.928,0.0,2863.851,1507.081,-289.36,0.0,1217.72
18.086437172954902,17751,2,7,6,-0.305359,-0.296297,-0.434971,-1.063632,2335.002,1066.0,1374.507,0.0,1374,1111,-0.314159,-0.434,0.0,0.0,-0.434,2263.181,71.821,0.0,2335.002,1015.201,359.305,0.0,1374.507
18.086437172954902,17756,2,7,6,-0.308492,-0.300583,-0.379626,-0.308405,-184.783,-38.0,-44.384,0.0,-44,0,-0.314159,-0.379,0.0,0.0,-0.379,-256.394,71.61,0.0,-184.783,-117.427,73.042,0.0,-44.384
18.09768373996485,17761,2,7,6,-0.31102,-0.300601,-0.500079,0.215933,-2508.207,-1264.0,-1797.535,0.0,-1797,-1264,-0.314159,-0.5,0.0,0.0,-0.5,-2577.647,69.439,0.0,-2508.207,-995.365,-802.169,0.0,-1797.535
18.09768373996485,17766,2,7,6,-0.31347,-0.299583,-0.666581,0.119293,-2762.067,-1630.0,-2352.805,0.0,-2352,-1684,-0.314159,-0.666,0.0,0.0,-0.666,-2829.149,67.081,0.0,-2762.067,-905.653,-1447.151,0.0,-2352.805
18.10949849395547,17771,2,7,6,-0.315844,-0.30008,-0.756679,-0.349742,-1399.098,-1101.0,-1732.713,0.0,-1732,-1138,-0.314159,-0.756,0.0,0.0,-0.756,-1464.972,65.874,0.0,-1399.098,-238.478,-1494.235,0.0,-1732.713
18.10949849395547,17776,2,7,6,-0.31814,-0.302909,-0.731077,-0.681668,-112.146,-449.0,-919.997,0.0,-919,-449,-0.418879,-0.731,0.0,0.0,-0.731,-177.871,65.724,0.0,-112.146,269.482,-1189.48,0.0,-919.997
18.121364641934633,17781,2,7,6,-0.320356,-0.306691,-0.655963,-0.795214,567.445,-73.0,-276.45,0.0,-276,-50,-0.418879,-0.655,0.0,0.0,-0.655,501.303,66.142,0.0,567.445,512.356,-788.806,0.0,-276.45
18.121364641934633,17786,2,7,6,-0.322495,-0.310406,-0.580232,-0.70037,498.999,-32.0,-97.91,0.0,-97,-12,-0.314159,-0.58,0.0,0.0,-0.58,432.496,66.502,0.0,498.999,424.799,-522.71,0.0,-97.91
18.121364641934633,17791,2,7,6,-0.324553,-0.313045,-0.55237,-0.423448,-398.004,-406.0,-588.942,0.0,-588,-388,-0.314159,-0.552,0.0,0.0,-0.552,-464.12,66.115,0.0,-398.004,6.396,-595.338,0.0,-588.942
18.13307244097814,17796,2,7,6,-0.326531,-0.314259,-0.589057,-0.13093,-1584.516,-992.0,-1473.79,0.0,-1473,-1020,-0.314159,-0.589,0.0,0.0,-0.589,-1649.257,64.741,0.0,-1584.516,-474.012,-999.777,0.0,-1473.79
18.13307244097814,17801,2,7,6,-0.328429,-0.314751,-0.65653,-0.079246,-2015.214,-1300.0,-1980.3,0.0,-1980,-1312,-0.418879,-0.656,0.0,0.0,-0.656,-2078.223,63.009,0.0,-2015.214,-572.171,-1408.129,0.0,-1980.3
18.142527835909277,17806,2,7,6,-0.330246,-0.315901,-0.688562,-0.348638,-1161.737,-981.0,-1582.211,0.0,-1582,-993,-0.314159,-0.688,0.0,0.0,-0.688,-1223.727,61.989,0.0,-1161.737,-144.589,-1437.621,0.0,-1582.211
18.142527835909277,17811,2,7,6,-0.331981,-0.318486,-0.647765,-0.606958,-85.034,-431.0,-877.599,0.0,-877,-445,-0.418879,-0.647,0.0,0.0,-0.647,-146.906,61.872,0.0,-85.034,276.772,-1154.372,0.0,-877.599
18.155512359924614,17816,2,7,6,-0.333634,-0.32172,-0.571904,-0.641384,312.21,-164.0,-467.841,0.0,-467,-134,-0.418879,-0.571,0.0,0.0,-0.571,250.129,62.08,0.0,312.21,380.968,-848.809,0.0,-467.841
18.155512359924614,17821,2,7,6,-0.335205,-0.324784,-0.500219,-0.562587,286.791,-98.0,-330.45,0.0,-330,-117,-0.418879,-0.5,0.0,0.0,-0.5,224.523,62.267,0.0,286.791,307.833,-638.283,0.0,-330.45
18.16793598595541,17830,2,7,6,-0.337825,-0.327736,-0.484259,-0.453215,-49.579,-246.0,-285.776,0.0,-285,-231,-0.209439,-0.484,0.0,0.0,-0.484,-111.758,62.179,0.0,-49.579,157.136,-442.913,0.0,-285.776
18.16793598595541,17835,2,7,6,-0.339163,-0.327736,-0.548505,-0.453215,-281.149,-360.0,-370.034,0.0,-370,-329,-0.209439,-0.548,0.0,0.0,-0.548,-343.043,61.893,0.0,-281.149,63.08,-433.114,0.0,-370.034
18.179797358927317,17840,2,7,6,-0.340418,-0.327736,-0.608741,-0.453215,-498.485,-444.0,-521.877,0.0,-521,-458,-0.104719,-0.608,0.0,0.0,-0.608,-559.892,61.407,0.0,-498.485,-43.588,-478.289,0.0,-521.877
18.179797358927317,17845,2,7,6,-0.341589,-0.328479,-0.629277,-0.039798,-2062.409,-1217.0,-1684.563,0.0,-1684,-1277,0.0,-0.629,0.0,0.0,-0.629,-2122.126,59.717,0.0,-2062.409,-676.327,-1008.235,0.0,-1684.563
18.191176624968648,17851,2,7,6,-0.342675,-0.328479,-0.681429,-0.039798,-2252.172,-1488.0,-2075.127,0.0,-2075,-1488,-0.314159,-0.681,0.0,0.0,-0.681,-2309.874,57.701,0.0,-2252.172,-611.337,-1463.789,0.0,-2075.127
18.191176624968648,17856,2,7,6,-0.343868,-0.329974,-0.6669,-0.393721,-926.562,-922.0,-1374.243,0.0,-1374,-953,-0.418879,-0.666,0.0,0.0,-0.666,-983.445,56.882,0.0,-926.562,-3.65,-1370.593,0.0,-1374.243
18.20249017898459,17866,2,7,6,-0.345427,-0.334933,-0.503721,-0.591386,372.756,-177.0,-283.725,0.0,-283,-130,-0.314159,-0.503,0.0,0.0,-0.503,315.591,57.164,0.0,372.756,439.805,-723.53,0.0,-283.725
18.20249017898459,17871,2,7,6,-0.346313,-0.337067,-0.443801,-0.354059,-266.188,-418.0,-578.474,0.0,-578,-403,-0.314159,-0.443,0.0,0.0,-0.443,-323.073,56.885,0.0,-266.188,121.449,-699.923,0.0,-578.474
18.21420289692469,17876,2,7,6,-0.346957,-0.33821,-0.419872,-0.168044,-850.449,-756.0,-914.273,0.0,-914,-708,-0.418879,-0.419,0.0,0.0,-0.419,-906.579,56.129,0.0,-850.449,-75.559,-838.714,0.0,-914.273
18.21420289692469,17881,2,7,6,-0.347516,-0.338903,-0.413447,-0.152425,-884.332,-720.0,-1055.603,0.0,-1055,-754,-0.314159,-0.413,0.0,0.0,-0.413,-939.679,55.346,0.0,-884.332,-131.465,-924.137,0.0,-1055.603
18.22636257391423,17886,2,7,6,-0.347989,-0.339801,-0.393041,-0.244469,-479.96,-529.0,-803.165,0.0,-803,-529,-0.314159,-0.393,0.0,0.0,-0.393,-534.861,54.901,0.0,-479.96,39.231,-842.397,0.0,-803.165
18.22636257391423,17891,2,7,6,-0.348377,-0.341274,-0.340915,-0.348072,80.689,-209.0,-394.218,0.0,-394,-256,-0.209439,-0.34,0.0,0.0,-0.34,25.766,54.922,0.0,80.689,231.751,-625.969,0.0,-394.218
18.22636257391423,17896,2,7,6,-0.348678,-0.343084,-0.268501,-0.369739,419.682,0.0,-24.122,0.0,-24,-18,-0.209439,-0.268,0.0,0.0,-0.268,364.456,55.226,0.0,419.682,335.745,-359.868,0.0,-24.122
18.238425011979416,17901,2,7,6,-0.348893,-0.344589,-0.206595,-0.25022,212.4,-113.0,37.583,0.0,37,-65,-0.209439,-0.206,0.0,0.0,-0.206,157.048,55.352,0.0,212.4,260.32,-222.736,0.0,37.583
18.238425011979416,17906,2,7,6,-0.349022,-0.345333,-0.177085,-0.076901,-305.611,-290.0,-286.561,0.0,-286,-306,0.0,-0.177,0.0,0.0,-0.177,-360.663,55.051,0.0,-305.611,-12.488,-274.072,0.0,-286.561
18.249946918920614,17911,2,7,6,-0.349065,-0.345252,-0.183051,0.061665,-826.662,-576.0,-655.169,0.0,-655,-608,0.0,-0.183,0.0,0.0,-0.183,-880.979,54.317,0.0,-826.662,-200.529,-454.639,0.0,-655.169
18.249946918920614,17920,2,7,6,-0.348926,-0.344647,-0.205374,0.011196,-726.801,-624.0,-712.839,0.0,-712,-624,0.0,-0.205,0.0,0.0,-0.205,-779.654,52.852,0.0,-726.801,-82.241,-630.598,0.0,-712.839
18.261376444948837,17925,2,7,6,-0.348728,-0.34478,-0.189472,-0.052685,-439.99,-496.0,-538.584,0.0,-538,-496,0.0,-0.189,0.0,0.0,-0.189,-492.432,52.441,0.0,-439.99,44.807,-583.392,0.0,-538.584
18.261376444948837,17930,2,7,6,-0.348444,-0.345118,-0.159639,-0.079126,-237.646,-383.0,-376.548,0.0,-376,-383,0.0,-0.159,0.0,0.0,-0.159,-289.847,52.2,0.0,-237.646,116.282,-492.831,0.0,-376.548
18.272790655959398,17936,2,7,6,-0.348074,-0.3453,-0.133133,-0.028815,-323.659,-418.0,-380.518,0.0,-380,-367,0.0,-0.133,0.0,0.0,-0.133,-375.546,51.886,0.0,-323.659,75.472,-455.991,0.0,-380.518
18.272790655959398,17941,2,7,6,-0.347516,-0.345112,-0.115409,0.057279,-570.31,-511.0,-550.103,0.0,-550,-495,0.0,-0.115,0.0,0.0,-0.115,-621.679,51.368,0.0,-570.31,-47.448,-502.654,0.0,-550.103
18.284157377900556,17946,2,7,6,-0.346957,-0.344728,-0.10701,0.077135,-612.111,-527.0,-611.532,0.0,-611,-560,0.0,-0.107,0.0,0.0,-0.107,-662.927,50.816,0.0,-612.111,-68.089,-543.442,0.0,-611.532
18.284157377900556,17951,2,7,6,-0.346313,-0.344432,-0.090289,0.03194,-389.577,-418.0,-482.807,0.0,-482,-449,0.0,-0.09,0.0,0.0,-0.09,-440.027,50.449,0.0,-389.577,22.737,-505.545,0.0,-482.807
18.296139306970872,17960,2,7,6,-0.344938,-0.344583,-0.016998,-0.044813,150.553,-146.0,23.573,0.0,23,-81,0.0,-0.016,0.0,0.0,-0.016,100.133,50.42,0.0,150.553,237.242,-213.668,0.0,23.573
18.296139306970872,17965,2,7,6,-0.344054,-0.344379,0.015606,0.033974,-15.755,-147.0,-48.922,0.0,-48,-147,0.0,0.015,0.0,0.0,0.015,-66.122,50.367,0.0,-15.755,104.995,-153.917,0.0,-48.922
18.307470653904602,17971,2,7,6,-0.343086,-0.344379,0.062074,0.033974,151.615,-34.0,126.935,0.0,126,-50,0.0,0.062,0.0,0.0,0.062,101.159,50.455,0.0,151.615,148.492,-21.557,0.0,126.935
18.307470653904602,17976,2,7,6,-0.341813,-0.343294,0.071106,0.120335,-126.917,-147.0,-5.192,0.0,-5,-163,0.0,0.071,0.0,0.0,0.071,-177.225,50.307,0.0,-126.917,16.065,-21.257,0.0,-5.192
18.317626470932737,17981,2,7,6,-0.340659,-0.342364,0.081878,0.211737,-417.573,-322.0,-178.924,0.0,-178,-338,0.104719,0.081,0.0,0.0,0.081,-467.491,49.918,0.0,-417.573,-76.459,-102.465,0.0,-178.924
18.317626470932737,17986,2,7,6,-0.339421,-0.341274,0.088946,0.201874,-356.962,-275.0,-194.951,0.0,-194,-290,0.0,0.088,0.0,0.0,0.088,-406.542,49.579,0.0,-356.962,-65.569,-129.382,0.0,-194.951
18.329897986957803,17991,2,7,6,-0.338099,-0.340405,0.1107,0.161878,-134.81,-209.0,-19.319,0.0,-19,-178,0.104719,0.11,0.0,0.0,0.11,-184.242,49.431,0.0,-134.81,59.351,-78.671,0.0,-19.319
18.329897986957803,18001,2,7,6,-0.335509,-0.339506,0.191844,0.150318,199.099,15.0,279.871,0.0,279,31,0.209439,0.191,0.0,0.0,0.191,149.493,49.605,0.0,199.099,147.279,132.592,0.0,279.871
18.34130655694753,18010,2,7,6,-0.332318,-0.337311,0.239645,0.204693,175.479,62.0,305.112,0.0,305,62,0.104719,0.239,0.0,0.0,0.239,125.826,49.652,0.0,175.479,90.783,214.329,0.0,305.112
18.35350219393149,18015,2,7,6,-0.330599,-0.335629,0.24144,0.237421,64.133,31.0,262.466,0.0,262,15,0.104719,0.241,0.0,0.0,0.241,14.468,49.664,0.0,64.133,26.506,235.96,0.0,262.466
18.35350219393149,18020,2,7,6,-0.328798,-0.334327,0.265382,0.282528,-12.111,15.0,203.812,0.0,203,-33,0.104719,0.265,0.0,0.0,0.265,-61.725,49.613,0.0,-12.111,-21.689,225.501,0.0,203.812
18.36406597692985,18026,2,7,6,-0.326917,-0.332928,0.288508,0.260172,151.706,62.0,353.212,0.0,353,64,0.209439,0.288,0.0,0.0,0.288,102.008,49.698,0.0,151.706,71.765,281.447,0.0,353.212
18.36406597692985,18031,2,7,6,-0.324553,-0.331397,0.328526,0.242524,359.565,195.0,521.317,0.0,521,191,0.209439,0.328,0.0,0.0,0.328,309.608,49.956,0.0,359.565,131.652,389.664,0.0,521.317
18.36406597692985,18036,2,7,6,-0.322494,-0.330104,0.365262,0.282476,348.236,176.0,606.862,0.0,606,226,0.209439,0.365,0.0,0.0,0.365,298.031,50.204,0.0,348.236,137.789,469.073,0.0,606.862
18.376307689934038,18041,2,7,6,-0.320356,-0.328533,0.392473,0.325535,291.383,209.0,578.464,0.0,578,176,0.314159,0.392,0.0,0.0,0.392,240.978,50.405,0.0,291.383,65.906,512.557,0.0,578.464
18.376307689934038,18046,2,7,6,-0.318139,-0.326624,0.40728,0.414835,23.186,79.0,419.291,0.0,419,48,0.314159,0.407,0.0,0.0,0.407,-27.196,50.383,0.0,23.186,-44.65,463.941,0.0,419.291
18.387373419944197,18051,2,7,6,-0.315844,-0.324425,0.411895,0.451466,-92.19,0.0,336.861,0.0,336,-20,0.314159,0.411,0.0,0.0,0.411,-142.454,50.264,0.0,-92.19,-73.752,410.613,0.0,336.861
18.387373419944197,18056,2,7,6,-0.31347,-0.322107,0.414562,0.454829,-94.819,-20.0,312.836,0.0,312,-50,0.314159,0.414,0.0,0.0,0.414,-144.963,50.143,0.0,-94.819,-59.855,372.692,0.0,312.836
18.39928419201169,18061,2,7,6,-0.311019,-0.319861,0.424382,0.4275,38.911,31.0,397.325,0.0,397,31,0.314159,0.424,0.0,0.0,0.424,-11.222,50.134,0.0,38.911,6.329,390.995,0.0,397.325
18.39928419201169,18066,2,7,6,-0.308492,-0.317715,0.442694,0.418799,136.229,97.0,456.277,0.0,456,85,0.314159,0.442,0.0,0.0,0.442,86.023,50.205,0.0,136.229,31.383,424.893,0.0,456.277
18.39928419201169,18071,2,7,6,-0.305888,-0.31555,0.463799,0.455218,81.122,60.0,443.693,0.0,443,52,0.418879,0.463,0.0,0.0,0.463,30.89,50.231,0.0,81.122,16.897,426.795,0.0,443.693
18.41184468800202,18076,2,7,6,-0.303209,-0.313273,0.483108,0.454241,154.237,120.0,482.018,0.0,482,120,0.314159,0.483,0.0,0.0,0.483,103.919,50.318,0.0,154.237,27.39,454.628,0.0,482.018
18.41184468800202,18081,2,7,6,-0.300455,-0.311051,0.508609,0.447758,269.558,187.0,575.751,0.0,575,217,0.209439,0.508,0.0,0.0,0.508,219.064,50.493,0.0,269.558,66.046,509.704,0.0,575.751
18.423442279919982,18091,2,7,6,-0.295311,-0.30734,0.577373,0.458009,480.759,325.0,782.008,0.0,782,318,0.314159,0.577,0.0,0.0,0.577,429.709,51.049,0.0,480.759,124.607,657.401,0.0,782.008
18.434674503980204,18100,2,7,6,-0.28932,-0.301712,0.594832,0.567202,150.842,208.0,606.041,0.0,606,187,0.314159,0.594,0.0,0.0,0.594,99.466,51.375,0.0,150.842,-45.726,651.767,0.0,606.041
18.434674503980204,18105,2,7,6,-0.286217,-0.300585,0.689659,0.56156,512.915,362.0,880.43,0.0,880,360,0.418879,0.689,0.0,0.0,0.689,461.155,51.759,0.0,512.915,120.732,759.697,0.0,880.43
18.446219488978386,18110,2,7,6,-0.283043,-0.300585,0.842014,0.56156,1062.27,675.0,1336.018,0.0,1336,666,0.523598,0.842,0.0,0.0,0.842,1009.634,52.635,0.0,1062.27,309.816,1026.202,0.0,1336.018
18.446219488978386,18116,2,7,6,-0.279799,-0.292147,0.592738,0.677747,-253.653,64.0,508.132,0.0,508,53,0.523598,0.592,0.0,0.0,0.592,-306.033,52.379,0.0,-253.653,-254.122,762.255,0.0,508.132
18.457573783001862,18121,2,7,6,-0.275816,-0.28754,0.562757,0.841701,-952.655,-361.0,-89.103,0.0,-89,-334,0.418879,0.562,0.0,0.0,0.562,-1004.198,51.542,0.0,-952.655,-473.324,384.221,0.0,-89.103
18.457573783001862,18126,2,7,6,-0.272421,-0.283909,0.551447,0.671061,-379.423,-156.0,122.969,0.0,122,-176,0.418879,0.551,0.0,0.0,0.551,-430.607,51.184,0.0,-379.423,-178.738,301.707,0.0,122.969
18.469878062955104,18131,2,7,6,-0.268959,-0.281184,0.586821,0.43963,581.513,333.0,722.026,0.0,722,323,0.418879,0.586,0.0,0.0,0.586,529.887,51.625,0.0,581.513,198.81,523.215,0.0,722.026
18.469878062955104,18136,2,7,6,-0.265431,-0.279117,0.656952,0.410443,939.797,563.0,1064.994,0.0,1064,547,0.418879,0.656,0.0,0.0,0.656,887.432,52.365,0.0,939.797,301.437,763.556,0.0,1064.994
18.469878062955104,18141,2,7,6,-0.261837,-0.276756,0.716104,0.495243,848.125,556.0,1143.214,0.0,1143,575,0.418879,0.716,0.0,0.0,0.716,795.097,53.027,0.0,848.125,233.7,909.513,0.0,1143.214
18.48247181798797,18146,2,7,6,-0.258179,-0.273823,0.750919,0.626139,502.611,437.0,963.621,0.0,963,409,0.523598,0.75,0.0,0.0,0.75,449.209,53.402,0.0,502.611,52.488,911.132,0.0,963.621
18.48247181798797,18151,2,7,6,-0.254457,-0.270358,0.76323,0.720584,207.058,291.0,774.389,0.0,774,327,0.418879,0.763,0.0,0.0,0.763,153.528,53.53,0.0,207.058,-67.153,841.542,0.0,774.389
18.49383502197452,18156,2,7,6,-0.250672,-0.266763,0.772377,0.724218,227.048,309.0,736.532,0.0,736,302,0.523598,0.772,0.0,0.0,0.772,173.373,53.674,0.0,227.048,-65.561,802.093,0.0,736.532
18.49383502197452,18161,2,7,6,-0.246826,-0.263371,0.794162,0.646188,586.824,508.0,950.898,0.0,950,513,0.523598,0.794,0.0,0.0,0.794,532.706,54.118,0.0,586.824,63.059,887.838,0.0,950.898
18.504926090012304,18166,2,7,6,-0.242919,-0.260441,0.841049,0.540116,1138.38,798.0,1394.006,0.0,1394,821,0.418879,0.841,0.0,0.0,0.841,1083.359,55.021,0.0,1138.38,272.304,1121.701,0.0,1394.006
18.504926090012304,18171,2,7,6,-0.238951,-0.257651,0.897609,0.564897,1253.746,882.0,1606.733,0.0,1606,895,0.523598,0.897,0.0,0.0,0.897,1197.764,55.981,0.0,1253.746,297.397,1309.336,0.0,1606.733
18.504926090012304,18176,2,7,6,-0.234925,-0.254536,0.941342,0.666687,1045.562,843.0,1558.558,0.0,1558,842,0.523598,0.941,0.0,0.0,0.941,988.757,56.805,0.0,1045.562,162.05,1396.508,0.0,1558.558
18.516507060965523,18181,2,7,6,-0.23084,-0.250818,0.958916,0.790171,664.792,651.0,1368.636,0.0,1368,687,0.628318,0.958,0.0,0.0,0.958,607.48,57.311,0.0,664.792,11.033,1357.602,0.0,1368.636
18.516507060965523,18186,2,7,6,-0.226699,-0.246554,0.953031,0.88787,292.086,472.0,1079.077,0.0,1079,468,0.628318,0.953,0.0,0.0,0.953,234.579,57.507,0.0,292.086,-143.93,1223.008,0.0,1079.077
18.528236972982995,18195,2,7,6,-0.219105,-0.238528,0.932293,0.8586,323.136,434.0,961.966,0.0,961,419,0.628318,0.932,0.0,0.0,0.932,265.296,57.839,0.0,323.136,-88.691,1050.657,0.0,961.966
18.539909906918183,18200,2,7,6,-0.214809,-0.234355,0.938215,0.814448,503.769,514.0,1054.748,0.0,1054,496,0.523598,0.938,0.0,0.0,0.938,445.558,58.21,0.0,503.769,-8.184,1062.933,0.0,1054.748
18.539909906918183,18206,2,7,6,-0.210461,-0.230393,0.956712,0.769831,731.545,624.0,1225.309,0.0,1225,607,0.523598,0.956,0.0,0.0,0.956,672.772,58.773,0.0,731.545,86.036,1139.272,0.0,1225.309
18.539909906918183,18211,2,7,6,-0.205175,-0.225584,0.979655,0.796062,720.259,623.0,1264.069,0.0,1264,639,0.523598,0.979,0.0,0.0,0.979,660.935,59.323,0.0,720.259,77.807,1186.262,0.0,1264.069
18.551907886983827,18216,2,7,6,-0.200714,-0.221438,0.994756,0.83717,627.107,639.0,1183.033,0.0,1183,623,0.523598,0.994,0.0,0.0,0.994,567.311,59.796,0.0,627.107,-9.513,1192.546,0.0,1183.033
18.551907886983827,18221,2,7,6,-0.196203,-0.217046,1.000461,0.889066,461.15,511.0,1105.763,0.0,1105,527,0.523598,1.0,0.0,0.0,1.0,401.019,60.13,0.0,461.15,-39.879,1145.643,0.0,1105.763
18.56312437192537,18226,2,7,6,-0.191644,-0.212566,1.004239,0.893352,459.654,526.0,1062.773,0.0,1062,512,0.523598,1.004,0.0,0.0,1.004,399.192,60.462,0.0,459.654,-53.076,1115.849,0.0,1062.773
18.574386761989444,18235,2,7,6,-0.18332,-0.208096,1.189237,0.893605,1125.96,848.0,1532.751,0.0,1532,838,0.523598,1.189,0.0,0.0,1.189,1064.274,61.686,0.0,1125.96,222.368,1310.382,0.0,1532.751
18.574386761989444,18240,2,7,6,-0.178631,-0.208096,1.414299,0.893605,1937.747,1290.0,2240.338,0.0,2240,1308,0.523598,1.414,0.0,0.0,1.414,1874.499,63.248,0.0,1937.747,518.198,1722.14,0.0,2240.338
18.574386761989444,18246,2,7,6,-0.173899,-0.1955,1.036866,0.992185,224.233,533.0,1186.693,0.0,1186,523,0.733038,1.036,0.0,0.0,1.036,160.849,63.383,0.0,224.233,-247.013,1433.706,0.0,1186.693
18.58639410091564,18256,2,7,6,-0.164306,-0.186125,1.047321,1.331289,-961.177,-348.0,-135.114,0.0,-135,-375,0.523598,1.047,0.0,0.0,1.047,-1022.283,61.106,0.0,-961.177,-490.541,355.426,0.0,-135.114
18.597816111985594,18261,2,7,6,-0.158472,-0.176127,0.84747,0.777269,314.033,236.0,575.897,0.0,575,201,0.523598,0.847,0.0,0.0,0.847,252.722,61.311,0.0,314.033,62.426,513.471,0.0,575.897
18.597816111985594,18266,2,7,6,-0.153566,-0.172535,0.910497,0.684439,875.797,545.0,1017.131,0.0,1017,563,0.418879,0.91,0.0,0.0,0.91,813.808,61.989,0.0,875.797,264.638,752.493,0.0,1017.131
18.609279948985204,18271,2,7,6,-0.148624,-0.168987,0.97745,0.718976,993.27,689.0,1179.582,0.0,1179,695,0.523598,0.977,0.0,0.0,0.977,930.506,62.764,0.0,993.27,243.416,936.165,0.0,1179.582
18.609279948985204,18276,2,7,6,-0.143645,-0.165238,1.036484,0.764781,1041.712,767.0,1310.133,0.0,1310,767,0.523598,1.036,0.0,0.0,1.036,978.132,63.579,0.0,1041.712,219.77,1090.362,0.0,1310.133
18.621181586990133,18285,2,7,6,-0.134593,-0.15756,1.102394,0.942225,641.371,631.0,1155.965,0.0,1155,649,0.733038,1.102,0.0,0.0,1.102,576.609,64.761,0.0,641.371,8.297,1147.668,0.0,1155.965
18.621181586990133,18290,2,7,6,-0.129518,-0.152508,1.103525,1.01935,368.047,508.0,940.149,0.0,940,537,0.733038,1.103,0.0,0.0,1.103,303.032,65.014,0.0,368.047,-111.962,1052.111,0.0,940.149
18.632591736968607,18296,2,7,6,-0.12441,-0.147509,1.108725,0.952644,627.378,628.0,1068.547,0.0,1068,620,0.733038,1.108,0.0,0.0,1.108,561.893,65.484,0.0,627.378,-0.497,1069.044,0.0,1068.547
18.632591736968607,18301,2,7,6,-0.118241,-0.142128,1.146592,0.839243,1172.864,905.0,1467.384,0.0,1467,896,0.733038,1.146,0.0,0.0,1.146,1106.457,66.406,0.0,1172.864,214.291,1253.092,0.0,1467.384
18.643769896007143,18306,2,7,6,-0.113067,-0.137887,1.191364,0.827648,1376.874,1062.0,1694.515,0.0,1694,1056,0.837758,1.191,0.0,0.0,1.191,1309.376,67.497,0.0,1376.874,251.899,1442.616,0.0,1694.515
18.643769896007143,18311,2,7,6,-0.107867,-0.133372,1.224251,0.926686,1139.621,957.0,1657.321,0.0,1657,987,1.047197,1.224,0.0,0.0,1.224,1071.231,68.39,0.0,1139.621,146.097,1511.224,0.0,1657.321
18.65541328000836,18316,2,7,6,-0.102639,-0.12837,1.235125,1.053167,723.984,768.0,1412.656,0.0,1412,786,1.151917,1.235,0.0,0.0,1.235,655.048,68.935,0.0,723.984,-35.212,1447.869,0.0,1412.656
18.65541328000836,18321,2,7,6,-0.097385,-0.12273,1.216558,1.160868,269.587,521.0,1070.556,0.0,1070,520,1.151917,1.216,0.0,0.0,1.216,200.484,69.102,0.0,269.587,-201.13,1271.686,0.0,1070.556
18.65541328000836,18326,2,7,6,-0.092108,-0.116556,1.173523,1.263749,-255.98,170.0,645.659,0.0,645,176,1.256637,1.173,0.0,0.0,1.173,-324.812,68.832,0.0,-255.98,-340.784,986.443,0.0,645.659
18.66665856190957,18331,2,7,6,-0.086809,-0.110234,1.124427,1.261908,-426.513,16.0,379.04,0.0,379,-1,1.047197,1.124,0.0,0.0,1.124,-494.933,68.419,0.0,-426.513,-354.011,733.051,0.0,379.04
18.66665856190957,18336,2,7,6,-0.081487,-0.104257,1.09297,1.156747,-161.37,63.0,446.117,0.0,446,67,0.942477,1.092,0.0,0.0,1.092,-229.599,68.228,0.0,-161.37,-179.496,625.614,0.0,446.117
18.678171934909187,18341,2,7,6,-0.076145,-0.098789,1.086886,1.052015,193.868,227.0,609.084,0.0,609,240,0.837758,1.086,0.0,0.0,1.086,125.535,68.333,0.0,193.868,-26.505,635.589,0.0,609.084
18.678171934909187,18346,2,7,6,-0.070785,-0.093686,1.099254,0.987116,472.366,386.0,775.423,0.0,775,402,0.733038,1.099,0.0,0.0,1.099,403.697,68.669,0.0,472.366,69.093,706.329,0.0,775.423
18.689861027989537,18351,2,7,6,-0.065408,-0.088874,1.126388,0.933717,762.84,561.0,996.437,0.0,996,578,0.733038,1.126,0.0,0.0,1.126,693.615,69.225,0.0,762.84,161.472,834.964,0.0,996.437
18.689861027989537,18356,2,7,6,-0.060014,-0.084256,1.163636,0.914626,966.408,740.0,1167.004,0.0,1167,740,0.628318,1.163,0.0,0.0,1.163,896.435,69.973,0.0,966.408,181.126,985.877,0.0,1167.004
18.701637311954983,18366,2,7,6,-0.050268,-0.078651,1.362352,0.932576,1619.257,1163.0,1774.78,0.0,1774,1163,0.733038,1.362,0.0,0.0,1.362,1547.195,72.062,0.0,1619.257,365.006,1409.774,0.0,1774.78
18.712822411907837,18375,2,7,6,-0.039393,-0.069848,1.46182,0.957047,1891.645,1443.0,2114.113,0.0,2114,1433,0.837758,1.461,0.0,0.0,1.461,1817.185,74.459,0.0,1891.645,358.916,1755.197,0.0,2114.113
18.712822411907837,18380,2,7,6,-0.03394,-0.063377,1.412948,1.073236,1298.44,1190.0,1856.56,0.0,1856,1199,0.942477,1.412,0.0,0.0,1.412,1222.962,75.478,0.0,1298.44,86.752,1769.807,0.0,1856.56
18.724766587954946,18386,2,7,6,-0.02848,-0.054872,1.266834,1.202417,307.572,696.0,1180.964,0.0,1180,678,1.151917,1.266,0.0,0.0,1.266,231.899,75.673,0.0,307.572,-310.741,1491.706,0.0,1180.964
18.724766587954946,18391,2,7,6,-0.021917,-0.045993,1.155675,1.266688,-324.32,262.0,629.934,0.0,629,244,1.047197,1.155,0.0,0.0,1.155,-399.649,75.328,0.0,-324.32,-469.056,1098.99,0.0,629.934
18.724766587954946,18396,2,7,6,-0.016442,-0.039886,1.1253,1.204132,-208.705,233.0,521.167,0.0,521,215,1.047197,1.125,0.0,0.0,1.125,-283.797,75.091,0.0,-208.705,-353.364,874.532,0.0,521.167
18.737071272917092,18401,2,7,6,-0.010963,-0.034245,1.11753,1.086231,187.86,361.0,677.063,0.0,677,343,0.733038,1.117,0.0,0.0,1.117,112.674,75.185,0.0,187.86,-138.511,815.575,0.0,677.063
18.737071272917092,18406,2,7,6,-0.005482,-0.028978,1.127827,0.998008,542.924,509.0,888.668,0.0,888,499,0.837758,1.127,0.0,0.0,1.127,467.349,75.575,0.0,542.924,27.139,861.528,0.0,888.668
18.7482540080091,18411,2,7,6,0.0,-0.023959,1.15007,0.993749,638.799,574.0,959.83,0.0,959,565,0.733038,1.15,0.0,0.0,1.15,562.754,76.044,0.0,638.799,51.839,907.99,0.0,959.83
18.7482540080091,18416,2,7,6,0.005483,-0.018918,1.171269,1.000763,690.376,602.0,1026.783,0.0,1026,602,0.733038,1.171,0.0,0.0,1.171,613.821,76.555,0.0,690.376,70.701,956.082,0.0,1026.783
18.759799338993616,18421,2,7,6,0.010965,-0.013796,1.188535,1.027135,658.082,630.0,996.405,0.0,996,625,0.733038,1.188,0.0,0.0,1.188,581.042,77.039,0.0,658.082,22.466,973.939,0.0,996.405
18.759799338993616,18426,2,7,6,0.016443,-0.008781,1.21079,1.001485,831.169,738.0,1121.429,0.0,1121,731,0.733038,1.21,0.0,0.0,1.21,753.501,77.667,0.0,831.169,74.535,1046.894,0.0,1121.429
18.759799338993616,18431,2,7,6,0.021918,-0.003851,1.236992,0.948529,1116.999,912.0,1350.41,0.0,1350,912,0.628318,1.236,0.0,0.0,1.236,1038.465,78.533,0.0,1116.999,163.999,1186.411,0.0,1350.41
18.771915980963968,18436,2,7,6,0.027387,0.000802,1.2761,0.915714,1377.005,1088.0,1598.476,0.0,1598,1100,0.733038,1.276,0.0,0.0,1.276,1297.39,79.614,0.0,1377.005,231.204,1367.272,0.0,1598.476
18.771915980963968,18441,2,7,6,0.03285,0.005364,1.319334,0.913627,1541.376,1235.0,1793.132,0.0,1793,1254,0.733038,1.319,0.0,0.0,1.319,1460.545,80.831,0.0,1541.376,245.101,1548.031,0.0,1793.132
18.78315244393889,18446,2,7,6,0.038304,0.009915,1.3627,0.920136,1675.336,1387.0,1952.364,0.0,1952,1356,0.733038,1.362,0.0,0.0,1.362,1593.228,82.108,0.0,1675.336,230.669,1721.695,0.0,1952.364
18.78315244393889,18451,2,7,6,0.04375,0.014742,1.392361,0.984777,1550.636,1345.0,1986.026,0.0,1986,1376,0.837758,1.392,0.0,0.0,1.392,1467.304,83.331,0.0,1550.636,164.508,1821.517,0.0,1986.026
18.794258128968067,18456,2,7,6,0.049184,0.019916,1.404833,1.074796,1272.456,1210.0,1869.637,0.0,1869,1255,0.837758,1.404,0.0,0.0,1.404,1188.134,84.321,0.0,1272.456,49.964,1819.672,0.0,1869.637
18.80578535189852,18465,2,7,6,0.058934,0.030347,1.372152,1.209541,670.965,896.0,1417.043,0.0,1417,879,0.942477,1.372,0.0,0.0,1.372,585.398,85.567,0.0,670.965,-180.027,1597.07,0.0,1417.043
18.80578535189852,18470,2,7,6,0.064331,0.036627,1.329793,1.279981,265.04,657.0,1054.698,0.0,1054,626,0.942477,1.329,0.0,0.0,1.329,179.323,85.716,0.0,265.04,-313.567,1368.265,0.0,1054.698
18.80578535189852,18476,2,7,6,0.069712,0.042962,1.284004,1.255973,186.71,530.0,907.516,0.0,907,499,0.942477,1.284,0.0,0.0,1.284,100.909,85.801,0.0,186.71,-274.631,1182.148,0.0,907.516
18.81695894000586,18481,2,7,6,0.076146,0.050395,1.236053,1.20843,185.326,451.0,826.96,0.0,826,455,0.942477,1.236,0.0,0.0,1.236,99.442,85.883,0.0,185.326,-212.538,1039.499,0.0,826.96
18.81695894000586,18486,2,7,6,0.081488,0.056296,1.209188,1.147643,307.632,472.0,830.558,0.0,830,441,0.837758,1.209,0.0,0.0,1.209,221.563,86.068,0.0,307.632,-131.494,962.053,0.0,830.558
18.828238557907753,18491,2,7,6,0.086809,0.061882,1.196531,1.081826,499.35,555.0,908.362,0.0,908,558,0.733038,1.196,0.0,0.0,1.196,412.937,86.412,0.0,499.35,-44.519,952.882,0.0,908.362
18.839213320985436,18500,2,7,6,0.096332,0.070252,1.251868,1.022159,914.522,769.0,1205.941,0.0,1205,750,0.628318,1.251,0.0,0.0,1.251,826.949,87.573,0.0,914.522,116.418,1089.523,0.0,1205.941
18.839213320985436,18506,2,7,6,0.101591,0.070252,1.50427,1.022159,1824.63,1288.0,1882.746,0.0,1882,1299,0.628318,1.504,0.0,0.0,1.504,1735.599,89.031,0.0,1824.63,429.304,1453.442,0.0,1882.746
18.850349735002965,18515,2,7,6,0.11203,0.081198,1.479931,0.905077,2161.345,1637.0,2312.836,0.0,2312,1661,0.733038,1.479,0.0,0.0,1.479,2069.473,91.871,0.0,2161.345,419.475,1893.36,0.0,2312.836
18.850349735002965,18521,2,7,6,0.117209,0.088721,1.367414,0.911678,1733.901,1518.0,2156.005,0.0,2156,1536,0.837758,1.367,0.0,0.0,1.367,1640.651,93.25,0.0,1733.901,172.721,1983.284,0.0,2156.005
18.861924113938585,18526,2,7,6,0.123386,0.095696,1.329136,0.992993,1304.411,1330.0,1907.731,0.0,1907,1330,0.837758,1.329,0.0,0.0,1.329,1210.115,94.295,0.0,1304.411,-20.47,1928.202,0.0,1907.731
18.861924113938585,18531,2,7,6,0.1285,0.1006,1.339173,0.972275,1416.227,1376.0,1988.83,0.0,1988,1405,0.942477,1.339,0.0,0.0,1.339,1320.831,95.396,0.0,1416.227,32.182,1956.648,0.0,1988.83
18.87319521291647,18536,2,7,6,0.133582,0.10553,1.346477,0.982372,1407.225,1358.0,2008.87,0.0,2008,1396,0.837758,1.346,0.0,0.0,1.346,1310.777,96.447,0.0,1407.225,39.38,1969.49,0.0,2008.87
18.87319521291647,18541,2,7,6,0.13863,0.110433,1.353456,0.981908,1435.135,1383.0,2030.501,0.0,2030,1393,0.942477,1.353,0.0,0.0,1.353,1337.573,97.562,0.0,1435.135,41.708,1988.792,0.0,2030.501
18.885366695933044,18546,2,7,6,0.143645,0.115411,1.355257,0.9995,1379.353,1372.0,1992.157,0.0,1992,1384,0.837758,1.355,0.0,0.0,1.355,1280.724,98.629,0.0,1379.353,5.882,1986.275,0.0,1992.157
18.885366695933044,18555,2,7,6,0.152582,0.124747,1.336078,1.047458,1139.455,1211.0,1816.0,0.0,1816,1205,0.837758,1.336,0.0,0.0,1.336,1039.032,100.422,0.0,1139.455,-57.235,1873.236,0.0,1816.0
18.896686994004995,18560,2,7,6,0.157494,0.130171,1.311508,1.091031,894.802,1068.0,1624.096,0.0,1624,1081,0.837758,1.311,0.0,0.0,1.311,793.718,101.084,0.0,894.802,-138.558,1762.655,0.0,1624.096
18.896686994004995,18566,2,7,6,0.162368,0.135695,1.280307,1.089507,788.539,973.0,1501.339,0.0,1501,950,0.837758,1.28,0.0,0.0,1.28,686.881,101.658,0.0,788.539,-147.568,1648.907,0.0,1501.339
18.908604998956434,18571,2,7,6,0.168164,0.142367,1.238256,1.086504,648.42,852.0,1359.97,0.0,1359,854,0.837758,1.238,0.0,0.0,1.238,546.306,102.113,0.0,648.42,-162.863,1522.833,0.0,1359.97
18.908604998956434,18576,2,7,6,0.172948,0.147875,1.203506,1.104693,458.138,706.0,1166.334,0.0,1166,706,0.733038,1.203,0.0,0.0,1.203,355.727,102.41,0.0,458.138,-198.289,1364.623,0.0,1166.334
18.919830525992438,18581,2,7,6,0.177689,0.153111,1.179742,1.026906,653.076,783.0,1210.818,0.0,1210,766,0.733038,1.179,0.0,0.0,1.179,550.207,102.868,0.0,653.076,-103.938,1314.757,0.0,1210.818
18.919830525992438,18586,2,7,6,0.182386,0.158022,1.169478,0.962347,849.16,829.0,1345.059,0.0,1345,860,0.628318,1.169,0.0,0.0,1.169,745.67,103.49,0.0,849.16,16.128,1328.931,0.0,1345.059
18.919830525992438,18591,2,7,6,0.187039,0.162706,1.167996,0.912905,1022.584,940.0,1449.102,0.0,1449,957,0.628318,1.167,0.0,0.0,1.167,918.329,104.255,0.0,1022.584,66.067,1383.035,0.0,1449.102
18.93151315092109,18596,2,7,6,0.191645,0.167191,1.173791,0.868857,1202.93,1070.0,1581.273,0.0,1581,1070,0.628318,1.173,0.0,0.0,1.173,1097.76,105.17,0.0,1202.93,106.344,1474.928,0.0,1581.273
18.93151315092109,18601,2,7,6,0.196204,0.171549,1.183441,0.849728,1307.538,1167.0,1681.467,0.0,1681,1136,0.628318,1.183,0.0,0.0,1.183,1201.366,106.171,0.0,1307.538,112.43,1569.036,0.0,1681.467
18.94303458998911,18606,2,7,6,0.200715,0.175888,1.191662,0.868141,1271.819,1170.0,1705.288,0.0,1705,1156,0.733038,1.191,0.0,0.0,1.191,1164.677,107.141,0.0,1271.819,81.455,1623.832,0.0,1705.288
18.94303458998911,18611,2,7,6,0.205176,0.180194,1.199122,0.839823,1401.695,1260.0,1828.035,0.0,1828,1260,0.628318,1.199,0.0,0.0,1.199,1293.475,108.219,0.0,1401.695,113.356,1714.679,0.0,1828.035
18.954429739969783,18616,2,7,6,0.209586,0.184359,1.210921,0.801071,1584.911,1385.0,1997.554,0.0,1997,1399,0.628318,1.21,0.0,0.0,1.21,1475.461,109.449,0.0,1584.911,159.929,1837.625,0.0,1997.554
18.954429739969783,18621,2,7,6,0.213945,0.188418,1.225282,0.783639,1700.689,1500.0,2119.173,0.0,2119,1507,0.628318,1.225,0.0,0.0,1.225,1589.914,110.774,0.0,1700.689,160.551,1958.622,0.0,2119.173
18.966596969985403,18626,2,7,6,0.218251,0.192331,1.244138,0.762583,1845.764,1632.0,2256.748,0.0,2256,1636,0.628318,1.244,0.0,0.0,1.244,1733.6,112.164,0.0,1845.764,171.011,2085.736,0.0,2256.748
18.966596969985403,18635,2,7,6,0.225865,0.196793,1.395469,0.728488,2516.909,2144.0,2816.917,0.0,2816,2132,0.733038,1.395,0.0,0.0,1.395,2401.133,115.775,0.0,2516.909,298.327,2518.59,0.0,2816.917
18.977787819923833,18640,2,7,6,0.230017,0.196793,1.594779,0.728488,3237.022,2598.0,3439.783,0.0,3439,2612,0.837758,1.594,0.0,0.0,1.594,3118.648,118.373,0.0,3237.022,511.217,2928.565,0.0,3439.783
18.977787819923833,18646,2,7,6,0.234113,0.206235,1.338169,0.780362,2128.165,2120.0,2859.925,0.0,2859,2124,0.942477,1.338,0.0,0.0,1.338,2008.104,120.061,0.0,2128.165,6.532,2853.392,0.0,2859.925
18.989368932903744,18656,2,7,6,0.242131,0.213926,1.353842,0.977116,1478.336,1675.0,2292.696,0.0,2292,1639,0.942477,1.353,0.0,0.0,1.353,1356.212,122.123,0.0,1478.336,-157.33,2450.027,0.0,2292.696
19.00098321691621,18661,2,7,6,0.246827,0.222761,1.155166,0.97168,783.223,1225.0,1798.348,0.0,1798,1217,0.942477,1.155,0.0,0.0,1.155,660.548,122.674,0.0,783.223,-353.421,2151.769,0.0,1798.348
19.00098321691621,18666,2,7,6,0.250673,0.227792,1.098294,0.99891,480.755,973.0,1463.523,0.0,1463,954,0.837758,1.098,0.0,0.0,1.098,357.783,122.972,0.0,480.755,-393.795,1857.319,0.0,1463.523
19.00098321691621,18671,2,7,6,0.254458,0.232647,1.046929,0.933069,533.209,911.0,1357.597,0.0,1357,881,0.837758,1.046,0.0,0.0,1.046,409.895,123.314,0.0,533.209,-302.232,1659.83,0.0,1357.597
19.01268869591877,18676,2,7,6,0.25818,0.23732,1.001284,0.891675,518.234,831.0,1246.477,0.0,1246,807,0.837758,1.001,0.0,0.0,1.001,394.591,123.642,0.0,518.234,-250.212,1496.689,0.0,1246.477
19.01268869591877,18681,2,7,6,0.261838,0.241722,0.965576,0.864156,489.058,735.0,1161.136,0.0,1161,729,0.733038,0.965,0.0,0.0,0.965,365.111,123.947,0.0,489.058,-196.753,1357.889,0.0,1161.136
19.024343639961444,18686,2,7,6,0.265432,0.245947,0.935253,0.833381,490.99,681.0,1102.042,0.0,1102,676,0.733038,0.935,0.0,0.0,0.935,366.738,124.252,0.0,490.99,-152.007,1254.049,0.0,1102.042
19.024343639961444,18691,2,7,6,0.268959,0.249986,0.910709,0.789705,560.231,668.0,1107.321,0.0,1107,668,0.628318,0.91,0.0,0.0,0.91,435.615,124.615,0.0,560.231,-86.214,1193.536,0.0,1107.321
19.03602899890393,18696,2,7,6,0.272421,0.253869,0.890523,0.771491,553.486,643.0,1068.903,0.0,1068,647,0.628318,0.89,0.0,0.0,0.89,428.514,124.972,0.0,553.486,-71.61,1140.514,0.0,1068.903
19.03602899890393,18701,2,7,6,0.275816,0.257529,0.877763,0.710709,726.867,728.0,1152.067,0.0,1152,725,0.523598,0.877,0.0,0.0,0.877,601.393,125.473,0.0,726.867,-0.906,1152.973,0.0,1152.067
19.03602899890393,18706,2,7,6,0.279142,0.261009,0.870406,0.668407,853.275,814.0,1224.363,0.0,1224,792,0.523598,0.87,0.0,0.0,0.87,727.196,126.079,0.0,853.275,31.42,1192.943,0.0,1224.363
19.048438819940202,18711,2,7,6,0.2824,0.264207,0.873247,0.624992,1020.542,913.0,1358.944,0.0,1358,898,0.418879,0.873,0.0,0.0,0.873,893.717,126.824,0.0,1020.542,86.033,1272.91,0.0,1358.944
19.048438819940202,18716,2,7,6,0.285588,0.266984,0.892966,0.527241,1444.491,1184.0,1662.961,0.0,1662,1185,0.523598,0.892,0.0,0.0,0.892,1316.61,127.88,0.0,1444.491,208.392,1454.569,0.0,1662.961
19.059776846901514,18721,2,7,6,0.288706,0.269436,0.924925,0.474184,1751.903,1407.0,1951.319,0.0,1951,1423,0.418879,0.924,0.0,0.0,0.924,1622.669,129.233,0.0,1751.903,275.922,1675.396,0.0,1951.319
19.059776846901514,18726,2,7,6,0.291752,0.271652,0.964771,0.446061,1998.145,1616.0,2214.736,0.0,2214,1630,0.418879,0.964,0.0,0.0,0.964,1867.356,130.789,0.0,1998.145,305.716,1909.02,0.0,2214.736
19.07115435297601,18735,2,7,6,0.297053,0.275404,1.039166,0.416664,2375.489,1982.0,2693.749,0.0,2693,2046,0.418879,1.039,0.0,0.0,1.039,2241.005,134.483,0.0,2375.489,314.791,2378.958,0.0,2693.749
19.07115435297601,18740,2,7,6,0.299896,0.277637,1.068416,0.451917,2355.727,2079.0,2748.078,0.0,2748,2079,0.523598,1.068,0.0,0.0,1.068,2219.394,136.333,0.0,2355.727,221.382,2526.696,0.0,2748.078
19.082612167927437,18745,2,7,6,0.302665,0.280154,1.080488,0.510496,2190.014,2050.0,2705.711,0.0,2705,2069,0.628318,1.08,0.0,0.0,1.08,2051.971,138.043,0.0,2190.014,112.011,2593.699,0.0,2705.711
19.082612167927437,18751,2,7,6,0.305359,0.282947,1.075763,0.564669,1979.52,1958.0,2608.004,0.0,2608,1978,0.628318,1.075,0.0,0.0,1.075,1839.938,139.581,0.0,1979.52,17.216,2590.787,0.0,2608.004
19.0939299169695,18756,2,7,6,0.308492,0.286647,1.04857,0.633155,1636.323,1773.0,2379.939,0.0,2379,1778,0.733038,1.048,0.0,0.0,1.048,1495.495,140.827,0.0,1636.323,-109.341,2489.28,0.0,2379.939
19.0939299169695,18761,2,7,6,0.31102,0.289919,1.012856,0.658652,1417.023,1609.0,2203.969,0.0,2203,1609,0.733038,1.012,0.0,0.0,1.012,1275.135,141.888,0.0,1417.023,-153.58,2357.55,0.0,2203.969
19.10544170299545,18770,2,7,6,0.315375,0.293236,1.062704,0.652063,1622.342,1620.0,2253.57,0.0,2253,1643,0.837758,1.062,0.0,0.0,1.062,1478.305,144.037,0.0,1622.342,1.874,2251.696,0.0,2253.57
19.10544170299545,18775,2,7,6,0.317687,0.298373,0.927077,0.625065,1232.224,1399.0,1986.217,0.0,1986,1405,0.733038,0.927,0.0,0.0,0.927,1087.243,144.981,0.0,1232.224,-133.42,2119.638,0.0,1986.217
19.11687323800288,18780,2,7,6,0.31992,0.302372,0.842266,0.66232,793.305,1157.0,1616.848,0.0,1616,1114,0.733038,0.842,0.0,0.0,0.842,647.807,145.498,0.0,793.305,-290.955,1907.803,0.0,1616.848
19.11687323800288,18786,2,7,6,0.322073,0.302372,0.945643,0.66232,1166.349,1284.0,1785.678,0.0,1785,1230,0.733038,0.945,0.0,0.0,0.945,1019.965,146.384,0.0,1166.349,-94.12,1879.798,0.0,1785.678
19.126726478920318,18796,2,7,6,0.326142,0.309703,0.789084,0.636366,696.865,895.0,1352.204,0.0,1352,875,0.628318,0.789,0.0,0.0,0.789,549.783,147.082,0.0,696.865,-158.507,1510.711,0.0,1352.204
19.13800486701075,18801,2,7,6,0.328429,0.316289,0.582708,0.639409,-57.208,452.0,760.44,0.0,760,450,0.523598,0.582,0.0,0.0,0.582,-204.12,146.912,0.0,-57.208,-407.366,1167.806,0.0,760.44
19.13800486701075,18806,2,7,6,0.330246,0.319228,0.528837,0.582079,-44.913,394.0,596.731,0.0,596,321,0.418879,0.528,0.0,0.0,0.528,-191.672,146.758,0.0,-44.913,-351.131,947.862,0.0,596.731
19.149600385921076,18811,2,7,6,0.331981,0.321604,0.498114,0.42379,414.547,533.0,834.575,0.0,834,505,0.314159,0.498,0.0,0.0,0.498,267.565,146.981,0.0,414.547,-94.762,929.337,0.0,834.575
19.149600385921076,18816,2,7,6,0.333634,0.323329,0.494646,0.295983,862.764,763.0,1107.813,0.0,1107,763,0.314159,0.494,0.0,0.0,0.494,715.186,147.577,0.0,862.764,79.811,1028.002,0.0,1107.813
19.16155219695065,18825,2,7,6,0.336403,0.325331,0.531457,0.173623,1437.742,1159.0,1582.227,0.0,1582,1141,0.104719,0.531,0.0,0.0,0.531,1288.205,149.536,0.0,1437.742,222.993,1359.233,0.0,1582.227
19.16155219695065,18830,2,7,6,0.337824,0.326014,0.566906,0.122848,1749.474,1437.0,1830.016,0.0,1830,1380,0.0,0.566,0.0,0.0,0.566,1598.606,150.868,0.0,1749.474,249.979,1580.037,0.0,1830.016
19.173413692973554,18835,2,7,6,0.339163,0.32657,0.604462,0.114391,1916.594,1584.0,2062.4,0.0,2062,1593,0.104719,0.604,0.0,0.0,0.604,1764.256,152.338,0.0,1916.594,266.075,1796.324,0.0,2062.4
19.173413692973554,18841,2,7,6,0.340418,0.327144,0.637164,0.125873,1994.524,1704.0,2206.01,0.0,2206,1714,0.0,0.637,0.0,0.0,0.637,1840.646,153.877,0.0,1994.524,232.419,1973.591,0.0,2206.01
19.1853879209375,18846,2,7,6,0.341813,0.327884,0.668598,0.117371,2139.949,1823.0,2406.011,0.0,2406,1843,0.0,0.668,0.0,0.0,0.668,1984.417,155.531,0.0,2139.949,253.559,2152.452,0.0,2406.011
19.1853879209375,18851,2,7,6,0.342883,0.328509,0.689927,0.127219,2182.968,1945.0,2487.734,0.0,2487,1974,0.0,0.689,0.0,0.0,0.689,2025.748,157.219,0.0,2182.968,190.374,2297.36,0.0,2487.734
19.1853879209375,18856,2,7,6,0.343868,0.32917,0.705501,0.139861,2195.22,1992.0,2568.072,0.0,2568,2011,0.0,0.705,0.0,0.0,0.705,2036.3,158.919,0.0,2195.22,162.576,2405.495,0.0,2568.072
19.197075656964444,18861,2,7,6,0.344768,0.329964,0.710567,0.154396,2162.803,2010.0,2607.673,0.0,2607,2030,0.104719,0.71,0.0,0.0,0.71,2002.218,160.585,0.0,2162.803,122.242,2485.431,0.0,2607.673
19.197075656964444,18866,2,7,6,0.345583,0.330761,0.711469,0.168178,2118.063,2022.0,2604.264,0.0,2604,2022,0.209439,0.711,0.0,0.0,0.711,1955.845,162.218,0.0,2118.063,76.85,2527.414,0.0,2604.264
19.20799833990168,18871,2,7,6,0.346313,0.3317,0.701425,0.185458,2021.248,2015.0,2537.616,0.0,2537,1979,0.209439,0.701,0.0,0.0,0.701,1857.482,163.765,0.0,2021.248,4.998,2532.618,0.0,2537.616
19.20799833990168,18876,2,7,6,0.346957,0.332788,0.68013,0.227813,1793.465,1851.0,2428.995,0.0,2428,1880,0.209439,0.68,0.0,0.0,0.68,1628.342,165.122,0.0,1793.465,-46.027,2475.023,0.0,2428.995
19.221677546971478,18881,2,7,6,0.347516,0.334059,0.645968,0.264215,1540.579,1726.0,2210.278,0.0,2210,1704,0.209439,0.645,0.0,0.0,0.645,1374.311,166.268,0.0,1540.579,-148.336,2358.614,0.0,2210.278
19.221677546971478,18886,2,7,6,0.347989,0.335553,0.596952,0.305267,1217.208,1503.0,1952.816,0.0,1952,1485,0.209439,0.596,0.0,0.0,0.596,1050.065,167.143,0.0,1217.208,-228.633,2181.45,0.0,1952.816
19.221677546971478,18891,2,7,6,0.348377,0.337087,0.541917,0.304561,1022.338,1321.0,1756.555,0.0,1756,1321,0.209439,0.541,0.0,0.0,0.541,854.483,167.855,0.0,1022.338,-238.929,1995.484,0.0,1756.555
19.233073911978863,18901,2,7,6,0.348857,0.338832,0.481182,0.278835,897.509,1120.0,1519.188,0.0,1519,1120,0.209439,0.481,0.0,0.0,0.481,728.45,169.058,0.0,897.509,-177.992,1697.181,0.0,1519.188
19.244145259959623,18911,2,7,6,0.349064,0.340843,0.394595,0.181505,937.48,1085.0,1417.287,0.0,1417,1072,0.0,0.394,0.0,0.0,0.394,767.122,170.357,0.0,937.48,-118.016,1535.303,0.0,1417.287
19.255441451910883,18920,2,7,6,0.348926,0.341443,0.359177,-0.00903,1497.988,1361.0,1794.701,0.0,1794,1390,0.0,0.359,0.0,0.0,0.359,1325.548,172.44,0.0,1497.988,109.591,1685.11,0.0,1794.701
19.255441451910883,18925,2,7,6,0.348728,0.341229,0.359948,-0.025238,1560.266,1428.0,1864.042,0.0,1864,1428,0.0,0.359,0.0,0.0,0.359,1386.673,173.593,0.0,1560.266,105.813,1758.228,0.0,1864.042
19.26687096490059,18931,2,7,6,0.348444,0.341046,0.355103,-0.039178,1594.196,1463.0,1932.319,0.0,1932,1492,0.0,0.355,0.0,0.0,0.355,1419.413,174.782,0.0,1594.196,104.957,1827.362,0.0,1932.319
19.26687096490059,18936,2,7,6,0.347989,0.340987,0.336102,-0.003276,1397.566,1361.0,1848.073,0.0,1848,1390,0.0,0.336,0.0,0.0,0.336,1221.767,175.799,0.0,1397.566,29.253,1818.82,0.0,1848.073
19.278374493005686,18941,2,7,6,0.347516,0.341042,0.310741,0.019168,1226.338,1336.0,1675.175,0.0,1675,1306,0.0,0.31,0.0,0.0,0.31,1049.663,176.675,0.0,1226.338,-87.729,1762.904,0.0,1675.175
19.278374493005686,18946,2,7,6,0.346957,0.34115,0.278759,0.000715,1178.467,1253.0,1651.3,0.0,1651,1241,0.0,0.278,0.0,0.0,0.278,1000.959,177.507,0.0,1178.467,-59.626,1710.927,0.0,1651.3
19.289876753930002,18951,2,7,6,0.346313,0.341102,0.250114,-0.009158,1111.669,1205.0,1576.47,0.0,1576,1211,0.0,0.25,0.0,0.0,0.25,933.384,178.285,0.0,1111.669,-74.664,1651.135,0.0,1576.47
19.289876753930002,18956,2,7,6,0.345583,0.34096,0.221912,-0.050851,1161.055,1198.0,1599.491,0.0,1599,1222,0.0,0.221,0.0,0.0,0.221,981.951,179.104,0.0,1161.055,-29.555,1629.047,0.0,1599.491
19.289876753930002,18961,2,7,6,0.344768,0.340744,0.19315,-0.049054,1051.769,1126.0,1512.255,0.0,1512,1138,0.0,0.193,0.0,0.0,0.193,871.938,179.83,0.0,1051.769,-59.384,1571.64,0.0,1512.255
19.30221949191764,18966,2,7,6,0.343867,0.340554,0.159027,-0.050376,934.31,1072.0,1381.055,0.0,1381,1042,0.0,0.159,0.0,0.0,0.159,753.851,180.458,0.0,934.31,-110.151,1491.206,0.0,1381.055
19.30221949191764,18971,2,7,6,0.342882,0.340388,0.119742,-0.010162,648.505,856.0,1182.913,0.0,1182,855,-0.104719,0.119,0.0,0.0,0.119,467.657,180.848,0.0,648.505,-165.995,1348.908,0.0,1182.913
19.313496293965727,18976,2,7,6,0.341813,0.340328,0.071246,-0.018401,503.852,752.0,1002.603,0.0,1002,734,-0.104719,0.071,0.0,0.0,0.071,322.734,181.117,0.0,503.852,-198.518,1201.121,0.0,1002.603
19.313496293965727,18981,2,7,6,0.340659,0.340192,0.022381,-0.026932,358.797,613.0,842.225,0.0,842,632,-0.104719,0.022,0.0,0.0,0.022,177.532,181.265,0.0,358.797,-203.361,1045.587,0.0,842.225
19.324772977968678,18986,2,7,6,0.33942,0.339973,-0.026521,-0.038029,222.728,464.0,697.857,0.0,697,481,-0.104719,-0.026,0.0,0.0,-0.026,41.429,181.298,0.0,222.728,-193.017,890.874,0.0,697.857
19.324772977968678,18991,2,7,6,0.338099,0.339557,-0.069982,-0.096009,275.076,482.0,622.678,0.0,622,446,-0.209439,-0.069,0.0,0.0,-0.069,93.699,181.376,0.0,275.076,-165.539,788.217,0.0,622.678
19.324772977968678,18996,2,7,6,0.336693,0.338926,-0.107169,-0.147106,325.268,456.0,621.749,0.0,621,446,-0.209439,-0.107,0.0,0.0,-0.107,143.772,181.496,0.0,325.268,-104.584,726.334,0.0,621.749
19.336989525007084,19001,2,7,6,0.335205,0.338052,-0.136655,-0.201484,415.074,469.0,660.249,0.0,660,488,-0.209439,-0.136,0.0,0.0,-0.136,233.384,181.69,0.0,415.074,-43.14,703.389,0.0,660.249
19.347990160924383,19010,2,7,6,0.332318,0.336165,-0.184664,-0.210182,273.797,397.0,497.461,0.0,497,360,-0.314159,-0.184,0.0,0.0,-0.184,91.865,181.931,0.0,273.797,-98.562,596.023,0.0,497.461
19.347990160924383,19015,2,7,6,0.330599,0.335059,-0.21405,-0.224763,220.531,302.0,469.556,0.0,469,323,-0.209439,-0.214,0.0,0.0,-0.214,38.567,181.963,0.0,220.531,-65.174,534.731,0.0,469.556
19.35959860100411,19021,2,7,6,0.328799,0.333934,-0.24649,-0.231246,127.042,247.0,367.11,0.0,367,258,-0.209439,-0.246,0.0,0.0,-0.246,-54.875,181.917,0.0,127.042,-95.966,463.077,0.0,367.11
19.35959860100411,19026,2,7,6,0.326531,0.332573,-0.29003,-0.21845,-75.985,91.0,209.394,0.0,209,128,-0.314159,-0.29,0.0,0.0,-0.29,-257.688,181.702,0.0,-75.985,-133.588,342.982,0.0,209.394
19.35959860100411,19031,2,7,6,0.324553,0.331468,-0.331927,-0.227021,-196.273,-12.0,77.755,0.0,77,-31,-0.314159,-0.331,0.0,0.0,-0.331,-377.662,181.389,0.0,-196.273,-147.418,225.174,0.0,77.755
19.371941359946504,19040,2,7,6,0.32079,0.3304,-0.461264,-0.205648,-740.093,-381.0,-450.484,0.0,-450,-417,-0.314159,-0.461,0.0,0.0,-0.461,-920.216,180.122,0.0,-740.093,-287.274,-163.209,0.0,-450.484
19.383006606949493,19045,2,7,6,0.318589,0.328376,-0.469772,-0.244767,-630.598,-417.0,-453.258,0.0,-453,-416,-0.314159,-0.469,0.0,0.0,-0.469,-810.018,179.419,0.0,-630.598,-170.878,-282.379,0.0,-453.258
19.383006606949493,19050,2,7,6,0.316309,0.32642,-0.485338,-0.322094,-408.728,-352.0,-350.198,0.0,-350,-316,-0.418879,-0.485,0.0,0.0,-0.485,-587.678,178.95,0.0,-408.728,-45.382,-304.815,0.0,-350.198
19.39441399089992,19056,2,7,6,0.313951,0.32642,-0.598526,-0.322094,-817.071,-573.0,-670.967,0.0,-670,-582,-0.314159,-0.598,0.0,0.0,-0.598,-995.154,178.083,0.0,-817.071,-195.256,-475.71,0.0,-670.967
19.39441399089992,19061,2,7,6,0.311019,0.322585,-0.555174,-0.340967,-593.704,-509.0,-575.323,0.0,-575,-508,-0.418879,-0.555,0.0,0.0,-0.555,-771.145,177.441,0.0,-593.704,-67.763,-507.56,0.0,-575.323
19.4062229039846,19066,2,7,6,0.308492,0.320696,-0.585825,-0.406108,-470.079,-445.0,-525.328,0.0,-525,-490,-0.523598,-0.585,0.0,0.0,-0.585,-646.981,176.902,0.0,-470.079,-20.063,-505.264,0.0,-525.328
19.4062229039846,19071,2,7,6,0.305888,0.318787,-0.619154,-0.396466,-625.439,-566.0,-602.639,0.0,-602,-582,-0.418879,-0.619,0.0,0.0,-0.619,-801.673,176.234,0.0,-625.439,-47.551,-555.087,0.0,-602.639
19.4062229039846,19076,2,7,6,0.303209,0.31691,-0.65768,-0.384669,-807.394,-643.0,-777.809,0.0,-777,-669,-0.523598,-0.657,0.0,0.0,-0.657,-982.84,175.445,0.0,-807.394,-131.515,-646.294,0.0,-777.809
19.418772790930234,19081,2,7,6,0.300455,0.314902,-0.693454,-0.406747,-857.559,-723.0,-836.337,0.0,-836,-734,-0.523598,-0.693,0.0,0.0,-0.693,-1032.145,174.586,0.0,-857.559,-107.647,-728.689,0.0,-836.337
19.418772790930234,19086,2,7,6,0.297627,0.312764,-0.726608,-0.441149,-853.92,-745.0,-873.983,0.0,-873,-757,-0.523598,-0.726,0.0,0.0,-0.726,-1027.651,173.73,0.0,-853.92,-87.136,-786.846,0.0,-873.983
19.429993205005303,19091,2,7,6,0.294725,0.310463,-0.7554,-0.472767,-844.596,-768.0,-891.612,0.0,-891,-787,-0.628318,-0.755,0.0,0.0,-0.755,-1017.478,172.882,0.0,-844.596,-61.277,-830.335,0.0,-891.612
19.429993205005303,19100,2,7,6,0.28932,0.30581,-0.791547,-0.538183,-740.786,-733.0,-845.319,0.0,-845,-729,-0.628318,-0.791,0.0,0.0,-0.791,-912.11,171.324,0.0,-740.786,-6.229,-839.09,0.0,-845.319
19.441678361967206,19105,2,7,6,0.286216,0.303089,-0.809872,-0.549687,-766.121,-728.0,-884.624,0.0,-884,-742,-0.628318,-0.809,0.0,0.0,-0.809,-936.664,170.543,0.0,-766.121,-30.496,-854.127,0.0,-884.624
19.441678361967206,19111,2,7,6,0.283043,0.300222,-0.824609,-0.573324,-734.839,-720.0,-864.455,0.0,-864,-720,-0.733038,-0.824,0.0,0.0,-0.824,-904.626,169.787,0.0,-734.839,-11.871,-852.583,0.0,-864.455
19.453546896926127,19116,2,7,6,0.279142,0.296734,-0.844425,-0.585378,-763.559,-784.0,-845.13,0.0,-845,-749,-0.628318,-0.844,0.0,0.0,-0.844,-932.569,169.01,0.0,-763.559,16.352,-861.483,0.0,-845.13
19.453546896926127,19121,2,7,6,0.275815,0.293806,-0.863558,-0.606311,-757.85,-746.0,-874.472,0.0,-874,-745,-0.942477,-0.863,0.0,0.0,-0.863,-926.089,168.238,0.0,-757.85,-9.48,-864.992,0.0,-874.472
19.46476659597829,19126,2,7,6,0.272421,0.29087,-0.885568,-0.605474,-840.938,-790.0,-937.699,0.0,-937,-788,-0.837758,-0.885,0.0,0.0,-0.885,-1008.336,167.398,0.0,-840.938,-40.75,-896.948,0.0,-937.699
19.46476659597829,19131,2,7,6,0.268959,0.287931,-0.910636,-0.593388,-975.644,-901.0,-1018.991,0.0,-1018,-883,-0.733038,-0.91,0.0,0.0,-0.91,-1142.091,166.446,0.0,-975.644,-59.715,-959.275,0.0,-1018.991
19.46476659597829,19136,2,7,6,0.265431,0.284858,-0.932487,-0.603367,-1019.372,-932.0,-1084.024,0.0,-1084,-930,-0.733038,-0.932,0.0,0.0,-0.932,-1184.831,165.458,0.0,-1019.372,-69.897,-1014.126,0.0,-1084.024
19.477315761963837,19141,2,7,6,0.261837,0.281763,-0.956468,-0.624437,-1030.85,-929.0,-1142.798,0.0,-1142,-961,-0.733038,-0.956,0.0,0.0,-0.956,-1195.312,164.461,0.0,-1030.85,-81.48,-1061.317,0.0,-1142.798
19.477315761963837,19146,2,7,6,0.258179,0.278565,-0.978548,-0.649339,-1021.677,-946.0,-1154.762,0.0,-1154,-963,-0.837758,-0.978,0.0,0.0,-0.978,-1185.151,163.473,0.0,-1021.677,-60.542,-1094.22,0.0,-1154.762
19.489416717900895,19151,2,7,6,0.254457,0.27526,-0.998511,-0.66818,-1026.708,-980.0,-1161.31,0.0,-1161,-979,-0.733038,-0.998,0.0,0.0,-0.998,-1189.191,162.482,0.0,-1026.708,-37.367,-1123.943,0.0,-1161.31
19.489416717900895,19156,2,7,6,0.250672,0.2719,-1.018904,-0.673484,-1082.067,-1028.0,-1206.455,0.0,-1206,-1029,-0.733038,-1.018,0.0,0.0,-1.018,-1243.513,161.446,0.0,-1082.067,-43.253,-1163.201,0.0,-1206.455
19.501347060897388,19161,2,7,6,0.246826,0.268417,-1.036397,-0.682763,-1112.695,-1048.0,-1253.495,0.0,-1253,-1035,-0.733038,-1.036,0.0,0.0,-1.036,-1273.08,160.385,0.0,-1112.695,-51.756,-1201.738,0.0,-1253.495
19.501347060897388,19166,2,7,6,0.242919,0.264988,-1.059309,-0.699045,-1137.642,-1101.0,-1268.372,0.0,-1268,-1073,-0.628318,-1.059,0.0,0.0,-1.059,-1296.949,159.306,0.0,-1137.642,-29.314,-1239.058,0.0,-1268.372
19.512697591912,19175,2,7,6,0.235735,0.261694,-1.246067,-0.648729,-1994.172,-1593.0,-1954.783,0.0,-1954,-1593,-0.733038,-1.246,0.0,0.0,-1.246,-2150.414,156.242,0.0,-1994.172,-320.938,-1633.845,0.0,-1954.783
19.512697591912,19180,2,7,6,0.231662,0.261694,-1.441573,-0.648729,-2700.374,-2058.0,-2554.783,0.0,-2554,-2084,-0.733038,-1.441,0.0,0.0,-1.441,-2854.238,153.863,0.0,-2700.374,-513.899,-2040.883,0.0,-2554.783
19.52380878594704,19185,2,7,6,0.227532,0.261694,-1.639774,-0.648729,-3416.87,-2582.0,-3221.893,0.0,-3221,-2634,-0.733038,-1.639,0.0,0.0,-1.639,-3567.761,150.891,0.0,-3416.87,-667.896,-2553.997,0.0,-3221.893
19.52380878594704,19191,2,7,6,0.223346,0.247675,-1.167775,-0.773811,-1268.572,-1576.0,-1967.538,0.0,-1967,-1607,-0.733038,-1.167,0.0,0.0,-1.167,-1418.272,149.699,0.0,-1268.572,245.941,-2213.48,0.0,-1967.538
19.53540476190392,19201,2,7,6,0.21481,0.236877,-1.059236,-0.940482,-278.418,-797.0,-967.576,0.0,-967,-778,-0.837758,-1.059,0.0,0.0,-1.059,-427.514,149.095,0.0,-278.418,414.865,-1382.441,0.0,-967.576
19.53540476190392,19206,2,7,6,0.209585,0.231541,-1.053871,-0.840417,-619.98,-868.0,-1069.631,0.0,-1069,-851,-0.837758,-1.053,0.0,0.0,-1.053,-768.435,148.455,0.0,-619.98,198.415,-1268.047,0.0,-1069.631
19.546695299912244,19211,2,7,6,0.205175,0.227385,-1.066096,-0.798585,-815.385,-913.0,-1148.693,0.0,-1148,-913,-0.733038,-1.066,0.0,0.0,-1.066,-963.038,147.653,0.0,-815.385,78.091,-1226.785,0.0,-1148.693
19.546695299912244,19216,2,7,6,0.200714,0.223546,-1.095933,-0.755712,-1078.164,-1034.0,-1308.009,0.0,-1308,-1015,-0.837758,-1.095,0.0,0.0,-1.095,-1224.796,146.632,0.0,-1078.164,-35.331,-1272.678,0.0,-1308.009
19.55806810397189,19221,2,7,6,0.196203,0.219929,-1.138845,-0.705982,-1412.972,-1227.0,-1556.044,0.0,-1556,-1219,-0.837758,-1.138,0.0,0.0,-1.138,-1558.306,145.334,0.0,-1412.972,-148.777,-1407.267,0.0,-1556.044
19.55806810397189,19226,2,7,6,0.191644,0.216351,-1.185952,-0.70455,-1589.155,-1342.0,-1753.639,0.0,-1753,-1360,-0.837758,-1.185,0.0,0.0,-1.185,-1733.045,143.89,0.0,-1589.155,-197.724,-1555.915,0.0,-1753.639
19.569699578918517,19231,2,7,6,0.187038,0.212628,-1.228325,-0.757454,-1552.654,-1386.0,-1783.594,0.0,-1783,-1386,-0.733038,-1.228,0.0,0.0,-1.228,-1695.133,142.479,0.0,-1552.654,-133.323,-1650.27,0.0,-1783.594
19.569699578918517,19236,2,7,6,0.182385,0.208658,-1.261099,-0.819799,-1447.523,-1365.0,-1757.146,0.0,-1757,-1376,-0.942477,-1.261,0.0,0.0,-1.261,-1588.679,141.156,0.0,-1447.523,-66.018,-1691.127,0.0,-1757.146
19.581707145902328,19241,2,7,6,0.177688,0.204496,-1.286763,-0.828747,-1509.075,-1413.0,-1829.327,0.0,-1829,-1413,-0.837758,-1.286,0.0,0.0,-1.286,-1648.857,139.782,0.0,-1509.075,-76.86,-1752.467,0.0,-1829.327
19.581707145902328,19246,2,7,6,0.172947,0.200231,-1.309634,-0.859928,-1480.511,-1401.0,-1852.269,0.0,-1852,-1409,-0.942477,-1.309,0.0,0.0,-1.309,-1618.944,138.432,0.0,-1480.511,-63.608,-1788.66,0.0,-1852.269
19.581707145902328,19251,2,7,6,0.168163,0.195793,-1.326265,-0.886982,-1444.304,-1391.0,-1852.717,0.0,-1852,-1377,-0.942477,-1.326,0.0,0.0,-1.326,-1581.419,137.115,0.0,-1444.304,-42.643,-1810.073,0.0,-1852.717
19.594059844966978,19256,2,7,6,0.163337,0.191266,-1.340575,-0.913866,-1400.319,-1380.0,-1832.374,0.0,-1832,-1393,-0.942477,-1.34,0.0,0.0,-1.34,-1536.154,135.834,0.0,-1400.319,-16.255,-1816.119,0.0,-1832.374
19.594059844966978,19261,2,7,6,0.158472,0.186747,-1.357236,-0.908549,-1480.734,-1419.0,-1899.731,0.0,-1899,-1420,-0.942477,-1.357,0.0,0.0,-1.357,-1615.274,134.539,0.0,-1480.734,-49.387,-1850.343,0.0,-1899.731
19.605345570947975,19266,2,7,6,0.153567,0.182085,-1.36886,-0.932613,-1437.258,-1381.0,-1909.688,0.0,-1909,-1395,-0.942477,-1.368,0.0,0.0,-1.368,-1570.489,133.23,0.0,-1437.258,-45.006,-1864.681,0.0,-1909.688
19.605345570947975,19271,2,7,6,0.148624,0.177333,-1.378043,-0.95258,-1399.713,-1376.0,-1889.661,0.0,-1889,-1375,-0.942477,-1.378,0.0,0.0,-1.378,-1531.668,131.954,0.0,-1399.713,-18.971,-1870.69,0.0,-1889.661
19.616861354908906,19280,2,7,6,0.139636,0.16854,-1.387429,-1.001992,-1258.116,-1294.0,-1827.604,0.0,-1827,-1294,-0.837758,-1.387,0.0,0.0,-1.387,-1387.574,129.458,0.0,-1258.116,28.707,-1856.311,0.0,-1827.604
19.616861354908906,19285,2,7,6,0.134593,0.163369,-1.381238,-1.057188,-1038.094,-1153.0,-1677.113,0.0,-1677,-1153,-0.942477,-1.381,0.0,0.0,-1.381,-1166.579,128.485,0.0,-1038.094,91.924,-1769.038,0.0,-1677.113
19.626162556931376,19290,2,7,6,0.129518,0.157934,-1.363972,-1.092388,-850.03,-1029.0,-1511.987,0.0,-1511,-1033,-0.942477,-1.363,0.0,0.0,-1.363,-977.702,127.671,0.0,-850.03,143.175,-1655.162,0.0,-1511.987
19.626162556931376,19296,2,7,6,0.12441,0.152336,-1.340439,-1.119738,-667.515,-887.0,-1343.89,0.0,-1343,-855,-0.942477,-1.34,0.0,0.0,-1.34,-794.521,127.006,0.0,-667.515,175.587,-1519.478,0.0,-1343.89
19.639352532918565,19305,2,7,6,0.114104,0.143484,-1.410216,-1.091444,-1022.182,-1019.0,-1478.841,0.0,-1478,-971,-0.942477,-1.41,0.0,0.0,-1.41,-1147.576,125.394,0.0,-1022.182,-2.546,-1476.294,0.0,-1478.841
19.65084334195126,19310,2,7,6,0.108909,0.143484,-1.659597,-1.091444,-1921.73,-1450.0,-2182.864,0.0,-2182,-1470,-0.942477,-1.659,0.0,0.0,-1.659,-2045.348,123.618,0.0,-1921.73,-377.384,-1805.48,0.0,-2182.864
19.65084334195126,19315,2,7,6,0.103686,0.131022,-1.312117,-1.030267,-891.853,-1021.0,-1569.785,0.0,-1569,-1021,-0.942477,-1.312,0.0,0.0,-1.312,-1014.662,122.808,0.0,-891.853,103.316,-1673.102,0.0,-1569.785
19.65084334195126,19320,2,7,6,0.098438,0.131022,-1.564016,-1.030267,-1800.29,-1475.0,-2190.668,0.0,-2190,-1452,-1.151917,-1.564,0.0,0.0,-1.564,-1921.497,121.207,0.0,-1800.29,-260.232,-1930.435,0.0,-2190.668
19.660434575984254,19326,2,7,6,0.093165,0.120894,-1.331006,-1.129123,-606.204,-900.0,-1446.622,0.0,-1446,-898,-1.151917,-1.331,0.0,0.0,-1.331,-726.778,120.574,0.0,-606.204,235.036,-1681.659,0.0,-1446.622
19.660434575984254,19331,2,7,6,0.086808,0.111905,-1.204682,-1.285928,413.301,-267.0,-663.596,0.0,-663,-294,-1.256637,-1.204,0.0,0.0,-1.204,292.483,120.817,0.0,413.301,544.241,-1207.838,0.0,-663.596
19.673341274959967,19336,2,7,6,0.081487,0.105678,-1.161166,-1.223054,343.8,-176.0,-505.883,0.0,-505,-147,-1.151917,-1.161,0.0,0.0,-1.161,222.797,121.003,0.0,343.8,415.84,-921.724,0.0,-505.883
19.673341274959967,19341,2,7,6,0.076145,0.09985,-1.137826,-1.121033,60.5,-223.0,-566.735,0.0,-566,-195,-1.047197,-1.137,0.0,0.0,-1.137,-60.453,120.953,0.0,60.5,226.8,-793.535,0.0,-566.735
19.684756685979664,19346,2,7,6,0.070785,0.094457,-1.136252,-1.029359,-264.182,-314.0,-749.581,0.0,-749,-285,-1.047197,-1.136,0.0,0.0,-1.136,-384.815,120.632,0.0,-264.182,39.854,-789.435,0.0,-749.581
19.684756685979664,19351,2,7,6,0.065407,0.089281,-1.145965,-1.012725,-359.415,-356.0,-802.704,0.0,-802,-356,-0.942477,-1.145,0.0,0.0,-1.145,-479.663,120.247,0.0,-359.415,-2.732,-799.972,0.0,-802.704
19.69404200394638,19356,2,7,6,0.060014,0.084144,-1.15824,-1.026171,-355.597,-355.0,-801.453,0.0,-801,-355,-0.942477,-1.158,0.0,0.0,-1.158,-475.449,119.852,0.0,-355.597,-0.478,-800.975,0.0,-801.453
19.69404200394638,19361,2,7,6,0.054605,0.079059,-1.173798,-1.018979,-437.959,-416.0,-848.022,0.0,-848,-398,-0.837758,-1.173,0.0,0.0,-1.173,-557.347,119.387,0.0,-437.959,-17.567,-830.454,0.0,-848.022
19.706883203005418,19370,2,7,6,0.044836,0.070216,-1.218229,-0.941373,-878.735,-667.0,-1201.899,0.0,-1201,-667,-0.733038,-1.218,0.0,0.0,-1.218,-996.683,117.948,0.0,-878.735,-169.388,-1032.51,0.0,-1201.899
19.706883203005418,19375,2,7,6,0.039394,0.065622,-1.258971,-0.90576,-1154.668,-874.0,-1439.683,0.0,-1439,-843,-0.733038,-1.258,0.0,0.0,-1.258,-1271.557,116.889,0.0,-1154.668,-224.534,-1215.148,0.0,-1439.683
19.71855152398348,19380,2,7,6,0.033941,0.061257,-1.311199,-0.870948,-1469.338,-1080.0,-1763.983,0.0,-1763,-1112,-0.733038,-1.311,0.0,0.0,-1.311,-1584.906,115.568,0.0,-1469.338,-311.47,-1452.513,0.0,-1763.983
19.71855152398348,19386,2,7,6,0.028479,0.056983,-1.368204,-0.860644,-1713.178,-1297.0,-2038.601,0.0,-2038,-1283,-0.733038,-1.368,0.0,0.0,-1.368,-1827.218,114.04,0.0,-1713.178,-332.942,-1705.658,0.0,-2038.601
19.728793471003883,19391,2,7,6,0.021917,0.05154,-1.421897,-0.932696,-1648.552,-1326.0,-2135.694,0.0,-2135,-1324,-0.837758,-1.421,0.0,0.0,-1.421,-1761.124,112.572,0.0,-1648.552,-258.041,-1877.653,0.0,-2135.694
19.728793471003883,19396,2,7,6,0.016443,0.046537,-1.444543,-1.031213,-1376.657,-1228.0,-2053.088,0.0,-2053,-1244,-0.942477,-1.444,0.0,0.0,-1.444,-1487.989,111.332,0.0,-1376.657,-118.925,-1934.163,0.0,-2053.088
19.73880339297466,19401,2,7,6,0.010963,0.040997,-1.441604,-1.131915,-1004.477,-1084.0,-1811.673,0.0,-1811,-1054,-1.047197,-1.441,0.0,0.0,-1.441,-1114.88,110.403,0.0,-1004.477,63.618,-1875.292,0.0,-1811.673
19.73880339297466,19406,2,7,6,0.005482,0.035013,-1.417501,-1.210621,-634.986,-800.0,-1606.45,0.0,-1606,-834,-1.047197,-1.417,0.0,0.0,-1.417,-744.769,109.783,0.0,-634.986,132.011,-1738.461,0.0,-1606.45
19.73880339297466,19411,2,7,6,0.0,0.028771,-1.381034,-1.245958,-376.895,-674.0,-1323.982,0.0,-1323,-611,-1.151917,-1.381,0.0,0.0,-1.381,-486.272,109.377,0.0,-376.895,237.683,-1561.666,0.0,-1323.982
19.752837667940184,19416,2,7,6,-0.005483,0.022526,-1.344436,-1.245332,-247.693,-517.0,-1190.507,0.0,-1190,-503,-1.151917,-1.344,0.0,0.0,-1.344,-356.774,109.08,0.0,-247.693,215.445,-1405.952,0.0,-1190.507
19.76393695094157,19426,2,7,6,-0.015348,0.015165,-1.464662,-1.205814,-823.89,-698.0,-1507.484,0.0,-1507,-674,-1.047197,-1.464,0.0,0.0,-1.464,-931.855,107.964,0.0,-823.89,-100.712,-1406.771,0.0,-1507.484
19.76393695094157,19431,2,7,6,-0.021918,0.004364,-1.261569,-1.171621,-216.119,-409.0,-1101.443,0.0,-1101,-409,-1.151917,-1.261,0.0,0.0,-1.261,-323.814,107.695,0.0,-216.119,154.304,-1255.747,0.0,-1101.443
19.77596968994476,19440,2,7,6,-0.031758,-0.001801,-1.437949,-1.243772,-591.88,-488.0,-1239.447,0.0,-1239,-506,-0.942477,-1.437,0.0,0.0,-1.437,-699.038,107.157,0.0,-591.88,-83.104,-1156.342,0.0,-1239.447
19.77596968994476,19445,2,7,6,-0.037215,-0.001801,-1.699864,-1.243772,-1536.142,-993.0,-1948.451,0.0,-1948,-1030,-1.047197,-1.699,0.0,0.0,-1.699,-1641.932,105.789,0.0,-1536.142,-434.513,-1513.937,0.0,-1948.451
19.787194359931163,19450,2,7,6,-0.042661,-0.001801,-1.961307,-1.243772,-2479.488,-1628.0,-2750.219,0.0,-2750,-1629,-0.942477,-1.961,0.0,0.0,-1.961,-2583.125,103.636,0.0,-2479.488,-681.19,-2069.028,0.0,-2750.219
19.787194359931163,19456,2,7,6,-0.048098,-0.001801,-2.222244,-1.243772,-3421.917,-2262.0,-3720.549,0.0,-3720,-2292,-1.151917,-2.222,0.0,0.0,-2.222,-3522.499,100.581,0.0,-3421.917,-927.934,-2792.615,0.0,-3720.549
19.798814442940056,19465,2,7,6,-0.058934,-0.039613,-0.927428,-1.555038,2364.324,982.0,697.124,0.0,697,1054,-1.047197,-0.927,0.0,0.0,-0.927,2259.399,104.925,0.0,2364.324,1105.859,-408.734,0.0,697.124
19.80991227796767,19470,2,7,6,-0.064331,-0.053797,-0.50564,-1.090553,2212.368,1100.0,1052.846,0.0,1052,1189,-1.047197,-0.505,0.0,0.0,-0.505,2105.687,106.68,0.0,2212.368,889.894,162.951,0.0,1052.846
19.80991227796767,19476,2,7,6,-0.069712,-0.058945,-0.516814,-0.933261,1607.144,999.0,922.395,0.0,922,1013,-0.523598,-0.516,0.0,0.0,-0.516,1499.21,107.934,0.0,1607.144,486.515,435.88,0.0,922.395
19.80991227796767,19481,2,7,6,-0.076146,-0.062706,-0.645129,-0.454263,-579.757,-82.0,-411.867,0.0,-411,-51,-0.209439,-0.645,0.0,0.0,-0.645,-687.118,107.361,0.0,-579.757,-398.205,-13.662,0.0,-411.867
19.82275822700467,19486,2,7,6,-0.081488,-0.063881,-0.845159,-0.131518,-2463.886,-1142.0,-1937.92,0.0,-1937,-1173,-0.209439,-0.845,0.0,0.0,-0.845,-2569.107,105.22,0.0,-2463.886,-1057.509,-880.411,0.0,-1937.92
19.82275822700467,19491,2,7,6,-0.086809,-0.064942,-1.049603,-0.266624,-2715.877,-1546.0,-2491.134,0.0,-2491,-1591,-0.523598,-1.049,0.0,0.0,-1.049,-2818.725,102.847,0.0,-2715.877,-935.902,-1555.232,0.0,-2491.134
19.834044356946833,19496,2,7,6,-0.092109,-0.067426,-1.184807,-0.712571,-1598.615,-1146.0,-2058.466,0.0,-2058,-1195,-0.837758,-1.184,0.0,0.0,-1.184,-1700.047,101.431,0.0,-1598.615,-362.092,-1696.374,0.0,-2058.466
19.834044356946833,19501,2,7,6,-0.097386,-0.072076,-1.214889,-1.032229,-556.691,-688.0,-1435.307,0.0,-1435,-707,-0.942477,-1.214,0.0,0.0,-1.214,-657.575,100.884,0.0,-556.691,105.046,-1540.354,0.0,-1435.307
19.84515432198532,19506,2,7,6,-0.10264,-0.077782,-1.193194,-1.1607,-16.19,-366.0,-1017.673,0.0,-1017,-349,-0.942477,-1.193,0.0,0.0,-1.193,-116.976,100.786,0.0,-16.19,279.847,-1297.521,0.0,-1017.673
19.84515432198532,19511,2,7,6,-0.107867,-0.083339,-1.177364,-1.088326,-220.018,-430.0,-1037.094,0.0,-1037,-414,-0.837758,-1.177,0.0,0.0,-1.177,-320.537,100.519,0.0,-220.018,167.985,-1205.079,0.0,-1037.094
19.84515432198532,19516,2,7,6,-0.113069,-0.088215,-1.192992,-0.90391,-941.036,-782.0,-1478.487,0.0,-1478,-797,-0.628318,-1.192,0.0,0.0,-1.192,-1040.698,99.661,0.0,-941.036,-127.229,-1351.258,0.0,-1478.487
19.857358526904136,19521,2,7,6,-0.118242,-0.092232,-1.248467,-0.733815,-1754.628,-1262.0,-2088.13,0.0,-2088,-1247,-0.628318,-1.248,0.0,0.0,-1.248,-1852.746,98.117,0.0,-1754.628,-394.103,-1694.027,0.0,-2088.13
19.857358526904136,19526,2,7,6,-0.123386,-0.095579,-1.334719,-0.63282,-2430.825,-1679.0,-2758.401,0.0,-2758,-1696,-0.628318,-1.334,0.0,0.0,-1.334,-2526.837,96.012,0.0,-2430.825,-601.46,-2156.941,0.0,-2758.401
19.869204055983573,19531,2,7,6,-0.1285,-0.09923,-1.404963,-0.79842,-2089.31,-1608.0,-2767.391,0.0,-2767,-1641,-1.151917,-1.404,0.0,0.0,-1.404,-2183.552,94.241,0.0,-2089.31,-385.048,-2382.343,0.0,-2767.391
19.869204055983573,19536,2,7,6,-0.133582,-0.104123,-1.414044,-1.132695,-919.461,-1018.0,-2118.905,0.0,-2118,-1052,-1.361356,-1.414,0.0,0.0,-1.414,-1012.858,93.397,0.0,-919.461,78.831,-2197.736,0.0,-2118.905
19.881289289915003,19541,2,7,6,-0.138631,-0.110455,-1.352427,-1.341349,53.482,-458.0,-1397.608,0.0,-1397,-490,-1.361356,-1.352,0.0,0.0,-1.352,-39.881,93.364,0.0,53.482,409.186,-1806.794,0.0,-1397.608
19.881289289915003,19546,2,7,6,-0.143645,-0.117494,-1.255281,-1.395328,597.954,-83.0,-830.311,0.0,-830,-47,-1.466076,-1.255,0.0,0.0,-1.255,504.17,93.784,0.0,597.954,544.763,-1375.075,0.0,-830.311
19.892445089994,19555,2,7,6,-0.152583,-0.12986,-1.090674,-1.27412,755.322,212.0,-275.514,0.0,-275,225,-1.151917,-1.09,0.0,0.0,-1.09,660.403,94.919,0.0,755.322,434.658,-710.172,0.0,-275.514
19.892445089994,19560,2,7,6,-0.157495,-0.1357,-1.046169,-1.073139,192.088,-27.0,-478.505,0.0,-478,-8,-0.837758,-1.046,0.0,0.0,-1.046,97.09,94.997,0.0,192.088,175.27,-653.775,0.0,-478.505
19.90415320789907,19565,2,7,6,-0.162368,-0.137773,-1.18058,-1.033933,-433.373,-358.0,-843.194,0.0,-843,-348,-0.733038,-1.18,0.0,0.0,-1.18,-527.93,94.557,0.0,-433.373,-60.298,-782.895,0.0,-843.194
19.90415320789907,19570,2,7,6,-0.167202,-0.137773,-1.412606,-1.033933,-1269.803,-782.0,-1504.497,0.0,-1504,-818,-0.628318,-1.412,0.0,0.0,-1.412,-1363.224,93.421,0.0,-1269.803,-390.242,-1114.255,0.0,-1504.497
19.91581499297172,19575,2,7,6,-0.171995,-0.137773,-1.642652,-1.033933,-2099.793,-1318.0,-2235.876,0.0,-2235,-1318,-0.733038,-1.642,0.0,0.0,-1.642,-2191.388,91.595,0.0,-2099.793,-625.434,-1610.441,0.0,-2235.876
19.91581499297172,19581,2,7,6,-0.176744,-0.137773,-1.870634,-1.033933,-2923.058,-1865.0,-3095.063,0.0,-3095,-1906,-0.837758,-1.87,0.0,0.0,-1.87,-3012.123,89.065,0.0,-2923.058,-846.447,-2248.616,0.0,-3095.063
19.927540145930834,19590,2,7,6,-0.186112,-0.162939,-1.112282,-1.042273,-162.852,-433.0,-1204.983,0.0,-1204,-440,-0.837758,-1.112,0.0,0.0,-1.112,-252.031,89.178,0.0,-162.852,216.118,-1421.101,0.0,-1204.983
19.927540145930834,19596,2,7,6,-0.190728,-0.173274,-0.837783,-1.117487,1096.96,212.0,-146.71,0.0,-146,272,-0.733038,-0.837,0.0,0.0,-0.837,1006.936,90.024,0.0,1096.96,707.968,-854.678,0.0,-146.71
19.93969024589751,19601,2,7,6,-0.196204,-0.180447,-0.756333,-1.019484,1038.179,333.0,81.465,0.0,81,352,-0.628318,-0.756,0.0,0.0,-0.756,947.344,90.834,0.0,1038.179,564.143,-482.677,0.0,81.465
19.93969024589751,19606,2,7,6,-0.200714,-0.184243,-0.790612,-0.628981,-491.523,-348.0,-801.991,0.0,-801,-326,-0.418879,-0.79,0.0,0.0,-0.79,-581.873,90.349,0.0,-491.523,-114.818,-687.172,0.0,-801.991
19.951637832913548,19611,2,7,6,-0.205176,-0.186568,-0.893189,-0.371887,-1787.899,-1052.0,-1793.806,0.0,-1793,-1048,-0.418879,-0.893,0.0,0.0,-0.893,-1876.685,88.786,0.0,-1787.899,-588.719,-1205.087,0.0,-1793.806
19.951637832913548,19616,2,7,6,-0.209586,-0.188666,-1.004176,-0.486376,-1776.864,-1145.0,-2052.518,0.0,-2052,-1171,-0.523598,-1.004,0.0,0.0,-1.004,-1864.08,87.216,0.0,-1776.864,-505.491,-1547.027,0.0,-2052.518
19.951637832913548,19621,2,7,6,-0.213945,-0.191942,-1.056133,-0.791253,-867.116,-760.0,-1598.446,0.0,-1598,-807,-0.628318,-1.056,0.0,0.0,-1.056,-953.568,86.451,0.0,-867.116,-85.693,-1512.753,0.0,-1598.446
19.963419331004843,19626,2,7,6,-0.218251,-0.196505,-1.043775,-0.992437,-98.518,-385.0,-1045.379,0.0,-1045,-372,-0.628318,-1.043,0.0,0.0,-1.043,-184.816,86.297,0.0,-98.518,229.185,-1274.565,0.0,-1045.379
19.963419331004843,19631,2,7,6,-0.222503,-0.20182,-0.992787,-1.045713,276.988,-142.0,-674.945,0.0,-674,-126,-0.628318,-0.992,0.0,0.0,-0.992,190.532,86.456,0.0,276.988,335.19,-1010.136,0.0,-674.945
19.975215366925113,19636,2,7,6,-0.2267,-0.206951,-0.94795,-0.990417,239.463,-94.0,-567.522,0.0,-567,-97,-0.523598,-0.947,0.0,0.0,-0.947,152.88,86.583,0.0,239.463,266.771,-834.293,0.0,-567.522
19.975215366925113,19645,2,7,6,-0.234113,-0.21432,-0.950051,-0.652952,-984.235,-689.0,-1324.435,0.0,-1324,-686,-0.418879,-0.95,0.0,0.0,-0.95,-1069.556,85.321,0.0,-984.235,-236.188,-1088.247,0.0,-1324.435
19.987366580986418,19650,2,7,6,-0.238151,-0.217205,-1.005443,-0.574581,-1467.075,-974.0,-1778.536,0.0,-1778,-989,-0.418879,-1.005,0.0,0.0,-1.005,-1551.104,84.028,0.0,-1467.075,-394.46,-1384.075,0.0,-1778.536
19.987366580986418,19656,2,7,6,-0.242131,-0.220021,-1.061271,-0.595202,-1595.223,-1101.0,-2050.012,0.0,-2050,-1117,-0.628318,-1.061,0.0,0.0,-1.061,-1677.848,82.625,0.0,-1595.223,-395.378,-1654.633,0.0,-2050.012
19.99875428993255,19661,2,7,6,-0.246827,-0.224328,-1.079958,-0.808475,-895.528,-797.0,-1720.939,0.0,-1720,-812,-0.628318,-1.079,0.0,0.0,-1.079,-977.339,81.81,0.0,-895.528,-78.822,-1642.116,0.0,-1720.939
19.99875428993255,19666,2,7,6,-0.250673,-0.229123,-1.034408,-1.031029,69.637,-254.0,-1100.905,0.0,-1100,-287,-0.733038,-1.034,0.0,0.0,-1.034,-12.163,81.8,0.0,69.637,258.91,-1359.815,0.0,-1100.905
20.010278831934556,19671,2,7,6,-0.254458,-0.234674,-0.949617,-1.131307,736.428,110.0,-461.848,0.0,-461,112,-0.733038,-0.949,0.0,0.0,-0.949,654.083,82.345,0.0,736.428,501.143,-962.991,0.0,-461.848
20.010278831934556,19676,2,7,6,-0.25818,-0.240258,-0.860265,-1.057012,791.226,225.0,-205.199,0.0,-205,258,-0.733038,-0.86,0.0,0.0,-0.86,708.29,82.935,0.0,791.226,452.981,-658.18,0.0,-205.199
20.010278831934556,19681,2,7,6,-0.261838,-0.245204,-0.798422,-0.916119,507.001,164.0,-232.299,0.0,-232,177,-0.733038,-0.798,0.0,0.0,-0.798,423.712,83.289,0.0,507.001,274.401,-506.7,0.0,-232.299
20.022312765941024,19686,2,7,6,-0.265432,-0.24924,-0.777231,-0.752649,-5.282,-59.0,-483.199,0.0,-483,-24,-0.628318,-0.777,0.0,0.0,-0.777,-88.498,83.215,0.0,-5.282,42.973,-526.172,0.0,-483.199
20.022312765941024,19691,2,7,6,-0.26896,-0.252587,-0.785885,-0.614817,-533.143,-344.0,-833.413,0.0,-833,-323,-0.628318,-0.785,0.0,0.0,-0.785,-615.845,82.702,0.0,-533.143,-151.315,-682.098,0.0,-833.413
20.033813632908277,19696,2,7,6,-0.272421,-0.255698,-0.80272,-0.628429,-545.267,-394.0,-894.548,0.0,-894,-398,-0.628318,-0.802,0.0,0.0,-0.802,-627.447,82.179,0.0,-545.267,-121.014,-773.534,0.0,-894.548
20.04534208693076,19705,2,7,6,-0.278482,-0.260421,-0.866945,-0.705856,-498.534,-416.0,-899.719,0.0,-899,-399,-0.628318,-0.866,0.0,0.0,-0.866,-579.921,81.386,0.0,-498.534,-66.027,-833.692,0.0,-899.719
20.04534208693076,19710,2,7,6,-0.281754,-0.264628,-0.822042,-0.698102,-365.168,-356.0,-839.289,0.0,-839,-393,-0.628318,-0.822,0.0,0.0,-0.822,-446.182,81.013,0.0,-365.168,-7.335,-831.954,0.0,-839.289
20.04534208693076,19715,2,7,6,-0.284956,-0.264628,-0.975724,-0.698102,-919.255,-645.0,-1238.601,0.0,-1238,-628,-0.628318,-0.975,0.0,0.0,-0.975,-999.439,80.184,0.0,-919.255,-219.404,-1019.197,0.0,-1238.601
20.056968622957356,19720,2,7,6,-0.288088,-0.264628,-1.126051,-0.698102,-1461.715,-963.0,-1735.889,0.0,-1735,-976,-0.628318,-1.126,0.0,0.0,-1.126,-1540.616,78.9,0.0,-1461.715,-398.972,-1336.917,0.0,-1735.889
20.056968622957356,19726,2,7,6,-0.291148,-0.272922,-0.874857,-0.635043,-785.154,-689.0,-1414.072,0.0,-1414,-706,-0.733038,-0.874,0.0,0.0,-0.874,-863.332,78.178,0.0,-785.154,-76.923,-1337.148,0.0,-1414.072
20.06884437298868,19735,2,7,6,-0.297053,-0.280572,-0.791068,-0.874007,377.6,-8.0,-335.233,0.0,-335,1,-0.628318,-0.791,0.0,0.0,-0.791,298.581,79.018,0.0,377.6,308.48,-643.713,0.0,-335.233
20.08023283991497,19740,2,7,6,-0.299896,-0.287742,-0.583404,-0.570837,33.741,-165.0,-420.321,0.0,-420,-129,-0.523598,-0.583,0.0,0.0,-0.583,-45.239,78.98,0.0,33.741,158.993,-579.314,0.0,-420.321
20.08023283991497,19746,2,7,6,-0.302664,-0.290456,-0.586019,-0.508719,-199.531,-260.0,-532.834,0.0,-532,-260,-0.418879,-0.586,0.0,0.0,-0.586,-278.279,78.748,0.0,-199.531,48.375,-581.209,0.0,-532.834
20.08023283991497,19751,2,7,6,-0.305889,-0.292993,-0.618996,-0.399798,-711.021,-527.0,-876.01,0.0,-876,-500,-0.418879,-0.618,0.0,0.0,-0.618,-789.112,78.09,0.0,-711.021,-147.216,-728.793,0.0,-876.01
20.092844325932674,19756,2,7,6,-0.308492,-0.294934,-0.650804,-0.359017,-973.216,-675.0,-1151.252,0.0,-1151,-675,-0.418879,-0.65,0.0,0.0,-0.65,-1050.432,77.215,0.0,-973.216,-238.573,-912.678,0.0,-1151.252
20.092844325932674,19761,2,7,6,-0.31102,-0.296976,-0.674092,-0.461672,-688.134,-592.0,-1023.588,0.0,-1023,-592,-0.523598,-0.674,0.0,0.0,-0.674,-764.712,76.578,0.0,-688.134,-76.907,-946.681,0.0,-1023.588
20.10464668192435,19766,2,7,6,-0.313471,-0.299673,-0.662281,-0.599791,-148.572,-362.0,-625.856,0.0,-625,-371,-0.314159,-0.662,0.0,0.0,-0.662,-224.963,76.39,0.0,-148.572,170.741,-796.597,0.0,-625.856
20.10464668192435,19771,2,7,6,-0.315844,-0.302589,-0.636252,-0.550785,-231.549,-371.0,-619.103,0.0,-619,-353,-0.314159,-0.636,0.0,0.0,-0.636,-307.684,76.134,0.0,-231.549,111.56,-730.664,0.0,-619.103
20.11660239601042,19776,2,7,6,-0.318139,-0.305001,-0.630636,-0.408898,-722.789,-632.0,-907.716,0.0,-907,-615,-0.314159,-0.63,0.0,0.0,-0.63,-798.259,75.469,0.0,-722.789,-72.631,-835.084,0.0,-907.716
20.11660239601042,19781,2,7,6,-0.320357,-0.30674,-0.6536,-0.311509,-1157.084,-835.0,-1296.487,0.0,-1296,-874,-0.418879,-0.653,0.0,0.0,-0.653,-1231.528,74.443,0.0,-1157.084,-257.667,-1038.819,0.0,-1296.487
20.11660239601042,19786,2,7,6,-0.322495,-0.308271,-0.68274,-0.315514,-1248.67,-958.0,-1434.615,0.0,-1434,-958,-0.314159,-0.682,0.0,0.0,-0.682,-1322.012,73.341,0.0,-1248.67,-232.536,-1202.078,0.0,-1434.615
20.12732366390992,19791,2,7,6,-0.324553,-0.30987,-0.704764,-0.357275,-1178.659,-970.0,-1482.05,0.0,-1482,-970,-0.418879,-0.704,0.0,0.0,-0.704,-1250.958,72.299,0.0,-1178.659,-166.927,-1315.123,0.0,-1482.05
20.12732366390992,19796,2,7,6,-0.326531,-0.311804,-0.706898,-0.412484,-988.474,-871.0,-1450.77,0.0,-1450,-859,-0.523598,-0.706,0.0,0.0,-0.706,-1059.89,71.416,0.0,-988.474,-93.979,-1356.79,0.0,-1450.77
20.138101846911013,19801,2,7,6,-0.328429,-0.314329,-0.676822,-0.545463,-401.868,-569.0,-1074.355,0.0,-1074,-610,-0.523598,-0.676,0.0,0.0,-0.676,-472.89,71.021,0.0,-401.868,133.705,-1208.06,0.0,-1074.355
20.138101846911013,19806,2,7,6,-0.330246,-0.317347,-0.619138,-0.624187,89.215,-291.0,-655.052,0.0,-655,-304,-0.418879,-0.619,0.0,0.0,-0.619,18.178,71.036,0.0,89.215,304.172,-959.224,0.0,-655.052
20.149716670974158,19811,2,7,6,-0.331981,-0.320483,-0.551884,-0.615616,300.663,-151.0,-340.801,0.0,-340,-122,-0.418879,-0.551,0.0,0.0,-0.551,229.435,71.227,0.0,300.663,361.33,-702.132,0.0,-340.801
20.149716670974158,19816,2,7,6,-0.333634,-0.323161,-0.502704,-0.486244,11.921,-267.0,-384.774,0.0,-384,-232,-0.418879,-0.502,0.0,0.0,-0.502,-59.257,71.178,0.0,11.921,223.136,-607.911,0.0,-384.774
20.163189810933545,19825,2,7,6,-0.336403,-0.326459,-0.477288,-0.295771,-583.178,-498.0,-742.338,0.0,-742,-498,-0.314159,-0.477,0.0,0.0,-0.477,-653.462,70.283,0.0,-583.178,-68.142,-674.195,0.0,-742.338
20.163189810933545,19830,2,7,6,-0.337825,-0.327694,-0.486265,-0.25372,-767.574,-596.0,-901.007,0.0,-901,-643,-0.209439,-0.486,0.0,0.0,-0.486,-837.16,69.585,0.0,-767.574,-137.259,-763.748,0.0,-901.007
20.17358095489908,19835,2,7,6,-0.339163,-0.328957,-0.48987,-0.259434,-760.677,-657.0,-905.376,0.0,-905,-687,-0.209439,-0.489,0.0,0.0,-0.489,-829.569,68.892,0.0,-760.677,-82.941,-822.434,0.0,-905.376
20.17358095489908,19840,2,7,6,-0.340418,-0.330277,-0.486788,-0.281195,-671.833,-626.0,-874.264,0.0,-874,-640,-0.209439,-0.486,0.0,0.0,-0.486,-740.134,68.301,0.0,-671.833,-36.666,-837.597,0.0,-874.264
20.184120838996023,19845,2,7,6,-0.341589,-0.330277,-0.542993,-0.281195,-874.955,-772.0,-1001.379,0.0,-1001,-737,-0.209439,-0.542,0.0,0.0,-0.542,-942.472,67.516,0.0,-874.955,-82.364,-919.015,0.0,-1001.379
20.184120838996023,19850,2,7,6,-0.342675,-0.330277,-0.595138,-0.281195,-1063.619,-866.0,-1197.341,0.0,-1197,-866,-0.209439,-0.595,0.0,0.0,-0.595,-1130.194,66.574,0.0,-1063.619,-158.095,-1039.246,0.0,-1197.341
20.184120838996023,19855,2,7,6,-0.343677,-0.330277,-0.643239,-0.281195,-1237.869,-993.0,-1381.821,0.0,-1381,-993,-0.314159,-0.643,0.0,0.0,-0.643,-1303.357,65.488,0.0,-1237.869,-195.895,-1185.926,0.0,-1381.821
20.196857330971397,19861,2,7,6,-0.344595,-0.330277,-0.687269,-0.281195,-1397.649,-1103.0,-1599.152,0.0,-1599,-1075,-0.418879,-0.687,0.0,0.0,-0.687,-1461.864,64.215,0.0,-1397.649,-235.719,-1363.433,0.0,-1599.152
20.196857330971397,19866,2,7,6,-0.345583,-0.339623,-0.286108,-0.370242,367.351,-227.0,-419.232,0.0,-419,-277,-0.209439,-0.286,0.0,0.0,-0.286,302.883,64.467,0.0,367.351,475.481,-894.713,0.0,-419.232
20.209685273002833,19871,2,7,6,-0.346313,-0.341971,-0.208405,-0.527793,1215.221,288.0,425.148,0.0,425,306,-0.209439,-0.208,0.0,0.0,-0.208,1149.795,65.426,0.0,1215.221,741.777,-316.628,0.0,425.148
20.209685273002833,19876,2,7,6,-0.346957,-0.343663,-0.158128,-0.256343,419.293,16.0,154.986,0.0,154,78,-0.209439,-0.158,0.0,0.0,-0.158,353.572,65.72,0.0,419.293,322.634,-167.648,0.0,154.986
20.218807991943322,19881,2,7,6,-0.347516,-0.343951,-0.171149,0.050984,-734.625,-538.0,-546.971,0.0,-546,-486,-0.209439,-0.171,0.0,0.0,-0.171,-799.679,65.054,0.0,-734.625,-157.3,-389.67,0.0,-546.971
20.218807991943322,19886,2,7,6,-0.347989,-0.34351,-0.215008,0.119511,-1140.221,-779.0,-922.134,0.0,-922,-789,-0.104719,-0.215,0.0,0.0,-0.215,-1204.272,64.05,0.0,-1140.221,-288.976,-633.157,0.0,-922.134
20.218807991943322,19891,2,7,6,-0.348377,-0.343231,-0.246983,-0.003789,-812.15,-678.0,-788.813,0.0,-788,-680,-0.104719,-0.246,0.0,0.0,-0.246,-875.499,63.348,0.0,-812.15,-107.32,-681.493,0.0,-788.813
20.232678116997704,19896,2,7,6,-0.348678,-0.343674,-0.240168,-0.146239,-275.075,-403.0,-461.701,0.0,-461,-437,0.0,-0.24,0.0,0.0,-0.24,-338.143,63.067,0.0,-275.075,102.339,-564.041,0.0,-461.701
20.232678116997704,19901,2,7,6,-0.348893,-0.344552,-0.208392,-0.178397,-45.005,-276.0,-231.387,0.0,-231,-276,0.0,-0.208,0.0,0.0,-0.208,-107.983,62.977,0.0,-45.005,184.795,-416.183,0.0,-231.387
20.24392184591852,19906,2,7,6,-0.349022,-0.345367,-0.175456,-0.130716,-98.221,-260.0,-196.197,0.0,-196,-260,0.0,-0.175,0.0,0.0,-0.175,-161.064,62.843,0.0,-98.221,129.422,-325.62,0.0,-196.197
20.255385536933318,19915,2,7,6,-0.349038,-0.345067,-0.190619,0.125512,-1076.833,-774.0,-883.443,0.0,-883,-793,0.0,-0.19,0.0,0.0,-0.19,-1138.076,61.243,0.0,-1076.833,-242.266,-641.176,0.0,-883.443
20.255385536933318,19920,2,7,6,-0.348926,-0.344327,-0.220722,0.099863,-1093.827,-822.0,-1001.201,0.0,-1001,-838,0.0,-0.22,0.0,0.0,-0.22,-1154.108,60.281,0.0,-1093.827,-217.461,-783.739,0.0,-1001.201
20.255385536933318,19926,2,7,6,-0.348728,-0.343979,-0.227921,0.02943,-866.962,-727.0,-943.501,0.0,-943,-743,0.0,-0.227,0.0,0.0,-0.227,-926.469,59.506,0.0,-866.962,-111.97,-831.53,0.0,-943.501
20.26720443496015,19931,2,7,6,-0.348377,-0.344172,-0.201797,-0.080949,-375.91,-501.0,-625.745,0.0,-625,-503,-0.104719,-0.201,0.0,0.0,-0.201,-435.054,59.144,0.0,-375.91,100.071,-725.816,0.0,-625.745
20.26720443496015,19936,2,7,6,-0.347989,-0.344724,-0.156726,-0.145415,18.388,-290.0,-283.594,0.0,-283,-276,0.0,-0.156,0.0,0.0,-0.156,-40.721,59.11,0.0,18.388,246.71,-530.305,0.0,-283.594
20.278588820947334,19941,2,7,6,-0.347516,-0.345295,-0.106628,-0.091582,4.897,-245.0,-198.552,0.0,-198,-259,0.0,-0.106,0.0,0.0,-0.106,-54.167,59.064,0.0,4.897,199.917,-398.47,0.0,-198.552
20.278588820947334,19946,2,7,6,-0.346957,-0.345462,-0.071765,0.010188,-236.217,-340.0,-282.533,0.0,-282,-323,0.0,-0.071,0.0,0.0,-0.071,-295.037,58.819,0.0,-236.217,83.025,-365.559,0.0,-282.533
20.290330669959076,19951,2,7,6,-0.346313,-0.34516,-0.055336,0.069488,-390.925,-389.0,-376.066,0.0,-376,-420,0.0,-0.055,0.0,0.0,-0.055,-449.37,58.444,0.0,-390.925,-1.54,-374.526,0.0,-376.066
20.290330669959076,19956,2,7,6,-0.345583,-0.344784,-0.03834,0.06114,-299.986,-358.0,-292.415,0.0,-292,-372,0.0,-0.038,0.0,0.0,-0.038,-358.132,58.146,0.0,-299.986,46.41,-338.826,0.0,-292.415
20.290330669959076,19961,2,7,6,-0.344768,-0.344495,-0.013072,0.055583,-189.22,-307.0,-178.451,0.0,-178,-293,0.0,-0.013,0.0,0.0,-0.013,-247.16,57.94,0.0,-189.22,94.223,-272.674,0.0,-178.451
20.30227138090413,19966,2,7,6,-0.343867,-0.344255,0.018595,0.057657,-82.8,-210.0,-87.207,0.0,-87,-212,0.104719,0.018,0.0,0.0,0.018,-140.623,57.823,0.0,-82.8,101.759,-188.967,0.0,-87.207
20.30227138090413,19971,2,7,6,-0.342882,-0.343944,0.050953,0.060963,21.757,-163.0,61.261,0.0,61,-151,0.0,0.05,0.0,0.0,0.05,-36.035,57.793,0.0,21.757,147.806,-86.544,0.0,61.261
20.314253491931595,19976,2,7,6,-0.341813,-0.343357,0.074146,0.150892,-218.721,-277.0,-45.315,0.0,-45,-262,0.0,0.074,0.0,0.0,0.074,-276.284,57.562,0.0,-218.721,46.622,-91.938,0.0,-45.315
20.325290421955287,19986,2,7,6,-0.339675,-0.341386,0.082145,0.251863,-554.311,-408.0,-344.777,0.0,-344,-409,0.0,0.082,0.0,0.0,0.082,-610.984,56.673,0.0,-554.311,-117.048,-227.728,0.0,-344.777
20.325290421955287,19991,2,7,6,-0.338099,-0.340203,0.101004,0.195682,-284.451,-293.0,-192.71,0.0,-192,-293,0.0,0.101,0.0,0.0,0.101,-340.841,56.39,0.0,-284.451,6.838,-199.549,0.0,-192.71
20.337160364957526,20000,2,7,6,-0.335509,-0.339081,0.171462,0.121928,234.805,17.0,216.003,0.0,216,31,0.0,0.171,0.0,0.0,0.171,178.323,56.481,0.0,234.805,174.244,41.759,0.0,216.003
20.337160364957526,20005,2,7,6,-0.333955,-0.338182,0.202922,0.135604,299.028,65.0,352.704,0.0,352,98,0.104719,0.202,0.0,0.0,0.202,242.344,56.683,0.0,299.028,187.222,165.481,0.0,352.704
20.348988470970653,20010,2,7,6,-0.332318,-0.337413,0.244544,0.166028,339.575,145.0,432.245,0.0,432,162,0.0,0.244,0.0,0.0,0.244,282.656,56.918,0.0,339.575,155.66,276.585,0.0,432.245
20.348988470970653,20016,2,7,6,-0.330599,-0.336346,0.275867,0.226391,235.178,128.0,420.405,0.0,420,84,0.209439,0.275,0.0,0.0,0.275,178.11,57.068,0.0,235.178,85.742,334.662,0.0,420.405
20.36075518699363,20021,2,7,6,-0.328429,-0.334738,0.302819,0.294251,87.938,65.0,358.825,0.0,358,48,0.209439,0.302,0.0,0.0,0.302,30.844,57.093,0.0,87.938,18.35,340.474,0.0,358.825
20.36075518699363,20026,2,7,6,-0.326531,-0.333203,0.320261,0.32511,39.623,17.0,358.523,0.0,358,17,0.209439,0.32,0.0,0.0,0.32,-17.455,57.079,0.0,39.623,18.099,340.423,0.0,358.523
20.372461969964206,20031,2,7,6,-0.324552,-0.331611,0.33881,0.320927,121.512,78.0,405.029,0.0,405,97,0.209439,0.338,0.0,0.0,0.338,64.379,57.133,0.0,121.512,34.81,370.219,0.0,405.029
20.372461969964206,20036,2,7,6,-0.322494,-0.33003,0.36171,0.311451,238.216,133.0,514.998,0.0,514,162,0.209439,0.361,0.0,0.0,0.361,180.932,57.283,0.0,238.216,84.173,430.825,0.0,514.998
20.372461969964206,20041,2,7,6,-0.320356,-0.328359,0.384129,0.344247,200.979,132.0,514.04,0.0,514,145,0.314159,0.384,0.0,0.0,0.384,143.576,57.403,0.0,200.979,55.183,458.857,0.0,514.04
20.38194906397257,20046,2,7,6,-0.318139,-0.326429,0.397929,0.417014,-11.359,17.0,398.304,0.0,398,48,0.314159,0.397,0.0,0.0,0.397,-68.705,57.346,0.0,-11.359,-22.687,420.992,0.0,398.304
20.38194906397257,20051,2,7,6,-0.315843,-0.324284,0.405152,0.433521,-44.868,12.0,340.804,0.0,340,0,0.314159,0.405,0.0,0.0,0.405,-102.129,57.261,0.0,-44.868,-45.494,386.299,0.0,340.804
20.39511721394956,20056,2,7,6,-0.31347,-0.322049,0.411807,0.451801,-86.838,-20.0,291.809,0.0,291,0,0.209439,0.411,0.0,0.0,0.411,-143.979,57.141,0.0,-86.838,-53.471,345.28,0.0,291.809
20.39511721394956,20061,2,7,6,-0.311019,-0.319862,0.424438,0.440219,0.283,30.0,318.423,0.0,318,17,0.314159,0.424,0.0,0.0,0.424,-56.809,57.093,0.0,0.283,-23.772,342.196,0.0,318.423
20.407055125921033,20066,2,7,6,-0.308492,-0.317823,0.44791,0.401308,224.999,150.0,466.814,0.0,466,120,0.314159,0.447,0.0,0.0,0.447,167.765,57.233,0.0,224.999,59.999,406.814,0.0,466.814
20.407055125921033,20071,2,7,6,-0.305888,-0.315926,0.481834,0.369236,462.923,289.0,665.829,0.0,665,278,0.209439,0.481,0.0,0.0,0.481,405.352,57.571,0.0,462.923,139.139,526.69,0.0,665.829
20.407055125921033,20076,2,7,6,-0.303209,-0.313975,0.516785,0.389088,517.646,334.0,771.425,0.0,771,344,0.314159,0.516,0.0,0.0,0.516,459.706,57.94,0.0,517.646,146.917,624.508,0.0,771.425
20.418657625908963,20081,2,7,6,-0.300455,-0.311777,0.543452,0.480338,285.339,212.0,683.253,0.0,683,250,0.314159,0.543,0.0,0.0,0.543,227.21,58.129,0.0,285.339,58.671,624.582,0.0,683.253
20.418657625908963,20086,2,7,6,-0.297627,-0.309335,0.561973,0.50467,264.591,213.0,677.053,0.0,677,250,0.314159,0.561,0.0,0.0,0.561,206.289,58.301,0.0,264.591,41.273,635.78,0.0,677.053
20.430049693910405,20095,2,7,6,-0.292352,-0.304683,0.591918,0.529084,284.879,275.0,668.28,0.0,668,221,0.418879,0.591,0.0,0.0,0.591,226.203,58.676,0.0,284.879,7.903,660.376,0.0,668.28
20.441846070927568,20100,2,7,6,-0.28932,-0.30203,0.610083,0.524333,367.632,324.0,743.92,0.0,743,293,0.418879,0.61,0.0,0.0,0.61,308.698,58.933,0.0,367.632,34.905,709.015,0.0,743.92
20.441846070927568,20106,2,7,6,-0.286216,-0.299278,0.626974,0.539706,373.361,285.0,816.887,0.0,816,294,0.418879,0.626,0.0,0.0,0.626,314.165,59.196,0.0,373.361,70.689,746.198,0.0,816.887
20.441846070927568,20111,2,7,6,-0.282399,-0.295804,0.643421,0.591559,246.054,258.0,719.683,0.0,719,249,0.418879,0.643,0.0,0.0,0.643,186.701,59.352,0.0,246.054,-9.556,729.24,0.0,719.683
20.453814602922648,20116,2,7,6,-0.279142,-0.292675,0.649586,0.640746,91.201,157.0,622.956,0.0,622,176,0.418879,0.649,0.0,0.0,0.649,31.823,59.378,0.0,91.201,-52.638,675.594,0.0,622.956
20.453814602922648,20121,2,7,6,-0.275815,-0.289412,0.652632,0.638467,110.415,166.0,597.561,0.0,597,184,0.418879,0.652,0.0,0.0,0.652,50.994,59.421,0.0,110.415,-44.467,642.028,0.0,597.561
20.46314516593702,20126,2,7,6,-0.272421,-0.286374,0.669729,0.585301,363.616,297.0,751.317,0.0,751,315,0.418879,0.669,0.0,0.0,0.669,303.941,59.674,0.0,363.616,53.293,698.024,0.0,751.317
20.46314516593702,20131,2,7,6,-0.268959,-0.283414,0.693863,0.564263,526.624,400.0,878.791,0.0,878,409,0.418879,0.693,0.0,0.0,0.693,466.561,60.063,0.0,526.624,101.299,777.491,0.0,878.791
20.476678626961075,20136,2,7,6,-0.265431,-0.280544,0.725415,0.575144,601.488,483.0,949.306,0.0,949,477,0.418879,0.725,0.0,0.0,0.725,540.973,60.514,0.0,601.488,94.79,854.515,0.0,949.306
20.476678626961075,20141,2,7,6,-0.261837,-0.277664,0.759711,0.576877,719.265,580.0,1064.821,0.0,1064,555,0.523598,0.759,0.0,0.0,0.759,658.202,61.063,0.0,719.265,111.412,953.409,0.0,1064.821
20.476678626961075,20146,2,7,6,-0.258179,-0.27476,0.795889,0.57222,866.941,670.0,1237.053,0.0,1237,671,0.418879,0.795,0.0,0.0,0.795,805.207,61.734,0.0,866.941,157.553,1079.5,0.0,1237.053
20.4883604029892,20151,2,7,6,-0.254457,-0.271629,0.824259,0.650423,688.065,615.0,1166.409,0.0,1166,598,0.523598,0.824,0.0,0.0,0.824,625.809,62.255,0.0,688.065,58.452,1107.957,0.0,1166.409
20.4883604029892,20156,2,7,6,-0.250673,-0.268271,0.844709,0.693562,606.838,559.0,1157.356,0.0,1157,580,0.523598,0.844,0.0,0.0,0.844,544.129,62.709,0.0,606.838,38.27,1119.085,0.0,1157.356
20.50015935394913,20161,2,7,6,-0.246826,-0.264783,0.861933,0.698926,650.021,594.0,1191.506,0.0,1191,593,0.523598,0.861,0.0,0.0,0.861,586.823,63.197,0.0,650.021,44.817,1146.689,0.0,1191.506
20.50015935394913,20166,2,7,6,-0.242918,-0.261173,0.876254,0.715353,642.906,620.0,1184.878,0.0,1184,602,0.523598,0.876,0.0,0.0,0.876,579.244,63.662,0.0,642.906,18.325,1166.553,0.0,1184.878
20.5121344049694,20171,2,7,6,-0.238951,-0.257417,0.886363,0.765446,499.327,515.0,1121.914,0.0,1121,555,0.523598,0.886,0.0,0.0,0.886,435.302,64.024,0.0,499.327,-12.538,1134.452,0.0,1121.914
20.5121344049694,20176,2,7,6,-0.234925,-0.253609,0.896847,0.764935,539.3,565.0,1110.409,0.0,1110,551,0.523598,0.896,0.0,0.0,0.896,474.879,64.42,0.0,539.3,-20.559,1130.969,0.0,1110.409
20.523875598912127,20185,2,7,6,-0.227532,-0.246616,0.916038,0.798586,488.037,545.0,1067.639,0.0,1067,512,0.523598,0.916,0.0,0.0,0.916,422.826,65.21,0.0,488.037,-45.569,1113.209,0.0,1067.639
20.523875598912127,20190,2,7,6,-0.223346,-0.242705,0.929245,0.786786,578.493,560.0,1141.953,0.0,1141,561,0.523598,0.929,0.0,0.0,0.929,512.855,65.638,0.0,578.493,14.794,1127.158,0.0,1141.953
20.535448340000585,20195,2,7,6,-0.219105,-0.23872,0.941537,0.797828,583.42,576.0,1138.244,0.0,1138,575,0.523598,0.941,0.0,0.0,0.941,517.351,66.069,0.0,583.42,5.936,1132.307,0.0,1138.244
20.535448340000585,20201,2,7,6,-0.214809,-0.234712,0.955347,0.802167,617.977,575.0,1184.961,0.0,1184,575,0.418879,0.955,0.0,0.0,0.955,551.446,66.53,0.0,617.977,34.381,1150.58,0.0,1184.961
20.54699558892753,20206,2,7,6,-0.209585,-0.229752,0.96803,0.827342,573.431,559.0,1163.395,0.0,1163,575,0.523598,0.968,0.0,0.0,0.968,506.478,66.952,0.0,573.431,11.545,1151.85,0.0,1163.395
20.54699558892753,20211,2,7,6,-0.205175,-0.225458,0.973587,0.861922,469.281,511.0,1082.383,0.0,1082,526,0.523598,0.973,0.0,0.0,0.973,401.993,67.287,0.0,469.281,-33.375,1115.758,0.0,1082.383
20.54699558892753,20216,2,7,6,-0.200714,-0.221089,0.978025,0.874644,439.769,481.0,1053.354,0.0,1053,512,0.418879,0.978,0.0,0.0,0.978,372.172,67.597,0.0,439.769,-32.984,1086.338,0.0,1053.354
20.558655657921918,20221,2,7,6,-0.196203,-0.216728,0.985217,0.870029,482.62,500.0,1058.136,0.0,1058,514,0.418879,0.985,0.0,0.0,0.985,414.677,67.943,0.0,482.62,-13.903,1072.04,0.0,1058.136
20.558655657921918,20226,2,7,6,-0.191644,-0.212379,0.995246,0.884448,467.149,500.0,1030.961,0.0,1030,512,0.523598,0.995,0.0,0.0,0.995,398.873,68.275,0.0,467.149,-26.28,1057.242,0.0,1030.961
20.570405420963652,20231,2,7,6,-0.187038,-0.207996,1.005967,0.875991,536.577,533.0,1070.043,0.0,1070,517,0.523598,1.005,0.0,0.0,1.005,467.912,68.665,0.0,536.577,2.862,1067.18,0.0,1070.043
20.570405420963652,20236,2,7,6,-0.182385,-0.203559,1.016338,0.879836,560.481,551.0,1088.755,0.0,1088,532,0.523598,1.016,0.0,0.0,1.016,491.406,69.075,0.0,560.481,7.585,1081.169,0.0,1088.755
20.570405420963652,20241,2,7,6,-0.177688,-0.199024,1.024136,0.921677,438.232,476.0,1018.472,0.0,1018,475,0.523598,1.024,0.0,0.0,1.024,368.85,69.382,0.0,438.232,-30.213,1048.686,0.0,1018.472
20.582833488006145,20246,2,7,6,-0.172947,-0.194283,1.024154,0.959429,302.585,394.0,911.322,0.0,911,413,0.523598,1.024,0.0,0.0,1.024,233.009,69.576,0.0,302.585,-73.131,984.454,0.0,911.322
20.582833488006145,20251,2,7,6,-0.168163,-0.1895,1.024151,0.944246,357.476,419.0,906.445,0.0,906,399,0.628318,1.024,0.0,0.0,1.024,287.66,69.816,0.0,357.476,-49.218,955.664,0.0,906.445
20.59450713498518,20256,2,7,6,-0.163337,-0.184725,1.026626,0.936308,395.222,448.0,893.856,0.0,893,436,0.628318,1.026,0.0,0.0,1.026,325.145,70.077,0.0,395.222,-42.222,936.078,0.0,893.856
20.59450713498518,20261,2,7,6,-0.158471,-0.180072,1.036854,0.909841,527.705,519.0,969.665,0.0,969,521,0.628318,1.036,0.0,0.0,1.036,457.246,70.458,0.0,527.705,6.964,962.701,0.0,969.665
20.606041298946366,20266,2,7,6,-0.153567,-0.175522,1.053857,0.874749,715.786,623.0,1110.522,0.0,1110,623,0.628318,1.053,0.0,0.0,1.053,644.79,70.996,0.0,715.786,74.229,1036.293,0.0,1110.522
20.606041298946366,20275,2,7,6,-0.144643,-0.167581,1.100998,0.895427,812.337,712.0,1256.451,0.0,1256,730,0.733038,1.1,0.0,0.0,1.1,740.055,72.282,0.0,812.337,80.27,1176.181,0.0,1256.451
20.617875385913067,20280,2,7,6,-0.139635,-0.163122,1.127367,0.908408,861.19,758.0,1312.888,0.0,1312,767,0.733038,1.127,0.0,0.0,1.127,788.251,72.939,0.0,861.19,82.552,1230.335,0.0,1312.888
20.617875385913067,20286,2,7,6,-0.134593,-0.158467,1.14596,0.944561,798.581,766.0,1280.167,0.0,1280,740,0.837758,1.145,0.0,0.0,1.145,725.036,73.545,0.0,798.581,26.065,1254.102,0.0,1280.167
20.628053762950003,20291,2,7,6,-0.128498,-0.152639,1.158762,0.993898,667.553,689.0,1217.736,0.0,1217,676,0.942477,1.158,0.0,0.0,1.158,593.513,74.04,0.0,667.553,-17.157,1234.893,0.0,1217.736
20.628053762950003,20296,2,7,6,-0.123385,-0.147544,1.159637,1.030625,538.87,613.0,1128.473,0.0,1128,613,1.047197,1.159,0.0,0.0,1.159,464.443,74.427,0.0,538.87,-59.303,1187.777,0.0,1128.473
20.638941671000794,20301,2,7,6,-0.118241,-0.142235,1.151714,1.074674,352.004,508.0,968.659,0.0,968,490,1.047197,1.151,0.0,0.0,1.151,277.346,74.658,0.0,352.004,-124.796,1093.455,0.0,968.659
20.638941671000794,20306,2,7,6,-0.113068,-0.136876,1.142803,1.067326,346.598,467.0,930.071,0.0,930,442,1.047197,1.142,0.0,0.0,1.142,271.714,74.884,0.0,346.598,-96.32,1026.392,0.0,930.071
20.638941671000794,20311,2,7,6,-0.107866,-0.131584,1.138475,1.034579,449.22,512.0,957.087,0.0,957,484,0.942477,1.138,0.0,0.0,1.138,374.024,75.196,0.0,449.22,-50.223,1007.311,0.0,957.087
20.652221546974033,20316,2,7,6,-0.102638,-0.126405,1.140799,1.023329,498.44,522.0,985.432,0.0,985,522,0.942477,1.14,0.0,0.0,1.14,422.892,75.548,0.0,498.44,-18.847,1004.279,0.0,985.432
20.652221546974033,20321,2,7,6,-0.097385,-0.12123,1.144572,1.032605,478.965,505.0,968.435,0.0,968,487,0.837758,1.144,0.0,0.0,1.144,403.081,75.884,0.0,478.965,-20.827,989.263,0.0,968.435
20.663227889919654,20326,2,7,6,-0.092108,-0.115998,1.146703,1.064074,373.598,449.0,881.805,0.0,881,436,0.837758,1.146,0.0,0.0,1.146,297.466,76.132,0.0,373.598,-60.321,942.127,0.0,881.805
20.663227889919654,20331,2,7,6,-0.086808,-0.110723,1.147933,1.051867,422.258,467.0,890.385,0.0,890,467,0.837758,1.147,0.0,0.0,1.147,345.838,76.42,0.0,422.258,-35.792,926.178,0.0,890.385
20.67506783292629,20336,2,7,6,-0.081487,-0.105509,1.153066,1.037338,493.388,481.0,942.1,0.0,942,482,0.837758,1.153,0.0,0.0,1.153,416.62,76.767,0.0,493.388,9.91,932.189,0.0,942.1
20.67506783292629,20341,2,7,6,-0.076145,-0.100351,1.161884,1.012739,614.136,578.0,997.16,0.0,997,578,0.837758,1.161,0.0,0.0,1.161,536.921,77.214,0.0,614.136,28.908,968.251,0.0,997.16
20.67506783292629,20346,2,7,6,-0.070785,-0.095238,1.173744,0.991747,732.93,676.0,1064.238,0.0,1064,642,0.733038,1.173,0.0,0.0,1.173,655.19,77.74,0.0,732.93,45.544,1018.694,0.0,1064.238
20.68719854496885,20351,2,7,6,-0.065407,-0.09036,1.197754,0.949223,973.196,809.0,1268.458,0.0,1268,806,0.733038,1.197,0.0,0.0,1.197,894.71,78.485,0.0,973.196,131.357,1137.101,0.0,1268.458
20.68719854496885,20356,2,7,6,-0.060014,-0.085641,1.230102,0.930794,1156.892,955.0,1432.572,0.0,1432,956,0.733038,1.23,0.0,0.0,1.23,1077.508,79.383,0.0,1156.892,161.513,1271.058,0.0,1432.572
20.698434124933556,20365,2,7,6,-0.050268,-0.077071,1.286545,0.99247,1139.983,1034.0,1555.307,0.0,1555,1021,0.837758,1.286,0.0,0.0,1.286,1058.67,81.312,0.0,1139.983,84.786,1470.521,0.0,1555.307
20.710677664959803,20370,2,7,6,-0.044836,-0.071899,1.299024,1.048909,982.477,981.0,1472.177,0.0,1472,951,0.837758,1.299,0.0,0.0,1.299,900.414,82.062,0.0,982.477,1.181,1470.995,0.0,1472.177
20.710677664959803,20375,2,7,6,-0.039393,-0.066515,1.301864,1.079528,883.137,896.0,1441.655,0.0,1441,901,0.942477,1.301,0.0,0.0,1.301,800.408,82.729,0.0,883.137,-10.289,1451.945,0.0,1441.655
20.710677664959803,20381,2,7,6,-0.033941,-0.060909,1.294451,1.142368,630.686,757.0,1257.85,0.0,1257,749,0.942477,1.294,0.0,0.0,1.294,547.498,83.187,0.0,630.686,-101.05,1358.901,0.0,1257.85
20.723283697967418,20386,2,7,6,-0.027386,-0.053957,1.275405,1.156137,512.909,668.0,1138.846,0.0,1138,658,0.942477,1.275,0.0,0.0,1.275,429.364,83.545,0.0,512.909,-124.072,1262.919,0.0,1138.846
20.723283697967418,20391,2,7,6,-0.021917,-0.048129,1.258183,1.147291,483.087,630.0,1066.213,0.0,1066,619,0.837758,1.258,0.0,0.0,1.258,399.209,83.877,0.0,483.087,-117.529,1183.743,0.0,1066.213
20.73440108995419,20396,2,7,6,-0.016442,-0.042349,1.243535,1.13357,480.082,610.0,1014.154,0.0,1014,591,0.942477,1.243,0.0,0.0,1.243,395.874,84.207,0.0,480.082,-103.933,1118.088,0.0,1014.154
20.73440108995419,20401,2,7,6,-0.010964,-0.036641,1.232514,1.131184,449.298,546.0,978.061,0.0,978,556,0.837758,1.232,0.0,0.0,1.232,364.786,84.512,0.0,449.298,-77.361,1055.422,0.0,978.061
20.74708889995236,20406,2,7,6,-0.005482,-0.031096,1.229484,1.07409,644.397,668.0,1050.208,0.0,1050,642,0.837758,1.229,0.0,0.0,1.229,559.418,84.978,0.0,644.397,-18.882,1069.091,0.0,1050.208
20.74708889995236,20411,2,7,3,0.0,-0.025765,1.23675,1.03821,800.315,745.0,1163.42,0.0,1163,738,0.837758,1.236,0.0,0.0,1.236,714.741,85.574,0.0,800.315,44.252,1119.168,0.0,1163.42
20.74708889995236,20416,2,7,3,0.0,-0.020664,0.991874,1.014436,4.284,316.0,625.196,0.0,625,327,0.837758,0.991,0.0,0.0,0.991,-81.221,85.506,0.0,4.284,-249.372,874.568,0.0,625.196
20.758289609919302,20421,2,7,3,0.0,-0.015635,0.750484,1.013883,-863.52,-167.0,-132.401,0.0,-132,-197,0.837758,0.75,0.0,0.0,0.75,-948.237,84.716,0.0,-863.52,-557.216,424.814,0.0,-132.401
20.758289609919302,20426,2,7,3,0.0,-0.011148,0.53515,0.823362,-953.711,-331.0,-412.917,0.0,-412,-361,0.523598,0.535,0.0,0.0,0.535,-1037.563,83.851,0.0,-953.711,-498.168,85.251,0.0,-412.917
20.769516533939168,20431,2,7,3,0.0,-0.007712,0.370208,0.596341,-730.904,-331.0,-434.735,0.0,-434,-301,0.314159,0.37,0.0,0.0,0.37,-814.078,83.173,0.0,-730.904,-319.923,-114.812,0.0,-434.735
20.769516533939168,20436,2,7,3,0.0,-0.005421,0.26022,0.368878,-308.309,-131.0,-303.072,0.0,-303,-179,0.104719,0.26,0.0,0.0,0.26,-391.169,82.86,0.0,-308.309,-141.847,-161.224,0.0,-303.072
20.781486477935687,20441,2,7,3,0.0,-0.004209,0.202073,0.161074,230.582,148.0,19.375,0.0,19,117,0.0,0.202,0.0,0.0,0.202,147.599,82.982,0.0,230.582,66.066,-46.691,0.0,19.375
20.781486477935687,20446,2,7,3,0.0,-0.003824,0.18358,0.039894,600.682,365.0,316.326,0.0,316,352,0.0,0.183,0.0,0.0,0.183,517.268,83.414,0.0,600.682,188.546,127.78,0.0,316.326
20.79280354792718,20455,2,7,3,0.0,-0.003867,0.185639,0.000742,750.212,544.0,581.199,0.0,581,559,0.0,0.185,0.0,0.0,0.185,665.626,84.586,0.0,750.212,164.97,416.229,0.0,581.199
20.79280354792718,20460,2,7,3,0.0,-0.003854,0.185022,0.018236,685.516,577.0,566.911,0.0,566,545,0.0,0.185,0.0,0.0,0.185,600.429,85.086,0.0,685.516,86.813,480.097,0.0,566.911
20.805047520902008,20465,2,7,3,0.0,-0.003716,0.178383,0.015964,670.281,577.0,601.027,0.0,601,580,0.0,0.178,0.0,0.0,0.178,584.707,85.574,0.0,670.281,74.625,526.402,0.0,601.027
20.805047520902008,20471,2,7,3,0.0,-0.003654,0.175413,0.010974,678.049,595.0,634.34,0.0,634,599,0.0,0.175,0.0,0.0,0.175,591.98,86.069,0.0,678.049,66.439,567.9,0.0,634.34
20.816828323993832,20476,2,7,3,0.0,-0.003744,0.179728,-0.044306,893.266,727.0,799.284,0.0,799,726,0.0,0.179,0.0,0.0,0.179,806.524,86.741,0.0,893.266,133.012,666.271,0.0,799.284
20.816828323993832,20481,2,7,3,0.0,-0.003929,0.188607,-0.031671,880.406,727.0,857.798,0.0,857,763,0.0,0.188,0.0,0.0,0.188,793.004,87.402,0.0,880.406,122.725,735.073,0.0,857.798
20.816828323993832,20486,2,7,3,0.0,-0.0041,0.19682,-0.027992,897.402,776.0,894.691,0.0,894,807,0.0,0.196,0.0,0.0,0.196,809.325,88.076,0.0,897.402,97.121,797.57,0.0,894.691
20.828455317998305,20491,2,7,3,0.0,-0.004097,0.196671,0.02854,693.852,679.0,787.496,0.0,787,727,0.0,0.196,0.0,0.0,0.196,605.271,88.581,0.0,693.852,11.881,775.615,0.0,787.496
20.828455317998305,20496,2,7,3,0.0,-0.003845,0.184602,0.059992,537.55,630.0,641.708,0.0,641,626,0.0,0.184,0.0,0.0,0.184,448.596,88.954,0.0,537.55,-73.959,715.667,0.0,641.708
20.840129765914753,20501,2,7,3,0.0,-0.003474,0.166767,0.083548,388.793,542.0,506.338,0.0,506,510,0.0,0.166,0.0,0.0,0.166,299.588,89.204,0.0,388.793,-122.565,628.904,0.0,506.338
20.840129765914753,20506,2,7,3,0.0,-0.003074,0.147583,0.077711,340.953,493.0,431.916,0.0,431,474,0.0,0.147,0.0,0.0,0.147,251.539,89.414,0.0,340.953,-121.637,553.553,0.0,431.916
20.840129765914753,20511,2,7,3,0.0,-0.002675,0.12844,0.083666,250.735,400.0,347.16,0.0,347,382,0.0,0.128,0.0,0.0,0.128,161.187,89.548,0.0,250.735,-119.411,466.572,0.0,347.16
20.852754145977087,20516,2,7,3,0.0,-0.002354,0.113003,0.056856,291.846,426.0,306.992,0.0,306,408,0.0,0.113,0.0,0.0,0.113,202.129,89.716,0.0,291.846,-107.322,414.315,0.0,306.992
20.852754145977087,20521,2,7,3,0.0,-0.002256,0.108323,-0.003646,493.143,492.0,436.791,0.0,436,492,0.0,0.108,0.0,0.0,0.108,403.091,90.052,0.0,493.143,0.915,435.876,0.0,436.791
20.86390929191839,20526,2,7,3,0.0,-0.002334,0.112045,-0.018175,559.223,528.0,484.988,0.0,484,545,0.0,0.112,0.0,0.0,0.112,468.794,90.428,0.0,559.223,24.978,460.009,0.0,484.988
20.86390929191839,20531,2,7,3,0.0,-0.002535,0.121699,-0.039365,670.745,613.0,557.007,0.0,557,591,-0.104719,0.121,0.0,0.0,0.121,579.833,90.911,0.0,670.745,46.196,510.81,0.0,557.007
20.87523747992236,20536,2,7,3,0.0,-0.002784,0.133642,-0.058325,782.572,656.0,688.121,0.0,688,643,-0.104719,0.133,0.0,0.0,0.133,691.084,91.487,0.0,782.572,101.257,586.863,0.0,688.121
20.87523747992236,20545,2,7,3,0.0,-0.003015,0.144752,0.009169,580.519,595.0,590.385,0.0,590,608,0.0,0.144,0.0,0.0,0.144,488.097,92.421,0.0,580.519,-11.584,601.97,0.0,590.385
20.88686297298409,20550,2,7,3,0.0,-0.002982,0.143163,0.036323,477.368,532.0,521.139,0.0,521,528,0.0,0.143,0.0,0.0,0.143,384.626,92.742,0.0,477.368,-43.705,564.844,0.0,521.139
20.88686297298409,20555,2,7,3,0.0,-0.002931,0.140709,0.011829,557.097,560.0,568.734,0.0,568,559,0.0,0.14,0.0,0.0,0.14,463.968,93.129,0.0,557.097,-2.322,571.057,0.0,568.734
20.898197206901386,20561,2,7,3,0.0,-0.002873,0.137938,0.006935,565.135,560.0,576.238,0.0,576,545,0.0,0.137,0.0,0.0,0.137,471.612,93.523,0.0,565.135,4.108,572.129,0.0,576.238
20.898197206901386,20566,2,7,3,0.0,-0.002788,0.133859,0.028618,472.71,528.0,500.396,0.0,500,510,0.0,0.133,0.0,0.0,0.133,378.87,93.839,0.0,472.71,-44.232,544.628,0.0,500.396
20.90931889694184,20571,2,7,3,0.0,-0.002669,0.128156,0.020382,482.151,510.0,505.604,0.0,505,493,0.0,0.128,0.0,0.0,0.128,387.988,94.162,0.0,482.151,-22.279,527.883,0.0,505.604
20.90931889694184,20576,2,7,3,0.0,-0.002574,0.123581,0.01078,500.581,528.0,494.243,0.0,494,510,0.0,0.123,0.0,0.0,0.123,406.08,94.5,0.0,500.581,-21.934,516.178,0.0,494.243
20.921200315002352,20581,2,7,3,0.0,-0.002515,0.120731,0.019665,458.64,510.0,454.503,0.0,454,480,0.0,0.12,0.0,0.0,0.12,363.836,94.803,0.0,458.64,-41.087,495.591,0.0,454.503
20.921200315002352,20586,2,7,3,0.0,-0.00246,0.118102,0.001919,513.409,525.0,489.08,0.0,489,510,0.0,0.118,0.0,0.0,0.118,418.256,95.152,0.0,513.409,-9.272,498.353,0.0,489.08
20.921200315002352,20591,2,7,3,0.0,-0.002489,0.119492,-0.016203,584.062,542.0,558.913,0.0,558,545,0.0,0.119,0.0,0.0,0.119,488.502,95.559,0.0,584.062,33.65,525.263,0.0,558.913
20.933155762962997,20596,2,7,3,0.0,-0.002539,0.121893,-0.013994,585.166,581.0,538.339,0.0,538,560,0.0,0.121,0.0,0.0,0.121,489.199,95.967,0.0,585.166,3.333,535.006,0.0,538.339
20.933155762962997,20601,2,7,3,0.0,-0.002564,0.123097,0.015315,484.305,493.0,506.976,0.0,506,493,0.0,0.123,0.0,0.0,0.123,388.014,96.29,0.0,484.305,-6.955,513.931,0.0,506.976
20.944361615926027,20606,2,7,3,0.0,-0.002555,0.122661,0.011787,495.769,528.0,482.461,0.0,482,507,0.0,0.122,0.0,0.0,0.122,399.146,96.623,0.0,495.769,-25.784,508.245,0.0,482.461
20.944361615926027,20611,2,7,3,0.0,-0.002628,0.126164,0.001179,546.944,542.0,519.21,0.0,519,528,0.0,0.126,0.0,0.0,0.126,449.946,96.998,0.0,546.944,3.955,515.254,0.0,519.21
20.956766966963187,20616,2,7,3,0.0,-0.002642,0.126831,-0.004189,569.052,545.0,547.89,0.0,547,510,0.0,0.126,0.0,0.0,0.126,471.676,97.376,0.0,569.052,19.242,528.648,0.0,547.89
20.956766966963187,20621,2,7,3,0.0,-0.0027,0.129634,-0.006793,588.926,545.0,585.61,0.0,585,560,0.0,0.129,0.0,0.0,0.129,491.141,97.785,0.0,588.926,35.141,550.469,0.0,585.61
20.956766966963187,20626,2,7,3,0.0,-0.002674,0.12838,0.017373,497.745,525.0,510.146,0.0,510,528,0.0,0.128,0.0,0.0,0.128,399.626,98.118,0.0,497.745,-21.804,531.95,0.0,510.146
20.968633151962422,20635,2,7,3,0.0,-0.002487,0.119379,0.017766,464.54,507.0,457.725,0.0,457,497,0.0,0.119,0.0,0.0,0.119,365.806,98.734,0.0,464.54,-33.967,491.692,0.0,457.725
20.97952789196279,20640,2,7,3,0.0,-0.002437,0.117017,0.021117,444.262,467.0,457.273,0.0,457,474,0.0,0.117,0.0,0.0,0.117,345.239,99.022,0.0,444.262,-18.19,475.463,0.0,457.273
20.97952789196279,20645,2,7,3,0.0,-0.002452,0.117712,-0.005143,541.671,515.0,515.692,0.0,515,515,0.0,0.117,0.0,0.0,0.117,442.28,99.39,0.0,541.671,21.337,494.354,0.0,515.692
20.99194739398081,20651,2,7,3,0.0,-0.002565,0.123142,-0.025924,636.481,578.0,577.236,0.0,577,560,0.0,0.123,0.0,0.0,0.123,536.642,99.839,0.0,636.481,46.785,530.451,0.0,577.236
20.99194739398081,20656,2,7,3,0.0,-0.002598,0.124724,0.005622,528.963,528.0,525.993,0.0,525,542,0.0,0.124,0.0,0.0,0.124,428.766,100.196,0.0,528.963,0.77,525.222,0.0,525.993
20.99194739398081,20661,2,7,3,0.0,-0.002565,0.12315,0.007353,517.413,528.0,511.976,0.0,511,528,0.0,0.123,0.0,0.0,0.123,416.868,100.544,0.0,517.413,-8.469,520.446,0.0,511.976
21.00388626998756,20666,2,7,3,0.0,-0.00253,0.121464,0.000422,536.658,545.0,517.608,0.0,517,528,0.0,0.121,0.0,0.0,0.121,435.751,100.907,0.0,536.658,-6.672,524.281,0.0,517.608
21.00388626998756,20671,2,7,3,0.0,-0.002533,0.121595,0.009278,505.585,515.0,509.25,0.0,509,497,0.0,0.121,0.0,0.0,0.121,404.34,101.244,0.0,505.585,-7.531,516.782,0.0,509.25
21.01511572196614,20676,2,7,3,0.0,-0.002546,0.122229,-0.005953,563.087,542.0,549.777,0.0,549,545,0.0,0.122,0.0,0.0,0.122,461.458,101.628,0.0,563.087,16.87,532.907,0.0,549.777
21.01511572196614,20681,2,7,3,0.0,-0.002588,0.124241,-0.021697,627.445,578.0,602.356,0.0,602,578,0.0,0.124,0.0,0.0,0.124,525.378,102.066,0.0,627.445,39.556,562.8,0.0,602.356
21.026626038947143,20686,2,7,3,0.0,-0.002592,0.124442,0.012854,504.12,525.0,524.623,0.0,524,542,0.0,0.124,0.0,0.0,0.124,401.719,102.401,0.0,504.12,-16.703,541.326,0.0,524.623
21.026626038947143,20691,2,7,3,0.0,-0.002532,0.121567,0.017709,476.6,480.0,520.036,0.0,520,507,0.0,0.121,0.0,0.0,0.121,373.887,102.713,0.0,476.6,-2.719,522.756,0.0,520.036
21.026626038947143,20696,2,7,3,0.0,-0.002476,0.118881,-0.000184,531.708,528.0,529.943,0.0,529,572,0.0,0.118,0.0,0.0,0.118,428.637,103.07,0.0,531.708,2.966,526.976,0.0,529.943
21.03816484590061,20701,2,7,3,0.0,-0.002482,0.119136,0.010487,494.534,497.0,511.476,0.0,511,510,0.0,0.119,0.0,0.0,0.119,391.138,103.396,0.0,494.534,-1.972,513.448,0.0,511.476
21.03816484590061,20706,2,7,3,0.0,-0.002497,0.11986,-0.007163,561.052,545.0,542.718,0.0,542,528,0.0,0.119,0.0,0.0,0.119,457.289,103.762,0.0,561.052,12.841,529.876,0.0,542.718
21.049505544942804,20711,2,7,3,0.0,-0.002537,0.121777,-0.033927,664.769,608.0,621.297,0.0,621,595,0.0,0.121,0.0,0.0,0.121,560.54,104.23,0.0,664.769,45.415,575.881,0.0,621.297
21.049505544942804,20716,2,7,3,0.0,-0.002483,0.119217,0.001178,529.527,528.0,561.834,0.0,561,542,0.0,0.119,0.0,0.0,0.119,424.943,104.584,0.0,529.527,1.221,560.612,0.0,561.834
21.06146211491432,20725,2,7,3,0.0,-0.002427,0.116524,0.002852,514.527,545.0,520.694,0.0,520,542,0.0,0.116,0.0,0.0,0.116,409.218,105.309,0.0,514.527,-24.377,545.072,0.0,520.694
21.06146211491432,20730,2,7,3,0.0,-0.00242,0.116164,-0.002167,531.658,510.0,561.488,0.0,561,560,0.0,0.116,0.0,0.0,0.116,425.994,105.664,0.0,531.658,17.326,544.161,0.0,561.488
21.07277076097671,20735,2,7,3,0.0,-0.002444,0.117345,-0.003823,542.236,542.0,542.565,0.0,542,542,0.0,0.117,0.0,0.0,0.117,436.209,106.027,0.0,542.236,0.189,542.375,0.0,542.565
21.07277076097671,20741,2,7,3,0.0,-0.002534,0.121646,-0.013521,593.041,578.0,572.119,0.0,572,578,0.0,0.121,0.0,0.0,0.121,486.606,106.434,0.0,593.041,12.033,560.086,0.0,572.119
21.084129269933328,20746,2,7,3,0.0,-0.00255,0.122439,-0.008034,576.533,560.0,574.358,0.0,574,545,0.0,0.122,0.0,0.0,0.122,469.707,106.825,0.0,576.533,13.226,561.132,0.0,574.358
21.084129269933328,20751,2,7,3,0.0,-0.002535,0.121694,0.019576,474.757,510.0,506.909,0.0,506,528,0.0,0.121,0.0,0.0,0.121,367.625,107.132,0.0,474.757,-28.193,535.103,0.0,506.909
21.095741336932406,20756,2,7,3,0.0,-0.00245,0.117623,0.025505,439.032,480.0,472.596,0.0,472,480,0.0,0.117,0.0,0.0,0.117,331.623,107.408,0.0,439.032,-32.774,505.37,0.0,472.596
21.095741336932406,20761,2,7,3,0.0,-0.002418,0.116088,0.007216,499.675,525.0,483.267,0.0,483,480,0.0,0.116,0.0,0.0,0.116,391.94,107.735,0.0,499.675,-20.259,503.526,0.0,483.267
21.095741336932406,20766,2,7,3,0.0,-0.002469,0.118536,0.002771,524.833,525.0,511.938,0.0,511,510,0.0,0.118,0.0,0.0,0.118,416.751,108.082,0.0,524.833,-0.133,512.071,0.0,511.938
21.10740508697927,20771,2,7,3,0.0,-0.002488,0.119441,-0.000759,541.165,542.0,521.308,0.0,521,510,0.0,0.119,0.0,0.0,0.119,432.722,108.443,0.0,541.165,-0.667,521.976,0.0,521.308
21.10740508697927,20776,2,7,3,0.0,-0.002469,0.118521,0.013171,488.017,497.0,502.575,0.0,502,507,0.0,0.118,0.0,0.0,0.118,379.258,108.759,0.0,488.017,-7.186,509.761,0.0,502.575
21.118548885919154,20781,2,7,3,0.0,-0.002378,0.11416,0.028994,415.611,462.0,437.892,0.0,437,462,0.0,0.114,0.0,0.0,0.114,306.596,109.014,0.0,415.611,-37.11,475.003,0.0,437.892
21.118548885919154,20786,2,7,3,0.0,-0.002349,0.112765,-0.010458,552.991,538.0,513.313,0.0,513,542,0.0,0.112,0.0,0.0,0.112,443.607,109.384,0.0,552.991,11.993,501.32,0.0,513.313
21.130043118959293,20791,2,7,3,0.0,-0.002348,0.112727,-0.005852,536.626,510.0,529.069,0.0,529,528,0.0,0.112,0.0,0.0,0.112,426.886,109.74,0.0,536.626,21.301,507.767,0.0,529.069
21.130043118959293,20796,2,7,3,0.0,-0.002386,0.114543,-0.002732,532.271,507.0,530.784,0.0,530,510,0.0,0.114,0.0,0.0,0.114,422.192,110.078,0.0,532.271,20.216,510.567,0.0,530.784
21.141712495940737,20801,2,7,3,0.0,-0.002412,0.115787,0.002982,516.514,510.0,516.045,0.0,516,528,0.0,0.115,0.0,0.0,0.115,406.097,110.417,0.0,516.514,5.211,510.834,0.0,516.045
21.141712495940737,20806,2,7,3,0.0,-0.002405,0.115481,-0.005944,547.915,528.0,538.716,0.0,538,528,0.0,0.115,0.0,0.0,0.115,437.134,110.781,0.0,547.915,15.932,522.783,0.0,538.716
21.15304617397487,20815,2,7,3,0.0,-0.002378,0.114166,0.001869,515.721,542.0,488.541,0.0,488,497,0.0,0.114,0.0,0.0,0.114,404.268,111.452,0.0,515.721,-21.023,509.565,0.0,488.541
21.15304617397487,20820,2,7,3,0.0,-0.00236,0.113315,0.025479,427.925,462.0,451.072,0.0,451,462,0.0,0.113,0.0,0.0,0.113,316.209,111.716,0.0,427.925,-27.259,478.332,0.0,451.072
21.164468177012168,20825,2,7,3,0.0,-0.002406,0.115504,-0.004344,543.531,542.0,494.045,0.0,494,528,0.0,0.115,0.0,0.0,0.115,431.455,112.075,0.0,543.531,1.224,492.82,0.0,494.045
21.164468177012168,20831,2,7,3,0.0,-0.002427,0.116543,-0.002199,539.907,528.0,507.468,0.0,507,525,0.0,0.116,0.0,0.0,0.116,427.474,112.433,0.0,539.907,9.526,497.942,0.0,507.468
21.164468177012168,20836,2,7,3,0.0,-0.002454,0.117814,-0.004097,551.684,542.0,516.517,0.0,516,510,0.0,0.117,0.0,0.0,0.117,438.885,112.798,0.0,551.684,7.747,508.77,0.0,516.517
21.177050991915166,20841,2,7,3,0.0,-0.002454,0.117794,0.00295,526.582,528.0,511.513,0.0,511,542,0.0,0.117,0.0,0.0,0.117,413.439,113.143,0.0,526.582,-1.133,512.647,0.0,511.513
21.177050991915166,20846,2,7,3,0.0,-0.002395,0.115005,-0.003485,540.067,528.0,526.723,0.0,526,525,0.0,0.115,0.0,0.0,0.115,426.568,113.499,0.0,540.067,9.654,517.069,0.0,526.723
21.18830227595754,20851,2,7,3,0.0,-0.002393,0.114893,0.005907,506.174,510.0,509.092,0.0,509,525,0.0,0.114,0.0,0.0,0.114,392.348,113.825,0.0,506.174,-3.06,512.153,0.0,509.092
21.18830227595754,20856,2,7,3,0.0,-0.002414,0.115903,0.000892,528.209,528.0,512.78,0.0,512,528,0.0,0.115,0.0,0.0,0.115,414.038,114.171,0.0,528.209,0.167,512.612,0.0,512.78
21.199704209924676,20861,2,7,3,0.0,-0.002452,0.117728,0.013663,489.119,510.0,486.033,0.0,486,493,0.0,0.117,0.0,0.0,0.117,374.636,114.483,0.0,489.119,-16.704,502.738,0.0,486.033
21.199704209924676,20866,2,7,3,0.0,-0.002522,0.121077,-0.005473,570.447,545.0,544.832,0.0,544,528,0.0,0.121,0.0,0.0,0.121,455.584,114.862,0.0,570.447,20.357,524.475,0.0,544.832
21.211607977980748,20871,2,7,3,0.0,-0.002528,0.121353,-0.009959,587.982,560.0,565.689,0.0,565,560,0.0,0.121,0.0,0.0,0.121,472.725,115.256,0.0,587.982,22.386,543.303,0.0,565.689
21.211607977980748,20876,2,7,3,0.0,-0.002472,0.118686,0.011634,500.964,528.0,503.222,0.0,503,515,0.0,0.118,0.0,0.0,0.118,385.386,115.577,0.0,500.964,-21.628,524.85,0.0,503.222
21.211607977980748,20881,2,7,3,0.0,-0.002422,0.116279,0.003453,522.092,510.0,536.564,0.0,536,542,0.0,0.116,0.0,0.0,0.116,406.175,115.916,0.0,522.092,9.673,526.891,0.0,536.564
21.22293319099117,20886,2,7,3,0.0,-0.002349,0.112777,0.000923,518.915,528.0,515.199,0.0,515,528,0.0,0.112,0.0,0.0,0.112,402.676,116.239,0.0,518.915,-7.267,522.467,0.0,515.199
21.22293319099117,20891,2,7,3,0.0,-0.00236,0.113281,-0.017208,586.394,578.0,547.613,0.0,547,560,0.0,0.113,0.0,0.0,0.113,469.763,116.63,0.0,586.394,6.715,540.897,0.0,547.613
21.2344931649277,20896,2,7,3,0.0,-0.002362,0.113414,0.002853,514.985,525.0,519.712,0.0,519,545,0.0,0.113,0.0,0.0,0.113,398.023,116.962,0.0,514.985,-8.011,527.724,0.0,519.712
21.2344931649277,20901,2,7,3,0.0,-0.002412,0.115803,0.000107,533.813,545.0,519.265,0.0,519,560,0.0,0.115,0.0,0.0,0.115,416.503,117.309,0.0,533.813,-8.949,528.215,0.0,519.265
21.245788378990255,20910,2,7,3,0.0,-0.002397,0.115056,0.005174,513.601,493.0,543.112,0.0,543,542,0.0,0.115,0.0,0.0,0.115,395.575,118.025,0.0,513.601,16.48,526.631,0.0,543.112
21.245788378990255,20915,2,7,3,0.0,-0.002433,0.116814,-0.019821,610.326,578.0,575.517,0.0,575,560,0.0,0.116,0.0,0.0,0.116,491.891,118.435,0.0,610.326,25.861,549.655,0.0,575.517
21.25690718193073,20921,2,7,3,0.0,-0.002423,0.116327,0.001214,533.191,555.0,523.913,0.0,523,542,0.0,0.116,0.0,0.0,0.116,414.409,118.782,0.0,533.191,-17.447,541.36,0.0,523.913
21.25690718193073,20926,2,7,3,0.0,-0.002384,0.114466,0.005314,512.056,497.0,545.856,0.0,545,510,0.0,0.114,0.0,0.0,0.114,392.946,119.109,0.0,512.056,12.045,533.811,0.0,545.856
21.268291226937436,20931,2,7,3,0.0,-0.002346,0.112645,-0.004883,542.563,542.0,535.454,0.0,535,545,0.0,0.112,0.0,0.0,0.112,423.101,119.462,0.0,542.563,0.451,535.003,0.0,535.454
21.268291226937436,20936,2,7,3,0.0,-0.002362,0.113381,-0.01454,580.365,572.0,552.002,0.0,552,572,0.0,0.113,0.0,0.0,0.113,460.519,119.845,0.0,580.365,6.692,545.31,0.0,552.002
21.27947478101123,20941,2,7,3,0.0,-0.002353,0.112954,0.01009,490.466,510.0,509.418,0.0,509,542,0.0,0.112,0.0,0.0,0.112,370.312,120.154,0.0,490.466,-15.626,525.044,0.0,509.418
21.27947478101123,20946,2,7,3,0.0,-0.002329,0.11181,-0.002359,531.509,528.0,526.811,0.0,526,528,0.0,0.111,0.0,0.0,0.111,411.012,120.496,0.0,531.509,2.807,524.003,0.0,526.811
21.291650797938928,20951,2,7,3,0.0,-0.00236,0.113316,-0.01944,598.819,560.0,577.597,0.0,577,560,0.0,0.113,0.0,0.0,0.113,477.924,120.895,0.0,598.819,31.055,546.541,0.0,577.597
21.291650797938928,20956,2,7,3,0.0,-0.002357,0.113162,0.002548,519.436,528.0,526.98,0.0,526,515,0.0,0.113,0.0,0.0,0.113,398.209,121.227,0.0,519.436,-6.851,533.831,0.0,526.98
21.291650797938928,20961,2,7,3,0.0,-0.002359,0.113279,0.015893,472.107,510.0,482.379,0.0,482,510,0.0,0.113,0.0,0.0,0.113,350.588,121.519,0.0,472.107,-30.313,512.692,0.0,482.379
21.303790546953678,20966,2,7,3,0.0,-0.00236,0.113285,-0.006076,551.577,510.0,563.269,0.0,563,560,0.0,0.113,0.0,0.0,0.113,429.7,121.877,0.0,551.577,33.262,530.006,0.0,563.269
21.303790546953678,20971,2,7,3,0.0,-0.002376,0.114092,-0.002008,540.189,542.0,523.525,0.0,523,545,0.0,0.114,0.0,0.0,0.114,417.964,122.225,0.0,540.189,-1.448,524.973,0.0,523.525
21.315744112012908,20976,2,7,3,0.0,-0.0024,0.115215,-0.003314,549.277,560.0,520.454,0.0,520,532,0.0,0.115,0.0,0.0,0.115,426.709,122.567,0.0,549.277,-8.578,529.032,0.0,520.454
21.315744112012908,20981,2,7,3,0.0,-0.002409,0.115673,-0.006291,562.007,542.0,553.938,0.0,553,560,0.0,0.115,0.0,0.0,0.115,439.073,122.933,0.0,562.007,16.005,537.932,0.0,553.938
21.315744112012908,20986,2,7,3,0.0,-0.002385,0.114508,0.009326,501.904,515.0,510.489,0.0,510,525,0.0,0.114,0.0,0.0,0.114,378.655,123.249,0.0,501.904,-10.476,520.966,0.0,510.489
21.327187068993226,20991,2,7,3,0.0,-0.002338,0.112264,0.020528,453.773,525.0,438.546,0.0,438,497,0.0,0.112,0.0,0.0,0.112,330.249,123.524,0.0,453.773,-56.981,495.527,0.0,438.546
21.33819850999862,21000,2,7,3,0.0,-0.002366,0.113593,-0.027329,631.627,581.0,585.49,0.0,585,578,0.0,0.113,0.0,0.0,0.113,507.323,124.304,0.0,631.627,40.501,544.988,0.0,585.49
21.33819850999862,21005,2,7,3,0.0,-0.002371,0.113848,-0.009329,568.113,572.0,540.751,0.0,540,542,0.0,0.113,0.0,0.0,0.113,443.439,124.673,0.0,568.113,-3.109,543.86,0.0,540.751
21.34986062394455,21011,2,7,3,0.0,-0.00229,0.109949,0.005137,502.312,510.0,520.314,0.0,520,480,0.0,0.109,0.0,0.0,0.109,377.323,124.989,0.0,502.312,-6.15,526.464,0.0,520.314
21.34986062394455,21016,2,7,3,0.0,-0.002226,0.106886,0.013376,461.908,480.0,496.481,0.0,496,510,0.0,0.106,0.0,0.0,0.106,336.639,125.269,0.0,461.908,-14.472,510.953,0.0,496.481
21.361605137004517,21021,2,7,3,0.0,-0.002202,0.105727,0.012541,461.018,474.0,485.837,0.0,485,493,0.0,0.105,0.0,0.0,0.105,335.469,125.549,0.0,461.018,-10.385,496.222,0.0,485.837
21.361605137004517,21026,2,7,3,0.0,-0.002248,0.10795,-0.00849,545.086,528.0,522.658,0.0,522,542,0.0,0.107,0.0,0.0,0.107,419.187,125.898,0.0,545.086,13.668,508.989,0.0,522.658
21.361605137004517,21031,2,7,3,0.0,-0.002323,0.111512,-0.004378,543.451,545.0,513.207,0.0,513,542,0.0,0.111,0.0,0.0,0.111,417.205,126.246,0.0,543.451,-1.238,514.446,0.0,513.207
21.373136170906946,21036,2,7,3,0.0,-0.002357,0.113141,0.026736,437.565,480.0,446.998,0.0,446,480,0.0,0.113,0.0,0.0,0.113,311.06,126.505,0.0,437.565,-33.947,480.945,0.0,446.998
21.373136170906946,21041,2,7,3,0.0,-0.002295,0.110202,0.024889,433.888,462.0,442.47,0.0,442,462,0.0,0.11,0.0,0.0,0.11,307.126,126.761,0.0,433.888,-22.489,464.96,0.0,442.47
21.384444739902392,21046,2,7,3,0.0,-0.002249,0.107953,0.001215,511.337,507.0,482.383,0.0,482,525,0.0,0.107,0.0,0.0,0.107,384.256,127.081,0.0,511.337,3.47,478.912,0.0,482.383
21.384444739902392,21051,2,7,3,0.0,-0.002254,0.108228,-0.016013,574.726,528.0,544.394,0.0,544,545,0.0,0.108,0.0,0.0,0.108,447.272,127.454,0.0,574.726,37.381,507.013,0.0,544.394
21.395824032952078,21056,2,7,3,0.0,-0.002268,0.108869,0.006983,494.548,510.0,482.773,0.0,482,493,0.0,0.108,0.0,0.0,0.108,366.788,127.759,0.0,494.548,-12.36,495.134,0.0,482.773
21.395824032952078,21061,2,7,3,0.0,-0.002271,0.10902,0.006917,495.635,507.0,479.598,0.0,479,497,0.0,0.109,0.0,0.0,0.109,367.569,128.066,0.0,495.635,-9.091,488.69,0.0,479.598
21.395824032952078,21066,2,7,3,0.0,-0.002203,0.105782,0.001966,502.104,510.0,482.614,0.0,482,493,0.0,0.105,0.0,0.0,0.105,373.738,128.366,0.0,502.104,-6.316,488.93,0.0,482.614
21.407339563011192,21071,2,7,3,0.0,-0.002172,0.104303,0.00873,472.715,493.0,462.321,0.0,462,493,0.0,0.104,0.0,0.0,0.104,344.063,128.652,0.0,472.715,-16.227,478.548,0.0,462.321
21.407339563011192,21076,2,7,3,0.0,-0.002164,0.103902,0.011918,460.071,480.0,448.438,0.0,448,462,0.0,0.103,0.0,0.0,0.103,331.142,128.928,0.0,460.071,-15.942,464.381,0.0,448.438
21.418949727900326,21081,2,7,3,0.0,-0.00217,0.104167,0.003598,491.28,462.0,496.633,0.0,496,497,0.0,0.104,0.0,0.0,0.104,362.049,129.23,0.0,491.28,23.424,473.209,0.0,496.633
21.431168859940954,21090,2,7,3,0.0,-0.002189,0.105101,0.002047,500.903,493.0,498.84,0.0,498,480,0.0,0.105,0.0,0.0,0.105,370.996,129.906,0.0,500.903,6.322,492.517,0.0,498.84
21.431168859940954,21095,2,7,3,0.0,-0.00216,0.103703,-0.006708,527.723,528.0,503.485,0.0,503,542,0.0,0.103,0.0,0.0,0.103,397.485,130.238,0.0,527.723,-0.221,503.706,0.0,503.485
21.431168859940954,21101,2,7,3,0.0,-0.002086,0.100157,0.01288,444.7,474.0,456.711,0.0,456,480,0.0,0.1,0.0,0.0,0.1,314.199,130.5,0.0,444.7,-23.439,480.151,0.0,456.711
21.441732267965563,21106,2,7,3,0.0,-0.002071,0.099409,0.000864,485.557,462.0,500.894,0.0,500,507,0.0,0.099,0.0,0.0,0.099,354.76,130.796,0.0,485.557,18.845,482.048,0.0,500.894
21.441732267965563,21111,2,7,3,0.0,-0.002092,0.100446,0.006045,470.922,474.0,471.09,0.0,471,497,0.0,0.1,0.0,0.0,0.1,339.843,131.079,0.0,470.922,-2.461,473.552,0.0,471.09
21.452870339970104,21116,2,7,3,0.0,-0.002148,0.103147,-0.003569,515.582,515.0,485.073,0.0,485,480,0.0,0.103,0.0,0.0,0.103,384.182,131.399,0.0,515.582,0.465,484.607,0.0,485.073
21.452870339970104,21121,2,7,3,0.0,-0.002147,0.103089,-0.007653,530.407,515.0,509.128,0.0,509,493,0.0,0.103,0.0,0.0,0.103,398.675,131.732,0.0,530.407,12.326,496.802,0.0,509.128
21.464170729974285,21126,2,7,3,0.0,-0.002106,0.101094,0.009582,461.447,480.0,466.825,0.0,466,443,0.0,0.101,0.0,0.0,0.101,329.441,132.006,0.0,461.447,-14.841,481.666,0.0,466.825
21.464170729974285,21131,2,7,3,0.0,-0.002053,0.098568,0.000956,483.704,510.0,461.522,0.0,461,480,0.0,0.098,0.0,0.0,0.098,351.405,132.299,0.0,483.704,-21.036,482.558,0.0,461.522
21.476257127011195,21136,2,7,3,0.0,-0.002034,0.097647,-0.009923,519.878,497.0,510.583,0.0,510,497,0.0,0.097,0.0,0.0,0.097,387.256,132.622,0.0,519.878,18.302,492.281,0.0,510.583
21.476257127011195,21141,2,7,3,0.0,-0.00204,0.097924,-0.018642,552.612,510.0,545.927,0.0,545,525,0.0,0.097,0.0,0.0,0.097,419.64,132.971,0.0,552.612,34.089,511.837,0.0,545.927
21.476257127011195,21146,2,7,3,0.0,-0.002077,0.099709,0.00225,484.116,493.0,495.018,0.0,495,493,0.0,0.099,0.0,0.0,0.099,350.852,133.264,0.0,484.116,-7.106,502.125,0.0,495.018
21.48785549995955,21151,2,7,3,0.0,-0.002057,0.098769,0.006037,467.377,467.0,494.863,0.0,494,497,0.0,0.098,0.0,0.0,0.098,333.835,133.542,0.0,467.377,0.302,494.561,0.0,494.863
21.48785549995955,21156,2,7,3,0.0,-0.002062,0.099017,0.014524,437.963,462.0,458.348,0.0,458,462,0.0,0.099,0.0,0.0,0.099,304.177,133.786,0.0,437.963,-19.228,477.577,0.0,458.348
21.50007328693755,21161,2,7,3,0.0,-0.002022,0.097097,0.006464,460.338,480.0,455.521,0.0,455,474,0.0,0.097,0.0,0.0,0.097,326.28,134.058,0.0,460.338,-15.728,471.25,0.0,455.521
21.50007328693755,21166,2,7,3,0.0,-0.002082,0.099943,-0.023768,579.79,542.0,534.215,0.0,534,510,0.0,0.099,0.0,0.0,0.099,445.36,134.429,0.0,579.79,30.232,503.983,0.0,534.215
21.50007328693755,21171,2,7,3,0.0,-0.00213,0.102264,-0.012693,548.621,510.0,544.726,0.0,544,510,0.0,0.102,0.0,0.0,0.102,413.847,134.774,0.0,548.621,30.897,513.828,0.0,544.726
21.513240769971162,21180,2,7,3,0.0,-0.002083,0.099986,0.002329,486.941,510.0,486.681,0.0,486,510,0.0,0.099,0.0,0.0,0.099,351.567,135.374,0.0,486.941,-18.446,505.128,0.0,486.681
21.524388068006374,21185,2,7,3,0.0,-0.002052,0.098512,-0.001506,495.739,510.0,492.741,0.0,492,480,0.0,0.098,0.0,0.0,0.098,360.065,135.674,0.0,495.739,-11.408,504.149,0.0,492.741
21.524388068006374,21191,2,7,3,0.0,-0.002073,0.099515,0.001684,488.159,480.0,507.224,0.0,507,515,0.0,0.099,0.0,0.0,0.099,352.191,135.968,0.0,488.159,6.527,500.696,0.0,507.224
21.535974362981506,21196,2,7,3,0.0,-0.002106,0.101097,0.004048,485.636,493.0,488.243,0.0,488,493,0.0,0.101,0.0,0.0,0.101,349.377,136.259,0.0,485.636,-5.89,494.134,0.0,488.243
21.535974362981506,21201,2,7,3,0.0,-0.00214,0.102756,-0.022185,586.426,578.0,526.953,0.0,526,528,0.0,0.102,0.0,0.0,0.102,449.792,136.634,0.0,586.426,6.741,520.212,0.0,526.953
21.535974362981506,21206,2,7,3,0.0,-0.002132,0.102377,-0.018618,572.581,545.0,557.998,0.0,557,545,0.0,0.102,0.0,0.0,0.102,435.583,136.997,0.0,572.581,22.065,535.933,0.0,557.998
21.547214672900736,21211,2,7,3,0.0,-0.002066,0.09918,0.013371,446.166,493.0,461.267,0.0,461,480,0.0,0.099,0.0,0.0,0.099,308.911,137.255,0.0,446.166,-37.466,498.733,0.0,461.267
21.547214672900736,21216,2,7,3,0.0,-0.002034,0.097678,-0.006617,513.035,507.0,510.73,0.0,510,510,0.0,0.097,0.0,0.0,0.097,375.467,137.567,0.0,513.035,4.828,505.901,0.0,510.73
21.558999080909416,21221,2,7,3,0.0,-0.002071,0.099445,-0.007051,521.276,510.0,520.069,0.0,520,542,0.0,0.099,0.0,0.0,0.099,383.389,137.887,0.0,521.276,9.021,511.048,0.0,520.069
21.558999080909416,21226,2,7,3,0.0,-0.002076,0.099667,-0.004302,512.491,510.0,510.203,0.0,510,542,0.0,0.099,0.0,0.0,0.099,374.292,138.199,0.0,512.491,1.993,508.21,0.0,510.203
21.57028134795837,21231,2,7,3,0.0,-0.002063,0.099047,0.006433,471.888,510.0,459.222,0.0,459,510,0.0,0.099,0.0,0.0,0.099,333.411,138.477,0.0,471.888,-30.489,489.712,0.0,459.222
21.57028134795837,21236,2,7,3,0.0,-0.002108,0.101192,0.020053,430.818,462.0,441.658,0.0,441,462,0.0,0.101,0.0,0.0,0.101,292.098,138.72,0.0,430.818,-24.944,466.603,0.0,441.658
21.57028134795837,21241,2,7,3,0.0,-0.002082,0.099942,0.005331,479.604,480.0,467.393,0.0,467,474,0.0,0.099,0.0,0.0,0.099,340.6,139.004,0.0,479.604,-0.316,467.709,0.0,467.393
21.582477135933004,21246,2,7,3,0.0,-0.002069,0.099324,0.000712,494.29,480.0,484.215,0.0,484,493,0.0,0.099,0.0,0.0,0.099,355.001,139.289,0.0,494.29,11.432,472.782,0.0,484.215
21.582477135933004,21251,2,7,3,0.0,-0.002062,0.099004,0.001598,490.242,493.0,468.122,0.0,468,480,0.0,0.099,0.0,0.0,0.099,350.66,139.581,0.0,490.242,-2.206,470.328,0.0,468.122
21.593800958013162,21256,2,7,3,0.0,-0.002055,0.098663,0.01212,451.393,474.0,439.631,0.0,439,462,0.0,0.098,0.0,0.0,0.098,311.553,139.84,0.0,451.393,-18.084,457.716,0.0,439.631
21.593800958013162,21261,2,7,3,0.0,-0.002055,0.09867,-0.01222,539.383,493.0,519.594,0.0,519,510,0.0,0.098,0.0,0.0,0.098,399.21,140.173,0.0,539.383,37.107,482.487,0.0,519.594
21.605231320951134,21270,2,7,3,0.0,-0.002045,0.098193,0.009467,460.164,462.0,472.019,0.0,472,480,0.0,0.098,0.0,0.0,0.098,319.416,140.747,0.0,460.164,-1.468,473.488,0.0,472.019
21.605231320951134,21275,2,7,3,0.0,-0.002043,0.09808,-0.005402,513.599,510.0,482.646,0.0,482,497,0.0,0.098,0.0,0.0,0.098,372.54,141.058,0.0,513.599,2.879,479.767,0.0,482.646
21.617093712906353,21281,2,7,3,0.0,-0.002043,0.098093,0.019177,425.393,462.0,426.811,0.0,426,443,0.0,0.098,0.0,0.0,0.098,284.097,141.295,0.0,425.393,-29.284,456.096,0.0,426.811
21.617093712906353,21286,2,7,3,0.0,-0.002061,0.098969,-0.010308,535.024,524.0,488.645,0.0,488,493,0.0,0.098,0.0,0.0,0.098,393.4,141.623,0.0,535.024,8.819,479.825,0.0,488.645
21.62871895695571,21291,2,7,3,0.0,-0.002109,0.101268,-0.014403,558.391,578.0,481.695,0.0,481,525,0.0,0.101,0.0,0.0,0.101,416.421,141.97,0.0,558.391,-15.686,497.382,0.0,481.695
21.62871895695571,21296,2,7,3,0.0,-0.002036,0.097733,0.02551,402.192,443.0,433.714,0.0,433,462,0.0,0.097,0.0,0.0,0.097,260.004,142.187,0.0,402.192,-32.646,466.36,0.0,433.714
21.63897415995598,21301,2,7,3,0.0,-0.001986,0.095372,-0.004246,501.113,462.0,512.434,0.0,512,474,0.0,0.095,0.0,0.0,0.095,358.627,142.486,0.0,501.113,31.29,481.143,0.0,512.434
21.63897415995598,21306,2,7,3,0.0,-0.00199,0.095557,0.002618,477.347,493.0,466.762,0.0,466,497,0.0,0.095,0.0,0.0,0.095,334.581,142.765,0.0,477.347,-12.522,479.284,0.0,466.762
21.650168678956106,21311,2,7,3,0.0,-0.001974,0.094784,0.024063,397.572,439.0,416.493,0.0,416,443,0.0,0.094,0.0,0.0,0.094,254.595,142.977,0.0,397.572,-33.141,449.635,0.0,416.493
21.650168678956106,21316,2,7,3,0.0,-0.002018,0.096899,-0.002703,501.847,497.0,471.631,0.0,471,493,0.0,0.096,0.0,0.0,0.096,358.571,143.276,0.0,501.847,3.877,467.754,0.0,471.631
21.650168678956106,21321,2,7,3,0.0,-0.002094,0.10053,-0.008823,537.28,515.0,500.216,0.0,500,515,0.0,0.1,0.0,0.0,0.1,393.676,143.604,0.0,537.28,17.824,482.392,0.0,500.216
21.66220420296304,21326,2,7,3,0.0,-0.002083,0.100023,-0.004196,519.11,480.0,526.767,0.0,526,510,0.0,0.1,0.0,0.0,0.1,375.193,143.916,0.0,519.11,31.288,495.479,0.0,526.767
21.66220420296304,21331,2,7,3,0.0,-0.002055,0.098649,0.003769,485.771,493.0,482.293,0.0,482,493,0.0,0.098,0.0,0.0,0.098,341.569,144.201,0.0,485.771,-5.783,488.077,0.0,482.293
21.67361016490031,21336,2,7,3,0.0,-0.002027,0.097326,-0.023252,578.632,528.0,555.242,0.0,555,542,0.0,0.097,0.0,0.0,0.097,434.082,144.549,0.0,578.632,40.505,514.736,0.0,555.242
21.67361016490031,21341,2,7,3,0.0,-0.00201,0.096502,-0.009155,525.235,510.0,525.439,0.0,525,497,0.0,0.096,0.0,0.0,0.096,380.369,144.866,0.0,525.235,12.188,513.25,0.0,525.439
21.68502983090002,21346,2,7,3,0.0,-0.002022,0.097093,-0.004128,509.569,528.0,496.352,0.0,496,497,0.0,0.097,0.0,0.0,0.097,364.399,145.17,0.0,509.569,-14.744,511.096,0.0,496.352
21.68502983090002,21351,2,7,3,0.0,-0.001983,0.095228,0.004358,472.574,493.0,483.57,0.0,483,474,0.0,0.095,0.0,0.0,0.095,327.131,145.442,0.0,472.574,-16.34,499.91,0.0,483.57
21.696353722945787,21360,2,7,3,0.0,-0.002051,0.098487,0.00258,491.335,493.0,504.448,0.0,504,497,0.0,0.098,0.0,0.0,0.098,345.265,146.069,0.0,491.335,-1.331,505.779,0.0,504.448
21.696353722945787,21365,2,7,3,0.0,-0.002028,0.097352,-0.012997,543.66,528.0,529.235,0.0,529,528,0.0,0.097,0.0,0.0,0.097,397.259,146.4,0.0,543.66,12.528,516.707,0.0,529.235
21.707946281996556,21371,2,7,3,0.0,-0.002004,0.09623,-0.006744,517.422,560.0,480.869,0.0,480,528,0.0,0.096,0.0,0.0,0.096,370.712,146.71,0.0,517.422,-34.061,514.931,0.0,480.869
21.707946281996556,21376,2,7,3,0.0,-0.001961,0.094155,0.007276,459.735,493.0,471.343,0.0,471,493,0.0,0.094,0.0,0.0,0.094,312.764,146.971,0.0,459.735,-26.611,497.954,0.0,471.343
21.71909682697151,21381,2,7,3,0.0,-0.001953,0.093757,0.009371,451.014,480.0,458.124,0.0,458,484,0.0,0.093,0.0,0.0,0.093,303.79,147.224,0.0,451.014,-23.188,481.312,0.0,458.124
21.71909682697151,21386,2,7,3,0.0,-0.001968,0.094484,0.001923,480.721,493.0,471.854,0.0,471,493,0.0,0.094,0.0,0.0,0.094,333.219,147.502,0.0,480.721,-9.823,481.677,0.0,471.854
21.71909682697151,21391,2,7,3,0.0,-0.002012,0.096596,-0.009117,528.386,528.0,493.888,0.0,493,497,0.0,0.096,0.0,0.0,0.096,380.567,147.819,0.0,528.386,0.309,493.578,0.0,493.888
21.73217129195109,21396,2,7,3,0.0,-0.001984,0.095252,0.012668,445.366,480.0,446.974,0.0,446,474,0.0,0.095,0.0,0.0,0.095,297.299,148.066,0.0,445.366,-27.706,474.681,0.0,446.974
21.73217129195109,21401,2,7,3,0.0,-0.001946,0.093408,-3.5e-05,484.743,493.0,469.716,0.0,469,493,0.0,0.093,0.0,0.0,0.093,336.396,148.347,0.0,484.743,-6.605,476.321,0.0,469.716
21.743374676909298,21406,2,7,3,0.0,-0.00193,0.092646,0.003774,468.554,462.0,478.185,0.0,478,493,0.0,0.092,0.0,0.0,0.092,319.94,148.613,0.0,468.554,5.243,472.941,0.0,478.185
21.743374676909298,21411,2,7,3,0.0,-0.001927,0.092517,-0.00084,484.983,480.0,478.846,0.0,478,525,0.0,0.092,0.0,0.0,0.092,336.089,148.893,0.0,484.983,3.986,474.86,0.0,478.846
21.754639766993932,21416,2,7,3,0.0,-0.001945,0.093405,-0.025274,576.5,542.0,530.278,0.0,530,545,0.0,0.093,0.0,0.0,0.093,427.25,149.25,0.0,576.5,27.6,502.677,0.0,530.278
21.754639766993932,21421,2,7,3,0.0,-0.001963,0.094242,0.012215,444.794,462.0,463.967,0.0,463,474,0.0,0.094,0.0,0.0,0.094,295.297,149.496,0.0,444.794,-13.764,477.732,0.0,463.967
21.754639766993932,21426,2,7,3,0.0,-0.001987,0.09539,0.001663,487.184,493.0,471.835,0.0,471,462,0.0,0.095,0.0,0.0,0.095,337.418,149.766,0.0,487.184,-4.652,476.487,0.0,471.835
21.76736259891186,21431,2,7,3,0.0,-0.001942,0.093259,0.019231,416.488,474.0,407.983,0.0,407,443,0.0,0.093,0.0,0.0,0.093,266.499,149.988,0.0,416.488,-46.009,453.992,0.0,407.983
21.76736259891186,21436,2,7,3,0.0,-0.001984,0.095243,-0.003539,505.904,497.0,479.188,0.0,479,493,0.0,0.095,0.0,0.0,0.095,355.618,150.285,0.0,505.904,7.123,472.064,0.0,479.188
21.778692418942228,21441,2,7,3,0.0,-0.002022,0.097081,-0.007881,528.468,528.0,488.507,0.0,488,542,0.0,0.097,0.0,0.0,0.097,377.868,150.599,0.0,528.468,0.374,488.132,0.0,488.507
21.792026399984024,21450,2,7,3,0.0,-0.001925,0.092445,0.001094,479.972,480.0,467.175,0.0,467,480,0.0,0.092,0.0,0.0,0.092,328.861,151.11,0.0,479.972,-0.022,467.197,0.0,467.175
21.792026399984024,21455,2,7,3,0.0,-0.001919,0.092141,-0.008895,515.149,497.0,494.869,0.0,494,497,0.0,0.092,0.0,0.0,0.092,363.735,151.413,0.0,515.149,14.519,480.349,0.0,494.869
21.792026399984024,21461,2,7,3,0.0,-0.00195,0.093634,-0.000451,490.407,493.0,476.029,0.0,476,480,0.0,0.093,0.0,0.0,0.093,338.71,151.697,0.0,490.407,-2.074,478.103,0.0,476.029
21.80324425396975,21466,2,7,3,0.0,-0.001913,0.091851,0.010307,445.498,474.0,440.403,0.0,440,474,0.0,0.091,0.0,0.0,0.091,293.557,151.941,0.0,445.498,-22.801,463.204,0.0,440.403
21.80324425396975,21471,2,7,3,0.0,-0.001936,0.092967,0.002785,476.864,510.0,436.142,0.0,436,462,0.0,0.092,0.0,0.0,0.092,324.652,152.212,0.0,476.864,-26.508,462.651,0.0,436.142
21.8143341219984,21476,2,7,3,0.0,-0.001986,0.095366,-0.003396,508.056,510.0,466.555,0.0,466,480,0.0,0.095,0.0,0.0,0.095,355.547,152.508,0.0,508.056,-1.554,468.11,0.0,466.555
21.8143341219984,21481,2,7,3,0.0,-0.001998,0.095941,0.000997,494.593,510.0,458.977,0.0,458,493,0.0,0.095,0.0,0.0,0.095,341.799,152.793,0.0,494.593,-12.325,471.303,0.0,458.977
21.825783826992847,21486,2,7,3,0.0,-0.002032,0.097573,-0.013163,551.78,525.0,511.262,0.0,511,515,0.0,0.097,0.0,0.0,0.097,398.655,153.125,0.0,551.78,21.424,489.837,0.0,511.262
21.825783826992847,21491,2,7,3,0.0,-0.002034,0.097642,-0.009586,539.469,510.0,525.383,0.0,525,510,0.0,0.097,0.0,0.0,0.097,386.022,153.447,0.0,539.469,23.575,501.807,0.0,525.383
21.825783826992847,21496,2,7,3,0.0,-0.002002,0.096139,0.002861,489.525,493.0,494.24,0.0,494,510,0.0,0.096,0.0,0.0,0.096,335.798,153.727,0.0,489.525,-2.779,497.02,0.0,494.24
21.83764091494959,21501,2,7,3,0.0,-0.001986,0.095371,-0.001361,502.256,510.0,488.306,0.0,488,480,0.0,0.095,0.0,0.0,0.095,348.239,154.017,0.0,502.256,-6.194,494.501,0.0,488.306
21.83764091494959,21506,2,7,3,0.0,-0.001965,0.094362,-0.002388,502.61,497.0,500.651,0.0,500,493,0.0,0.094,0.0,0.0,0.094,348.302,154.307,0.0,502.61,4.488,496.163,0.0,500.651
21.84881629399024,21511,2,7,3,0.0,-0.001991,0.095582,-0.002861,508.999,510.0,497.855,0.0,497,510,0.0,0.095,0.0,0.0,0.095,354.397,154.602,0.0,508.999,-0.8,498.655,0.0,497.855
21.84881629399024,21516,2,7,3,0.0,-0.001995,0.095767,-0.006119,521.687,510.0,514.845,0.0,514,510,0.0,0.095,0.0,0.0,0.095,366.79,154.896,0.0,521.687,9.349,505.495,0.0,514.845
21.860901218955405,21521,2,7,3,0.0,-0.001987,0.095419,0.008679,467.421,480.0,481.816,0.0,481,480,0.0,0.095,0.0,0.0,0.095,312.264,155.157,0.0,467.421,-10.062,491.879,0.0,481.816
21.860901218955405,21526,2,7,3,0.0,-0.00195,0.093609,0.009753,457.288,462.0,474.036,0.0,474,493,0.0,0.093,0.0,0.0,0.093,301.88,155.408,0.0,457.288,-3.768,477.805,0.0,474.036
21.860901218955405,21531,2,7,3,0.0,-0.001991,0.095569,-0.019399,569.641,525.0,540.618,0.0,540,528,0.0,0.095,0.0,0.0,0.095,413.887,155.753,0.0,569.641,35.712,504.905,0.0,540.618
21.87290137889795,21540,2,7,3,0.0,-0.001965,0.094359,0.029635,389.263,443.0,418.487,0.0,418,443,0.0,0.094,0.0,0.0,0.094,233.007,156.255,0.0,389.263,-42.988,461.476,0.0,418.487
21.884368147933856,21545,2,7,3,0.0,-0.001943,0.093301,0.020624,418.109,426.0,438.61,0.0,438,417,0.0,0.093,0.0,0.0,0.093,261.635,156.473,0.0,418.109,-6.312,444.922,0.0,438.61
21.884368147933856,21551,2,7,3,0.0,-0.001971,0.094655,0.009552,463.099,480.0,432.6,0.0,432,443,0.0,0.094,0.0,0.0,0.094,306.369,156.73,0.0,463.099,-13.52,446.12,0.0,432.6
21.89641652093269,21556,2,7,3,0.0,-0.00205,0.098446,-0.02936,617.216,545.0,556.628,0.0,556,560,0.0,0.098,0.0,0.0,0.098,460.103,157.113,0.0,617.216,57.773,498.855,0.0,556.628
21.89641652093269,21561,2,7,3,0.0,-0.002047,0.098291,0.009786,475.998,480.0,482.512,0.0,482,497,0.0,0.098,0.0,0.0,0.098,318.619,157.379,0.0,475.998,-3.201,485.713,0.0,482.512
21.89641652093269,21566,2,7,3,0.0,-0.001931,0.092714,0.042427,338.56,377.0,408.84,0.0,408,408,0.0,0.092,0.0,0.0,0.092,181.03,157.529,0.0,338.56,-30.751,439.591,0.0,408.84
21.908737769932486,21571,2,7,3,0.0,-0.001909,0.091678,0.009187,454.745,480.0,420.33,0.0,420,449,0.0,0.091,0.0,0.0,0.091,296.968,157.777,0.0,454.745,-20.203,440.534,0.0,420.33
21.908737769932486,21576,2,7,3,0.0,-0.001977,0.09491,-0.013582,548.678,497.0,518.015,0.0,518,480,0.0,0.094,0.0,0.0,0.094,390.575,158.102,0.0,548.678,41.342,476.672,0.0,518.015
21.920162810012698,21581,2,7,3,0.0,-0.002068,0.099311,-0.003578,528.815,493.0,517.543,0.0,517,528,0.0,0.099,0.0,0.0,0.099,370.403,158.411,0.0,528.815,28.652,488.891,0.0,517.543
21.920162810012698,21586,2,7,3,0.0,-0.002065,0.09914,-0.010133,552.126,542.0,507.48,0.0,507,510,0.0,0.099,0.0,0.0,0.099,393.387,158.739,0.0,552.126,8.101,499.379,0.0,507.48
21.920162810012698,21591,2,7,3,0.0,-0.001994,0.095715,0.016831,442.958,474.0,455.676,0.0,455,479,0.0,0.095,0.0,0.0,0.095,283.982,158.976,0.0,442.958,-24.833,480.509,0.0,455.676
21.93234252394177,21596,2,7,3,0.0,-0.001901,0.091248,0.024876,398.116,413.0,444.077,0.0,444,462,0.0,0.091,0.0,0.0,0.091,238.94,159.175,0.0,398.116,-11.907,455.984,0.0,444.077
21.93234252394177,21601,2,7,3,0.0,-0.001884,0.090456,-0.017322,547.504,497.0,526.384,0.0,526,493,0.0,0.09,0.0,0.0,0.09,388.006,159.498,0.0,547.504,40.403,485.981,0.0,526.384
21.943933804985136,21606,2,7,3,0.0,-0.001995,0.095779,-0.0142,555.741,510.0,539.792,0.0,539,525,0.0,0.095,0.0,0.0,0.095,395.925,159.815,0.0,555.741,36.593,503.199,0.0,539.792
21.943933804985136,21611,2,7,3,0.0,-0.002032,0.097541,-0.014296,562.767,510.0,562.918,0.0,562,542,0.0,0.097,0.0,0.0,0.097,402.616,160.151,0.0,562.767,42.214,520.704,0.0,562.918
21.955046729999594,21616,2,7,3,0.0,-0.002035,0.097699,-0.008325,542.161,545.0,522.023,0.0,522,542,0.0,0.097,0.0,0.0,0.097,381.691,160.469,0.0,542.161,-2.27,524.294,0.0,522.023
21.955046729999594,21621,2,7,3,0.0,-0.001925,0.092406,0.025049,403.155,443.0,450.453,0.0,450,462,0.0,0.092,0.0,0.0,0.092,242.483,160.671,0.0,403.155,-31.875,482.329,0.0,450.453
21.96669040201232,21630,2,7,3,0.0,-0.001876,0.090053,-0.0105,523.185,497.0,497.333,0.0,497,497,0.0,0.09,0.0,0.0,0.09,361.994,161.191,0.0,523.185,20.948,476.384,0.0,497.333
21.96669040201232,21635,2,7,3,0.0,-0.00198,0.095073,-0.010882,542.95,510.0,522.099,0.0,522,545,0.0,0.095,0.0,0.0,0.095,381.441,161.508,0.0,542.95,26.36,495.739,0.0,522.099
21.978016034001485,21641,2,7,3,0.0,-0.002054,0.098627,-0.00345,529.294,525.0,504.058,0.0,504,542,0.0,0.098,0.0,0.0,0.098,367.478,161.816,0.0,529.294,3.435,500.623,0.0,504.058
21.978016034001485,21646,2,7,3,0.0,-0.001995,0.095763,0.035554,378.749,413.0,432.92,0.0,432,430,0.0,0.095,0.0,0.0,0.095,216.752,161.996,0.0,378.749,-27.4,460.321,0.0,432.92
21.98942865699064,21651,2,7,3,0.0,-0.001944,0.093337,0.023405,413.961,443.0,425.514,0.0,425,443,0.0,0.093,0.0,0.0,0.093,251.754,162.206,0.0,413.961,-23.231,448.745,0.0,425.514
21.98942865699064,21656,2,7,3,0.0,-0.001988,0.09545,0.00314,494.8,507.0,448.919,0.0,448,462,0.0,0.095,0.0,0.0,0.095,332.316,162.483,0.0,494.8,-9.759,458.679,0.0,448.919
22.001898029935546,21661,2,7,3,0.0,-0.002009,0.096461,-0.013423,558.398,542.0,499.684,0.0,499,528,0.0,0.096,0.0,0.0,0.096,395.585,162.813,0.0,558.398,13.118,486.565,0.0,499.684
22.001898029935546,21666,2,7,3,0.0,-0.002039,0.097912,0.009539,481.219,480.0,478.592,0.0,478,510,0.0,0.097,0.0,0.0,0.097,318.14,163.078,0.0,481.219,0.975,477.617,0.0,478.592
22.001898029935546,21671,2,7,3,0.0,-0.002016,0.096778,0.0127,466.012,489.0,449.44,0.0,449,480,0.0,0.096,0.0,0.0,0.096,302.682,163.33,0.0,466.012,-18.389,467.83,0.0,449.44
22.013406305923127,21676,2,7,3,0.0,-0.001993,0.095685,0.015732,451.399,462.0,446.89,0.0,446,462,0.0,0.095,0.0,0.0,0.095,287.828,163.57,0.0,451.399,-8.48,455.371,0.0,446.89
22.013406305923127,21681,2,7,3,0.0,-0.001992,0.095655,-0.006954,533.274,497.0,510.646,0.0,510,510,0.0,0.095,0.0,0.0,0.095,369.396,163.878,0.0,533.274,29.019,481.626,0.0,510.646
22.024566868902184,21686,2,7,3,0.0,-0.002032,0.097556,-0.012969,562.101,525.0,531.176,0.0,531,542,0.0,0.097,0.0,0.0,0.097,397.891,164.209,0.0,562.101,29.681,501.495,0.0,531.176
22.024566868902184,21691,2,7,3,0.0,-0.002061,0.098942,-0.018343,586.791,528.0,573.679,0.0,573,528,0.0,0.098,0.0,0.0,0.098,422.23,164.561,0.0,586.791,47.033,526.646,0.0,573.679
22.03593040094711,21696,2,7,3,0.0,-0.002006,0.09633,0.029989,403.579,462.0,437.389,0.0,437,462,0.0,0.096,0.0,0.0,0.096,238.826,164.753,0.0,403.579,-46.736,484.126,0.0,437.389
22.03593040094711,21701,2,7,3,0.0,-0.001998,0.095936,-0.001226,514.832,528.0,483.487,0.0,483,497,0.0,0.095,0.0,0.0,0.095,349.788,165.044,0.0,514.832,-10.533,494.021,0.0,483.487
22.03593040094711,21706,2,7,3,0.0,-0.002044,0.09815,-0.032542,635.932,560.0,603.201,0.0,603,578,0.0,0.098,0.0,0.0,0.098,470.495,165.436,0.0,635.932,60.745,542.455,0.0,603.201
22.04780896997545,21711,2,7,3,0.0,-0.002032,0.097581,0.007003,491.787,528.0,489.252,0.0,489,510,0.0,0.097,0.0,0.0,0.097,326.078,165.708,0.0,491.787,-28.97,518.222,0.0,489.252
22.05895035492722,21720,2,7,3,0.0,-0.00196,0.094113,-0.0016,510.829,493.0,523.221,0.0,523,525,0.0,0.094,0.0,0.0,0.094,344.57,166.259,0.0,510.829,14.263,508.957,0.0,523.221
22.05895035492722,21725,2,7,3,0.0,-0.001993,0.095664,-0.014535,563.311,545.0,541.911,0.0,541,528,0.0,0.095,0.0,0.0,0.095,396.72,166.59,0.0,563.311,14.648,527.262,0.0,541.911
22.07090468495153,21731,2,7,3,0.0,-0.002003,0.09617,-0.023967,599.448,545.0,593.597,0.0,593,560,0.0,0.096,0.0,0.0,0.096,432.496,166.951,0.0,599.448,43.558,550.038,0.0,593.597
22.07090468495153,21736,2,7,3,0.0,-0.001928,0.092575,-0.000306,501.605,528.0,510.399,0.0,510,497,0.0,0.092,0.0,0.0,0.092,334.374,167.23,0.0,501.605,-21.115,531.515,0.0,510.399
22.07090468495153,21741,2,7,3,0.0,-0.001835,0.088113,0.00999,448.709,515.0,453.752,0.0,453,510,0.0,0.088,0.0,0.0,0.088,281.244,167.464,0.0,448.709,-53.032,506.784,0.0,453.752
22.08240161591675,21746,2,7,3,0.0,-0.001839,0.088305,-0.0021,493.197,497.0,499.641,0.0,499,493,0.0,0.088,0.0,0.0,0.088,325.461,167.736,0.0,493.197,-3.042,502.683,0.0,499.641
22.08240161591675,21751,2,7,3,0.0,-0.001879,0.090222,0.003579,479.911,474.0,497.318,0.0,497,510,0.0,0.09,0.0,0.0,0.09,311.915,167.996,0.0,479.911,4.729,492.589,0.0,497.318
22.093806840945035,21756,2,7,3,0.0,-0.00195,0.093646,0.001824,498.831,480.0,506.494,0.0,506,493,0.0,0.093,0.0,0.0,0.093,330.559,168.271,0.0,498.831,15.065,491.429,0.0,506.494
22.093806840945035,21761,2,7,3,0.0,-0.001992,0.095661,-0.017777,576.992,542.0,548.191,0.0,548,528,0.0,0.095,0.0,0.0,0.095,408.38,168.611,0.0,576.992,27.993,520.197,0.0,548.191
22.10518041299656,21766,2,7,3,0.0,-0.001934,0.092861,0.005544,483.212,462.0,524.588,0.0,524,507,0.0,0.092,0.0,0.0,0.092,314.338,168.873,0.0,483.212,16.97,507.617,0.0,524.588
22.10518041299656,21771,2,7,3,0.0,-0.001872,0.089859,0.019268,423.215,462.0,445.69,0.0,445,462,0.0,0.089,0.0,0.0,0.089,254.129,169.085,0.0,423.215,-31.028,476.718,0.0,445.69
22.11706370289903,21776,2,7,3,0.0,-0.001837,0.088193,-0.005782,507.679,497.0,496.642,0.0,496,480,0.0,0.088,0.0,0.0,0.088,338.311,169.367,0.0,507.679,8.543,488.099,0.0,496.642
22.11706370289903,21781,2,7,3,0.0,-0.001937,0.092996,-0.021524,581.987,528.0,559.583,0.0,559,528,0.0,0.092,0.0,0.0,0.092,412.276,169.711,0.0,581.987,43.19,516.393,0.0,559.583
22.11706370289903,21786,2,7,3,0.0,-0.001989,0.0955,-0.02375,599.36,560.0,570.041,0.0,570,545,0.0,0.095,0.0,0.0,0.095,429.304,170.055,0.0,599.36,31.488,538.553,0.0,570.041
22.129203580901958,21791,2,7,3,0.0,-0.001927,0.092516,0.019381,433.559,493.0,454.304,0.0,454,493,0.0,0.092,0.0,0.0,0.092,263.284,170.274,0.0,433.559,-47.552,501.856,0.0,454.304
22.129203580901958,21796,2,7,3,0.0,-0.001863,0.089468,0.011713,450.425,474.0,463.99,0.0,463,462,0.0,0.089,0.0,0.0,0.089,279.917,170.507,0.0,450.425,-18.859,482.85,0.0,463.99
22.14074747392442,21801,2,7,3,0.0,-0.001855,0.089064,-0.002873,501.758,507.0,486.511,0.0,486,510,0.0,0.089,0.0,0.0,0.089,330.975,170.783,0.0,501.758,-4.192,490.704,0.0,486.511
22.14074747392442,21810,2,7,3,0.0,-0.001911,0.091738,-0.011072,541.489,542.0,504.685,0.0,504,528,0.0,0.091,0.0,0.0,0.091,370.119,171.369,0.0,541.489,-0.408,505.093,0.0,504.685
22.15248668496497,21815,2,7,3,0.0,-0.001959,0.094032,0.000299,509.089,510.0,502.822,0.0,502,510,0.0,0.094,0.0,0.0,0.094,337.438,171.65,0.0,509.089,-0.728,503.55,0.0,502.822
22.15248668496497,21821,2,7,3,0.0,-0.001937,0.093009,0.015492,450.945,480.0,462.732,0.0,462,462,0.0,0.093,0.0,0.0,0.093,279.061,171.884,0.0,450.945,-23.243,485.976,0.0,462.732
22.164011574932374,21826,2,7,3,0.0,-0.001889,0.090697,0.005106,480.269,474.0,488.59,0.0,488,462,0.0,0.09,0.0,0.0,0.09,308.128,172.141,0.0,480.269,5.015,483.574,0.0,488.59
22.164011574932374,21831,2,7,3,0.0,-0.001891,0.090811,-0.003097,510.497,510.0,491.894,0.0,491,510,0.0,0.09,0.0,0.0,0.09,338.074,172.422,0.0,510.497,0.398,491.496,0.0,491.894
22.175357304979116,21836,2,7,3,0.0,-0.001947,0.093475,-0.006397,532.265,510.0,519.881,0.0,519,510,0.0,0.093,0.0,0.0,0.093,359.542,172.722,0.0,532.265,17.812,502.069,0.0,519.881
22.175357304979116,21841,2,7,3,0.0,-0.001948,0.09351,0.00457,493.173,480.0,505.437,0.0,505,493,0.0,0.093,0.0,0.0,0.093,320.184,172.989,0.0,493.173,10.538,494.898,0.0,505.437
22.18729126092512,21846,2,7,3,0.0,-0.001907,0.091582,0.009141,470.024,474.0,483.28,0.0,483,497,0.0,0.091,0.0,0.0,0.091,296.788,173.236,0.0,470.024,-3.18,486.461,0.0,483.28
22.18729126092512,21851,2,7,3,0.0,-0.001828,0.08778,-0.0153,544.636,560.0,484.469,0.0,484,555,0.0,0.087,0.0,0.0,0.087,371.09,173.545,0.0,544.636,-12.291,496.761,0.0,484.469
22.18729126092512,21856,2,7,3,0.0,-0.001828,0.087757,0.01082,450.748,480.0,453.926,0.0,453,493,0.0,0.087,0.0,0.0,0.087,276.972,173.776,0.0,450.748,-23.401,477.328,0.0,453.926
22.199233286897652,21861,2,7,3,0.0,-0.0018,0.086433,0.009962,449.301,480.0,439.17,0.0,439,493,0.0,0.086,0.0,0.0,0.086,275.295,174.005,0.0,449.301,-24.558,463.729,0.0,439.17
22.199233286897652,21866,2,7,3,0.0,-0.001835,0.088086,0.002499,482.375,480.0,464.232,0.0,464,474,0.0,0.088,0.0,0.0,0.088,308.112,174.262,0.0,482.375,1.9,462.332,0.0,464.232
22.210463811992668,21871,2,7,3,0.0,-0.001839,0.08829,0.004927,474.619,474.0,463.737,0.0,463,462,0.0,0.088,0.0,0.0,0.088,300.106,174.512,0.0,474.619,0.495,463.242,0.0,463.737
22.210463811992668,21876,2,7,3,0.0,-0.00184,0.088335,-0.026146,586.979,560.0,521.271,0.0,521,528,0.0,0.088,0.0,0.0,0.088,412.135,174.843,0.0,586.979,21.583,499.688,0.0,521.271
22.221982426010072,21881,2,7,3,0.0,-0.001835,0.088113,0.006075,470.427,474.0,482.043,0.0,482,480,0.0,0.088,0.0,0.0,0.088,295.337,175.089,0.0,470.427,-2.858,484.902,0.0,482.043
22.221982426010072,21886,2,7,3,0.0,-0.001755,0.084254,0.011622,436.783,480.0,427.932,0.0,427,462,0.0,0.084,0.0,0.0,0.084,261.476,175.307,0.0,436.783,-34.573,462.506,0.0,427.932
22.221982426010072,21891,2,7,3,0.0,-0.001732,0.083179,-0.004122,489.854,493.0,467.583,0.0,467,497,0.0,0.083,0.0,0.0,0.083,314.285,175.569,0.0,489.854,-2.516,470.099,0.0,467.583
22.23406210693065,21900,2,7,3,0.0,-0.001843,0.088485,0.000592,492.596,480.0,502.505,0.0,502,493,0.0,0.088,0.0,0.0,0.088,316.416,176.18,0.0,492.596,10.077,492.428,0.0,502.505
22.24513323896099,21905,2,7,3,0.0,-0.00184,0.088365,-0.0147,547.525,510.0,537.751,0.0,537,542,0.0,0.088,0.0,0.0,0.088,371.035,176.489,0.0,547.525,30.02,507.731,0.0,537.751
22.24513323896099,21911,2,7,3,0.0,-0.001823,0.087535,0.007276,465.663,493.0,465.913,0.0,465,493,0.0,0.087,0.0,0.0,0.087,288.932,176.731,0.0,465.663,-21.869,487.782,0.0,465.913
22.24513323896099,21916,2,7,3,0.0,-0.001744,0.083728,0.008218,448.793,493.0,436.557,0.0,436,462,0.0,0.083,0.0,0.0,0.083,271.835,176.957,0.0,448.793,-35.365,471.922,0.0,436.557
22.257467643008567,21921,2,7,3,0.0,-0.001776,0.08528,-0.002161,492.009,493.0,475.318,0.0,475,493,0.0,0.085,0.0,0.0,0.085,314.789,177.219,0.0,492.009,-0.792,476.11,0.0,475.318
22.257467643008567,21926,2,7,3,0.0,-0.001811,0.086961,-0.016363,549.498,542.0,498.286,0.0,498,528,0.0,0.086,0.0,0.0,0.086,371.968,177.529,0.0,549.498,5.998,492.287,0.0,498.286
22.269676670897752,21931,2,7,3,0.0,-0.001873,0.089904,-0.011261,542.032,515.0,524.631,0.0,524,528,0.0,0.089,0.0,0.0,0.089,364.199,177.833,0.0,542.032,21.626,503.005,0.0,524.631
22.269676670897752,21936,2,7,3,0.0,-0.001856,0.08912,-0.006038,520.692,528.0,494.12,0.0,494,528,0.0,0.089,0.0,0.0,0.089,342.573,178.118,0.0,520.692,-5.846,499.967,0.0,494.12
22.280889250920154,21941,2,7,3,0.0,-0.001778,0.085368,0.014639,432.955,510.0,405.285,0.0,405,480,0.0,0.085,0.0,0.0,0.085,254.624,178.331,0.0,432.955,-61.635,466.921,0.0,405.285
22.280889250920154,21946,2,7,3,0.0,-0.001753,0.084163,0.005144,463.036,497.0,430.693,0.0,430,493,0.0,0.084,0.0,0.0,0.084,284.468,178.568,0.0,463.036,-27.17,457.864,0.0,430.693
22.280889250920154,21951,2,7,3,0.0,-0.001847,0.088689,-0.027118,595.824,545.0,537.275,0.0,537,560,0.0,0.088,0.0,0.0,0.088,416.909,178.915,0.0,595.824,40.659,496.615,0.0,537.275
22.293271285947412,21956,2,7,3,0.0,-0.001884,0.090443,0.005144,486.249,484.0,483.737,0.0,483,507,0.0,0.09,0.0,0.0,0.09,307.078,179.171,0.0,486.249,1.799,481.938,0.0,483.737
22.293271285947412,21961,2,7,3,0.0,-0.001863,0.089438,-0.000431,502.973,497.0,488.522,0.0,488,493,0.0,0.089,0.0,0.0,0.089,323.532,179.441,0.0,502.973,4.778,483.743,0.0,488.522
22.304421395994723,21966,2,7,3,0.0,-0.001778,0.085376,0.014353,435.336,474.0,430.614,0.0,430,443,0.0,0.085,0.0,0.0,0.085,255.682,179.654,0.0,435.336,-30.93,461.544,0.0,430.614
22.304421395994723,21971,2,7,3,0.0,-0.001743,0.083691,0.01077,442.378,462.0,437.308,0.0,437,462,0.0,0.083,0.0,0.0,0.083,262.514,179.864,0.0,442.378,-15.697,453.005,0.0,437.308
22.316137676942162,21976,2,7,3,0.0,-0.001747,0.083897,-0.00413,497.032,525.0,437.63,0.0,437,474,0.0,0.083,0.0,0.0,0.083,316.903,180.128,0.0,497.032,-22.374,460.004,0.0,437.63
22.316137676942162,21981,2,7,3,0.0,-0.001772,0.085099,-0.003571,499.612,480.0,486.137,0.0,486,462,0.0,0.085,0.0,0.0,0.085,319.217,180.394,0.0,499.612,15.689,470.447,0.0,486.137
22.32809951994568,21990,2,7,3,0.0,-0.001799,0.086368,-0.005139,510.418,515.0,491.887,0.0,491,515,0.0,0.086,0.0,0.0,0.086,329.43,180.988,0.0,510.418,-3.665,495.552,0.0,491.887
22.32809951994568,21995,2,7,3,0.0,-0.001735,0.083314,0.025378,389.733,443.0,411.871,0.0,411,443,0.0,0.083,0.0,0.0,0.083,208.571,181.162,0.0,389.733,-42.612,454.484,0.0,411.871
22.339687176980078,22001,2,7,3,0.0,-0.001691,0.081193,0.014722,420.659,443.0,419.539,0.0,419,443,0.0,0.081,0.0,0.0,0.081,239.297,181.362,0.0,420.659,-17.872,437.412,0.0,419.539
22.339687176980078,22006,2,7,3,0.0,-0.001766,0.084808,-0.009804,522.25,480.0,496.504,0.0,496,493,0.0,0.084,0.0,0.0,0.084,340.604,181.646,0.0,522.25,33.8,462.703,0.0,496.504
22.350857020937838,22011,2,7,3,0.0,-0.001877,0.090099,-0.021455,583.578,542.0,524.013,0.0,524,542,0.0,0.09,0.0,0.0,0.09,401.597,181.98,0.0,583.578,33.262,490.75,0.0,524.013
22.350857020937838,22016,2,7,3,0.0,-0.001902,0.091302,-0.011917,553.883,560.0,493.739,0.0,493,515,0.0,0.091,0.0,0.0,0.091,371.593,182.29,0.0,553.883,-4.893,498.633,0.0,493.739
22.350857020937838,22021,2,7,3,0.0,-0.00184,0.088342,0.019335,430.923,462.0,449.628,0.0,449,480,0.0,0.088,0.0,0.0,0.088,248.426,182.497,0.0,430.923,-24.861,474.489,0.0,449.628
22.363172172917984,22026,2,7,3,0.0,-0.001764,0.084697,-0.002108,495.257,480.0,494.28,0.0,494,462,0.0,0.084,0.0,0.0,0.084,312.499,182.757,0.0,495.257,12.206,482.074,0.0,494.28
22.363172172917984,22031,2,7,3,0.0,-0.001736,0.083371,-0.010145,519.697,489.0,515.106,0.0,515,510,0.0,0.083,0.0,0.0,0.083,336.659,183.038,0.0,519.697,24.558,490.548,0.0,515.106
22.374921149923466,22036,2,7,3,0.0,-0.001762,0.084591,-0.014693,540.759,528.0,510.473,0.0,510,525,0.0,0.084,0.0,0.0,0.084,357.423,183.336,0.0,540.759,10.207,500.266,0.0,510.473
22.374921149923466,22041,2,7,3,0.0,-0.001778,0.085377,-0.019007,559.434,542.0,530.364,0.0,530,528,0.0,0.085,0.0,0.0,0.085,375.784,183.649,0.0,559.434,13.947,516.417,0.0,530.364
22.386789297917858,22046,2,7,3,0.0,-0.001787,0.085803,-0.001012,496.447,507.0,500.59,0.0,500,497,0.0,0.085,0.0,0.0,0.085,312.537,183.909,0.0,496.447,-8.442,509.032,0.0,500.59
22.386789297917858,22051,2,7,3,0.0,-0.001763,0.084669,0.001534,483.443,480.0,503.48,0.0,503,493,0.0,0.084,0.0,0.0,0.084,299.283,184.159,0.0,483.443,2.754,500.726,0.0,503.48
22.386789297917858,22056,2,7,3,0.0,-0.00172,0.082579,0.001505,476.269,493.0,478.736,0.0,478,510,0.0,0.082,0.0,0.0,0.082,291.867,184.402,0.0,476.269,-13.384,492.12,0.0,478.736
22.398342011962086,22061,2,7,3,0.0,-0.001749,0.083975,0.001321,482.195,480.0,490.371,0.0,490,484,0.0,0.083,0.0,0.0,0.083,297.554,184.641,0.0,482.195,1.756,488.615,0.0,490.371
22.398342011962086,22066,2,7,3,0.0,-0.001739,0.083517,0.018933,417.338,462.0,425.404,0.0,425,430,0.0,0.083,0.0,0.0,0.083,232.504,184.834,0.0,417.338,-35.728,461.133,0.0,425.404
22.40949654392898,22071,2,7,3,0.0,-0.001754,0.084237,-0.004981,506.29,474.0,502.941,0.0,502,480,0.0,0.084,0.0,0.0,0.084,321.187,185.102,0.0,506.29,25.832,477.109,0.0,502.941
22.420485257986,22080,2,7,3,0.0,-0.001737,0.083384,0.011688,443.703,462.0,453.661,0.0,453,462,0.0,0.083,0.0,0.0,0.083,258.105,185.597,0.0,443.703,-14.637,468.298,0.0,453.661
22.420485257986,22085,2,7,3,0.0,-0.001698,0.081504,0.013432,430.86,462.0,425.948,0.0,425,462,0.0,0.081,0.0,0.0,0.081,245.058,185.801,0.0,430.86,-24.911,450.86,0.0,425.948
22.420485257986,22090,2,7,3,0.0,-0.001696,0.081424,-0.004229,494.413,474.0,477.587,0.0,477,493,0.0,0.081,0.0,0.0,0.081,308.355,186.058,0.0,494.413,16.331,461.256,0.0,477.587
22.432229680009186,22096,2,7,3,0.0,-0.001697,0.081499,-0.008353,509.8,493.0,484.063,0.0,484,525,0.0,0.081,0.0,0.0,0.081,323.471,186.329,0.0,509.8,13.44,470.623,0.0,484.063
22.432229680009186,22101,2,7,3,0.0,-0.001713,0.08227,0.017878,418.333,443.0,427.252,0.0,427,443,0.0,0.082,0.0,0.0,0.082,231.811,186.522,0.0,418.333,-19.733,446.985,0.0,427.252
22.443564881919883,22106,2,7,3,0.0,-0.001702,0.081696,0.005246,461.97,462.0,448.543,0.0,448,449,0.0,0.081,0.0,0.0,0.081,275.218,186.751,0.0,461.97,-0.023,448.567,0.0,448.543
22.443564881919883,22111,2,7,3,0.0,-0.001737,0.083389,0.008363,457.07,449.0,454.411,0.0,454,462,0.0,0.083,0.0,0.0,0.083,270.094,186.976,0.0,457.07,6.456,447.954,0.0,454.411
22.455379247898236,22116,2,7,3,0.0,-0.001776,0.085262,-0.025838,587.273,515.0,546.242,0.0,546,528,0.0,0.085,0.0,0.0,0.085,399.963,187.309,0.0,587.273,57.818,488.424,0.0,546.242
22.455379247898236,22121,2,7,3,0.0,-0.001776,0.085266,-0.025764,587.355,542.0,548.896,0.0,548,560,0.0,0.085,0.0,0.0,0.085,399.712,187.643,0.0,587.355,36.284,512.612,0.0,548.896
22.455379247898236,22126,2,7,3,0.0,-0.001726,0.082857,0.002984,475.426,493.0,478.316,0.0,478,493,0.0,0.082,0.0,0.0,0.082,287.543,187.882,0.0,475.426,-14.059,492.375,0.0,478.316
22.468015482998453,22131,2,7,3,0.0,-0.001673,0.080336,0.020438,403.693,443.0,429.308,0.0,429,449,0.0,0.08,0.0,0.0,0.08,215.631,188.062,0.0,403.693,-31.445,460.753,0.0,429.308
22.468015482998453,22136,2,7,3,0.0,-0.001662,0.079802,0.00056,473.573,484.0,456.094,0.0,456,474,0.0,0.079,0.0,0.0,0.079,285.273,188.3,0.0,473.573,-8.341,464.435,0.0,456.094
22.479290278977714,22141,2,7,3,0.0,-0.001761,0.084569,-0.002751,502.916,493.0,476.226,0.0,476,462,0.0,0.084,0.0,0.0,0.084,314.354,188.562,0.0,502.916,7.933,468.293,0.0,476.226
22.479290278977714,22146,2,7,3,0.0,-0.001802,0.086532,0.00881,468.595,493.0,445.664,0.0,445,474,0.0,0.086,0.0,0.0,0.086,279.799,188.795,0.0,468.595,-19.523,465.188,0.0,445.664
22.490893485955894,22151,2,7,3,0.0,-0.00184,0.088326,0.004929,489.263,480.0,476.68,0.0,476,462,0.0,0.088,0.0,0.0,0.088,300.227,189.035,0.0,489.263,7.41,469.269,0.0,476.68
22.490893485955894,22156,2,7,3,0.0,-0.001806,0.086716,0.007108,475.865,462.0,481.545,0.0,481,462,0.0,0.086,0.0,0.0,0.086,286.59,189.274,0.0,475.865,11.092,470.453,0.0,481.545
22.490893485955894,22161,2,7,3,0.0,-0.001769,0.084936,0.019585,424.733,462.0,423.245,0.0,423,443,0.0,0.084,0.0,0.0,0.084,235.263,189.47,0.0,424.733,-29.812,453.058,0.0,423.245
22.502674642950296,22170,2,7,3,0.0,-0.001751,0.08405,-0.008129,521.774,480.0,483.476,0.0,483,525,0.0,0.084,0.0,0.0,0.084,331.847,189.926,0.0,521.774,33.419,450.056,0.0,483.476
22.513674682937562,22175,2,7,3,0.0,-0.001814,0.0871,-0.013875,553.741,510.0,508.451,0.0,508,497,0.0,0.087,0.0,0.0,0.087,363.511,190.229,0.0,553.741,34.993,473.458,0.0,508.451
22.513674682937562,22180,2,7,3,0.0,-0.001822,0.0875,-0.007516,532.577,480.0,527.739,0.0,527,525,0.0,0.087,0.0,0.0,0.087,342.062,190.514,0.0,532.577,42.061,485.678,0.0,527.739
22.52578858099878,22186,2,7,3,0.0,-0.001781,0.085522,0.010701,460.092,474.0,456.944,0.0,456,480,0.0,0.085,0.0,0.0,0.085,269.352,190.74,0.0,460.092,-11.125,468.069,0.0,456.944
22.52578858099878,22191,2,7,3,0.0,-0.001637,0.078622,0.030555,363.924,426.0,376.171,0.0,376,426,0.0,0.078,0.0,0.0,0.078,173.039,190.884,0.0,363.924,-49.66,425.832,0.0,376.171
22.52578858099878,22196,2,7,3,0.0,-0.001638,0.078649,-0.004932,492.03,474.0,456.786,0.0,456,462,0.0,0.078,0.0,0.0,0.078,300.895,191.135,0.0,492.03,14.424,442.362,0.0,456.786
22.53746839496307,22201,2,7,3,0.0,-0.001757,0.084359,-0.030181,603.826,545.0,534.854,0.0,534,525,0.0,0.084,0.0,0.0,0.084,412.347,191.478,0.0,603.826,47.06,487.793,0.0,534.854
22.53746839496307,22206,2,7,3,0.0,-0.001751,0.084074,0.020599,420.178,467.0,418.896,0.0,418,443,0.0,0.084,0.0,0.0,0.084,228.509,191.669,0.0,420.178,-37.457,456.354,0.0,418.896
22.549033731920645,22211,2,7,3,0.0,-0.001677,0.080519,0.023305,397.811,430.0,411.295,0.0,411,430,0.0,0.08,0.0,0.0,0.08,205.971,191.84,0.0,397.811,-25.75,437.046,0.0,411.295
22.549033731920645,22216,2,7,3,0.0,-0.001637,0.078588,0.002594,465.647,462.0,444.412,0.0,444,443,0.0,0.078,0.0,0.0,0.078,273.578,192.068,0.0,465.647,2.918,441.494,0.0,444.412
22.560453642974608,22221,2,7,3,0.0,-0.001651,0.079292,0.010538,439.789,462.0,417.96,0.0,417,443,0.0,0.079,0.0,0.0,0.079,247.514,192.275,0.0,439.789,-17.768,435.728,0.0,417.96
22.560453642974608,22226,2,7,3,0.0,-0.001675,0.080431,-0.00694,507.075,474.0,484.409,0.0,484,493,0.0,0.08,0.0,0.0,0.08,314.538,192.537,0.0,507.075,26.46,457.948,0.0,484.409
22.572149514919147,22231,2,7,3,0.0,-0.001712,0.082222,0.011704,446.614,443.0,447.985,0.0,447,462,0.0,0.082,0.0,0.0,0.082,253.865,192.748,0.0,446.614,2.891,445.094,0.0,447.985
22.572149514919147,22236,2,7,3,0.0,-0.001665,0.07995,0.017485,417.808,430.0,422.129,0.0,422,443,0.0,0.079,0.0,0.0,0.079,224.872,192.936,0.0,417.808,-9.753,431.882,0.0,422.129
22.572149514919147,22241,2,7,3,0.0,-0.00161,0.077283,0.015671,414.915,443.0,401.967,0.0,401,462,0.0,0.077,0.0,0.0,0.077,221.801,193.113,0.0,414.915,-22.467,424.434,0.0,401.967
22.584136442979798,22246,2,7,3,0.0,-0.001632,0.078345,-0.00023,476.223,474.0,437.724,0.0,437,507,0.0,0.078,0.0,0.0,0.078,282.873,193.349,0.0,476.223,1.778,435.945,0.0,437.724
22.584136442979798,22251,2,7,3,0.0,-0.001666,0.08001,-0.018373,547.826,525.0,479.376,0.0,479,493,0.0,0.08,0.0,0.0,0.08,354.181,193.644,0.0,547.826,18.261,461.115,0.0,479.376
22.595507783000357,22260,2,7,3,0.0,-0.001631,0.078301,0.021133,399.858,443.0,395.201,0.0,395,443,0.0,0.078,0.0,0.0,0.078,205.804,194.054,0.0,399.858,-34.512,429.714,0.0,395.201
22.595507783000357,22265,2,7,3,0.0,-0.001587,0.076223,0.013686,419.374,443.0,405.082,0.0,405,430,0.0,0.076,0.0,0.0,0.076,225.132,194.241,0.0,419.374,-18.9,423.983,0.0,405.082
22.607250913977623,22270,2,7,3,0.0,-0.001604,0.076992,0.011881,428.834,413.0,434.498,0.0,434,449,0.0,0.076,0.0,0.0,0.076,234.397,194.437,0.0,428.834,12.667,421.831,0.0,434.498
22.607250913977623,22276,2,7,3,0.0,-0.001717,0.082445,-0.02152,569.027,525.0,495.527,0.0,495,525,0.0,0.082,0.0,0.0,0.082,374.277,194.75,0.0,569.027,35.222,460.305,0.0,495.527
22.619543624925427,22281,2,7,3,0.0,-0.001727,0.082899,0.011631,451.528,449.0,450.103,0.0,450,462,0.0,0.082,0.0,0.0,0.082,256.564,194.964,0.0,451.528,2.023,448.08,0.0,450.103
22.619543624925427,22286,2,7,3,0.0,-0.001657,0.07956,0.020274,408.572,443.0,404.391,0.0,404,456,0.0,0.079,0.0,0.0,0.079,213.43,195.141,0.0,408.572,-27.542,431.933,0.0,404.391
22.631181772914715,22291,2,7,3,0.0,-0.001609,0.077278,0.005162,454.974,462.0,427.616,0.0,427,443,0.0,0.077,0.0,0.0,0.077,259.616,195.358,0.0,454.974,-5.62,433.237,0.0,427.616
22.631181772914715,22296,2,7,3,0.0,-0.001628,0.078187,-0.00482,494.437,443.0,493.088,0.0,493,497,0.0,0.078,0.0,0.0,0.078,298.83,195.607,0.0,494.437,41.15,451.938,0.0,493.088
22.631181772914715,22301,2,7,3,0.0,-0.001663,0.079835,0.000835,480.243,462.0,468.449,0.0,468,462,0.0,0.079,0.0,0.0,0.079,284.399,195.844,0.0,480.243,14.594,453.854,0.0,468.449
22.643793760915287,22306,2,7,3,0.0,-0.001712,0.082212,0.018101,426.835,430.0,437.042,0.0,437,474,0.0,0.082,0.0,0.0,0.082,230.799,196.036,0.0,426.835,-2.531,439.574,0.0,437.042
22.643793760915287,22311,2,7,3,0.0,-0.001691,0.081185,-0.024042,575.174,542.0,502.585,0.0,502,528,0.0,0.081,0.0,0.0,0.081,378.822,196.352,0.0,575.174,26.539,476.046,0.0,502.585
22.65548706392292,22316,2,7,3,0.0,-0.001664,0.079873,0.012531,438.987,467.0,434.554,0.0,434,493,0.0,0.079,0.0,0.0,0.079,242.433,196.554,0.0,438.987,-22.409,456.964,0.0,434.554
22.65548706392292,22321,2,7,3,0.0,-0.001654,0.079431,-0.005171,501.379,493.0,470.379,0.0,470,462,0.0,0.079,0.0,0.0,0.079,304.571,196.808,0.0,501.379,6.703,463.675,0.0,470.379
22.667729706969112,22326,2,7,3,0.0,-0.001682,0.080745,0.003243,476.049,474.0,466.235,0.0,466,497,0.0,0.08,0.0,0.0,0.08,279.008,197.04,0.0,476.049,1.639,464.595,0.0,466.235
22.667729706969112,22331,2,7,3,0.0,-0.001742,0.083625,-0.018509,565.02,542.0,511.239,0.0,511,528,0.0,0.083,0.0,0.0,0.083,367.684,197.335,0.0,565.02,18.416,492.823,0.0,511.239
22.667729706969112,22336,2,7,3,0.0,-0.001761,0.084528,-0.013238,549.589,515.0,533.064,0.0,533,525,0.0,0.084,0.0,0.0,0.084,351.96,197.628,0.0,549.589,27.671,505.392,0.0,533.064
22.679686332005076,22341,2,7,3,0.0,-0.001763,0.08466,-0.0011,506.624,525.0,486.718,0.0,486,497,0.0,0.084,0.0,0.0,0.084,308.737,197.886,0.0,506.624,-14.7,501.418,0.0,486.718
22.691362447920255,22350,2,7,3,0.0,-0.001704,0.081832,0.012617,447.518,462.0,471.397,0.0,471,480,0.0,0.081,0.0,0.0,0.081,249.175,198.342,0.0,447.518,-11.585,482.982,0.0,471.397
22.691362447920255,22355,2,7,3,0.0,-0.001741,0.083588,-0.000229,500.338,493.0,490.184,0.0,490,497,0.0,0.083,0.0,0.0,0.083,301.744,198.593,0.0,500.338,5.87,484.313,0.0,490.184
22.691362447920255,22360,2,7,3,0.0,-0.001783,0.085587,0.007906,478.477,515.0,451.02,0.0,451,510,0.0,0.085,0.0,0.0,0.085,279.651,198.826,0.0,478.477,-29.217,480.237,0.0,451.02
22.703094471944496,22366,2,7,3,0.0,-0.001813,0.087048,-0.005025,530.569,525.0,496.859,0.0,496,528,0.0,0.087,0.0,0.0,0.087,331.465,199.104,0.0,530.569,4.455,492.403,0.0,496.859
22.703094471944496,22371,2,7,3,0.0,-0.001762,0.084622,-0.005824,524.984,510.0,511.38,0.0,511,510,0.0,0.084,0.0,0.0,0.084,325.609,199.375,0.0,524.984,11.987,499.392,0.0,511.38
22.71483194991015,22376,2,7,3,0.0,-0.00168,0.08066,0.014773,436.765,462.0,455.713,0.0,455,474,0.0,0.08,0.0,0.0,0.08,237.192,199.573,0.0,436.765,-20.187,475.901,0.0,455.713
22.71483194991015,22381,2,7,3,0.0,-0.001666,0.079991,0.014075,437.067,474.0,432.733,0.0,432,462,0.0,0.079,0.0,0.0,0.079,237.296,199.77,0.0,437.067,-29.545,462.279,0.0,432.733
22.726613865001127,22386,2,7,3,0.0,-0.001695,0.081396,-0.014026,543.579,510.0,513.896,0.0,513,497,0.0,0.081,0.0,0.0,0.081,343.521,200.057,0.0,543.579,26.863,487.033,0.0,513.896
22.726613865001127,22391,2,7,3,0.0,-0.001754,0.084203,-0.011411,544.556,510.0,528.279,0.0,528,507,0.0,0.084,0.0,0.0,0.084,344.212,200.344,0.0,544.556,27.644,500.634,0.0,528.279
22.726613865001127,22396,2,7,3,0.0,-0.001744,0.083733,0.015862,444.881,462.0,467.94,0.0,467,497,0.0,0.083,0.0,0.0,0.083,244.334,200.547,0.0,444.881,-13.694,481.635,0.0,467.94
22.73848353291396,22401,2,7,3,0.0,-0.001678,0.080578,0.01953,420.5,456.0,432.939,0.0,432,493,0.0,0.08,0.0,0.0,0.08,219.77,200.73,0.0,420.5,-28.399,461.338,0.0,432.939
22.73848353291396,22406,2,7,3,0.0,-0.001696,0.081452,-0.004159,509.191,510.0,472.494,0.0,472,510,0.0,0.081,0.0,0.0,0.081,308.203,200.987,0.0,509.191,-0.646,473.141,0.0,472.494
22.748010238981806,22411,2,7,3,0.0,-0.001689,0.081111,-0.007152,519.003,507.0,491.72,0.0,491,528,0.0,0.081,0.0,0.0,0.081,317.75,201.252,0.0,519.003,9.602,482.117,0.0,491.72
22.748010238981806,22416,2,7,3,0.0,-0.001693,0.081295,0.021878,415.333,449.0,422.001,0.0,422,456,0.0,0.081,0.0,0.0,0.081,213.902,201.43,0.0,415.333,-26.933,448.935,0.0,422.001
22.76099996699486,22421,2,7,3,0.0,-0.001671,0.080232,0.010687,451.99,443.0,452.88,0.0,452,462,0.0,0.08,0.0,0.0,0.08,250.359,201.631,0.0,451.99,7.192,445.688,0.0,452.88
22.76099996699486,22426,2,7,3,0.0,-0.001673,0.080347,0.005274,472.121,493.0,430.25,0.0,430,462,0.0,0.08,0.0,0.0,0.08,270.264,201.856,0.0,472.121,-16.703,446.953,0.0,430.25
22.76099996699486,22431,2,7,3,0.0,-0.001679,0.080609,0.016132,434.166,430.0,438.844,0.0,438,443,0.0,0.08,0.0,0.0,0.08,232.116,202.05,0.0,434.166,3.333,435.511,0.0,438.844
22.77369214000646,22440,2,7,3,0.0,-0.001672,0.08026,0.004651,474.687,474.0,437.825,0.0,437,462,0.0,0.08,0.0,0.0,0.08,272.193,202.494,0.0,474.687,0.55,437.275,0.0,437.825
22.78500712895766,22445,2,7,3,0.0,-0.001653,0.079347,0.012319,443.997,462.0,416.146,0.0,416,426,0.0,0.079,0.0,0.0,0.079,241.301,202.695,0.0,443.997,-14.402,430.548,0.0,416.146
22.78500712895766,22450,2,7,3,0.0,-0.001652,0.079312,-0.005681,508.929,493.0,460.521,0.0,460,497,0.0,0.079,0.0,0.0,0.079,305.978,202.95,0.0,508.929,12.743,447.778,0.0,460.521
22.795574390911497,22456,2,7,3,0.0,-0.001696,0.081438,0.012827,450.157,462.0,430.786,0.0,430,462,0.0,0.081,0.0,0.0,0.081,247.0,203.157,0.0,450.157,-9.474,440.26,0.0,430.786
22.795574390911497,22461,2,7,3,0.0,-0.001674,0.080362,0.006134,470.602,467.0,446.898,0.0,446,474,0.0,0.08,0.0,0.0,0.08,267.222,203.379,0.0,470.602,2.881,444.017,0.0,446.898
22.795574390911497,22466,2,7,3,0.0,-0.001648,0.079118,-0.002644,497.974,510.0,442.987,0.0,442,480,0.0,0.079,0.0,0.0,0.079,294.348,203.625,0.0,497.974,-9.62,452.608,0.0,442.987
22.808581618010066,22471,2,7,3,0.0,-0.001666,0.079983,0.005131,473.319,493.0,432.883,0.0,432,462,0.0,0.079,0.0,0.0,0.079,269.469,203.849,0.0,473.319,-15.744,448.628,0.0,432.883
22.808581618010066,22476,2,7,3,0.0,-0.001649,0.079186,-0.006964,514.249,510.0,469.238,0.0,469,507,0.0,0.079,0.0,0.0,0.079,310.141,204.108,0.0,514.249,3.399,465.839,0.0,469.238
22.819827514933422,22481,2,7,3,0.0,-0.001661,0.079767,-0.013938,541.731,493.0,524.826,0.0,524,515,0.0,0.079,0.0,0.0,0.079,337.342,204.389,0.0,541.731,38.985,485.84,0.0,524.826
22.819827514933422,22486,2,7,3,0.0,-0.001693,0.081266,0.010774,458.371,480.0,453.382,0.0,453,480,0.0,0.081,0.0,0.0,0.081,253.77,204.6,0.0,458.371,-17.302,470.685,0.0,453.382
22.831132169929333,22491,2,7,3,0.0,-0.001709,0.082068,-0.017204,562.281,555.0,502.508,0.0,502,545,0.0,0.082,0.0,0.0,0.082,357.382,204.898,0.0,562.281,5.825,496.683,0.0,502.508
22.831132169929333,22496,2,7,3,0.0,-0.00169,0.081146,0.002604,487.887,480.0,494.604,0.0,494,493,0.0,0.081,0.0,0.0,0.081,282.753,205.134,0.0,487.887,6.309,488.294,0.0,494.604
22.831132169929333,22501,2,7,3,0.0,-0.001648,0.079122,0.015842,433.132,462.0,446.106,0.0,446,507,0.0,0.079,0.0,0.0,0.079,227.808,205.323,0.0,433.132,-23.093,469.2,0.0,446.106
22.842700890963897,22506,2,7,3,0.0,-0.001658,0.079591,-0.014522,544.417,542.0,487.641,0.0,487,542,0.0,0.079,0.0,0.0,0.079,338.811,205.606,0.0,544.417,1.933,485.707,0.0,487.641
22.842700890963897,22511,2,7,3,0.0,-0.001697,0.081468,-0.009866,534.676,510.0,516.43,0.0,516,528,0.0,0.081,0.0,0.0,0.081,328.806,205.869,0.0,534.676,19.741,496.689,0.0,516.43
22.853928616968915,22516,2,7,3,0.0,-0.001697,0.0815,-0.001126,503.577,493.0,501.126,0.0,501,528,0.0,0.081,0.0,0.0,0.081,297.459,206.117,0.0,503.577,8.461,492.664,0.0,501.126
22.853928616968915,22521,2,7,3,0.0,-0.001682,0.080777,-0.009799,532.466,510.0,517.399,0.0,517,542,0.0,0.08,0.0,0.0,0.08,326.076,206.389,0.0,532.466,17.972,499.426,0.0,517.399
22.86509669094812,22530,2,7,3,0.0,-0.001627,0.078117,0.015434,432.489,462.0,448.109,0.0,448,474,0.0,0.078,0.0,0.0,0.078,225.658,206.83,0.0,432.489,-23.608,471.717,0.0,448.109
22.876846905914135,22535,2,7,3,0.0,-0.001613,0.077432,-0.007686,513.516,480.0,511.407,0.0,511,497,0.0,0.077,0.0,0.0,0.077,306.43,207.086,0.0,513.516,26.813,484.594,0.0,511.407
22.876846905914135,22540,2,7,3,0.0,-0.001677,0.080538,-0.018094,562.462,528.0,537.39,0.0,537,525,0.0,0.08,0.0,0.0,0.08,355.08,207.381,0.0,562.462,27.57,509.819,0.0,537.39
22.876846905914135,22546,2,7,3,0.0,-0.001662,0.079789,-0.005333,514.083,510.0,509.936,0.0,509,528,0.0,0.079,0.0,0.0,0.079,306.445,207.638,0.0,514.083,3.266,506.669,0.0,509.936
22.888961961958557,22551,2,7,3,0.0,-0.001606,0.077095,0.009524,451.094,497.0,447.036,0.0,447,480,0.0,0.077,0.0,0.0,0.077,243.253,207.84,0.0,451.094,-36.724,483.76,0.0,447.036
22.888961961958557,22556,2,7,3,0.0,-0.001563,0.075029,-0.002575,487.45,510.0,463.774,0.0,463,480,0.0,0.075,0.0,0.0,0.075,279.376,208.073,0.0,487.45,-18.039,481.813,0.0,463.774
22.900245944969356,22561,2,7,3,0.0,-0.001551,0.074488,0.00461,459.844,474.0,460.384,0.0,460,462,0.0,0.074,0.0,0.0,0.074,251.561,208.283,0.0,459.844,-11.324,471.708,0.0,460.384
22.900245944969356,22566,2,7,3,0.0,-0.001611,0.077374,-0.000312,488.191,497.0,470.039,0.0,470,480,0.0,0.077,0.0,0.0,0.077,279.674,208.516,0.0,488.191,-7.047,477.086,0.0,470.039
22.912066174903885,22571,2,7,3,0.0,-0.001653,0.079389,-0.024774,583.82,510.0,571.502,0.0,571,545,0.0,0.079,0.0,0.0,0.079,374.991,208.828,0.0,583.82,59.056,512.445,0.0,571.502
22.912066174903885,22576,2,7,3,0.0,-0.001613,0.077465,0.016089,429.968,462.0,454.466,0.0,454,462,0.0,0.077,0.0,0.0,0.077,220.955,209.013,0.0,429.968,-25.625,480.092,0.0,454.466
22.912066174903885,22581,2,7,3,0.0,-0.001547,0.074281,0.014729,423.576,474.0,421.96,0.0,421,462,0.0,0.074,0.0,0.0,0.074,214.384,209.191,0.0,423.576,-40.338,462.299,0.0,421.96
22.923857962945476,22586,2,7,3,0.0,-0.001567,0.075224,-0.010034,516.379,480.0,510.062,0.0,510,510,0.0,0.075,0.0,0.0,0.075,306.932,209.447,0.0,516.379,29.103,480.958,0.0,510.062
22.923857962945476,22591,2,7,3,0.0,-0.001648,0.079133,-0.006802,519.074,497.0,507.703,0.0,507,474,0.0,0.079,0.0,0.0,0.079,309.369,209.705,0.0,519.074,17.659,490.044,0.0,507.703
22.935048306942917,22596,2,7,3,0.0,-0.001677,0.080527,-0.013203,547.415,510.0,539.248,0.0,539,510,0.0,0.08,0.0,0.0,0.08,337.428,209.986,0.0,547.415,29.932,509.315,0.0,539.248
22.935048306942917,22601,2,7,3,0.0,-0.001632,0.07835,0.023182,408.747,443.0,442.341,0.0,442,430,0.0,0.078,0.0,0.0,0.078,198.601,210.145,0.0,408.747,-27.401,469.743,0.0,442.341
22.947023872984573,22606,2,7,3,0.0,-0.001575,0.075608,0.014395,430.696,443.0,451.181,0.0,451,480,0.0,0.075,0.0,0.0,0.075,220.367,210.329,0.0,430.696,-9.842,461.024,0.0,451.181
22.947023872984573,22611,2,7,3,0.0,-0.001567,0.075249,0.001907,474.578,480.0,459.718,0.0,459,449,0.0,0.075,0.0,0.0,0.075,264.029,210.549,0.0,474.578,-4.337,464.055,0.0,459.718
22.958221224951558,22620,2,7,3,0.0,-0.001602,0.076896,0.009025,455.334,462.0,456.073,0.0,456,462,0.0,0.076,0.0,0.0,0.076,244.335,210.998,0.0,455.334,-5.332,461.405,0.0,456.073
22.958221224951558,22625,2,7,3,0.0,-0.001569,0.075324,0.035746,353.597,413.0,376.585,0.0,376,443,0.0,0.075,0.0,0.0,0.075,142.479,211.117,0.0,353.597,-47.522,424.107,0.0,376.585
22.969382265931927,22630,2,7,3,0.0,-0.001588,0.076245,0.005589,465.689,474.0,429.603,0.0,429,462,0.0,0.076,0.0,0.0,0.076,254.359,211.329,0.0,465.689,-6.648,436.251,0.0,429.603
22.969382265931927,22636,2,7,3,0.0,-0.001569,0.075353,0.007321,456.45,443.0,450.504,0.0,450,462,0.0,0.075,0.0,0.0,0.075,244.916,211.534,0.0,456.45,10.76,439.744,0.0,450.504
22.980428762966767,22641,2,7,3,0.0,-0.001594,0.076517,-0.001165,491.424,467.0,470.847,0.0,470,480,0.0,0.076,0.0,0.0,0.076,279.657,211.767,0.0,491.424,19.539,451.307,0.0,470.847
22.980428762966767,22646,2,7,3,0.0,-0.001559,0.074868,6.3e-05,481.289,497.0,441.577,0.0,441,462,0.0,0.074,0.0,0.0,0.074,269.297,211.991,0.0,481.289,-12.568,454.146,0.0,441.577
22.980428762966767,22651,2,7,3,0.0,-0.001541,0.074006,0.005732,457.98,474.0,439.136,0.0,439,462,0.0,0.074,0.0,0.0,0.074,245.783,212.196,0.0,457.98,-12.815,451.951,0.0,439.136
22.992674317909405,22656,2,7,3,0.0,-0.001547,0.074263,-0.011034,519.526,480.0,502.814,0.0,502,493,0.0,0.074,0.0,0.0,0.074,307.074,212.452,0.0,519.526,31.621,471.192,0.0,502.814
22.992674317909405,22661,2,7,3,0.0,-0.001569,0.075328,0.002527,474.754,480.0,458.006,0.0,458,474,0.0,0.075,0.0,0.0,0.075,262.082,212.671,0.0,474.754,-4.196,462.203,0.0,458.006
23.0037710579345,22666,2,7,3,0.0,-0.001626,0.078079,0.001486,488.637,474.0,479.934,0.0,479,497,0.0,0.078,0.0,0.0,0.078,275.736,212.9,0.0,488.637,11.71,468.224,0.0,479.934
23.0037710579345,22671,2,7,3,0.0,-0.001618,0.077678,0.003243,481.09,474.0,473.083,0.0,473,443,0.0,0.077,0.0,0.0,0.077,267.966,213.124,0.0,481.09,5.672,467.411,0.0,473.083
23.01474833895918,22676,2,7,3,0.0,-0.001646,0.079016,0.017325,435.396,430.0,461.553,0.0,461,430,0.0,0.079,0.0,0.0,0.079,222.086,213.309,0.0,435.396,4.316,457.236,0.0,461.553
23.01474833895918,22681,2,7,3,0.0,-0.001648,0.079127,-0.00122,502.804,493.0,482.589,0.0,482,493,0.0,0.079,0.0,0.0,0.079,289.254,213.55,0.0,502.804,7.843,474.746,0.0,482.589
23.025921605993062,22686,2,7,3,0.0,-0.001631,0.07829,0.000653,493.276,480.0,486.701,0.0,486,497,0.0,0.078,0.0,0.0,0.078,279.493,213.783,0.0,493.276,10.621,476.08,0.0,486.701
23.025921605993062,22691,2,7,3,0.0,-0.001613,0.07744,0.011493,451.381,474.0,443.285,0.0,443,456,0.0,0.077,0.0,0.0,0.077,237.407,213.973,0.0,451.381,-18.095,461.38,0.0,443.285
23.025921605993062,22696,2,7,3,0.0,-0.001637,0.078619,-0.006679,521.308,497.0,500.323,0.0,500,480,0.0,0.078,0.0,0.0,0.078,307.079,214.229,0.0,521.308,19.446,480.876,0.0,500.323
23.038095595897175,22701,2,7,3,0.0,-0.001634,0.078478,0.001897,490.151,492.0,476.169,0.0,476,474,0.0,0.078,0.0,0.0,0.078,275.691,214.459,0.0,490.151,-1.479,477.648,0.0,476.169
23.038095595897175,22706,2,7,3,0.0,-0.001621,0.07783,-0.00375,508.396,480.0,511.534,0.0,511,510,0.0,0.077,0.0,0.0,0.077,293.692,214.703,0.0,508.396,22.717,488.817,0.0,511.534
23.04989444592502,22715,2,7,3,0.0,-0.001618,0.077672,-0.012563,540.072,528.0,511.625,0.0,511,528,0.0,0.077,0.0,0.0,0.077,324.851,215.22,0.0,540.072,9.657,501.967,0.0,511.625
23.061884057009593,22720,2,7,3,0.0,-0.001631,0.078314,-0.001765,503.748,510.0,497.18,0.0,497,510,0.0,0.078,0.0,0.0,0.078,288.287,215.46,0.0,503.748,-5.001,502.181,0.0,497.18
23.061884057009593,22726,2,7,3,0.0,-0.001608,0.077192,0.007791,465.513,480.0,475.92,0.0,475,493,0.0,0.077,0.0,0.0,0.077,249.844,215.669,0.0,465.513,-11.588,487.509,0.0,475.92
23.061884057009593,22731,2,7,3,0.0,-0.001587,0.076209,-0.008566,521.116,510.0,504.452,0.0,504,515,0.0,0.076,0.0,0.0,0.076,305.192,215.924,0.0,521.116,8.892,495.559,0.0,504.452
23.073787575936876,22736,2,7,3,0.0,-0.001644,0.078921,-0.002804,510.385,493.0,511.485,0.0,511,528,0.0,0.078,0.0,0.0,0.078,294.216,216.169,0.0,510.385,13.908,497.577,0.0,511.485
23.073787575936876,22741,2,7,3,0.0,-0.001633,0.078418,0.028032,397.708,426.0,437.58,0.0,437,443,0.0,0.078,0.0,0.0,0.078,181.388,216.32,0.0,397.708,-22.633,460.213,0.0,437.58
23.08501171891112,22746,2,7,3,0.0,-0.001638,0.078641,0.008061,470.621,480.0,454.729,0.0,454,462,0.0,0.078,0.0,0.0,0.078,254.088,216.532,0.0,470.621,-7.503,462.232,0.0,454.729
23.08501171891112,22751,2,7,3,0.0,-0.001683,0.08083,-0.016254,566.33,528.0,520.768,0.0,520,560,0.0,0.08,0.0,0.0,0.08,349.507,216.823,0.0,566.33,30.664,490.103,0.0,520.768
23.096987484954298,22756,2,7,3,0.0,-0.001695,0.081405,-0.012078,553.644,528.0,523.44,0.0,523,542,0.0,0.081,0.0,0.0,0.081,336.54,217.103,0.0,553.644,20.515,502.924,0.0,523.44
23.096987484954298,22761,2,7,3,0.0,-0.001684,0.080872,0.005551,488.485,497.0,483.956,0.0,483,493,0.0,0.08,0.0,0.0,0.08,271.155,217.329,0.0,488.485,-6.811,490.767,0.0,483.956
23.096987484954298,22766,2,7,3,0.0,-0.00163,0.078263,0.016751,438.956,462.0,453.486,0.0,453,462,0.0,0.078,0.0,0.0,0.078,221.441,217.514,0.0,438.956,-18.435,471.921,0.0,453.486
23.108860416919924,22771,2,7,3,0.0,-0.00161,0.077297,-0.006303,518.727,532.0,472.893,0.0,472,480,0.0,0.077,0.0,0.0,0.077,300.962,217.765,0.0,518.727,-10.618,483.511,0.0,472.893
23.108860416919924,22776,2,7,3,0.0,-0.001671,0.08021,-0.023112,590.039,545.0,552.61,0.0,552,572,0.0,0.08,0.0,0.0,0.08,371.964,218.075,0.0,590.039,36.031,516.579,0.0,552.61
23.120118220918812,22781,2,7,3,0.0,-0.001695,0.081368,-0.006035,532.983,545.0,506.249,0.0,506,510,0.0,0.081,0.0,0.0,0.081,314.656,218.327,0.0,532.983,-9.612,515.862,0.0,506.249
23.120118220918812,22786,2,7,3,0.0,-0.001677,0.080505,0.008714,476.989,497.0,486.632,0.0,486,480,0.0,0.08,0.0,0.0,0.08,258.446,218.542,0.0,476.989,-16.008,502.64,0.0,486.632
23.1319383289665,22791,2,7,3,0.0,-0.001625,0.078003,0.024921,409.796,462.0,427.838,0.0,427,430,0.0,0.078,0.0,0.0,0.078,191.094,218.702,0.0,409.796,-41.762,469.601,0.0,427.838
23.1319383289665,22796,2,7,3,0.0,-0.001605,0.077074,0.000683,493.936,510.0,461.883,0.0,461,480,0.0,0.077,0.0,0.0,0.077,275.004,218.931,0.0,493.936,-12.851,474.734,0.0,461.883
23.143268020940013,22805,2,7,3,0.0,-0.001658,0.079613,0.003002,495.146,510.0,452.004,0.0,452,480,0.0,0.079,0.0,0.0,0.079,275.797,219.349,0.0,495.146,-11.882,463.887,0.0,452.004
23.143268020940013,22810,2,7,3,0.0,-0.001665,0.079928,0.001149,503.188,510.0,464.755,0.0,464,493,0.0,0.079,0.0,0.0,0.079,283.602,219.585,0.0,503.188,-5.449,470.205,0.0,464.755
23.154519242001697,22816,2,7,3,0.0,-0.001639,0.078709,0.016149,444.991,474.0,430.97,0.0,430,480,0.0,0.078,0.0,0.0,0.078,225.217,219.774,0.0,444.991,-23.206,454.177,0.0,430.97
23.154519242001697,22821,2,7,3,0.0,-0.001631,0.078295,-0.025394,593.369,542.0,534.17,0.0,534,528,0.0,0.078,0.0,0.0,0.078,373.284,220.085,0.0,593.369,41.095,493.074,0.0,534.17
23.16728643490933,22826,2,7,3,0.0,-0.001621,0.077815,-0.025511,592.372,528.0,573.638,0.0,573,578,0.0,0.077,0.0,0.0,0.077,371.977,220.395,0.0,592.372,51.497,522.14,0.0,573.638
23.16728643490933,22831,2,7,3,0.0,-0.00157,0.075405,0.006306,469.358,480.0,489.39,0.0,489,493,0.0,0.075,0.0,0.0,0.075,248.755,220.602,0.0,469.358,-8.513,497.903,0.0,489.39
23.16728643490933,22836,2,7,3,0.0,-0.001537,0.073784,0.025639,394.065,430.0,434.608,0.0,434,462,0.0,0.073,0.0,0.0,0.073,173.319,220.746,0.0,394.065,-28.747,463.355,0.0,434.608
23.179091527010314,22841,2,7,3,0.0,-0.001546,0.074231,-0.027623,587.732,545.0,537.628,0.0,537,545,0.0,0.074,0.0,0.0,0.074,366.679,221.052,0.0,587.732,34.185,503.443,0.0,537.628
23.179091527010314,22846,2,7,3,0.0,-0.001573,0.075525,-0.01132,533.96,510.0,527.914,0.0,527,542,0.0,0.075,0.0,0.0,0.075,312.647,221.312,0.0,533.96,19.168,508.745,0.0,527.914
23.19038473290857,22851,2,7,3,0.0,-0.001555,0.074679,0.004106,475.587,480.0,489.853,0.0,489,480,0.0,0.074,0.0,0.0,0.074,254.063,221.524,0.0,475.587,-3.529,493.383,0.0,489.853
23.19038473290857,22856,2,7,3,0.0,-0.001479,0.071018,0.013114,430.151,462.0,445.773,0.0,445,480,0.0,0.071,0.0,0.0,0.071,208.453,221.698,0.0,430.151,-25.478,471.251,0.0,445.773
23.19038473290857,22861,2,7,3,0.0,-0.001455,0.06988,-0.008716,504.886,474.0,503.909,0.0,503,510,0.0,0.069,0.0,0.0,0.069,282.952,221.934,0.0,504.886,24.709,479.2,0.0,503.909
23.20248585997615,22866,2,7,3,0.0,-0.001431,0.068715,-0.003416,481.826,480.0,480.368,0.0,480,510,0.0,0.068,0.0,0.0,0.068,259.675,222.15,0.0,481.826,1.46,478.907,0.0,480.368
23.20248585997615,22871,2,7,3,0.0,-0.001479,0.071025,-0.015266,533.05,525.0,497.582,0.0,497,528,0.0,0.071,0.0,0.0,0.071,310.65,222.399,0.0,533.05,6.44,491.142,0.0,497.582
23.213578611961566,22876,2,7,3,0.0,-0.00151,0.07251,-0.016053,541.494,510.0,529.24,0.0,529,525,0.0,0.072,0.0,0.0,0.072,318.829,222.665,0.0,541.494,25.195,504.044,0.0,529.24
23.213578611961566,22881,2,7,3,0.0,-0.001475,0.070844,-0.004096,492.676,462.0,520.54,0.0,520,493,0.0,0.07,0.0,0.0,0.07,269.786,222.89,0.0,492.676,24.541,495.998,0.0,520.54
23.224895361927338,22886,2,7,3,0.0,-0.001493,0.071696,-0.014799,534.533,528.0,512.7,0.0,512,542,0.0,0.071,0.0,0.0,0.071,311.384,223.149,0.0,534.533,5.227,507.473,0.0,512.7
23.235912394942716,22895,2,7,3,0.0,-0.001424,0.068362,0.000884,466.411,493.0,433.805,0.0,433,462,0.0,0.068,0.0,0.0,0.068,242.92,223.49,0.0,466.411,-21.27,455.075,0.0,433.805
23.235912394942716,22900,2,7,3,0.0,-0.001473,0.070736,-0.003858,492.256,462.0,489.989,0.0,489,497,0.0,0.07,0.0,0.0,0.07,268.542,223.714,0.0,492.256,24.205,465.784,0.0,489.989
23.235912394942716,22906,2,7,3,0.0,-0.001567,0.075225,-0.008266,524.536,507.0,496.743,0.0,496,510,0.0,0.075,0.0,0.0,0.075,300.57,223.966,0.0,524.536,14.029,482.714,0.0,496.743
23.247975629987195,22911,2,7,3,0.0,-0.001534,0.073642,0.009393,455.454,462.0,466.39,0.0,466,462,0.0,0.073,0.0,0.0,0.073,231.296,224.158,0.0,455.454,-5.236,471.626,0.0,466.39
23.247975629987195,22916,2,7,3,0.0,-0.001443,0.069264,0.035223,346.806,395.0,391.334,0.0,391,395,0.0,0.069,0.0,0.0,0.069,122.545,224.26,0.0,346.806,-38.554,429.889,0.0,391.334
23.259774858946912,22921,2,7,3,0.0,-0.001358,0.065196,0.020338,385.883,443.0,366.955,0.0,366,395,0.0,0.065,0.0,0.0,0.065,161.488,224.395,0.0,385.883,-45.692,412.648,0.0,366.955
23.259774858946912,22926,2,7,3,0.0,-0.0014,0.067222,-0.008106,495.805,474.0,450.442,0.0,450,462,0.0,0.067,0.0,0.0,0.067,271.183,224.621,0.0,495.805,17.444,432.998,0.0,450.442
23.272177676903084,22931,2,7,3,0.0,-0.00141,0.067712,-0.003295,480.462,462.0,457.722,0.0,457,480,0.0,0.067,0.0,0.0,0.067,255.628,224.834,0.0,480.462,14.77,442.952,0.0,457.722
23.272177676903084,22936,2,7,3,0.0,-0.001441,0.069191,0.007719,446.319,449.0,433.836,0.0,433,462,0.0,0.069,0.0,0.0,0.069,221.3,225.018,0.0,446.319,-2.144,435.98,0.0,433.836
23.272177676903084,22941,2,7,3,0.0,-0.001393,0.06688,0.019034,397.407,443.0,382.601,0.0,382,430,0.0,0.066,0.0,0.0,0.066,172.245,225.162,0.0,397.407,-36.473,419.075,0.0,382.601
23.28427252091933,22946,2,7,3,0.0,-0.001352,0.06491,0.015165,404.392,400.0,412.376,0.0,412,408,0.0,0.064,0.0,0.0,0.064,179.08,225.311,0.0,404.392,3.514,408.862,0.0,412.376
23.28427252091933,22951,2,7,3,0.0,-0.001351,0.064875,-0.000639,461.36,443.0,439.395,0.0,439,443,0.0,0.064,0.0,0.0,0.064,235.852,225.508,0.0,461.36,14.688,424.707,0.0,439.395
23.296058072010055,22956,2,7,3,0.0,-0.001405,0.067457,-0.030258,577.581,497.0,534.796,0.0,534,525,0.0,0.067,0.0,0.0,0.067,351.779,225.801,0.0,577.581,64.465,470.331,0.0,534.796
23.296058072010055,22961,2,7,3,0.0,-0.00141,0.067705,-0.009836,505.176,493.0,479.277,0.0,479,462,0.0,0.067,0.0,0.0,0.067,279.151,226.025,0.0,505.176,9.741,469.536,0.0,479.277
23.296058072010055,22966,2,7,3,0.0,-0.001352,0.064901,0.012757,413.899,443.0,423.895,0.0,423,462,0.0,0.064,0.0,0.0,0.064,187.717,226.181,0.0,413.899,-23.28,447.175,0.0,423.895
23.307653207913972,22971,2,7,3,0.0,-0.001293,0.062069,0.020047,377.587,395.0,404.805,0.0,404,395,0.0,0.062,0.0,0.0,0.062,151.28,226.307,0.0,377.587,-13.929,418.735,0.0,404.805
23.307653207913972,22976,2,7,3,0.0,-0.001342,0.064449,-0.014968,512.452,474.0,481.129,0.0,481,480,0.0,0.064,0.0,0.0,0.064,285.906,226.546,0.0,512.452,30.761,450.368,0.0,481.129
23.319001228897832,22985,2,7,3,0.0,-0.001406,0.067496,0.003658,456.839,462.0,463.407,0.0,463,493,0.0,0.067,0.0,0.0,0.067,229.819,227.02,0.0,456.839,-4.128,467.535,0.0,463.407
23.330028844997287,22990,2,7,3,0.0,-0.001388,0.06663,-0.000752,469.799,480.0,456.593,0.0,456,480,0.0,0.066,0.0,0.0,0.066,242.577,227.222,0.0,469.799,-8.16,464.753,0.0,456.593
23.330028844997287,22996,2,7,3,0.0,-0.001344,0.064517,0.006919,434.747,480.0,415.265,0.0,415,443,0.0,0.064,0.0,0.0,0.064,207.352,227.395,0.0,434.747,-36.201,451.467,0.0,415.265
23.342217965982854,23001,2,7,3,0.0,-0.001326,0.063676,-0.001291,461.475,474.0,443.387,0.0,443,474,0.0,0.063,0.0,0.0,0.063,233.885,227.59,0.0,461.475,-10.019,453.406,0.0,443.387
23.342217965982854,23006,2,7,3,0.0,-0.001391,0.066808,-0.023212,551.938,507.0,519.248,0.0,519,528,0.0,0.066,0.0,0.0,0.066,324.077,227.86,0.0,551.938,35.95,483.297,0.0,519.248
23.342217965982854,23011,2,7,3,0.0,-0.00137,0.065776,0.011476,423.506,426.0,455.442,0.0,455,443,0.0,0.065,0.0,0.0,0.065,195.483,228.023,0.0,423.506,-1.994,457.437,0.0,455.442
23.354230560013093,23016,2,7,3,0.0,-0.001384,0.066472,0.017919,402.961,413.0,430.448,0.0,430,430,0.0,0.066,0.0,0.0,0.066,174.791,228.169,0.0,402.961,-8.031,438.479,0.0,430.448
23.354230560013093,23021,2,7,3,0.0,-0.001395,0.066977,-0.012042,512.875,480.0,487.48,0.0,487,462,0.0,0.066,0.0,0.0,0.066,284.469,228.406,0.0,512.875,26.3,461.18,0.0,487.48
23.36569165997207,23026,2,7,3,0.0,-0.001397,0.067088,0.00854,439.351,462.0,432.21,0.0,432,456,0.0,0.067,0.0,0.0,0.067,210.77,228.581,0.0,439.351,-18.118,450.329,0.0,432.21
23.36569165997207,23031,2,7,3,0.0,-0.001376,0.066084,0.003606,453.69,443.0,460.437,0.0,460,474,0.0,0.066,0.0,0.0,0.066,224.921,228.769,0.0,453.69,8.552,451.884,0.0,460.437
23.36569165997207,23036,2,7,3,0.0,-0.001378,0.066183,0.002325,458.85,474.0,433.89,0.0,433,430,0.0,0.066,0.0,0.0,0.066,229.889,228.96,0.0,458.85,-12.119,446.01,0.0,433.89
23.377569713979028,23041,2,7,3,0.0,-0.00136,0.065304,-0.003224,475.871,474.0,452.959,0.0,452,474,0.0,0.065,0.0,0.0,0.065,246.705,229.166,0.0,475.871,1.497,451.461,0.0,452.959
23.377569713979028,23046,2,7,3,0.0,-0.001383,0.066412,-0.009982,504.417,480.0,484.339,0.0,484,480,0.0,0.066,0.0,0.0,0.066,275.022,229.395,0.0,504.417,19.534,464.805,0.0,484.339
23.38911491597537,23051,2,7,3,0.0,-0.001386,0.066558,0.018811,401.424,462.0,387.516,0.0,387,443,0.0,0.066,0.0,0.0,0.066,171.89,229.533,0.0,401.424,-48.46,435.976,0.0,387.516
23.38911491597537,23056,2,7,3,0.0,-0.001384,0.066445,0.006517,445.454,462.0,420.809,0.0,420,443,0.0,0.066,0.0,0.0,0.066,215.74,229.713,0.0,445.454,-13.236,434.046,0.0,420.809
23.400264608906582,23061,2,7,3,0.0,-0.001371,0.065844,-0.001826,473.53,462.0,455.052,0.0,455,462,0.0,0.065,0.0,0.0,0.065,243.613,229.916,0.0,473.53,9.224,445.828,0.0,455.052
23.400264608906582,23066,2,7,3,0.0,-0.001388,0.066661,-0.001394,475.122,462.0,463.993,0.0,463,480,0.0,0.066,0.0,0.0,0.066,245.002,230.12,0.0,475.122,10.498,453.495,0.0,463.993
23.412017625989392,23075,2,7,3,0.0,-0.001351,0.064888,0.007414,437.371,449.0,424.543,0.0,424,443,0.0,0.064,0.0,0.0,0.064,206.908,230.463,0.0,437.371,-9.302,433.845,0.0,424.543
23.412017625989392,23080,2,7,3,0.0,-0.001358,0.065227,0.017975,400.711,430.0,393.601,0.0,393,426,0.0,0.065,0.0,0.0,0.065,170.106,230.604,0.0,400.711,-23.43,417.032,0.0,393.601
23.42373645491898,23086,2,7,3,0.0,-0.00137,0.065803,-0.001216,472.08,462.0,437.459,0.0,437,480,0.0,0.065,0.0,0.0,0.065,241.273,230.806,0.0,472.08,8.064,429.395,0.0,437.459
23.42373645491898,23091,2,7,3,0.0,-0.001403,0.067352,-0.012775,519.509,462.0,497.54,0.0,497,493,0.0,0.067,0.0,0.0,0.067,288.462,231.046,0.0,519.509,46.007,451.532,0.0,497.54
23.435701763955876,23096,2,7,3,0.0,-0.001384,0.066465,0.021181,394.206,443.0,385.58,0.0,385,430,0.0,0.066,0.0,0.0,0.066,163.023,231.182,0.0,394.206,-39.034,424.615,0.0,385.58
23.435701763955876,23101,2,7,3,0.0,-0.001309,0.062868,0.021069,381.785,413.0,380.583,0.0,380,430,0.0,0.062,0.0,0.0,0.062,150.477,231.308,0.0,381.785,-24.971,405.555,0.0,380.583
23.447805354953744,23106,2,7,3,0.0,-0.001272,0.06108,0.007517,424.295,430.0,402.662,0.0,402,443,0.0,0.061,0.0,0.0,0.061,192.826,231.468,0.0,424.295,-4.563,407.225,0.0,402.662
23.447805354953744,23111,2,7,3,0.0,-0.001317,0.063234,-0.010593,497.472,474.0,447.716,0.0,447,462,0.0,0.063,0.0,0.0,0.063,265.781,231.69,0.0,497.472,18.777,428.938,0.0,447.716
23.447805354953744,23116,2,7,3,0.0,-0.001315,0.063143,-0.009115,492.039,462.0,466.499,0.0,466,462,0.0,0.063,0.0,0.0,0.063,260.132,231.907,0.0,492.039,24.031,442.467,0.0,466.499
23.459958706982434,23121,2,7,3,0.0,-0.001266,0.060796,0.009353,417.256,413.0,431.54,0.0,431,443,0.0,0.06,0.0,0.0,0.06,185.194,232.061,0.0,417.256,3.405,428.135,0.0,431.54
23.459958706982434,23126,2,7,3,0.0,-0.001211,0.05816,-0.005031,459.743,462.0,432.004,0.0,432,480,0.0,0.058,0.0,0.0,0.058,227.492,232.251,0.0,459.743,-1.804,433.809,0.0,432.004
23.47150502796285,23131,2,7,3,0.0,-0.001199,0.057582,-0.005366,459.059,443.0,447.248,0.0,447,449,0.0,0.057,0.0,0.0,0.057,226.619,232.439,0.0,459.059,12.847,434.401,0.0,447.248
23.47150502796285,23136,2,7,3,0.0,-0.001248,0.05993,-0.007601,475.756,480.0,439.013,0.0,439,493,0.0,0.059,0.0,0.0,0.059,243.114,232.642,0.0,475.756,-3.394,442.408,0.0,439.013
23.47150502796285,23141,2,7,3,0.0,-0.001271,0.061049,-0.016444,511.853,493.0,472.624,0.0,472,493,0.0,0.061,0.0,0.0,0.061,278.978,232.875,0.0,511.853,15.082,457.542,0.0,472.624
23.483756409958005,23146,2,7,3,0.0,-0.001268,0.060908,0.014958,398.429,400.0,431.751,0.0,431,430,0.0,0.06,0.0,0.0,0.06,165.421,233.007,0.0,398.429,-1.256,433.008,0.0,431.751
23.483756409958005,23151,2,7,3,0.0,-0.001244,0.059715,0.013526,399.426,413.0,404.456,0.0,404,430,0.0,0.059,0.0,0.0,0.059,166.28,233.146,0.0,399.426,-10.858,415.315,0.0,404.456
23.49518220196478,23156,2,7,3,0.0,-0.001263,0.060642,-0.007603,479.038,462.0,444.426,0.0,444,462,0.0,0.06,0.0,0.0,0.06,245.687,233.351,0.0,479.038,13.63,430.796,0.0,444.426
23.506805998971686,23165,2,7,3,0.0,-0.001265,0.060724,0.014639,399.644,443.0,393.397,0.0,393,426,0.0,0.06,0.0,0.0,0.06,165.905,233.739,0.0,399.644,-34.684,428.081,0.0,393.397
23.506805998971686,23170,2,7,3,0.0,-0.001211,0.058142,0.029576,336.663,382.0,357.143,0.0,357,400,0.0,0.058,0.0,0.0,0.058,102.838,233.824,0.0,336.663,-36.268,393.412,0.0,357.143
23.506805998971686,23176,2,7,3,0.0,-0.001214,0.058302,-0.010867,483.043,462.0,430.494,0.0,430,462,0.0,0.058,0.0,0.0,0.058,249.01,234.033,0.0,483.043,16.834,413.659,0.0,430.494
23.51917644799687,23181,2,7,3,0.0,-0.001292,0.062016,-0.024058,544.16,510.0,473.687,0.0,473,510,0.0,0.062,0.0,0.0,0.062,309.868,234.291,0.0,544.16,27.328,446.359,0.0,473.687
23.51917644799687,23186,2,7,3,0.0,-0.001311,0.062934,-0.014614,513.7,462.0,503.953,0.0,503,497,0.0,0.062,0.0,0.0,0.062,279.176,234.524,0.0,513.7,41.36,462.593,0.0,503.953
23.530854391981848,23191,2,7,3,0.0,-0.001251,0.060068,0.011055,411.119,439.0,415.813,0.0,415,449,0.0,0.06,0.0,0.0,0.06,176.448,234.671,0.0,411.119,-22.304,438.117,0.0,415.813
23.530854391981848,23196,2,7,3,0.0,-0.001192,0.057247,0.012238,396.838,426.0,396.44,0.0,396,426,0.0,0.057,0.0,0.0,0.057,162.032,234.806,0.0,396.838,-23.329,419.77,0.0,396.44
23.543087977916002,23201,2,7,3,0.0,-0.0012,0.057639,-0.000348,443.739,443.0,424.801,0.0,424,430,0.0,0.057,0.0,0.0,0.057,208.758,234.98,0.0,443.739,0.591,424.21,0.0,424.801
23.543087977916002,23206,2,7,3,0.0,-0.001214,0.058296,-0.03315,564.461,510.0,508.046,0.0,508,528,0.0,0.058,0.0,0.0,0.058,329.206,235.254,0.0,564.461,43.568,464.477,0.0,508.046
23.543087977916002,23211,2,7,3,0.0,-0.001291,0.061986,-0.013541,507.381,510.0,468.553,0.0,468,497,0.0,0.061,0.0,0.0,0.061,271.9,235.481,0.0,507.381,-2.094,470.648,0.0,468.553
23.5548510029912,23216,2,7,3,0.0,-0.001299,0.062385,0.003319,448.295,474.0,438.128,0.0,438,474,0.0,0.062,0.0,0.0,0.062,212.637,235.658,0.0,448.295,-20.563,458.692,0.0,438.128
23.5548510029912,23221,2,7,3,0.0,-0.001178,0.056571,0.011659,397.473,430.0,406.36,0.0,406,426,0.0,0.056,0.0,0.0,0.056,161.68,235.792,0.0,397.473,-26.02,432.381,0.0,406.36
23.566448229947127,23226,2,7,3,0.0,-0.001164,0.055888,0.006043,415.382,462.0,381.448,0.0,381,413,0.0,0.055,0.0,0.0,0.055,179.44,235.942,0.0,415.382,-37.293,418.742,0.0,381.448
23.566448229947127,23231,2,7,3,0.0,-0.001233,0.059224,-0.011981,492.495,480.0,448.939,0.0,448,474,0.0,0.059,0.0,0.0,0.059,256.339,236.156,0.0,492.495,9.996,438.943,0.0,448.939
23.566448229947127,23236,2,7,3,0.0,-0.001289,0.061905,-0.003434,471.569,462.0,451.726,0.0,451,449,0.0,0.061,0.0,0.0,0.061,235.225,236.344,0.0,471.569,7.655,444.07,0.0,451.726
23.57805033493787,23241,2,7,3,0.0,-0.001287,0.061798,0.009941,423.183,430.0,426.684,0.0,426,443,0.0,0.061,0.0,0.0,0.061,186.683,236.5,0.0,423.183,-5.452,432.137,0.0,426.684
23.57805033493787,23246,2,7,3,0.0,-0.00126,0.060526,0.014849,401.075,430.0,393.162,0.0,393,443,0.0,0.06,0.0,0.0,0.06,164.437,236.637,0.0,401.075,-23.139,416.302,0.0,393.162
23.589794310973957,23255,2,7,3,0.0,-0.001233,0.059201,-0.008812,481.869,443.0,462.812,0.0,462,462,0.0,0.059,0.0,0.0,0.059,244.85,237.018,0.0,481.869,31.095,431.716,0.0,462.812
23.601260446943343,23260,2,7,3,0.0,-0.001263,0.060662,-0.007059,481.021,474.0,447.644,0.0,447,462,0.0,0.06,0.0,0.0,0.06,243.799,237.221,0.0,481.021,5.617,442.027,0.0,447.644
23.601260446943343,23265,2,7,3,0.0,-0.001271,0.06104,-0.003262,468.902,462.0,452.995,0.0,452,480,0.0,0.061,0.0,0.0,0.061,231.487,237.414,0.0,468.902,5.521,447.473,0.0,452.995
23.601260446943343,23271,2,7,3,0.0,-0.001257,0.060342,0.005647,434.482,480.0,400.499,0.0,400,449,0.0,0.06,0.0,0.0,0.06,196.902,237.579,0.0,434.482,-36.414,436.913,0.0,400.499
23.61302305199206,23276,2,7,3,0.0,-0.001199,0.057586,0.039272,303.567,346.0,355.794,0.0,355,377,0.0,0.057,0.0,0.0,0.057,65.932,237.634,0.0,303.567,-33.946,389.74,0.0,355.794
23.61302305199206,23281,2,7,3,0.0,-0.001217,0.05846,-0.007592,475.622,474.0,411.655,0.0,411,443,0.0,0.058,0.0,0.0,0.058,237.79,237.832,0.0,475.622,1.298,410.357,0.0,411.655
23.624580379924737,23286,2,7,3,0.0,-0.001305,0.062662,-0.004249,478.918,462.0,437.054,0.0,437,474,0.0,0.062,0.0,0.0,0.062,240.885,238.033,0.0,478.918,13.534,423.519,0.0,437.054
23.624580379924737,23291,2,7,3,0.0,-0.001323,0.063508,-0.002519,475.931,474.0,433.272,0.0,433,449,0.0,0.063,0.0,0.0,0.063,237.699,238.231,0.0,475.931,1.544,431.727,0.0,433.272
23.636438283952884,23296,2,7,3,0.0,-0.001265,0.06076,0.012966,410.435,413.0,414.497,0.0,414,413,0.0,0.06,0.0,0.0,0.06,172.061,238.374,0.0,410.435,-2.051,416.549,0.0,414.497
23.636438283952884,23301,2,7,3,0.0,-0.001216,0.058392,-0.002313,457.096,462.0,418.826,0.0,418,443,0.0,0.058,0.0,0.0,0.058,218.539,238.556,0.0,457.096,-3.922,422.749,0.0,418.826
23.648376132943667,23306,2,7,3,0.0,-0.001234,0.059251,-0.017846,516.34,480.0,474.592,0.0,474,462,0.0,0.059,0.0,0.0,0.059,277.552,238.788,0.0,516.34,29.072,445.52,0.0,474.592
23.648376132943667,23311,2,7,3,0.0,-0.00119,0.057126,0.012213,400.611,426.0,404.564,0.0,404,443,0.0,0.057,0.0,0.0,0.057,161.688,238.922,0.0,400.611,-20.311,424.875,0.0,404.564
23.648376132943667,23316,2,7,3,0.0,-0.001205,0.057842,0.000367,446.005,430.0,442.203,0.0,442,430,0.0,0.057,0.0,0.0,0.057,206.909,239.095,0.0,446.005,12.804,429.399,0.0,442.203
23.660222434904426,23321,2,7,3,0.0,-0.001203,0.057776,0.006707,423.097,413.0,429.083,0.0,429,443,0.0,0.057,0.0,0.0,0.057,183.849,239.248,0.0,423.097,8.078,421.004,0.0,429.083
23.660222434904426,23326,2,7,3,0.0,-0.001203,0.057785,0.013802,397.715,413.0,393.698,0.0,393,395,0.0,0.057,0.0,0.0,0.057,158.34,239.375,0.0,397.715,-12.227,405.926,0.0,393.698
23.67180593800731,23331,2,7,3,0.0,-0.001173,0.056346,0.009734,407.319,413.0,395.147,0.0,395,430,0.0,0.056,0.0,0.0,0.056,167.804,239.515,0.0,407.319,-4.544,399.692,0.0,395.147
23.67180593800731,23336,2,7,3,0.0,-0.001204,0.057819,-0.012349,492.332,462.0,447.116,0.0,447,462,0.0,0.057,0.0,0.0,0.057,252.606,239.725,0.0,492.332,24.265,422.85,0.0,447.116
23.68341655493714,23345,2,7,3,0.0,-0.001122,0.053878,0.012912,387.456,408.0,370.706,0.0,370,377,0.0,0.053,0.0,0.0,0.053,147.477,239.978,0.0,387.456,-16.434,387.141,0.0,370.706
23.68341655493714,23350,2,7,3,0.0,-0.001086,0.052141,-0.004905,445.518,449.0,392.063,0.0,392,413,0.0,0.052,0.0,0.0,0.052,205.368,240.15,0.0,445.518,-2.785,394.849,0.0,392.063
23.695584969012998,23355,2,7,3,0.0,-0.001118,0.053708,-0.007183,459.543,430.0,428.938,0.0,428,443,0.0,0.053,0.0,0.0,0.053,219.211,240.332,0.0,459.543,23.635,405.303,0.0,428.938
23.695584969012998,23361,2,7,3,0.0,-0.001135,0.054501,-0.002701,446.436,443.0,410.948,0.0,410,443,0.0,0.054,0.0,0.0,0.054,205.931,240.504,0.0,446.436,2.749,408.199,0.0,410.948
23.707749423920177,23366,2,7,3,0.0,-0.001148,0.055147,-0.003325,451.181,467.0,400.759,0.0,400,443,0.0,0.055,0.0,0.0,0.055,210.501,240.68,0.0,451.181,-12.654,413.414,0.0,400.759
23.707749423920177,23371,2,7,3,0.0,-0.001113,0.053471,0.004959,415.466,408.0,415.657,0.0,415,426,0.0,0.053,0.0,0.0,0.053,174.641,240.825,0.0,415.466,5.973,409.684,0.0,415.657
23.707749423920177,23376,2,7,3,0.0,-0.001101,0.052877,-0.00357,444.208,430.0,427.16,0.0,427,430,0.0,0.052,0.0,0.0,0.052,203.213,240.995,0.0,444.208,11.366,415.793,0.0,427.16
23.719412995968014,23381,2,7,3,0.0,-0.001045,0.050207,0.007808,393.758,449.0,355.883,0.0,355,413,0.0,0.05,0.0,0.0,0.05,152.635,241.122,0.0,393.758,-44.193,400.076,0.0,355.883
23.719412995968014,23386,2,7,3,0.0,-0.001072,0.051462,-0.017345,489.035,430.0,475.74,0.0,475,474,0.0,0.051,0.0,0.0,0.051,247.706,241.328,0.0,489.035,47.228,428.511,0.0,475.74
23.731078227981925,23391,2,7,3,0.0,-0.00106,0.050915,0.017035,363.4,395.0,372.781,0.0,372,395,0.0,0.05,0.0,0.0,0.05,121.97,241.43,0.0,363.4,-25.279,398.06,0.0,372.781
23.731078227981925,23396,2,7,3,0.0,-0.001014,0.048709,0.002211,408.965,426.0,386.149,0.0,386,426,0.0,0.048,0.0,0.0,0.048,167.395,241.569,0.0,408.965,-13.627,399.776,0.0,386.149
23.742854286916554,23401,2,7,3,0.0,-0.001053,0.050545,0.003209,412.12,413.0,393.299,0.0,393,430,0.0,0.05,0.0,0.0,0.05,170.408,241.712,0.0,412.12,-0.703,394.003,0.0,393.299
23.742854286916554,23406,2,7,3,0.0,-0.001043,0.050091,-0.004707,439.152,426.0,411.893,0.0,411,443,0.0,0.05,0.0,0.0,0.05,197.276,241.876,0.0,439.152,10.522,401.371,0.0,411.893
23.742854286916554,23411,2,7,4,0.0,-0.001001,0.04807,0.026066,321.156,364.0,331.564,0.0,331,364,0.0,0.048,0.0,0.0,0.048,79.214,241.942,0.0,321.156,-34.274,365.839,0.0,331.564
23.754893597913906,23416,2,7,4,0.0,-0.000996,0.047809,0.008179,384.725,364.0,388.647,0.0,388,395,0.0,0.047,0.0,0.0,0.047,142.669,242.056,0.0,384.725,16.58,372.066,0.0,388.647
23.754893597913906,23421,2,7,4,0.0,-0.001036,0.049741,-0.010393,458.724,456.0,392.633,0.0,392,430,0.0,0.049,0.0,0.0,0.049,216.486,242.237,0.0,458.724,2.179,390.453,0.0,392.633
23.76435477391351,23426,2,7,4,0.0,-0.001073,0.051517,-0.012089,471.415,413.0,457.042,0.0,457,462,0.0,0.051,0.0,0.0,0.051,228.987,242.428,0.0,471.415,46.732,410.309,0.0,457.042
23.777253999956883,23435,2,7,4,0.0,-0.001028,0.049372,0.023495,335.804,377.0,338.334,0.0,338,364,0.0,0.049,0.0,0.0,0.049,93.155,242.649,0.0,335.804,-32.956,371.29,0.0,338.334
23.777253999956883,23440,2,7,4,0.0,-0.000998,0.047943,0.004803,398.083,364.0,404.278,0.0,404,400,0.0,0.047,0.0,0.0,0.047,155.304,242.779,0.0,398.083,27.266,377.012,0.0,404.278
23.777253999956883,23445,2,7,4,0.0,-0.001054,0.050624,-0.011118,465.238,443.0,409.957,0.0,409,430,0.0,0.05,0.0,0.0,0.05,222.274,242.964,0.0,465.238,17.79,392.167,0.0,409.957
23.78672055993229,23451,2,7,4,0.0,-0.001072,0.051478,-0.014189,479.565,449.0,434.968,0.0,434,426,0.0,0.051,0.0,0.0,0.051,236.403,243.161,0.0,479.565,24.452,410.516,0.0,434.968
23.78672055993229,23456,2,7,4,0.0,-0.001037,0.0498,-0.000231,423.425,413.0,416.543,0.0,416,443,0.0,0.049,0.0,0.0,0.049,180.113,243.312,0.0,423.425,8.34,408.202,0.0,416.543
23.799838411970995,23461,2,7,4,0.0,-0.000976,0.046864,0.018972,343.808,382.0,348.656,0.0,348,377,0.0,0.046,0.0,0.0,0.046,100.412,243.395,0.0,343.808,-30.553,379.209,0.0,348.656
23.799838411970995,23466,2,7,4,0.0,-0.000992,0.047622,0.014669,362.126,395.0,339.359,0.0,339,413,0.0,0.047,0.0,0.0,0.047,118.631,243.494,0.0,362.126,-26.298,365.658,0.0,339.359
23.81139807391446,23471,2,7,4,0.0,-0.001089,0.052288,-0.004716,448.883,426.0,402.1,0.0,402,430,0.0,0.052,0.0,0.0,0.052,205.218,243.665,0.0,448.883,18.307,383.793,0.0,402.1
23.81139807391446,23476,2,7,4,0.0,-0.001153,0.055351,-0.004921,460.828,443.0,415.954,0.0,415,462,0.0,0.055,0.0,0.0,0.055,216.981,243.846,0.0,460.828,14.262,401.692,0.0,415.954
23.81139807391446,23481,2,7,4,0.0,-0.001163,0.055851,-0.00141,450.164,400.0,449.509,0.0,449,430,0.0,0.055,0.0,0.0,0.055,206.145,244.018,0.0,450.164,40.131,409.378,0.0,449.509
23.823216635966673,23486,2,7,4,0.0,-0.001144,0.054915,0.032956,323.136,359.0,342.421,0.0,342,364,0.0,0.054,0.0,0.0,0.054,79.052,244.084,0.0,323.136,-28.69,371.112,0.0,342.421
23.823216635966673,23491,2,7,4,0.0,-0.001101,0.052854,0.012146,390.753,408.0,357.192,0.0,357,382,0.0,0.052,0.0,0.0,0.052,146.547,244.206,0.0,390.753,-13.797,370.99,0.0,357.192
23.835037437966093,23496,2,7,4,0.0,-0.001149,0.055176,-0.007969,471.72,443.0,422.038,0.0,422,449,0.0,0.055,0.0,0.0,0.055,227.324,244.395,0.0,471.72,22.976,399.062,0.0,422.038
23.835037437966093,23501,2,7,4,0.0,-0.001198,0.057521,-0.012003,494.892,462.0,448.9,0.0,448,493,0.0,0.057,0.0,0.0,0.057,250.287,244.604,0.0,494.892,26.313,422.586,0.0,448.9
23.844368716003373,23506,2,7,4,0.0,-0.001232,0.059172,-0.001389,462.8,443.0,439.282,0.0,439,443,0.0,0.059,0.0,0.0,0.059,218.02,244.779,0.0,462.8,15.84,423.442,0.0,439.282
23.844368716003373,23511,2,7,4,0.0,-0.001188,0.057057,0.012958,403.669,413.0,401.721,0.0,401,430,0.0,0.057,0.0,0.0,0.057,158.757,244.911,0.0,403.669,-7.464,409.186,0.0,401.721
23.857641606940888,23516,2,7,4,0.0,-0.001166,0.05597,0.015808,389.617,413.0,374.831,0.0,374,395,0.0,0.055,0.0,0.0,0.055,144.585,245.031,0.0,389.617,-18.706,393.537,0.0,374.831
23.857641606940888,23521,2,7,4,0.0,-0.001192,0.057255,-0.002573,460.593,462.0,409.638,0.0,409,443,0.0,0.057,0.0,0.0,0.057,215.382,245.211,0.0,460.593,-1.124,410.763,0.0,409.638
23.869053134927526,23530,2,7,4,0.0,-0.001245,0.059797,-0.001904,467.759,462.0,447.272,0.0,447,449,0.0,0.059,0.0,0.0,0.059,222.13,245.629,0.0,467.759,4.607,442.664,0.0,447.272
23.869053134927526,23535,2,7,4,0.0,-0.001207,0.057958,0.018921,386.281,413.0,396.651,0.0,396,413,0.0,0.057,0.0,0.0,0.057,140.534,245.746,0.0,386.281,-21.375,418.026,0.0,396.651
23.880406646989286,23541,2,7,4,0.0,-0.001143,0.054867,0.00163,437.558,443.0,420.357,0.0,420,474,0.0,0.054,0.0,0.0,0.054,191.652,245.906,0.0,437.558,-4.352,424.71,0.0,420.357
23.880406646989286,23546,2,7,4,0.0,-0.001106,0.053112,-0.004997,455.277,443.0,438.435,0.0,438,462,0.0,0.053,0.0,0.0,0.053,209.196,246.081,0.0,455.277,9.821,428.613,0.0,438.435
23.89250713796355,23551,2,7,4,0.0,-0.001189,0.057081,-0.028655,554.991,525.0,485.602,0.0,485,480,0.0,0.057,0.0,0.0,0.057,308.653,246.338,0.0,554.991,23.993,461.609,0.0,485.602
23.89250713796355,23556,2,7,4,0.0,-0.001181,0.056733,0.010393,413.301,443.0,417.136,0.0,417,443,0.0,0.056,0.0,0.0,0.056,166.823,246.477,0.0,413.301,-23.759,440.895,0.0,417.136
23.89250713796355,23561,2,7,4,0.0,-0.001117,0.053637,-0.006564,463.385,443.0,469.92,0.0,469,474,0.0,0.053,0.0,0.0,0.053,216.727,246.657,0.0,463.385,16.308,453.612,0.0,469.92
23.90433501591906,23566,2,7,4,0.0,-0.0011,0.052823,-0.000895,440.206,462.0,426.663,0.0,426,474,0.0,0.052,0.0,0.0,0.052,193.387,246.819,0.0,440.206,-17.434,444.097,0.0,426.663
23.90433501591906,23571,2,7,4,0.0,-0.001106,0.053103,0.001818,431.599,443.0,424.13,0.0,424,443,0.0,0.053,0.0,0.0,0.053,184.626,246.972,0.0,431.599,-9.12,433.25,0.0,424.13
23.916484437999316,23576,2,7,4,0.0,-0.001154,0.055409,-0.012287,490.886,462.0,474.158,0.0,474,474,0.0,0.055,0.0,0.0,0.055,243.709,247.176,0.0,490.886,23.108,451.049,0.0,474.158
23.916484437999316,23581,2,7,4,0.0,-0.001165,0.055922,-0.011053,488.49,462.0,479.756,0.0,479,480,0.0,0.055,0.0,0.0,0.055,241.113,247.377,0.0,488.49,21.192,458.564,0.0,479.756
23.926913334988058,23586,2,7,4,0.0,-0.001159,0.055663,0.005662,427.53,430.0,441.922,0.0,441,443,0.0,0.055,0.0,0.0,0.055,180.003,247.527,0.0,427.53,-1.975,443.897,0.0,441.922
23.926913334988058,23591,2,7,4,0.0,-0.001163,0.055866,-0.003015,459.68,493.0,416.834,0.0,416,443,0.0,0.055,0.0,0.0,0.055,211.976,247.703,0.0,459.68,-26.655,443.49,0.0,416.834
23.926913334988058,23596,2,7,4,0.0,-0.00115,0.055246,0.003935,432.571,426.0,443.21,0.0,443,456,0.0,0.055,0.0,0.0,0.055,184.719,247.851,0.0,432.571,5.256,437.953,0.0,443.21
23.938160951947793,23601,2,7,4,0.0,-0.001178,0.056584,-0.001846,458.378,443.0,455.066,0.0,455,480,0.0,0.056,0.0,0.0,0.056,210.351,248.027,0.0,458.378,12.302,442.763,0.0,455.066
23.938160951947793,23606,2,7,4,0.0,-0.00123,0.059062,-0.021085,536.803,480.0,513.501,0.0,513,497,0.0,0.059,0.0,0.0,0.059,288.535,248.267,0.0,536.803,45.442,468.058,0.0,513.501
23.950200965977274,23611,2,7,4,0.0,-0.001244,0.059726,-0.005849,484.54,474.0,475.524,0.0,475,480,0.0,0.059,0.0,0.0,0.059,236.076,248.464,0.0,484.54,8.432,467.092,0.0,475.524
23.950200965977274,23620,2,7,4,0.0,-0.001203,0.057748,0.02182,378.074,413.0,394.47,0.0,394,413,0.0,0.057,0.0,0.0,0.057,129.342,248.731,0.0,378.074,-27.94,422.411,0.0,394.47
23.962131176958792,23625,2,7,4,0.0,-0.001254,0.060239,-0.015128,520.281,507.0,460.878,0.0,460,493,0.0,0.06,0.0,0.0,0.06,271.323,248.957,0.0,520.281,10.624,450.253,0.0,460.878
23.962131176958792,23631,2,7,4,0.0,-0.001356,0.065089,-0.021253,560.051,510.0,519.972,0.0,519,515,0.0,0.065,0.0,0.0,0.065,310.833,249.217,0.0,560.051,40.041,479.931,0.0,519.972
23.973484314978123,23636,2,7,4,0.0,-0.001316,0.063181,-0.010317,514.032,493.0,499.441,0.0,499,510,0.0,0.063,0.0,0.0,0.063,264.594,249.438,0.0,514.032,16.826,482.615,0.0,499.441
23.973484314978123,23641,2,7,4,0.0,-0.001265,0.060733,0.035109,341.761,426.0,362.829,0.0,362,426,0.0,0.06,0.0,0.0,0.06,92.245,249.515,0.0,341.761,-67.391,430.22,0.0,362.829
23.985917294980027,23646,2,7,4,0.0,-0.001261,0.060571,0.004051,453.158,493.0,404.061,0.0,404,443,0.0,0.06,0.0,0.0,0.06,203.474,249.684,0.0,453.158,-31.872,435.934,0.0,404.061
23.985917294980027,23651,2,7,4,0.0,-0.001328,0.063757,-0.017964,544.129,493.0,507.086,0.0,507,493,0.0,0.063,0.0,0.0,0.063,294.199,249.929,0.0,544.129,40.903,466.183,0.0,507.086
23.985917294980027,23656,2,7,4,0.0,-0.001344,0.064532,0.009655,447.65,462.0,444.732,0.0,444,474,0.0,0.064,0.0,0.0,0.064,197.555,250.094,0.0,447.65,-11.479,456.212,0.0,444.732
23.998352037975565,23661,2,7,4,0.0,-0.001362,0.06538,0.014327,434.037,462.0,423.524,0.0,423,456,0.0,0.065,0.0,0.0,0.065,183.789,250.247,0.0,434.037,-22.37,445.894,0.0,423.524
23.998352037975565,23666,2,7,4,0.0,-0.001327,0.06372,0.007142,454.095,443.0,454.068,0.0,454,436,0.0,0.063,0.0,0.0,0.063,203.678,250.417,0.0,454.095,8.876,445.192,0.0,454.068
24.01059149892535,23671,2,7,4,0.0,-0.001347,0.064683,0.002674,473.834,474.0,452.441,0.0,452,462,0.0,0.064,0.0,0.0,0.064,223.23,250.603,0.0,473.834,-0.132,452.574,0.0,452.441
24.01059149892535,23676,2,7,4,0.0,-0.001352,0.064927,-0.011281,525.184,497.0,494.105,0.0,494,462,0.0,0.064,0.0,0.0,0.064,274.352,250.831,0.0,525.184,22.547,471.557,0.0,494.105
24.02108124899678,23681,2,7,4,0.0,-0.001335,0.0641,-0.011425,522.954,480.0,524.218,0.0,524,497,0.0,0.064,0.0,0.0,0.064,271.895,251.058,0.0,522.954,34.363,489.854,0.0,524.218
24.02108124899678,23686,2,7,4,0.0,-0.001319,0.063327,-0.004624,495.882,493.0,489.861,0.0,489,480,0.0,0.063,0.0,0.0,0.063,244.627,251.254,0.0,495.882,2.305,487.555,0.0,489.861
24.02108124899678,23691,2,7,4,0.0,-0.001271,0.061036,0.019321,401.555,474.0,396.459,0.0,396,443,0.0,0.061,0.0,0.0,0.061,150.175,251.379,0.0,401.555,-57.955,454.415,0.0,396.459
24.03227229998447,23696,2,7,4,0.0,-0.001257,0.060348,0.015917,411.464,430.0,425.642,0.0,425,456,0.0,0.06,0.0,0.0,0.06,159.951,251.513,0.0,411.464,-14.828,440.47,0.0,425.642
24.03227229998447,23701,2,7,4,0.0,-0.001341,0.064412,-0.031385,596.673,525.0,549.338,0.0,549,528,0.0,0.064,0.0,0.0,0.064,344.872,251.8,0.0,596.673,57.338,491.999,0.0,549.338
24.04364613292273,23710,2,7,4,0.0,-0.001334,0.064078,0.003332,470.855,474.0,474.224,0.0,474,462,0.0,0.064,0.0,0.0,0.064,218.686,252.168,0.0,470.855,-2.515,476.739,0.0,474.224
24.055022416985594,23715,2,7,4,0.0,-0.001257,0.060349,-0.005718,490.213,480.0,489.309,0.0,489,480,0.0,0.06,0.0,0.0,0.06,237.846,252.366,0.0,490.213,8.17,481.138,0.0,489.309
24.055022416985594,23721,2,7,4,0.0,-0.001246,0.059814,3.3e-05,467.756,462.0,478.683,0.0,478,480,0.0,0.059,0.0,0.0,0.059,215.209,252.547,0.0,467.756,4.605,474.078,0.0,478.683
24.055022416985594,23726,2,7,4,0.0,-0.001248,0.059936,-0.015076,522.819,462.0,535.79,0.0,535,510,0.0,0.059,0.0,0.0,0.059,270.047,252.772,0.0,522.819,48.655,487.134,0.0,535.79
24.067215121001936,23731,2,7,4,0.0,-0.001273,0.061132,0.000455,471.389,474.0,476.125,0.0,476,493,0.0,0.061,0.0,0.0,0.061,218.435,252.954,0.0,471.389,-2.088,478.214,0.0,476.125
24.067215121001936,23736,2,7,4,0.0,-0.001245,0.059795,-0.007004,493.634,493.0,479.54,0.0,479,493,0.0,0.059,0.0,0.0,0.059,240.479,253.154,0.0,493.634,0.507,479.033,0.0,479.54
24.078549175988883,23741,2,7,4,0.0,-0.001252,0.060099,-0.001805,476.197,474.0,476.082,0.0,476,474,0.0,0.06,0.0,0.0,0.06,222.857,253.34,0.0,476.197,1.758,474.324,0.0,476.082
24.078549175988883,23746,2,7,4,0.0,-0.001181,0.056693,0.017765,393.597,443.0,405.435,0.0,405,413,0.0,0.056,0.0,0.0,0.056,140.14,253.456,0.0,393.597,-39.521,444.957,0.0,405.435
24.090176778961904,23751,2,7,4,0.0,-0.001178,0.056573,0.009555,422.864,456.0,409.164,0.0,409,443,0.0,0.056,0.0,0.0,0.056,169.266,253.598,0.0,422.864,-26.508,435.673,0.0,409.164
24.090176778961904,23756,2,7,4,0.0,-0.001204,0.057802,0.001932,454.899,462.0,429.113,0.0,429,443,0.0,0.057,0.0,0.0,0.057,201.133,253.765,0.0,454.899,-5.68,434.794,0.0,429.113
24.090176778961904,23761,2,7,4,0.0,-0.001241,0.059582,0.022011,389.133,408.0,399.403,0.0,399,408,0.0,0.059,0.0,0.0,0.059,135.254,253.878,0.0,389.133,-15.093,414.496,0.0,399.403
24.10197777301073,23766,2,7,4,0.0,-0.001237,0.059408,-0.010803,506.851,493.0,449.611,0.0,449,474,0.0,0.059,0.0,0.0,0.059,252.762,254.088,0.0,506.851,11.081,438.53,0.0,449.611
24.10197777301073,23771,2,7,4,0.0,-0.001271,0.061034,-0.000178,474.638,462.0,453.603,0.0,453,462,0.0,0.061,0.0,0.0,0.061,220.366,254.272,0.0,474.638,10.111,443.492,0.0,453.603
24.113669237005524,23776,2,7,4,0.0,-0.001185,0.056909,0.013592,410.342,413.0,423.201,0.0,423,426,0.0,0.056,0.0,0.0,0.056,155.94,254.402,0.0,410.342,-2.125,425.327,0.0,423.201
24.113669237005524,23781,2,7,4,0.0,-0.001165,0.055958,-0.008899,488.078,474.0,454.674,0.0,454,480,0.0,0.055,0.0,0.0,0.055,233.488,254.589,0.0,488.078,11.262,443.411,0.0,454.674
24.12478985497728,23786,2,7,4,0.0,-0.001164,0.055872,0.005746,435.195,443.0,424.973,0.0,424,426,0.0,0.055,0.0,0.0,0.055,180.455,254.74,0.0,435.195,-6.243,431.216,0.0,424.973
24.12478985497728,23791,2,7,4,0.0,-0.001194,0.057312,-0.012402,505.923,507.0,450.832,0.0,450,474,0.0,0.057,0.0,0.0,0.057,250.974,254.949,0.0,505.923,-0.861,451.693,0.0,450.832
24.136491451994516,23800,2,7,4,0.0,-0.001237,0.059378,0.005495,449.332,462.0,452.462,0.0,452,462,0.0,0.059,0.0,0.0,0.059,193.978,255.353,0.0,449.332,-10.133,462.596,0.0,452.462
24.136491451994516,23805,2,7,4,0.0,-0.001188,0.05704,0.03796,324.101,408.0,342.135,0.0,342,377,0.0,0.057,0.0,0.0,0.057,68.69,255.41,0.0,324.101,-67.118,409.254,0.0,342.135
24.14788324397523,23811,2,7,4,0.0,-0.001243,0.059693,-0.001691,476.58,493.0,415.714,0.0,415,462,0.0,0.059,0.0,0.0,0.059,220.984,255.595,0.0,476.58,-13.135,428.85,0.0,415.714
24.14788324397523,23816,2,7,4,0.0,-0.001347,0.064699,-0.017147,550.491,493.0,509.67,0.0,509,493,0.0,0.064,0.0,0.0,0.064,294.649,255.841,0.0,550.491,45.992,463.677,0.0,509.67
24.159440204966813,23821,2,7,4,0.0,-0.001303,0.062555,0.011901,438.346,430.0,456.187,0.0,456,462,0.0,0.062,0.0,0.0,0.062,182.353,255.993,0.0,438.346,6.677,449.51,0.0,456.187
24.159440204966813,23826,2,7,4,0.0,-0.001239,0.059504,0.009357,436.671,449.0,430.153,0.0,430,474,0.0,0.059,0.0,0.0,0.059,180.527,256.143,0.0,436.671,-9.862,440.016,0.0,430.153
24.17115923098754,23831,2,7,4,0.0,-0.0012,0.057639,0.009334,430.186,462.0,404.339,0.0,404,443,0.0,0.057,0.0,0.0,0.057,173.897,256.288,0.0,430.186,-25.451,429.79,0.0,404.339
24.17115923098754,23836,2,7,4,0.0,-0.001175,0.056408,-0.000219,460.317,474.0,422.059,0.0,422,474,0.0,0.056,0.0,0.0,0.056,203.859,256.458,0.0,460.317,-10.945,433.005,0.0,422.059
24.17115923098754,23841,2,7,4,0.0,-0.001205,0.057855,-0.006624,488.777,493.0,435.606,0.0,435,480,0.0,0.057,0.0,0.0,0.057,232.125,256.651,0.0,488.777,-3.378,438.984,0.0,435.606
24.184154639951885,23846,2,7,4,0.0,-0.001247,0.059896,0.003347,460.395,443.0,451.196,0.0,451,461,0.0,0.059,0.0,0.0,0.059,203.574,256.821,0.0,460.395,13.916,437.279,0.0,451.196
24.184154639951885,23851,2,7,4,0.0,-0.001234,0.059258,0.023268,386.494,413.0,390.756,0.0,390,413,0.0,0.059,0.0,0.0,0.059,129.564,256.929,0.0,386.494,-21.204,411.96,0.0,390.756
24.195301094907336,23856,2,7,4,0.0,-0.001217,0.058451,0.002282,459.306,443.0,436.402,0.0,436,443,0.0,0.058,0.0,0.0,0.058,202.208,257.098,0.0,459.306,13.045,423.357,0.0,436.402
24.195301094907336,23861,2,7,4,0.0,-0.001232,0.059149,-0.011719,512.437,474.0,480.164,0.0,480,449,0.0,0.059,0.0,0.0,0.059,255.127,257.31,0.0,512.437,30.75,449.413,0.0,480.164
24.207149215973914,23866,2,7,4,0.0,-0.001244,0.059752,0.006529,449.073,449.0,444.977,0.0,444,443,0.0,0.059,0.0,0.0,0.059,191.602,257.47,0.0,449.073,0.058,444.918,0.0,444.977
24.207149215973914,23871,2,7,4,0.0,-0.001214,0.058301,0.010249,430.595,462.0,410.358,0.0,410,443,0.0,0.058,0.0,0.0,0.058,172.986,257.609,0.0,430.595,-25.123,435.481,0.0,410.358
24.207149215973914,23876,2,7,4,0.0,-0.001186,0.056947,0.005633,442.495,456.0,421.416,0.0,421,462,0.0,0.056,0.0,0.0,0.056,184.732,257.763,0.0,442.495,-10.803,432.22,0.0,421.416
24.218669397989288,23881,2,7,4,0.0,-0.001205,0.05788,-0.008951,498.558,480.0,460.628,0.0,460,462,0.0,0.057,0.0,0.0,0.057,240.594,257.963,0.0,498.558,14.846,445.781,0.0,460.628
24.230149077950045,23890,2,7,4,0.0,-0.001242,0.059616,-0.007551,500.186,493.0,474.021,0.0,474,497,0.0,0.059,0.0,0.0,0.059,241.804,258.382,0.0,500.186,5.749,468.272,0.0,474.021
24.230149077950045,23895,2,7,4,0.0,-0.001205,0.057881,0.017344,404.439,430.0,421.347,0.0,421,426,0.0,0.057,0.0,0.0,0.057,145.935,258.504,0.0,404.439,-20.448,441.795,0.0,421.347
24.242100909003057,23900,2,7,4,0.0,-0.001145,0.054962,0.004868,438.993,443.0,434.761,0.0,434,443,0.0,0.054,0.0,0.0,0.054,180.338,258.654,0.0,438.993,-3.205,437.966,0.0,434.761
24.242100909003057,23906,2,7,4,0.0,-0.001172,0.056283,-0.00961,496.073,462.0,482.282,0.0,482,462,0.0,0.056,0.0,0.0,0.056,237.22,258.852,0.0,496.073,27.258,455.024,0.0,482.282
24.242100909003057,23911,2,7,4,0.0,-0.001219,0.058545,-0.012621,515.27,480.0,501.283,0.0,501,493,0.0,0.058,0.0,0.0,0.058,256.203,259.066,0.0,515.27,28.216,473.066,0.0,501.283
24.25447860895656,23916,2,7,4,0.0,-0.001198,0.057548,0.003416,454.104,480.0,441.427,0.0,441,462,0.0,0.057,0.0,0.0,0.057,194.875,259.228,0.0,454.104,-20.716,462.144,0.0,441.427
24.25447860895656,23921,2,7,4,0.0,-0.001164,0.055878,0.008034,431.611,430.0,453.943,0.0,453,443,0.0,0.055,0.0,0.0,0.055,172.239,259.372,0.0,431.611,1.289,452.654,0.0,453.943
24.265967465005815,23926,2,7,4,0.0,-0.001125,0.054013,0.003027,443.076,462.0,429.822,0.0,429,462,0.0,0.054,0.0,0.0,0.054,183.551,259.525,0.0,443.076,-15.139,444.961,0.0,429.822
24.265967465005815,23931,2,7,4,0.0,-0.001128,0.054183,-0.01007,491.03,497.0,451.162,0.0,451,497,0.0,0.054,0.0,0.0,0.054,231.312,259.717,0.0,491.03,-4.775,455.938,0.0,451.162
24.27768641198054,23936,2,7,4,0.0,-0.001165,0.055929,-0.011668,503.274,462.0,497.831,0.0,497,480,0.0,0.055,0.0,0.0,0.055,243.353,259.92,0.0,503.274,33.019,464.811,0.0,497.831
24.27768641198054,23941,2,7,4,0.0,-0.001185,0.056892,-0.002556,474.116,462.0,475.103,0.0,475,480,0.0,0.056,0.0,0.0,0.056,214.017,260.099,0.0,474.116,9.692,465.41,0.0,475.103
24.27768641198054,23946,2,7,4,0.0,-0.001136,0.05456,0.003679,443.423,474.0,429.259,0.0,429,456,0.0,0.054,0.0,0.0,0.054,183.171,260.251,0.0,443.423,-24.461,453.72,0.0,429.259
24.28973587800283,23951,2,7,4,0.0,-0.001146,0.05501,0.016848,397.749,443.0,395.972,0.0,395,443,0.0,0.055,0.0,0.0,0.055,137.382,260.366,0.0,397.749,-36.2,432.172,0.0,395.972
24.28973587800283,23956,2,7,4,0.0,-0.001171,0.056217,-0.004776,480.126,493.0,431.519,0.0,431,462,0.0,0.056,0.0,0.0,0.056,219.577,260.549,0.0,480.126,-10.298,441.818,0.0,431.519
24.301183121977374,23961,2,7,4,0.0,-0.001238,0.059434,-0.023494,559.334,497.0,525.872,0.0,525,493,0.0,0.059,0.0,0.0,0.059,298.545,260.788,0.0,559.334,49.867,476.005,0.0,525.872
24.301183121977374,23966,2,7,4,0.0,-0.001268,0.060887,-0.005238,499.04,497.0,480.517,0.0,480,493,0.0,0.06,0.0,0.0,0.06,238.053,260.986,0.0,499.04,1.632,478.885,0.0,480.517
24.301183121977374,23971,2,7,4,0.0,-0.001263,0.060645,-0.009873,515.069,525.0,478.322,0.0,478,497,0.0,0.06,0.0,0.0,0.06,253.87,261.198,0.0,515.069,-7.944,486.267,0.0,478.322
24.313482541940175,23980,2,7,4,0.0,-0.001194,0.057355,0.024536,379.624,443.0,389.366,0.0,389,413,0.0,0.057,0.0,0.0,0.057,118.149,261.474,0.0,379.624,-50.7,440.066,0.0,389.366
24.324883597902954,23985,2,7,4,0.0,-0.001251,0.060086,-0.001702,484.099,474.0,460.821,0.0,460,462,0.0,0.06,0.0,0.0,0.06,222.439,261.66,0.0,484.099,8.079,452.742,0.0,460.821
24.324883597902954,23990,2,7,4,0.0,-0.001321,0.063409,-0.012307,534.466,493.0,507.863,0.0,507,480,0.0,0.063,0.0,0.0,0.063,272.578,261.887,0.0,534.466,33.172,474.69,0.0,507.863
24.334730585920624,23996,2,7,4,0.0,-0.001405,0.067445,-0.007749,532.814,507.0,509.78,0.0,509,528,0.0,0.067,0.0,0.0,0.067,270.7,262.113,0.0,532.814,20.651,489.128,0.0,509.78
24.334730585920624,24001,2,7,4,0.0,-0.001301,0.062457,0.021734,408.836,443.0,429.296,0.0,429,462,0.0,0.062,0.0,0.0,0.062,146.601,262.235,0.0,408.836,-27.33,456.626,0.0,429.296
24.34777520596981,24006,2,7,4,0.0,-0.001253,0.060183,0.021868,400.282,443.0,400.718,0.0,400,413,0.0,0.06,0.0,0.0,0.06,137.931,262.35,0.0,400.282,-34.174,434.892,0.0,400.718
24.34777520596981,24011,2,7,4,0.0,-0.001311,0.062929,-0.016843,549.773,493.0,516.812,0.0,516,515,0.0,0.062,0.0,0.0,0.062,287.183,262.59,0.0,549.773,45.418,471.393,0.0,516.812
24.34777520596981,24016,2,7,4,0.0,-0.001358,0.065199,-0.026959,594.638,545.0,543.618,0.0,543,545,0.0,0.065,0.0,0.0,0.065,331.771,262.866,0.0,594.638,39.71,503.907,0.0,543.618
24.359436128987,24021,2,7,4,0.0,-0.001343,0.064489,0.02036,421.863,474.0,429.712,0.0,429,462,0.0,0.064,0.0,0.0,0.064,158.864,262.999,0.0,421.863,-41.709,471.421,0.0,429.712
24.359436128987,24026,2,7,4,0.0,-0.001307,0.062767,0.01233,444.726,493.0,422.72,0.0,422,474,0.0,0.062,0.0,0.0,0.062,181.576,263.15,0.0,444.726,-38.618,461.338,0.0,422.72
24.370940433931537,24031,2,7,4,0.0,-0.001318,0.063296,-0.018562,558.089,493.0,549.512,0.0,549,510,0.0,0.063,0.0,0.0,0.063,294.693,263.396,0.0,558.089,52.071,497.44,0.0,549.512
24.382186626899056,24041,2,7,4,0.0,-0.00133,0.063886,-0.004854,511.25,480.0,520.531,0.0,520,510,0.0,0.063,0.0,0.0,0.063,247.468,263.782,0.0,511.25,25.0,495.531,0.0,520.531
24.382186626899056,24051,2,7,4,0.0,-0.001287,0.061807,0.015357,431.35,480.0,439.652,0.0,439,462,0.0,0.061,0.0,0.0,0.061,167.217,264.133,0.0,431.35,-38.919,478.571,0.0,439.652
24.393509201938286,24056,2,7,4,0.0,-0.001131,0.054329,-0.015447,515.539,510.0,499.211,0.0,499,510,0.0,0.054,0.0,0.0,0.054,251.196,264.343,0.0,515.539,4.431,494.78,0.0,499.211
24.393509201938286,24061,2,7,4,0.0,-0.001144,0.054917,0.001012,458.564,449.0,487.305,0.0,487,462,0.0,0.054,0.0,0.0,0.054,194.059,264.504,0.0,458.564,7.651,479.654,0.0,487.305
24.40502081590239,24070,2,7,4,0.0,-0.001144,0.054915,0.002221,454.545,474.0,447.469,0.0,447,462,0.0,0.054,0.0,0.0,0.054,189.698,264.847,0.0,454.545,-15.563,463.032,0.0,447.469
24.417026818962768,24075,2,7,4,0.0,-0.001137,0.054576,-0.014463,513.598,493.0,494.297,0.0,494,497,0.0,0.054,0.0,0.0,0.054,248.544,265.054,0.0,513.598,16.478,477.818,0.0,494.297
24.417026818962768,24080,2,7,4,0.0,-0.001143,0.054893,-0.000563,464.865,462.0,476.773,0.0,476,493,0.0,0.054,0.0,0.0,0.054,199.644,265.22,0.0,464.865,2.292,474.481,0.0,476.773
24.417026818962768,24086,2,7,4,0.0,-0.001111,0.053339,0.031095,345.367,413.0,376.7,0.0,376,413,0.0,0.053,0.0,0.0,0.053,80.079,265.287,0.0,345.367,-54.106,430.807,0.0,376.7
24.4275079369545,24091,2,7,4,0.0,-0.001128,0.054166,-0.013008,507.319,462.0,494.672,0.0,494,507,0.0,0.054,0.0,0.0,0.054,241.829,265.489,0.0,507.319,36.255,458.416,0.0,494.672
24.4275079369545,24096,2,7,4,0.0,-0.001206,0.057898,-0.004995,492.097,462.0,490.608,0.0,490,489,0.0,0.057,0.0,0.0,0.057,226.419,265.678,0.0,492.097,24.078,466.53,0.0,490.608
24.43816691695247,24101,2,7,4,0.0,-0.001201,0.057661,-0.017585,536.795,497.0,519.156,0.0,519,497,0.0,0.057,0.0,0.0,0.057,270.891,265.903,0.0,536.795,31.836,487.32,0.0,519.156
24.43816691695247,24106,2,7,4,0.0,-0.001179,0.056619,-0.015072,524.209,510.0,505.959,0.0,505,510,0.0,0.056,0.0,0.0,0.056,258.09,266.118,0.0,524.209,11.367,494.591,0.0,505.959
24.451157715986483,24111,2,7,4,0.0,-0.001087,0.05219,0.010074,417.86,443.0,444.772,0.0,444,462,0.0,0.052,0.0,0.0,0.052,151.615,266.245,0.0,417.86,-20.111,464.884,0.0,444.772
24.451157715986483,24116,2,7,4,0.0,-0.001062,0.050986,0.010706,411.372,462.0,403.353,0.0,403,413,0.0,0.05,0.0,0.0,0.05,145.006,266.366,0.0,411.372,-40.502,443.855,0.0,403.353
24.462797396001406,24121,2,7,4,0.0,-0.001096,0.052642,-0.0096,490.626,497.0,450.42,0.0,450,493,0.0,0.052,0.0,0.0,0.052,224.074,266.552,0.0,490.626,-5.098,455.518,0.0,450.42
24.462797396001406,24126,2,7,4,0.0,-0.001175,0.056444,-0.019986,541.934,510.0,501.317,0.0,501,510,0.0,0.056,0.0,0.0,0.056,275.152,266.782,0.0,541.934,25.547,475.77,0.0,501.317
24.462797396001406,24131,2,7,4,0.0,-0.001214,0.058307,-8.8e-05,477.184,480.0,462.054,0.0,462,462,0.0,0.058,0.0,0.0,0.058,210.227,266.957,0.0,477.184,-2.252,464.306,0.0,462.054
24.474926082999445,24136,2,7,4,0.0,-0.0012,0.057637,0.018678,407.326,443.0,416.129,0.0,416,474,0.0,0.057,0.0,0.0,0.057,140.252,267.074,0.0,407.326,-28.538,444.668,0.0,416.129
24.474926082999445,24141,2,7,4,0.0,-0.001188,0.057052,-0.008475,503.162,493.0,463.866,0.0,463,493,0.0,0.057,0.0,0.0,0.057,235.899,267.263,0.0,503.162,8.13,455.736,0.0,463.866
24.486634366912767,24146,2,7,4,0.0,-0.001222,0.058696,-0.013261,526.529,480.0,511.864,0.0,511,510,0.0,0.058,0.0,0.0,0.058,259.05,267.479,0.0,526.529,37.223,474.64,0.0,511.864
24.486634366912767,24151,2,7,4,0.0,-0.001235,0.059319,-0.010997,520.832,480.0,513.824,0.0,513,515,0.0,0.059,0.0,0.0,0.059,253.142,267.69,0.0,520.832,32.666,481.157,0.0,513.824
24.498902633902617,24160,2,7,4,0.0,-0.001197,0.05747,0.010771,436.098,462.0,429.517,0.0,429,430,0.0,0.057,0.0,0.0,0.057,168.116,267.981,0.0,436.098,-20.721,450.239,0.0,429.517
24.498902633902617,24165,2,7,4,0.0,-0.001223,0.058729,-0.00922,512.804,474.0,500.597,0.0,500,480,0.0,0.058,0.0,0.0,0.058,244.618,268.185,0.0,512.804,31.043,469.553,0.0,500.597
24.51051741396077,24170,2,7,4,0.0,-0.001226,0.058868,-0.00874,511.781,474.0,507.229,0.0,507,497,0.0,0.058,0.0,0.0,0.058,243.393,268.388,0.0,511.781,30.225,477.004,0.0,507.229
24.51051741396077,24176,2,7,4,0.0,-0.001228,0.058945,0.003318,468.816,510.0,437.401,0.0,437,480,0.0,0.058,0.0,0.0,0.058,200.26,268.555,0.0,468.816,-32.946,470.348,0.0,437.401
24.520032205968164,24181,2,7,4,0.0,-0.001212,0.058188,-0.007764,506.186,497.0,485.771,0.0,485,480,0.0,0.058,0.0,0.0,0.058,237.432,268.753,0.0,506.186,7.348,478.422,0.0,485.771
24.520032205968164,24186,2,7,4,0.0,-0.00119,0.057166,-0.011879,517.526,493.0,511.541,0.0,511,480,0.0,0.057,0.0,0.0,0.057,248.565,268.96,0.0,517.526,19.621,491.919,0.0,511.541
24.520032205968164,24191,2,7,4,0.0,-0.001154,0.055393,-0.000791,471.396,462.0,491.584,0.0,491,493,0.0,0.055,0.0,0.0,0.055,202.266,269.129,0.0,471.396,7.517,484.066,0.0,491.584
24.533874918939546,24196,2,7,4,0.0,-0.001132,0.054345,0.00502,446.844,462.0,456.723,0.0,456,462,0.0,0.054,0.0,0.0,0.054,177.567,269.277,0.0,446.844,-12.124,468.848,0.0,456.723
24.533874918939546,24201,2,7,4,0.0,-0.00116,0.05572,-0.026163,564.307,545.0,509.976,0.0,509,525,0.0,0.055,0.0,0.0,0.055,294.784,269.523,0.0,564.307,15.445,494.53,0.0,509.976
24.54338119190652,24206,2,7,4,0.0,-0.001231,0.059088,-0.011066,522.292,525.0,495.15,0.0,495,520,0.0,0.059,0.0,0.0,0.059,252.559,269.733,0.0,522.292,-2.165,497.316,0.0,495.15
24.54338119190652,24211,2,7,4,0.0,-0.001211,0.058137,0.008832,447.38,474.0,459.033,0.0,459,480,0.0,0.058,0.0,0.0,0.058,177.498,269.881,0.0,447.38,-21.295,480.329,0.0,459.033
24.557181695010513,24216,2,7,4,0.0,-0.001158,0.055588,0.00951,435.899,462.0,442.77,0.0,442,493,0.0,0.055,0.0,0.0,0.055,165.879,270.019,0.0,435.899,-20.88,463.651,0.0,442.77
24.557181695010513,24221,2,7,4,0.0,-0.001155,0.055466,0.005856,448.766,443.0,460.386,0.0,460,449,0.0,0.055,0.0,0.0,0.055,178.598,270.168,0.0,448.766,4.613,455.772,0.0,460.386
24.557181695010513,24226,2,7,4,0.0,-0.001177,0.056533,0.010329,436.64,462.0,423.072,0.0,423,443,0.0,0.056,0.0,0.0,0.056,166.333,270.307,0.0,436.64,-20.287,443.36,0.0,423.072
24.568863674998283,24231,2,7,4,0.0,-0.001238,0.059432,-0.006217,506.838,493.0,471.968,0.0,471,480,0.0,0.059,0.0,0.0,0.059,236.341,270.496,0.0,506.838,11.07,460.897,0.0,471.968
24.568863674998283,24236,2,7,4,0.0,-0.00124,0.059534,0.006877,460.221,462.0,456.481,0.0,456,443,0.0,0.059,0.0,0.0,0.059,189.566,270.654,0.0,460.221,-1.422,457.904,0.0,456.481
24.5782549160067,24241,2,7,4,0.0,-0.001216,0.058393,0.014005,430.583,443.0,442.488,0.0,442,462,0.0,0.058,0.0,0.0,0.058,159.795,270.787,0.0,430.583,-9.933,452.422,0.0,442.488
24.59105557296425,24250,2,7,4,0.0,-0.001199,0.057598,-0.005991,500.083,474.0,491.392,0.0,491,510,0.0,0.057,0.0,0.0,0.057,228.924,271.159,0.0,500.083,20.866,470.525,0.0,491.392
24.59105557296425,24255,2,7,4,0.0,-0.001201,0.057692,0.010769,440.221,443.0,457.893,0.0,457,462,0.0,0.057,0.0,0.0,0.057,168.921,271.3,0.0,440.221,-2.222,460.116,0.0,457.893
24.59105557296425,24260,2,7,4,0.0,-0.001205,0.057862,-0.008884,511.787,480.0,502.43,0.0,502,510,0.0,0.057,0.0,0.0,0.057,240.286,271.5,0.0,511.787,25.429,477.001,0.0,502.43
24.60413728200365,24266,2,7,4,0.0,-0.001186,0.056956,0.00195,469.687,462.0,477.482,0.0,477,467,0.0,0.056,0.0,0.0,0.056,198.021,271.665,0.0,469.687,6.15,471.332,0.0,477.482
24.60413728200365,24271,2,7,4,0.0,-0.001184,0.056835,0.007338,450.004,462.0,454.19,0.0,454,510,0.0,0.056,0.0,0.0,0.056,178.19,271.814,0.0,450.004,-9.596,463.786,0.0,454.19
24.614323559915647,24276,2,7,4,0.0,-0.001184,0.05685,0.013457,428.16,449.0,426.188,0.0,426,462,0.0,0.056,0.0,0.0,0.056,156.215,271.944,0.0,428.16,-16.671,442.86,0.0,426.188
24.614323559915647,24281,2,7,4,0.0,-0.001262,0.060578,-0.022401,570.918,542.0,504.67,0.0,504,528,0.0,0.06,0.0,0.0,0.06,298.725,272.193,0.0,570.918,23.135,481.535,0.0,504.67
24.626322480966337,24286,2,7,4,0.0,-0.001261,0.060563,0.002469,481.506,493.0,464.185,0.0,464,480,0.0,0.06,0.0,0.0,0.06,209.138,272.367,0.0,481.506,-9.195,473.381,0.0,464.185
24.626322480966337,24291,2,7,4,0.0,-0.001222,0.058693,0.004447,467.813,462.0,475.195,0.0,475,462,0.0,0.058,0.0,0.0,0.058,195.283,272.53,0.0,467.813,4.651,470.544,0.0,475.195
24.626322480966337,24296,2,7,4,0.0,-0.001199,0.057573,-0.002655,489.537,510.0,453.827,0.0,453,493,0.0,0.057,0.0,0.0,0.057,216.826,272.711,0.0,489.537,-16.369,470.197,0.0,453.827
24.638095941976644,24301,2,7,4,0.0,-0.001172,0.056301,-0.011609,517.395,510.0,485.985,0.0,485,542,0.0,0.056,0.0,0.0,0.056,244.48,272.914,0.0,517.395,5.916,480.068,0.0,485.985
24.638095941976644,24306,2,7,4,0.0,-0.001151,0.055266,0.018903,403.931,449.0,412.032,0.0,412,462,0.0,0.055,0.0,0.0,0.055,130.907,273.024,0.0,403.931,-36.054,448.087,0.0,412.032
24.649212255957536,24311,2,7,4,0.0,-0.001162,0.055777,0.015346,418.697,413.0,440.399,0.0,440,449,0.0,0.055,0.0,0.0,0.055,145.552,273.145,0.0,418.697,4.558,435.841,0.0,440.399
24.649212255957536,24316,2,7,4,0.0,-0.001189,0.057088,-0.001364,483.752,480.0,449.312,0.0,449,480,0.0,0.057,0.0,0.0,0.057,210.431,273.32,0.0,483.752,3.001,446.31,0.0,449.312
24.660907947923988,24321,2,7,4,0.0,-0.001226,0.058888,-0.009742,520.588,493.0,489.502,0.0,489,493,0.0,0.058,0.0,0.0,0.058,247.069,273.518,0.0,520.588,22.07,467.431,0.0,489.502
24.660907947923988,24326,2,7,4,0.0,-0.001201,0.057683,-0.003734,494.81,480.0,482.627,0.0,482,493,0.0,0.057,0.0,0.0,0.057,221.107,273.703,0.0,494.81,11.848,470.778,0.0,482.627
24.660907947923988,24331,2,7,4,0.0,-0.001127,0.054121,0.026135,374.534,413.0,398.79,0.0,398,462,0.0,0.054,0.0,0.0,0.054,100.747,273.787,0.0,374.534,-30.772,429.562,0.0,398.79
24.672606557956897,24336,2,7,4,0.0,-0.001081,0.051891,-0.000229,461.58,462.0,432.561,0.0,432,474,0.0,0.051,0.0,0.0,0.051,187.637,273.943,0.0,461.58,-0.335,432.897,0.0,432.561
24.683769892901182,24345,2,7,4,0.0,-0.00118,0.056655,-0.00767,505.946,493.0,480.994,0.0,480,493,0.0,0.056,0.0,0.0,0.056,231.573,274.372,0.0,505.946,10.357,470.637,0.0,480.994
24.683769892901182,24350,2,7,4,0.0,-0.001152,0.055334,0.018686,406.415,430.0,429.239,0.0,429,413,0.0,0.055,0.0,0.0,0.055,131.932,274.482,0.0,406.415,-18.867,448.107,0.0,429.239
24.69538999092765,24356,2,7,4,0.0,-0.001102,0.052914,0.012772,419.112,449.0,412.527,0.0,412,430,0.0,0.052,0.0,0.0,0.052,144.509,274.603,0.0,419.112,-23.909,436.437,0.0,412.527
24.69538999092765,24361,2,7,4,0.0,-0.001086,0.052137,0.015578,406.324,443.0,391.878,0.0,391,400,0.0,0.052,0.0,0.0,0.052,131.611,274.713,0.0,406.324,-29.34,421.218,0.0,391.878
24.70669691893272,24366,2,7,4,0.0,-0.001132,0.054379,-0.004935,488.426,493.0,437.109,0.0,437,480,0.0,0.054,0.0,0.0,0.054,213.535,274.891,0.0,488.426,-3.658,440.768,0.0,437.109
24.70669691893272,24371,2,7,4,0.0,-0.001182,0.056775,-0.006829,504.06,462.0,488.886,0.0,488,474,0.0,0.056,0.0,0.0,0.056,228.978,275.081,0.0,504.06,33.648,455.238,0.0,488.886
24.70669691893272,24376,2,7,4,0.0,-0.00116,0.055682,-0.000648,478.039,462.0,470.616,0.0,470,480,0.0,0.055,0.0,0.0,0.055,202.788,275.25,0.0,478.039,12.831,457.784,0.0,470.616
24.71861274098046,24381,2,7,4,0.0,-0.001129,0.054206,-0.003768,484.134,497.0,452.001,0.0,452,462,0.0,0.054,0.0,0.0,0.054,208.709,275.424,0.0,484.134,-10.292,462.294,0.0,452.001
24.71861274098046,24386,2,7,4,0.0,-0.001082,0.051974,0.009795,427.397,462.0,422.664,0.0,422,474,0.0,0.051,0.0,0.0,0.051,151.846,275.551,0.0,427.397,-27.681,450.346,0.0,422.664
24.730071256984957,24391,2,7,4,0.0,-0.001064,0.051113,0.015204,404.932,430.0,410.85,0.0,410,443,0.0,0.051,0.0,0.0,0.051,129.273,275.659,0.0,404.932,-20.054,430.905,0.0,410.85
24.730071256984957,24396,2,7,4,0.0,-0.00111,0.053306,0.003486,455.16,462.0,425.784,0.0,425,462,0.0,0.053,0.0,0.0,0.053,179.352,275.808,0.0,455.16,-5.471,431.255,0.0,425.784
24.74118015996646,24401,2,7,4,0.0,-0.001106,0.053108,0.012508,422.092,426.0,418.669,0.0,418,430,0.0,0.053,0.0,0.0,0.053,146.162,275.93,0.0,422.092,-3.125,421.794,0.0,418.669
24.74118015996646,24406,2,7,4,0.0,-0.001133,0.054409,0.003314,460.025,443.0,443.055,0.0,443,462,0.0,0.054,0.0,0.0,0.054,183.942,276.083,0.0,460.025,13.62,429.435,0.0,443.055
24.74118015996646,24411,2,7,4,0.0,-0.001067,0.051247,0.021758,382.329,395.0,396.221,0.0,396,426,0.0,0.051,0.0,0.0,0.051,106.16,276.168,0.0,382.329,-10.136,406.357,0.0,396.221
24.75297436292749,24416,2,7,4,0.0,-0.000989,0.047482,0.016868,386.471,430.0,358.766,0.0,358,443,0.0,0.047,0.0,0.0,0.047,110.21,276.26,0.0,386.471,-34.823,393.589,0.0,358.766
24.75297436292749,24421,2,7,4,0.0,-0.000981,0.047109,0.002629,436.521,462.0,378.896,0.0,378,474,0.0,0.047,0.0,0.0,0.047,160.127,276.393,0.0,436.521,-20.383,399.279,0.0,378.896
24.764353598002344,24426,2,7,4,0.0,-0.001014,0.0487,-0.004712,468.842,430.0,443.628,0.0,443,449,0.0,0.048,0.0,0.0,0.048,192.288,276.554,0.0,468.842,31.074,412.554,0.0,443.628
24.775229359976947,24435,2,7,4,0.0,-0.001074,0.051562,-0.001894,469.382,462.0,448.684,0.0,448,467,0.0,0.051,0.0,0.0,0.051,192.446,276.936,0.0,469.382,5.906,442.778,0.0,448.684
24.775229359976947,24440,2,7,4,0.0,-0.001061,0.05094,0.009089,427.727,449.0,413.598,0.0,413,443,0.0,0.05,0.0,0.0,0.05,150.666,277.061,0.0,427.727,-17.017,430.616,0.0,413.598
24.775229359976947,24446,2,7,4,0.0,-0.001026,0.049258,-0.014934,508.351,462.0,488.551,0.0,488,462,0.0,0.049,0.0,0.0,0.049,231.096,277.254,0.0,508.351,37.08,451.47,0.0,488.551
24.787774098920636,24451,2,7,4,0.0,-0.001029,0.049439,-0.007045,480.769,462.0,469.69,0.0,469,480,0.0,0.049,0.0,0.0,0.049,203.344,277.424,0.0,480.769,15.015,454.675,0.0,469.69
24.787774098920636,24456,2,7,4,0.0,-0.001048,0.050347,-0.012959,505.52,507.0,462.213,0.0,462,510,0.0,0.05,0.0,0.0,0.05,227.906,277.614,0.0,505.52,-1.183,463.397,0.0,462.213
24.799250852898695,24461,2,7,4,0.0,-0.001038,0.049839,-0.006127,479.262,493.0,448.093,0.0,448,497,0.0,0.049,0.0,0.0,0.049,201.479,277.782,0.0,479.262,-10.99,459.084,0.0,448.093
24.799250852898695,24466,2,7,4,0.0,-0.001078,0.051763,-0.003726,477.712,474.0,462.196,0.0,462,462,0.0,0.051,0.0,0.0,0.051,199.764,277.948,0.0,477.712,2.97,459.226,0.0,462.196
24.810465234913863,24471,2,7,4,0.0,-0.001075,0.051624,0.002235,455.895,462.0,445.688,0.0,445,474,0.0,0.051,0.0,0.0,0.051,177.799,278.096,0.0,455.895,-4.883,450.572,0.0,445.688
24.810465234913863,24476,2,7,4,0.0,-0.001104,0.053019,-0.004756,486.263,510.0,434.557,0.0,434,474,0.0,0.053,0.0,0.0,0.053,207.993,278.27,0.0,486.263,-18.988,453.545,0.0,434.557
24.82249969197437,24481,2,7,4,0.0,-0.001128,0.054157,0.003226,461.771,462.0,451.867,0.0,451,462,0.0,0.054,0.0,0.0,0.054,183.348,278.422,0.0,461.771,-0.182,452.05,0.0,451.867
24.82249969197437,24486,2,7,4,0.0,-0.001111,0.053353,-0.015983,528.243,493.0,500.881,0.0,500,497,0.0,0.053,0.0,0.0,0.053,249.612,278.63,0.0,528.243,28.194,472.687,0.0,500.881
24.82249969197437,24491,2,7,4,0.0,-0.00108,0.051881,0.006748,441.248,443.0,454.814,0.0,454,462,0.0,0.051,0.0,0.0,0.051,162.481,278.766,0.0,441.248,-1.401,456.215,0.0,454.814
24.835293679963797,24496,2,7,4,0.0,-0.00107,0.051361,0.020587,389.645,413.0,410.953,0.0,410,430,0.0,0.051,0.0,0.0,0.051,110.786,278.858,0.0,389.645,-18.683,429.637,0.0,410.953
24.835293679963797,24501,2,7,4,0.0,-0.001095,0.052565,-0.016256,526.815,493.0,485.685,0.0,485,493,0.0,0.052,0.0,0.0,0.052,247.757,279.057,0.0,526.815,27.052,458.633,0.0,485.685
24.8475851129042,24506,2,7,4,0.0,-0.001136,0.054564,-0.014261,527.035,507.0,492.901,0.0,492,510,0.0,0.054,0.0,0.0,0.054,247.771,279.263,0.0,527.035,16.028,476.872,0.0,492.901
24.8475851129042,24511,2,7,4,0.0,-0.001106,0.053124,0.024858,381.108,439.0,390.373,0.0,390,443,0.0,0.053,0.0,0.0,0.053,101.76,279.348,0.0,381.108,-46.312,436.685,0.0,390.373
24.8475851129042,24516,2,7,4,0.0,-0.001058,0.050802,0.003428,450.035,467.0,422.712,0.0,422,462,0.0,0.05,0.0,0.0,0.05,170.544,279.49,0.0,450.035,-13.571,436.284,0.0,422.712
24.859447415918112,24525,2,7,4,0.0,-0.001097,0.052692,0.010654,431.141,462.0,413.67,0.0,413,462,0.0,0.052,0.0,0.0,0.052,151.337,279.803,0.0,431.141,-24.686,438.357,0.0,413.67
24.870402144966647,24530,2,7,4,0.0,-0.001088,0.052225,0.013994,417.548,443.0,405.133,0.0,405,413,0.0,0.052,0.0,0.0,0.052,137.63,279.918,0.0,417.548,-20.361,425.494,0.0,405.133
24.870402144966647,24536,2,7,4,0.0,-0.001125,0.054026,0.003457,462.119,443.0,451.295,0.0,451,443,0.0,0.054,0.0,0.0,0.054,182.048,280.07,0.0,462.119,15.295,435.999,0.0,451.295
24.870402144966647,24541,2,7,4,0.0,-0.001117,0.053643,-0.008407,503.638,474.0,471.802,0.0,471,474,0.0,0.053,0.0,0.0,0.053,223.382,280.256,0.0,503.638,23.71,448.091,0.0,471.802
24.883627978968434,24546,2,7,4,0.0,-0.001076,0.051671,-0.005295,485.51,462.0,470.316,0.0,470,462,0.0,0.051,0.0,0.0,0.051,205.082,280.427,0.0,485.51,18.808,451.507,0.0,470.316
24.883627978968434,24551,2,7,4,0.0,-0.001054,0.050592,-0.000956,466.157,474.0,440.353,0.0,440,449,0.0,0.05,0.0,0.0,0.05,185.575,280.582,0.0,466.157,-6.274,446.627,0.0,440.353
24.89588416693732,24556,2,7,4,0.0,-0.001049,0.050372,-0.00435,477.747,474.0,455.11,0.0,455,474,0.0,0.05,0.0,0.0,0.05,197.001,280.746,0.0,477.747,2.998,452.111,0.0,455.11
24.89588416693732,24561,2,7,4,0.0,-0.001056,0.050694,0.006946,438.37,462.0,425.774,0.0,425,462,0.0,0.05,0.0,0.0,0.05,157.492,280.877,0.0,438.37,-18.903,444.678,0.0,425.774
24.89588416693732,24566,2,7,4,0.0,-0.000995,0.047763,0.013393,404.71,413.0,419.193,0.0,419,430,0.0,0.047,0.0,0.0,0.047,123.729,280.98,0.0,404.71,-6.631,425.824,0.0,419.193
24.907867471920326,24571,2,7,4,0.0,-0.00097,0.046596,0.003543,436.104,462.0,401.844,0.0,401,443,0.0,0.046,0.0,0.0,0.046,154.994,281.109,0.0,436.104,-20.716,422.561,0.0,401.844
24.907867471920326,24576,2,7,4,0.0,-0.001006,0.048296,0.00377,441.539,443.0,422.135,0.0,422,413,0.0,0.048,0.0,0.0,0.048,160.296,281.243,0.0,441.539,-1.168,423.303,0.0,422.135
24.91901595389936,24581,2,7,4,0.0,-0.000972,0.046682,0.014368,397.67,413.0,395.864,0.0,395,413,0.0,0.046,0.0,0.0,0.046,116.329,281.34,0.0,397.67,-12.263,408.128,0.0,395.864
24.91901595389936,24586,2,7,4,0.0,-0.000928,0.044559,0.011293,401.197,395.0,402.633,0.0,402,413,0.0,0.044,0.0,0.0,0.044,119.757,281.44,0.0,401.197,4.957,397.675,0.0,402.633
24.930567391915247,24591,2,7,4,0.0,-0.000921,0.044255,-0.006685,464.974,443.0,429.712,0.0,429,480,0.0,0.044,0.0,0.0,0.044,183.387,281.587,0.0,464.974,17.579,412.133,0.0,429.712
24.930567391915247,24596,2,7,4,0.0,-0.000967,0.046445,-0.011622,490.803,480.0,433.198,0.0,433,474,0.0,0.046,0.0,0.0,0.046,209.042,281.761,0.0,490.803,8.642,424.555,0.0,433.198
24.94283013790846,24601,2,7,4,0.0,-0.000983,0.047231,-0.008048,480.935,462.0,451.328,0.0,451,462,0.0,0.047,0.0,0.0,0.047,199.008,281.927,0.0,480.935,15.148,436.179,0.0,451.328
24.94283013790846,24606,2,7,4,0.0,-0.000993,0.047699,-0.018986,522.197,480.0,494.935,0.0,494,493,0.0,0.047,0.0,0.0,0.047,240.07,282.127,0.0,522.197,33.758,461.177,0.0,494.935
24.95445760898292,24615,2,7,4,0.0,-0.000943,0.045289,0.001808,438.93,474.0,408.024,0.0,408,462,0.0,0.045,0.0,0.0,0.045,156.53,282.4,0.0,438.93,-28.055,436.079,0.0,408.024
24.95445760898292,24620,2,7,4,0.0,-0.000969,0.046513,0.006605,426.189,443.0,410.368,0.0,410,413,0.0,0.046,0.0,0.0,0.046,143.669,282.52,0.0,426.189,-13.448,423.816,0.0,410.368
24.965499676996842,24626,2,7,4,0.0,-0.000994,0.047725,0.019517,384.153,413.0,380.931,0.0,380,413,0.0,0.047,0.0,0.0,0.047,101.548,282.605,0.0,384.153,-23.077,404.009,0.0,380.931
24.965499676996842,24631,2,7,4,0.0,-0.001098,0.052736,-0.007346,499.086,443.0,474.135,0.0,474,462,0.0,0.052,0.0,0.0,0.052,216.3,282.785,0.0,499.086,44.868,429.266,0.0,474.135
24.977343249949627,24636,2,7,4,0.0,-0.001084,0.052049,-0.010075,506.62,462.0,481.753,0.0,481,462,0.0,0.052,0.0,0.0,0.052,223.649,282.971,0.0,506.62,35.696,446.056,0.0,481.753
24.977343249949627,24641,2,7,4,0.0,-0.001027,0.04931,0.007632,433.137,462.0,410.689,0.0,410,443,0.0,0.049,0.0,0.0,0.049,150.04,283.096,0.0,433.137,-23.09,433.779,0.0,410.689
24.977343249949627,24646,2,7,4,0.0,-0.000935,0.044913,0.020686,370.386,430.0,354.566,0.0,354,408,0.0,0.044,0.0,0.0,0.044,87.216,283.169,0.0,370.386,-47.691,402.257,0.0,354.566
24.9889064359013,24651,2,7,4,0.0,-0.000942,0.045222,0.005336,426.877,413.0,411.134,0.0,411,400,0.0,0.045,0.0,0.0,0.045,143.588,283.288,0.0,426.877,11.102,400.032,0.0,411.134
24.9889064359013,24656,2,7,4,0.0,-0.001006,0.048318,-0.006799,481.879,443.0,453.113,0.0,453,430,0.0,0.048,0.0,0.0,0.048,198.425,283.454,0.0,481.879,31.103,422.009,0.0,453.113
25.000133570982143,24661,2,7,4,0.0,-0.001107,0.053155,-0.012583,520.312,480.0,482.045,0.0,482,480,0.0,0.053,0.0,0.0,0.053,236.661,283.651,0.0,520.312,32.25,449.795,0.0,482.045
25.000133570982143,24666,2,7,4,0.0,-0.001129,0.054228,0.004498,462.83,462.0,448.142,0.0,448,462,0.0,0.054,0.0,0.0,0.054,179.029,283.8,0.0,462.83,0.664,447.478,0.0,448.142
25.012166205910034,24671,2,7,4,0.0,-0.001029,0.049436,0.036089,331.891,395.0,349.323,0.0,349,413,0.0,0.049,0.0,0.0,0.049,48.051,283.84,0.0,331.891,-50.486,399.809,0.0,349.323
25.012166205910034,24676,2,7,4,0.0,-0.001001,0.048056,-0.012764,502.979,474.0,449.674,0.0,449,462,0.0,0.048,0.0,0.0,0.048,218.956,284.023,0.0,502.979,23.183,426.491,0.0,449.674
25.012166205910034,24681,2,7,4,0.0,-0.000975,0.046828,0.002707,442.991,430.0,432.632,0.0,432,449,0.0,0.046,0.0,0.0,0.046,158.835,284.155,0.0,442.991,10.392,422.239,0.0,432.632
25.023555257939734,24686,2,7,4,0.0,-0.000985,0.047281,-0.004547,470.888,474.0,426.321,0.0,426,474,0.0,0.047,0.0,0.0,0.047,186.583,284.305,0.0,470.888,-2.489,428.811,0.0,426.321
25.023555257939734,24691,2,7,4,0.0,-0.001013,0.048636,0.008214,429.946,430.0,420.498,0.0,420,443,0.0,0.048,0.0,0.0,0.048,145.519,284.426,0.0,429.946,-0.043,420.541,0.0,420.498
25.03509999695234,24696,2,7,4,0.0,-0.000933,0.044825,0.020021,373.795,426.0,349.847,0.0,349,413,0.0,0.044,0.0,0.0,0.044,89.294,284.5,0.0,373.795,-41.763,391.611,0.0,349.847
25.046313823899254,24705,2,7,4,0.0,-0.000902,0.043321,0.011025,401.021,426.0,376.006,0.0,376,426,0.0,0.043,0.0,0.0,0.043,116.266,284.755,0.0,401.021,-19.982,395.989,0.0,376.006
25.046313823899254,24710,2,7,4,0.0,-0.000908,0.043624,-0.004046,456.514,413.0,445.525,0.0,445,449,0.0,0.043,0.0,0.0,0.043,171.616,284.898,0.0,456.514,34.811,410.713,0.0,445.525
25.046313823899254,24716,2,7,4,0.0,-0.000923,0.044351,-0.004249,460.005,443.0,431.656,0.0,431,430,0.0,0.044,0.0,0.0,0.044,174.961,285.044,0.0,460.005,13.604,418.051,0.0,431.656
25.057907392969355,24721,2,7,4,0.0,-0.000922,0.044278,0.015821,387.577,395.0,393.016,0.0,393,413,0.0,0.044,0.0,0.0,0.044,102.447,285.13,0.0,387.577,-5.937,398.954,0.0,393.016
25.057907392969355,24726,2,7,4,0.0,-0.000957,0.045956,0.00932,417.127,426.0,390.769,0.0,390,413,0.0,0.045,0.0,0.0,0.045,131.887,285.239,0.0,417.127,-7.097,397.867,0.0,390.769
25.069374909973703,24731,2,7,4,0.0,-0.001019,0.048944,-0.020057,533.854,474.0,481.613,0.0,481,480,0.0,0.048,0.0,0.0,0.048,248.407,285.446,0.0,533.854,47.883,433.73,0.0,481.613
25.069374909973703,24736,2,7,4,0.0,-0.001021,0.049016,0.005011,443.997,443.0,426.964,0.0,426,462,0.0,0.049,0.0,0.0,0.049,158.418,285.578,0.0,443.997,0.797,426.167,0.0,426.964
25.08105345093645,24741,2,7,4,0.0,-0.001026,0.049255,0.017359,400.499,413.0,400.868,0.0,400,430,0.0,0.049,0.0,0.0,0.049,114.824,285.674,0.0,400.499,-10.0,410.869,0.0,400.868
25.08105345093645,24746,2,7,4,0.0,-0.001008,0.048429,0.002281,451.946,426.0,435.088,0.0,435,413,0.0,0.048,0.0,0.0,0.048,166.133,285.813,0.0,451.946,20.756,414.331,0.0,435.088
25.08105345093645,24751,2,7,4,0.0,-0.001045,0.050183,-0.020335,539.894,507.0,474.701,0.0,474,493,0.0,0.05,0.0,0.0,0.05,253.87,286.024,0.0,539.894,26.315,448.385,0.0,474.701
25.093318130937405,24756,2,7,4,0.0,-0.001018,0.048882,0.004447,446.126,462.0,422.202,0.0,422,443,0.0,0.048,0.0,0.0,0.048,159.968,286.157,0.0,446.126,-12.698,434.901,0.0,422.202
25.093318130937405,24761,2,7,4,0.0,-0.000961,0.046171,-0.001013,456.166,462.0,430.706,0.0,430,474,0.0,0.046,0.0,0.0,0.046,169.867,286.299,0.0,456.166,-4.666,435.373,0.0,430.706
25.104576897923835,24766,2,7,4,0.0,-0.000962,0.046223,0.005369,433.498,426.0,433.576,0.0,433,462,0.0,0.046,0.0,0.0,0.046,147.076,286.422,0.0,433.498,5.999,427.576,0.0,433.576
25.104576897923835,24771,2,7,4,0.0,-0.000978,0.046975,0.001977,448.55,462.0,411.642,0.0,411,462,0.0,0.046,0.0,0.0,0.046,161.993,286.557,0.0,448.55,-10.759,422.401,0.0,411.642
25.11636509001255,24776,2,7,4,0.0,-0.000948,0.045531,0.010236,413.719,413.0,415.249,0.0,415,413,0.0,0.045,0.0,0.0,0.045,127.06,286.659,0.0,413.719,0.575,414.673,0.0,415.249
25.11636509001255,24781,2,7,4,0.0,-0.000976,0.046884,-0.008873,487.556,462.0,453.125,0.0,453,462,0.0,0.046,0.0,0.0,0.046,200.73,286.826,0.0,487.556,20.445,432.68,0.0,453.125
25.11636509001255,24786,2,7,4,0.0,-0.001014,0.048689,-0.02146,539.575,493.0,496.313,0.0,496,510,0.0,0.048,0.0,0.0,0.048,252.539,287.036,0.0,539.575,37.26,459.052,0.0,496.313
25.128375250962563,24795,2,7,4,0.0,-0.000943,0.045298,0.004678,433.516,462.0,407.905,0.0,407,449,0.0,0.045,0.0,0.0,0.045,146.23,287.285,0.0,433.516,-22.787,430.693,0.0,407.905
25.13942489400506,24800,2,7,4,0.0,-0.000935,0.044927,-0.003796,462.836,462.0,436.273,0.0,436,462,0.0,0.044,0.0,0.0,0.044,175.404,287.431,0.0,462.836,0.668,435.604,0.0,436.273
25.13942489400506,24806,2,7,4,0.0,-0.00099,0.047566,-0.009757,493.972,462.0,473.587,0.0,473,462,0.0,0.047,0.0,0.0,0.047,206.368,287.604,0.0,493.972,25.578,448.009,0.0,473.587
25.15098702593241,24811,2,7,4,0.0,-0.00098,0.047073,0.005517,437.332,462.0,418.456,0.0,418,430,0.0,0.047,0.0,0.0,0.047,149.603,287.728,0.0,437.332,-19.734,438.191,0.0,418.456
25.15098702593241,24816,2,7,4,0.0,-0.000965,0.046367,0.004136,439.887,462.0,414.292,0.0,414,456,0.0,0.046,0.0,0.0,0.046,152.032,287.855,0.0,439.887,-17.689,431.981,0.0,414.292
25.15098702593241,24821,2,7,4,0.0,-0.000957,0.045976,0.011752,411.162,426.0,405.977,0.0,405,408,0.0,0.045,0.0,0.0,0.045,123.204,287.958,0.0,411.162,-11.869,417.847,0.0,405.977
25.16304919391405,24826,2,7,4,0.0,-0.000945,0.045384,0.002347,443.018,430.0,432.073,0.0,432,462,0.0,0.045,0.0,0.0,0.045,154.931,288.087,0.0,443.018,10.415,421.658,0.0,432.073
25.16304919391405,24831,2,7,4,0.0,-0.000972,0.046698,-0.002627,465.807,449.0,443.026,0.0,443,474,0.0,0.046,0.0,0.0,0.046,177.572,288.235,0.0,465.807,13.446,429.58,0.0,443.026
25.1742193979444,24836,2,7,4,0.0,-0.000978,0.04696,-0.002646,466.968,462.0,440.144,0.0,440,474,0.0,0.046,0.0,0.0,0.046,178.584,288.384,0.0,466.968,3.975,436.169,0.0,440.144
25.1742193979444,24841,2,7,4,0.0,-0.000977,0.046913,0.003014,446.551,462.0,418.045,0.0,418,443,0.0,0.046,0.0,0.0,0.046,158.035,288.515,0.0,446.551,-12.359,430.404,0.0,418.045
25.186187027953565,24846,2,7,4,0.0,-0.000956,0.04589,0.000133,453.379,462.0,425.294,0.0,425,462,0.0,0.045,0.0,0.0,0.045,164.726,288.653,0.0,453.379,-6.896,432.19,0.0,425.294
25.186187027953565,24851,2,7,4,0.0,-0.000942,0.04523,-0.000957,455.069,462.0,427.178,0.0,427,462,0.0,0.045,0.0,0.0,0.045,166.278,288.791,0.0,455.069,-5.544,432.722,0.0,427.178
25.186187027953565,24856,2,7,4,0.0,-0.000964,0.046293,-0.018298,521.515,493.0,478.309,0.0,478,497,0.0,0.046,0.0,0.0,0.046,232.53,288.985,0.0,521.515,22.812,455.496,0.0,478.309
25.197930850903504,24861,2,7,4,0.0,-0.000953,0.045776,0.020494,380.076,426.0,379.989,0.0,379,426,0.0,0.045,0.0,0.0,0.045,91.015,289.061,0.0,380.076,-36.738,416.727,0.0,379.989
25.197930850903504,24866,2,7,4,0.0,-0.00097,0.046599,-0.000692,459.451,462.0,425.661,0.0,425,462,0.0,0.046,0.0,0.0,0.046,170.253,289.197,0.0,459.451,-2.039,427.7,0.0,425.661
25.209549056948163,24871,2,7,4,0.0,-0.000973,0.046708,-0.000696,459.998,449.0,436.975,0.0,436,443,0.0,0.046,0.0,0.0,0.046,170.658,289.339,0.0,459.998,8.799,428.176,0.0,436.975
25.209549056948163,24876,2,7,4,0.0,-0.000935,0.044909,0.010163,414.529,426.0,404.848,0.0,404,430,0.0,0.044,0.0,0.0,0.044,125.085,289.444,0.0,414.529,-9.176,414.024,0.0,404.848
25.220877027953975,24885,2,7,4,0.0,-0.000945,0.045379,-0.002445,461.882,443.0,437.904,0.0,437,443,0.0,0.045,0.0,0.0,0.045,172.168,289.713,0.0,461.882,15.106,422.798,0.0,437.904
25.220877027953975,24890,2,7,4,0.0,-0.00095,0.04561,0.004347,438.382,462.0,397.686,0.0,397,413,0.0,0.045,0.0,0.0,0.045,148.545,289.837,0.0,438.382,-18.893,416.58,0.0,397.686
25.233026951900683,24895,2,7,4,0.0,-0.000939,0.045094,-0.021858,531.066,515.0,457.095,0.0,457,493,0.0,0.045,0.0,0.0,0.045,241.027,290.038,0.0,531.066,12.853,444.242,0.0,457.095
25.233026951900683,24901,2,7,4,0.0,-0.000905,0.043477,-0.007545,473.874,474.0,444.109,0.0,444,462,0.0,0.043,0.0,0.0,0.043,183.682,290.192,0.0,473.874,-0.1,444.209,0.0,444.109
25.244635668001138,24906,2,7,4,0.0,-0.000839,0.040301,0.027614,335.904,395.0,354.453,0.0,354,395,0.0,0.04,0.0,0.0,0.04,45.674,290.23,0.0,335.904,-47.276,401.729,0.0,354.453
25.244635668001138,24911,2,7,4,0.0,-0.000863,0.041429,0.003142,428.176,443.0,394.417,0.0,394,443,0.0,0.041,0.0,0.0,0.041,137.831,290.345,0.0,428.176,-11.858,406.276,0.0,394.417
25.253914395929314,24916,2,7,4,0.0,-0.000918,0.044082,-0.018909,517.305,462.0,475.667,0.0,475,462,0.0,0.044,0.0,0.0,0.044,226.771,290.534,0.0,517.305,44.244,431.423,0.0,475.667
25.253914395929314,24921,2,7,4,0.0,-0.000948,0.045511,-0.005192,473.217,462.0,442.979,0.0,442,462,0.0,0.045,0.0,0.0,0.045,182.531,290.686,0.0,473.217,8.974,434.005,0.0,442.979
25.26621248794254,24926,2,7,4,0.0,-0.000854,0.041036,0.00259,429.206,456.0,402.574,0.0,402,462,0.0,0.041,0.0,0.0,0.041,138.405,290.801,0.0,429.206,-21.434,424.008,0.0,402.574
25.26621248794254,24931,2,7,4,0.0,-0.000813,0.039062,0.025362,340.159,395.0,338.402,0.0,338,364,0.0,0.039,0.0,0.0,0.039,49.316,290.842,0.0,340.159,-43.872,382.275,0.0,338.402
25.26621248794254,24936,2,7,4,0.0,-0.000806,0.038701,-0.005879,451.467,430.0,416.694,0.0,416,430,0.0,0.038,0.0,0.0,0.038,160.491,290.976,0.0,451.467,17.173,399.52,0.0,416.694
25.279040825902484,24941,2,7,4,0.0,-0.000881,0.042324,-0.029235,548.804,510.0,467.865,0.0,467,480,0.0,0.042,0.0,0.0,0.042,257.613,291.19,0.0,548.804,31.043,436.822,0.0,467.865
25.279040825902484,24946,2,7,4,0.0,-0.000917,0.044023,0.004588,433.277,443.0,415.971,0.0,415,426,0.0,0.044,0.0,0.0,0.044,141.968,291.309,0.0,433.277,-7.777,423.749,0.0,415.971
25.290467564947903,24951,2,7,4,0.0,-0.000812,0.038976,0.017043,370.336,408.0,368.598,0.0,368,413,0.0,0.038,0.0,0.0,0.038,78.961,291.375,0.0,370.336,-30.13,398.729,0.0,368.598
25.290467564947903,24956,2,7,4,0.0,-0.000776,0.037289,0.000896,422.496,413.0,403.394,0.0,403,426,0.0,0.037,0.0,0.0,0.037,131.015,291.48,0.0,422.496,7.596,395.797,0.0,403.394
25.30206764594186,24961,2,7,4,0.0,-0.000791,0.037974,-0.003664,441.506,443.0,395.685,0.0,395,426,0.0,0.037,0.0,0.0,0.037,149.901,291.605,0.0,441.506,-1.194,396.879,0.0,395.685
25.30206764594186,24966,2,7,4,0.0,-0.000831,0.039901,-0.006989,460.551,462.0,406.012,0.0,406,426,0.0,0.039,0.0,0.0,0.039,168.805,291.745,0.0,460.551,-1.158,407.171,0.0,406.012
25.313416325952858,24975,2,7,4,0.0,-0.000854,0.041002,0.003642,426.497,443.0,392.42,0.0,392,413,0.0,0.041,0.0,0.0,0.041,134.495,292.001,0.0,426.497,-13.202,405.622,0.0,392.42
25.313416325952858,24980,2,7,4,0.0,-0.000803,0.038545,0.003194,419.369,430.0,395.611,0.0,395,395,0.0,0.038,0.0,0.0,0.038,127.262,292.107,0.0,419.369,-8.504,404.116,0.0,395.611
25.32263733295258,24985,2,7,4,0.0,-0.000761,0.036541,0.007927,395.203,413.0,382.36,0.0,382,417,0.0,0.036,0.0,0.0,0.036,103.01,292.193,0.0,395.203,-14.237,396.597,0.0,382.36
25.32263733295258,24991,2,7,4,0.0,-0.000775,0.03724,-0.011943,469.402,443.0,435.228,0.0,435,443,0.0,0.037,0.0,0.0,0.037,177.061,292.341,0.0,469.402,21.122,414.105,0.0,435.228
25.33593427494634,24996,2,7,4,0.0,-0.000813,0.039058,-0.012305,477.406,462.0,437.545,0.0,437,462,0.0,0.039,0.0,0.0,0.039,184.91,292.495,0.0,477.406,12.324,425.22,0.0,437.545
25.33593427494634,25001,2,7,4,0.0,-0.000765,0.036745,0.004523,408.589,430.0,392.312,0.0,392,443,0.0,0.036,0.0,0.0,0.036,115.997,292.591,0.0,408.589,-17.128,409.441,0.0,392.312
25.34750663896557,25006,2,7,4,0.0,-0.000703,0.033751,0.011525,372.669,382.0,384.612,0.0,384,408,0.0,0.033,0.0,0.0,0.033,80.01,292.658,0.0,372.669,-7.464,392.076,0.0,384.612
25.34750663896557,25011,2,7,4,0.0,-0.000706,0.033932,-0.012141,458.661,462.0,400.704,0.0,400,462,0.0,0.033,0.0,0.0,0.033,165.864,292.796,0.0,458.661,-2.67,403.375,0.0,400.704
25.34750663896557,25016,2,7,4,0.0,-0.000762,0.036585,0.003818,410.855,413.0,396.105,0.0,396,413,0.0,0.036,0.0,0.0,0.036,117.96,292.895,0.0,410.855,-1.715,397.821,0.0,396.105
25.359409325988963,25021,2,7,4,0.0,-0.000786,0.037759,-0.01442,480.898,443.0,449.633,0.0,449,474,0.0,0.037,0.0,0.0,0.037,187.847,293.051,0.0,480.898,30.318,419.314,0.0,449.633
25.359409325988963,25026,2,7,4,0.0,-0.000831,0.039929,-0.014753,490.074,462.0,455.493,0.0,455,462,0.0,0.039,0.0,0.0,0.039,196.859,293.215,0.0,490.074,22.459,433.033,0.0,455.493
25.371053021983244,25031,2,7,4,0.0,-0.00076,0.036515,0.009689,389.868,413.0,391.931,0.0,391,430,0.0,0.036,0.0,0.0,0.036,96.572,293.296,0.0,389.868,-18.505,410.436,0.0,391.931
25.371053021983244,25036,2,7,4,0.0,-0.000736,0.035357,0.017481,357.704,395.0,355.096,0.0,355,430,0.0,0.035,0.0,0.0,0.035,64.354,293.349,0.0,357.704,-29.836,384.932,0.0,355.096
25.382830407936126,25041,2,7,4,0.0,-0.000758,0.036424,0.001016,420.923,413.0,394.15,0.0,394,395,0.0,0.036,0.0,0.0,0.036,127.467,293.455,0.0,420.923,6.338,387.811,0.0,394.15
25.382830407936126,25046,2,7,4,0.0,-0.000835,0.040093,-0.014138,488.847,443.0,447.787,0.0,447,456,0.0,0.04,0.0,0.0,0.04,195.235,293.612,0.0,488.847,36.678,411.109,0.0,447.787
25.382830407936126,25051,2,7,4,0.0,-0.000844,0.040554,0.009991,403.729,413.0,390.451,0.0,390,400,0.0,0.04,0.0,0.0,0.04,110.025,293.704,0.0,403.729,-7.416,397.867,0.0,390.451
25.395062227966264,25056,2,7,4,0.0,-0.000848,0.04074,-7e-06,440.517,430.0,414.527,0.0,414,461,0.0,0.04,0.0,0.0,0.04,146.691,293.826,0.0,440.517,8.414,406.113,0.0,414.527
25.407330983900465,25065,2,7,4,0.0,-0.000749,0.03599,-0.003437,435.952,449.0,375.107,0.0,375,443,0.0,0.035,0.0,0.0,0.035,141.939,294.013,0.0,435.952,-10.437,385.545,0.0,375.107
25.407330983900465,25070,2,7,4,0.0,-0.000777,0.037328,-0.016091,486.485,462.0,427.659,0.0,427,480,0.0,0.037,0.0,0.0,0.037,192.311,294.173,0.0,486.485,19.588,408.071,0.0,427.659
25.407330983900465,25075,2,7,4,0.0,-0.000785,0.037712,-0.002366,438.579,395.0,444.077,0.0,444,443,0.0,0.037,0.0,0.0,0.037,144.285,294.293,0.0,438.579,34.863,409.214,0.0,444.077
25.417733406997286,25081,2,7,4,0.0,-0.000775,0.037224,0.008084,399.283,426.0,371.887,0.0,371,413,0.0,0.037,0.0,0.0,0.037,104.902,294.381,0.0,399.283,-21.373,393.26,0.0,371.887
25.417733406997286,25086,2,7,4,0.0,-0.000789,0.037915,0.005928,409.63,426.0,375.19,0.0,375,426,0.0,0.037,0.0,0.0,0.037,115.152,294.477,0.0,409.63,-13.095,388.286,0.0,375.19
25.428329841932282,25091,2,7,4,0.0,-0.000823,0.039545,-0.003698,450.286,443.0,403.378,0.0,403,436,0.0,0.039,0.0,0.0,0.039,155.678,294.607,0.0,450.286,5.828,397.549,0.0,403.378
25.428329841932282,25096,2,7,4,0.0,-0.000821,0.039428,0.009818,401.294,395.0,388.985,0.0,388,426,0.0,0.039,0.0,0.0,0.039,106.598,294.696,0.0,401.294,5.035,383.949,0.0,388.985
25.439954642904922,25101,2,7,4,0.0,-0.000818,0.039265,0.0114,395.095,413.0,358.113,0.0,358,395,0.0,0.039,0.0,0.0,0.039,100.316,294.779,0.0,395.095,-14.323,372.436,0.0,358.113
25.439954642904922,25106,2,7,4,0.0,-0.000816,0.039211,0.013564,387.183,395.0,363.805,0.0,363,395,0.0,0.039,0.0,0.0,0.039,92.327,294.856,0.0,387.183,-6.252,370.057,0.0,363.805
25.452118960907683,25111,2,7,4,0.0,-0.000864,0.041513,0.001048,440.651,443.0,377.19,0.0,377,413,0.0,0.041,0.0,0.0,0.041,145.673,294.978,0.0,440.651,-1.879,379.069,0.0,377.19
25.452118960907683,25116,2,7,4,0.0,-0.000842,0.04045,-0.004693,457.632,443.0,402.887,0.0,402,443,0.0,0.04,0.0,0.0,0.04,162.518,295.113,0.0,457.632,11.705,391.181,0.0,402.887
25.452118960907683,25121,2,7,4,0.0,-0.000837,0.040222,0.009767,404.842,426.0,362.614,0.0,362,413,0.0,0.04,0.0,0.0,0.04,109.637,295.204,0.0,404.842,-16.925,379.54,0.0,362.614
25.463805075967684,25126,2,7,4,0.0,-0.000782,0.037562,0.010651,392.165,413.0,352.637,0.0,352,364,0.0,0.037,0.0,0.0,0.037,96.879,295.285,0.0,392.165,-16.667,369.305,0.0,352.637
25.463805075967684,25131,2,7,4,0.0,-0.000779,0.037394,-0.012863,476.366,430.0,436.956,0.0,436,443,0.0,0.037,0.0,0.0,0.037,180.93,295.436,0.0,476.366,37.093,399.863,0.0,436.956
25.47598383994773,25136,2,7,4,0.0,-0.000778,0.037353,-0.012021,473.328,456.0,424.938,0.0,424,462,0.0,0.037,0.0,0.0,0.037,177.749,295.578,0.0,473.328,13.863,411.074,0.0,424.938
25.47598383994773,25141,2,7,4,0.0,-0.000794,0.038121,-0.016482,492.318,443.0,468.095,0.0,468,462,0.0,0.038,0.0,0.0,0.038,196.575,295.742,0.0,492.318,39.454,428.64,0.0,468.095
25.487522272975184,25146,2,7,4,0.0,-0.00075,0.03603,0.003905,411.486,426.0,398.876,0.0,398,426,0.0,0.036,0.0,0.0,0.036,115.647,295.839,0.0,411.486,-11.61,410.486,0.0,398.876
25.487522272975184,25155,2,7,4,0.0,-0.000711,0.03413,-0.012457,463.742,443.0,422.324,0.0,422,474,0.0,0.034,0.0,0.0,0.034,167.716,296.026,0.0,463.742,16.594,405.729,0.0,422.324
25.498884063912556,25160,2,7,4,0.0,-0.000733,0.035224,-0.014989,476.946,462.0,427.303,0.0,427,443,0.0,0.035,0.0,0.0,0.035,180.769,296.177,0.0,476.946,11.957,415.346,0.0,427.303
25.498884063912556,25165,2,7,4,0.0,-0.000764,0.036685,0.004066,413.705,443.0,381.138,0.0,381,443,0.0,0.036,0.0,0.0,0.036,117.429,296.275,0.0,413.705,-23.435,404.573,0.0,381.138
25.510327188996598,25171,2,7,4,0.0,-0.000762,0.036587,0.003382,415.913,395.0,418.593,0.0,418,443,0.0,0.036,0.0,0.0,0.036,119.538,296.375,0.0,415.913,16.73,401.863,0.0,418.593
25.510327188996598,25176,2,7,4,0.0,-0.000718,0.034471,0.026427,325.354,377.0,323.916,0.0,323,395,0.0,0.034,0.0,0.0,0.034,28.955,296.399,0.0,325.354,-41.316,365.232,0.0,323.916
25.52140738500748,25181,2,7,4,0.0,-0.000686,0.032971,-0.004813,432.536,443.0,370.152,0.0,370,426,0.0,0.032,0.0,0.0,0.032,136.024,296.512,0.0,432.536,-8.37,378.522,0.0,370.152
25.52140738500748,25186,2,7,4,0.0,-0.000718,0.034478,-0.000536,422.671,426.0,380.083,0.0,380,430,0.0,0.034,0.0,0.0,0.034,126.053,296.617,0.0,422.671,-2.663,382.746,0.0,380.083
25.52140738500748,25191,2,7,4,0.0,-0.000734,0.035271,0.001667,417.694,430.0,371.783,0.0,371,430,0.0,0.035,0.0,0.0,0.035,120.976,296.718,0.0,417.694,-9.844,381.627,0.0,371.783
25.533271912951022,25196,2,7,4,0.0,-0.000738,0.035428,0.003913,410.265,382.0,403.12,0.0,403,400,0.0,0.035,0.0,0.0,0.035,113.452,296.813,0.0,410.265,22.612,380.508,0.0,403.12
25.533271912951022,25201,2,7,4,0.0,-0.000724,0.034783,0.00137,417.202,426.0,375.845,0.0,375,413,0.0,0.034,0.0,0.0,0.034,120.289,296.913,0.0,417.202,-7.038,382.884,0.0,375.845
25.54440726491157,25206,2,7,4,0.0,-0.00072,0.034583,-0.021086,497.491,462.0,440.257,0.0,440,443,0.0,0.034,0.0,0.0,0.034,200.411,297.08,0.0,497.491,28.393,411.864,0.0,440.257
25.54440726491157,25211,2,7,4,0.0,-0.000682,0.032771,0.005309,396.029,426.0,369.319,0.0,369,413,0.0,0.032,0.0,0.0,0.032,98.866,297.162,0.0,396.029,-23.976,393.296,0.0,369.319
25.555454802932218,25216,2,7,4,0.0,-0.000632,0.030344,0.014593,353.914,395.0,339.489,0.0,339,413,0.0,0.03,0.0,0.0,0.03,56.704,297.21,0.0,353.914,-32.868,372.357,0.0,339.489
25.555454802932218,25221,2,7,4,0.0,-0.000586,0.02815,0.011421,357.485,413.0,309.352,0.0,309,395,0.0,0.028,0.0,0.0,0.028,60.225,297.26,0.0,357.485,-44.411,353.764,0.0,309.352
25.568217578926124,25226,2,7,4,0.0,-0.000645,0.030971,-0.024332,496.515,443.0,429.715,0.0,429,443,0.0,0.03,0.0,0.0,0.03,199.095,297.419,0.0,496.515,42.812,386.903,0.0,429.715
25.568217578926124,25231,2,7,4,0.0,-0.000669,0.032122,2e-05,413.081,400.0,392.012,0.0,392,400,0.0,0.032,0.0,0.0,0.032,115.565,297.516,0.0,413.081,10.465,381.547,0.0,392.012
25.568217578926124,25236,2,7,4,0.0,-0.000607,0.029175,0.021201,326.245,351.0,330.668,0.0,330,359,0.0,0.029,0.0,0.0,0.029,28.704,297.54,0.0,326.245,-19.803,350.472,0.0,330.668
25.57997484295629,25241,2,7,4,0.0,-0.000601,0.028893,0.004746,384.541,408.0,332.988,0.0,332,382,0.0,0.028,0.0,0.0,0.028,86.928,297.612,0.0,384.541,-18.766,351.755,0.0,332.988
25.591045909910463,25250,2,7,4,0.0,-0.000635,0.03052,-0.00848,438.279,443.0,376.01,0.0,376,413,0.0,0.03,0.0,0.0,0.03,140.404,297.874,0.0,438.279,-3.776,379.787,0.0,376.01
25.591045909910463,25255,2,7,4,0.0,-0.000632,0.030358,0.010763,368.477,382.0,357.068,0.0,357,413,0.0,0.03,0.0,0.0,0.03,70.543,297.933,0.0,368.477,-10.818,367.886,0.0,357.068
25.591045909910463,25261,2,7,4,0.0,-0.000683,0.032798,-0.021076,492.045,443.0,437.764,0.0,437,443,0.0,0.032,0.0,0.0,0.032,193.949,298.095,0.0,492.045,39.236,398.528,0.0,437.764
25.603789043962024,25266,2,7,4,0.0,-0.000679,0.032597,-0.007434,442.33,443.0,399.309,0.0,399,426,0.0,0.032,0.0,0.0,0.032,144.114,298.215,0.0,442.33,-0.535,399.845,0.0,399.309
25.603789043962024,25271,2,7,4,0.0,-0.000613,0.029466,0.004147,389.441,426.0,355.588,0.0,355,408,0.0,0.029,0.0,0.0,0.029,91.149,298.291,0.0,389.441,-29.246,384.835,0.0,355.588
25.61529352492653,25276,2,7,4,0.0,-0.000612,0.029409,0.004481,388.106,426.0,345.247,0.0,345,395,0.0,0.029,0.0,0.0,0.029,89.74,298.366,0.0,388.106,-30.314,375.562,0.0,345.247
25.61529352492653,25281,2,7,4,0.0,-0.000638,0.030658,-0.026503,504.319,462.0,440.242,0.0,440,462,0.0,0.03,0.0,0.0,0.03,205.781,298.538,0.0,504.319,33.855,406.387,0.0,440.242
25.627481824951246,25286,2,7,4,0.0,-0.000669,0.032119,-0.011144,454.419,443.0,418.518,0.0,418,449,0.0,0.032,0.0,0.0,0.032,155.751,298.667,0.0,454.419,9.135,409.383,0.0,418.518
25.627481824951246,25291,2,7,4,0.0,-0.000668,0.032091,-0.006836,438.925,413.0,429.551,0.0,429,430,0.0,0.032,0.0,0.0,0.032,140.14,298.784,0.0,438.925,20.74,408.81,0.0,429.551
25.627481824951246,25296,2,7,4,0.0,-0.000636,0.030541,0.010051,372.61,408.0,357.768,0.0,357,408,0.0,0.03,0.0,0.0,0.03,73.764,298.846,0.0,372.61,-28.311,386.08,0.0,357.768
25.63947950792499,25301,2,7,4,0.0,-0.000618,0.029689,0.00127,401.238,413.0,373.128,0.0,373,395,0.0,0.029,0.0,0.0,0.029,102.307,298.931,0.0,401.238,-9.408,382.537,0.0,373.128
25.63947950792499,25306,2,7,4,0.0,-0.00066,0.031703,0.00518,394.494,395.0,376.284,0.0,376,413,0.0,0.031,0.0,0.0,0.031,95.483,299.01,0.0,394.494,-0.404,376.688,0.0,376.284
25.651019452954642,25311,2,7,4,0.0,-0.000732,0.035169,-0.037969,562.53,493.0,484.251,0.0,484,510,0.0,0.035,0.0,0.0,0.035,263.3,299.23,0.0,562.53,55.624,428.627,0.0,484.251
25.651019452954642,25316,2,7,4,0.0,-0.000757,0.036378,-0.010471,468.024,462.0,433.21,0.0,433,480,0.0,0.036,0.0,0.0,0.036,168.658,299.365,0.0,468.024,4.819,428.391,0.0,433.21
25.66284339898266,25321,2,7,4,0.0,-0.000686,0.032965,0.018901,350.039,369.0,377.493,0.0,377,377,0.0,0.032,0.0,0.0,0.032,50.631,299.407,0.0,350.039,-15.168,392.661,0.0,377.493
25.66284339898266,25326,2,7,4,0.0,-0.000646,0.031014,0.002316,402.806,413.0,384.874,0.0,384,408,0.0,0.031,0.0,0.0,0.031,103.312,299.493,0.0,402.806,-8.154,393.029,0.0,384.874
25.66284339898266,25331,2,7,4,0.0,-0.000643,0.030877,0.009193,377.622,395.0,362.275,0.0,362,413,0.0,0.03,0.0,0.0,0.03,78.063,299.559,0.0,377.622,-13.902,376.177,0.0,362.275
25.674428410013206,25340,2,7,4,0.0,-0.000752,0.036112,0.010064,393.528,430.0,350.435,0.0,350,413,0.0,0.036,0.0,0.0,0.036,93.771,299.756,0.0,393.528,-29.177,379.613,0.0,350.435
25.685684602940455,25345,2,7,4,0.0,-0.000797,0.03828,0.00442,421.753,413.0,388.281,0.0,388,430,0.0,0.038,0.0,0.0,0.038,121.896,299.857,0.0,421.753,7.003,381.278,0.0,388.281
25.685684602940455,25351,2,7,4,0.0,-0.000735,0.035282,0.022347,346.462,395.0,317.345,0.0,317,364,0.0,0.035,0.0,0.0,0.035,46.566,299.896,0.0,346.462,-38.829,356.174,0.0,317.345
25.69767897995189,25356,2,7,4,0.0,-0.000695,0.033401,0.013554,371.402,364.0,356.032,0.0,356,408,0.0,0.033,0.0,0.0,0.033,71.446,299.956,0.0,371.402,5.921,350.11,0.0,356.032
25.69767897995189,25361,2,7,4,0.0,-0.00072,0.034561,-0.027987,525.322,474.0,436.09,0.0,436,474,0.0,0.034,0.0,0.0,0.034,225.178,300.143,0.0,525.322,41.057,395.032,0.0,436.09
25.69767897995189,25366,2,7,4,0.0,-0.000728,0.034963,0.000775,423.323,413.0,401.581,0.0,401,408,0.0,0.034,0.0,0.0,0.034,123.077,300.246,0.0,423.323,8.258,393.322,0.0,401.581
25.70981298899278,25371,2,7,4,0.0,-0.000694,0.033347,0.007126,394.721,413.0,369.642,0.0,369,377,0.0,0.033,0.0,0.0,0.033,94.396,300.325,0.0,394.721,-14.623,384.266,0.0,369.642
25.70981298899278,25376,2,7,4,0.0,-0.000686,0.032969,-0.012586,464.463,443.0,421.062,0.0,421,443,0.0,0.032,0.0,0.0,0.032,164.001,300.461,0.0,464.463,17.17,403.891,0.0,421.062
25.72119838290382,25381,2,7,4,0.0,-0.000684,0.032848,0.002889,408.404,430.0,375.574,0.0,375,413,0.0,0.032,0.0,0.0,0.032,107.852,300.551,0.0,408.404,-17.276,392.851,0.0,375.574
25.72119838290382,25386,2,7,4,0.0,-0.000675,0.032419,0.008842,385.501,382.0,385.403,0.0,385,413,0.0,0.032,0.0,0.0,0.032,84.878,300.622,0.0,385.501,2.801,382.602,0.0,385.403
25.72119838290382,25391,2,7,4,0.0,-0.000685,0.0329,-0.002456,428.014,413.0,399.669,0.0,399,395,0.0,0.032,0.0,0.0,0.032,127.286,300.728,0.0,428.014,12.011,387.657,0.0,399.669
25.732981065986678,25396,2,7,4,0.0,-0.000733,0.035188,-0.022156,507.342,462.0,455.289,0.0,455,462,0.0,0.035,0.0,0.0,0.035,206.442,300.9,0.0,507.342,36.274,419.014,0.0,455.289
25.732981065986678,25401,2,7,4,0.0,-0.000764,0.036708,-0.008054,462.183,462.0,422.897,0.0,422,462,0.0,0.036,0.0,0.0,0.036,161.149,301.034,0.0,462.183,0.147,422.75,0.0,422.897
25.744241626933217,25406,2,7,4,0.0,-0.000689,0.033081,0.020827,345.185,382.0,358.651,0.0,358,382,0.0,0.033,0.0,0.0,0.033,44.115,301.07,0.0,345.185,-29.451,388.102,0.0,358.651
25.744241626933217,25411,2,7,4,0.0,-0.000672,0.032257,0.020569,343.181,382.0,337.191,0.0,337,364,0.0,0.032,0.0,0.0,0.032,42.076,301.105,0.0,343.181,-31.054,368.245,0.0,337.191
25.755855585914105,25416,2,7,4,0.0,-0.000661,0.031734,0.004621,398.795,395.0,375.232,0.0,375,413,0.0,0.031,0.0,0.0,0.031,97.609,301.186,0.0,398.795,3.036,372.195,0.0,375.232
25.755855585914105,25421,2,7,4,0.0,-0.000727,0.034913,0.002362,418.47,426.0,368.473,0.0,368,400,0.0,0.034,0.0,0.0,0.034,117.186,301.284,0.0,418.47,-6.023,374.496,0.0,368.473
25.767186376964673,25430,2,7,4,0.0,-0.000746,0.035811,0.017243,368.277,395.0,342.559,0.0,342,390,0.0,0.035,0.0,0.0,0.035,66.844,301.433,0.0,368.277,-21.378,363.937,0.0,342.559
25.767186376964673,25435,2,7,4,0.0,-0.000721,0.034655,0.013793,376.596,364.0,368.946,0.0,368,390,0.0,0.034,0.0,0.0,0.034,75.1,301.495,0.0,376.596,10.077,358.869,0.0,368.946
25.778706690995023,25441,2,7,4,0.0,-0.0007,0.033628,0.00665,398.7,395.0,361.16,0.0,361,408,0.0,0.033,0.0,0.0,0.033,97.124,301.576,0.0,398.7,2.96,358.2,0.0,361.16
25.778706690995023,25446,2,7,4,0.0,-0.000708,0.034029,-0.008922,456.332,430.0,398.034,0.0,398,426,0.0,0.034,0.0,0.0,0.034,154.626,301.705,0.0,456.332,21.065,376.969,0.0,398.034
25.790090207010508,25451,2,7,4,0.0,-0.000726,0.034883,0.002303,419.088,413.0,382.765,0.0,382,443,0.0,0.034,0.0,0.0,0.034,117.285,301.803,0.0,419.088,4.871,377.894,0.0,382.765
25.790090207010508,25456,2,7,4,0.0,-0.000746,0.035828,-0.001389,435.9,430.0,388.671,0.0,388,426,0.0,0.035,0.0,0.0,0.035,133.985,301.915,0.0,435.9,4.72,383.951,0.0,388.671
25.80133038794156,25461,2,7,4,0.0,-0.000756,0.036297,0.004344,417.042,443.0,359.55,0.0,359,426,0.0,0.036,0.0,0.0,0.036,115.031,302.011,0.0,417.042,-20.766,380.316,0.0,359.55
25.80133038794156,25466,2,7,4,0.0,-0.000751,0.036069,0.009365,398.226,426.0,349.911,0.0,349,426,0.0,0.036,0.0,0.0,0.036,96.135,302.091,0.0,398.226,-22.218,372.13,0.0,349.911
25.80133038794156,25471,2,7,4,0.0,-0.000724,0.03476,-0.004939,445.13,443.0,382.924,0.0,382,413,0.0,0.034,0.0,0.0,0.034,142.92,302.21,0.0,445.13,1.704,381.22,0.0,382.924
25.813076206948608,25476,2,7,4,0.0,-0.000769,0.036948,-0.013618,484.403,443.0,435.306,0.0,435,430,0.0,0.036,0.0,0.0,0.036,182.041,302.361,0.0,484.403,33.122,402.183,0.0,435.306
25.813076206948608,25481,2,7,4,0.0,-0.000763,0.036643,-0.000857,437.479,413.0,421.896,0.0,421,395,0.0,0.036,0.0,0.0,0.036,135.004,302.474,0.0,437.479,19.583,402.313,0.0,421.896
25.82457141589839,25486,2,7,4,0.0,-0.00075,0.036047,-0.002598,441.717,430.0,417.345,0.0,417,430,0.0,0.036,0.0,0.0,0.036,139.127,302.59,0.0,441.717,9.374,407.971,0.0,417.345
25.82457141589839,25491,2,7,4,0.0,-0.000724,0.034767,0.000319,426.706,443.0,394.944,0.0,394,430,0.0,0.034,0.0,0.0,0.034,124.012,302.693,0.0,426.706,-13.034,407.979,0.0,394.944
25.836405117996037,25496,2,7,4,0.0,-0.000703,0.033773,-0.005559,444.406,426.0,425.864,0.0,425,449,0.0,0.033,0.0,0.0,0.033,141.599,302.807,0.0,444.406,14.725,411.138,0.0,425.864
25.836405117996037,25501,2,7,4,0.0,-0.00074,0.035538,-0.019086,499.619,456.0,466.407,0.0,466,462,0.0,0.035,0.0,0.0,0.035,196.648,302.971,0.0,499.619,34.895,431.511,0.0,466.407
25.836405117996037,25506,2,7,4,0.0,-0.00074,0.035554,0.002505,422.045,462.0,386.822,0.0,386,430,0.0,0.035,0.0,0.0,0.035,118.975,303.07,0.0,422.045,-31.963,418.786,0.0,386.822
25.848936628899537,25511,2,7,4,0.0,-0.000682,0.03278,0.023808,335.399,377.0,353.597,0.0,353,377,0.0,0.032,0.0,0.0,0.032,32.301,303.097,0.0,335.399,-33.28,386.878,0.0,353.597
25.859911320963874,25520,2,7,4,0.0,-0.000674,0.032365,0.008847,387.916,377.0,388.232,0.0,388,426,0.0,0.032,0.0,0.0,0.032,84.664,303.252,0.0,387.916,8.733,379.499,0.0,388.232
25.859911320963874,25525,2,7,4,0.0,-0.000696,0.033418,-0.005304,442.768,443.0,391.796,0.0,391,408,0.0,0.033,0.0,0.0,0.033,139.4,303.368,0.0,442.768,-0.185,391.982,0.0,391.796
25.871149621903896,25531,2,7,4,0.0,-0.000708,0.034005,0.000288,424.851,413.0,403.167,0.0,403,443,0.0,0.034,0.0,0.0,0.034,121.38,303.47,0.0,424.851,9.48,393.686,0.0,403.167
25.871149621903896,25536,2,7,4,0.0,-0.000663,0.031867,0.027742,318.334,377.0,310.707,0.0,310,351,0.0,0.031,0.0,0.0,0.031,14.851,303.482,0.0,318.334,-46.932,357.64,0.0,310.707
25.871149621903896,25541,2,7,4,0.0,-0.000592,0.028418,0.025395,314.374,329.0,322.721,0.0,322,359,0.0,0.028,0.0,0.0,0.028,10.883,303.491,0.0,314.374,-11.7,334.422,0.0,322.721
25.883989263908006,25546,2,7,4,0.0,-0.000659,0.031676,-0.017238,479.73,474.0,375.132,0.0,375,421,0.0,0.031,0.0,0.0,0.031,176.092,303.638,0.0,479.73,4.584,370.548,0.0,375.132
25.883989263908006,25551,2,7,4,0.0,-0.000719,0.034517,-0.025648,520.414,462.0,455.254,0.0,455,443,0.0,0.034,0.0,0.0,0.034,216.595,303.818,0.0,520.414,46.731,408.523,0.0,455.254
25.895135407918133,25556,2,7,4,0.0,-0.000728,0.034991,0.000549,427.912,413.0,419.485,0.0,419,430,0.0,0.034,0.0,0.0,0.034,123.99,303.922,0.0,427.912,11.93,407.555,0.0,419.485
25.895135407918133,25561,2,7,4,0.0,-0.000656,0.031504,0.018836,349.564,377.0,359.884,0.0,359,413,0.0,0.031,0.0,0.0,0.031,45.604,303.96,0.0,349.564,-21.948,381.833,0.0,359.884
25.90639313799329,25566,2,7,4,0.0,-0.000574,0.027556,0.008538,372.481,382.0,363.312,0.0,363,408,0.0,0.027,0.0,0.0,0.027,68.464,304.017,0.0,372.481,-7.614,370.927,0.0,363.312
25.90639313799329,25571,2,7,4,0.0,-0.000599,0.028779,-0.013936,457.921,430.0,412.691,0.0,412,426,0.0,0.028,0.0,0.0,0.028,153.776,304.145,0.0,457.921,22.337,390.353,0.0,412.691
25.90639313799329,25576,2,7,4,0.0,-0.000694,0.033326,-0.023876,510.245,462.0,457.743,0.0,457,443,0.0,0.033,0.0,0.0,0.033,205.928,304.316,0.0,510.245,38.596,419.147,0.0,457.743
25.91822097194381,25581,2,7,4,0.0,-0.00069,0.033134,0.006187,401.406,413.0,393.652,0.0,393,413,0.0,0.033,0.0,0.0,0.033,97.008,304.397,0.0,401.406,-9.274,402.927,0.0,393.652
25.91822097194381,25586,2,7,4,0.0,-0.000589,0.028278,0.014787,353.005,400.0,342.865,0.0,342,400,0.0,0.028,0.0,0.0,0.028,48.568,304.436,0.0,353.005,-37.595,380.461,0.0,342.865
25.92945398390293,25591,2,7,4,0.0,-0.000574,0.027577,0.005626,383.525,408.0,351.822,0.0,351,413,0.0,0.027,0.0,0.0,0.027,79.022,304.502,0.0,383.525,-19.579,371.402,0.0,351.822
25.92945398390293,25596,2,7,4,0.0,-0.000585,0.028113,-0.003131,417.079,408.0,384.465,0.0,384,413,0.0,0.028,0.0,0.0,0.028,112.482,304.596,0.0,417.079,7.263,377.201,0.0,384.465
25.941794669954106,25601,2,7,4,0.0,-0.000665,0.031932,-0.017697,483.412,462.0,420.795,0.0,420,443,0.0,0.031,0.0,0.0,0.031,178.666,304.745,0.0,483.412,17.129,403.666,0.0,420.795
25.941794669954106,25610,2,7,4,0.0,-0.00066,0.031727,0.006461,395.865,400.0,381.21,0.0,381,395,0.0,0.031,0.0,0.0,0.031,90.96,304.905,0.0,395.865,-3.307,384.518,0.0,381.21
25.953341998974793,25615,2,7,4,0.0,-0.000647,0.031062,0.00763,389.331,400.0,366.352,0.0,366,390,0.0,0.031,0.0,0.0,0.031,84.356,304.975,0.0,389.331,-8.534,374.886,0.0,366.352
25.953341998974793,25621,2,7,4,0.0,-0.000624,0.029995,0.003505,400.422,382.0,389.096,0.0,389,395,0.0,0.029,0.0,0.0,0.029,95.367,305.055,0.0,400.422,14.738,374.358,0.0,389.096
25.96436131990049,25626,2,7,4,0.0,-0.000703,0.03377,-0.008535,457.484,426.0,416.777,0.0,416,430,0.0,0.033,0.0,0.0,0.033,152.302,305.182,0.0,457.484,25.187,391.59,0.0,416.777
25.96436131990049,25631,2,7,4,0.0,-0.000804,0.038611,-0.002586,453.616,443.0,407.932,0.0,407,426,0.0,0.038,0.0,0.0,0.038,148.31,305.305,0.0,453.616,8.493,399.438,0.0,407.932
25.976075899903663,25641,2,7,4,0.0,-0.000758,0.036387,0.015125,381.969,408.0,348.853,0.0,348,364,0.0,0.036,0.0,0.0,0.036,76.541,305.428,0.0,381.969,-20.824,369.677,0.0,348.853
25.976075899903663,25646,2,7,4,0.0,-0.000705,0.03387,-0.012281,471.713,443.0,417.278,0.0,417,443,0.0,0.033,0.0,0.0,0.033,166.147,305.566,0.0,471.713,22.971,394.307,0.0,417.278
25.987813857966103,25651,2,7,4,0.0,-0.000682,0.032782,-0.001076,427.561,430.0,389.347,0.0,389,400,0.0,0.032,0.0,0.0,0.032,121.893,305.668,0.0,427.561,-1.95,391.298,0.0,389.347
25.987813857966103,25656,2,7,4,0.0,-0.000699,0.033568,-0.016343,485.503,456.0,436.962,0.0,436,462,0.0,0.033,0.0,0.0,0.033,179.685,305.818,0.0,485.503,23.602,413.36,0.0,436.962
25.999527046922594,25661,2,7,4,0.0,-0.000646,0.031033,0.005577,397.536,400.0,392.64,0.0,392,426,0.0,0.031,0.0,0.0,0.031,91.641,305.894,0.0,397.536,-1.97,394.611,0.0,392.64
25.999527046922594,25666,2,7,4,0.0,-0.000618,0.029667,0.005459,393.116,408.0,369.076,0.0,369,413,0.0,0.029,0.0,0.0,0.029,87.149,305.967,0.0,393.116,-11.906,380.983,0.0,369.076
26.010590648977086,25671,2,7,4,0.0,-0.000613,0.029438,0.007217,386.027,395.0,365.847,0.0,365,430,0.0,0.029,0.0,0.0,0.029,79.993,306.033,0.0,386.027,-7.178,373.025,0.0,365.847
26.010590648977086,25676,2,7,4,0.0,-0.0007,0.033619,-0.023982,513.566,462.0,450.387,0.0,450,462,0.0,0.033,0.0,0.0,0.033,207.366,306.2,0.0,513.566,41.253,409.133,0.0,450.387
26.022992398007773,25681,2,7,4,0.0,-0.00072,0.034593,0.010215,394.034,408.0,380.653,0.0,380,426,0.0,0.034,0.0,0.0,0.034,87.761,306.273,0.0,394.034,-11.172,391.825,0.0,380.653
26.022992398007773,25686,2,7,4,0.0,-0.000676,0.032465,0.012272,379.027,413.0,348.372,0.0,348,408,0.0,0.032,0.0,0.0,0.032,72.693,306.333,0.0,379.027,-27.178,375.55,0.0,348.372
26.022992398007773,25691,2,7,4,0.0,-0.00063,0.030252,0.008194,385.807,382.0,373.356,0.0,373,413,0.0,0.03,0.0,0.0,0.03,79.407,306.4,0.0,385.807,3.046,370.31,0.0,373.356
26.03444852598477,25700,2,7,4,0.0,-0.000672,0.032301,-0.008638,454.081,430.0,434.682,0.0,434,443,0.0,0.032,0.0,0.0,0.032,147.384,306.696,0.0,454.081,19.265,415.417,0.0,434.682
26.045321752899326,25705,2,7,4,0.0,-0.000686,0.032928,-0.006941,450.348,449.0,415.756,0.0,415,430,0.0,0.032,0.0,0.0,0.032,143.531,306.816,0.0,450.348,1.078,414.678,0.0,415.756
26.045321752899326,25711,2,7,4,0.0,-0.000643,0.03088,0.010774,379.256,413.0,366.425,0.0,366,395,0.0,0.03,0.0,0.0,0.03,72.379,306.876,0.0,379.256,-26.994,393.42,0.0,366.425
26.056414157967083,25716,2,7,4,0.0,-0.000636,0.030553,-0.000745,419.647,426.0,391.945,0.0,391,430,0.0,0.03,0.0,0.0,0.03,112.676,306.97,0.0,419.647,-5.081,397.027,0.0,391.945
26.056414157967083,25721,2,7,4,0.0,-0.000666,0.03197,-0.017216,484.192,462.0,433.902,0.0,433,462,0.0,0.031,0.0,0.0,0.031,177.073,307.118,0.0,484.192,17.753,416.148,0.0,433.902
26.056414157967083,25726,2,7,4,0.0,-0.000699,0.033578,-0.023623,513.218,480.0,461.879,0.0,461,462,0.0,0.033,0.0,0.0,0.033,205.928,307.289,0.0,513.218,26.574,435.304,0.0,461.879
26.068950010929257,25731,2,7,4,0.0,-0.000688,0.033049,0.021937,347.328,364.0,383.224,0.0,383,395,0.0,0.033,0.0,0.0,0.033,40.005,307.323,0.0,347.328,-13.337,396.561,0.0,383.224
26.068950010929257,25736,2,7,4,0.0,-0.000629,0.030223,-0.002276,424.421,443.0,386.349,0.0,386,443,0.0,0.03,0.0,0.0,0.03,117.0,307.42,0.0,424.421,-14.862,401.212,0.0,386.349
26.080134651972912,25741,2,7,4,0.0,-0.000701,0.033678,-0.017643,492.332,462.0,443.727,0.0,443,462,0.0,0.033,0.0,0.0,0.033,184.758,307.574,0.0,492.332,24.266,419.461,0.0,443.727
26.080134651972912,25746,2,7,4,0.0,-0.000672,0.032289,-0.01409,474.68,462.0,438.714,0.0,438,462,0.0,0.032,0.0,0.0,0.032,166.966,307.713,0.0,474.68,10.143,428.57,0.0,438.714
26.091826604912058,25751,2,7,4,0.0,-0.000692,0.033228,0.004731,410.388,413.0,410.449,0.0,410,408,0.0,0.033,0.0,0.0,0.033,102.589,307.799,0.0,410.388,-2.088,412.538,0.0,410.449
26.091826604912058,25756,2,7,4,0.0,-0.000678,0.03258,0.00961,390.563,400.0,389.189,0.0,389,413,0.0,0.032,0.0,0.0,0.032,82.694,307.868,0.0,390.563,-7.549,396.739,0.0,389.189
26.091826604912058,25761,2,7,4,0.0,-0.000698,0.033539,-0.017476,491.681,462.0,443.957,0.0,443,474,0.0,0.033,0.0,0.0,0.033,183.66,308.021,0.0,491.681,23.745,420.212,0.0,443.957
26.1033121770015,25766,2,7,4,0.0,-0.000708,0.033987,0.003569,417.612,413.0,410.686,0.0,410,430,0.0,0.033,0.0,0.0,0.033,109.503,308.109,0.0,417.612,3.689,406.996,0.0,410.686
26.1033121770015,25771,2,7,4,0.0,-0.000708,0.033992,0.008379,400.394,413.0,388.36,0.0,388,408,0.0,0.033,0.0,0.0,0.033,92.208,308.185,0.0,400.394,-10.084,398.444,0.0,388.36
26.11435150890611,25776,2,7,4,0.0,-0.000706,0.033901,-0.005594,450.49,443.0,414.376,0.0,414,443,0.0,0.033,0.0,0.0,0.033,142.185,308.304,0.0,450.49,5.992,408.384,0.0,414.376
26.11435150890611,25781,2,7,4,0.0,-0.000735,0.035321,-0.023312,519.562,493.0,456.921,0.0,456,480,0.0,0.035,0.0,0.0,0.035,211.082,308.48,0.0,519.562,21.25,435.671,0.0,456.921
26.12580800091382,25790,2,7,4,0.0,-0.000707,0.033972,-0.001529,436.508,430.0,432.092,0.0,432,443,0.0,0.033,0.0,0.0,0.033,127.807,308.701,0.0,436.508,5.207,426.885,0.0,432.092
26.12580800091382,25795,2,7,4,0.0,-0.000652,0.031337,-0.011496,463.031,426.0,462.57,0.0,462,443,0.0,0.031,0.0,0.0,0.031,154.201,308.83,0.0,463.031,29.625,432.945,0.0,462.57
26.13772441400215,25801,2,7,4,0.0,-0.00065,0.031207,-0.002436,430.049,462.0,398.961,0.0,398,443,0.0,0.031,0.0,0.0,0.031,121.117,308.931,0.0,430.049,-25.56,424.522,0.0,398.961
26.13772441400215,25806,2,7,4,0.0,-0.000643,0.030866,0.004264,404.776,430.0,390.241,0.0,390,413,0.0,0.03,0.0,0.0,0.03,95.765,309.011,0.0,404.776,-20.178,410.419,0.0,390.241
26.148902765009552,25811,2,7,4,0.0,-0.000662,0.031803,-0.019335,493.263,493.0,432.073,0.0,432,474,0.0,0.031,0.0,0.0,0.031,184.098,309.164,0.0,493.263,0.21,431.862,0.0,432.073
26.148902765009552,25816,2,7,4,0.0,-0.000678,0.032565,-0.001946,433.511,430.0,431.465,0.0,431,449,0.0,0.032,0.0,0.0,0.032,124.242,309.268,0.0,433.511,2.808,428.656,0.0,431.465
26.160374591010623,25821,2,7,4,0.0,-0.000641,0.03077,0.004853,402.65,430.0,388.418,0.0,388,430,0.0,0.03,0.0,0.0,0.03,93.304,309.346,0.0,402.65,-21.879,410.297,0.0,388.418
26.160374591010623,25826,2,7,4,0.0,-0.000608,0.029192,0.000352,413.254,430.0,388.71,0.0,388,426,0.0,0.029,0.0,0.0,0.029,103.821,309.432,0.0,413.254,-13.396,402.107,0.0,388.71
26.171933548990637,25831,2,7,4,0.0,-0.000609,0.02926,-0.006703,439.012,430.0,413.315,0.0,413,413,0.0,0.029,0.0,0.0,0.029,129.472,309.54,0.0,439.012,7.21,406.104,0.0,413.315
26.171933548990637,25836,2,7,4,0.0,-0.000583,0.027994,-0.001067,414.252,449.0,372.345,0.0,372,395,0.0,0.027,0.0,0.0,0.027,104.624,309.627,0.0,414.252,-27.798,400.144,0.0,372.345
26.171933548990637,25841,2,7,4,0.0,-0.000618,0.029664,-0.028997,520.988,462.0,485.859,0.0,485,462,0.0,0.029,0.0,0.0,0.029,211.184,309.803,0.0,520.988,47.19,438.668,0.0,485.859
26.18399673094973,25846,2,7,4,0.0,-0.000584,0.028059,0.008505,380.256,400.0,396.272,0.0,396,395,0.0,0.028,0.0,0.0,0.028,70.393,309.862,0.0,380.256,-15.794,412.067,0.0,396.272
26.18399673094973,25851,2,7,4,0.0,-0.000548,0.026344,0.030066,296.451,359.0,319.951,0.0,319,395,0.0,0.026,0.0,0.0,0.026,-13.399,309.851,0.0,296.451,-50.038,369.989,0.0,319.951
26.195367292966694,25856,2,7,4,0.0,-0.000561,0.026944,-0.014665,459.769,430.0,419.481,0.0,419,443,0.0,0.026,0.0,0.0,0.026,149.793,309.976,0.0,459.769,23.815,395.665,0.0,419.481
26.195367292966694,25861,2,7,4,0.0,-0.000588,0.028251,-0.005851,432.846,413.0,414.909,0.0,414,430,0.0,0.028,0.0,0.0,0.028,122.771,310.074,0.0,432.846,15.877,399.032,0.0,414.909
26.20645606389735,25866,2,7,4,0.0,-0.000582,0.027936,0.006761,386.367,395.0,376.016,0.0,376,417,0.0,0.027,0.0,0.0,0.027,76.229,310.138,0.0,386.367,-6.905,382.922,0.0,376.016
26.20645606389735,25871,2,7,4,0.0,-0.000546,0.026208,0.006792,380.092,377.0,376.424,0.0,376,413,0.0,0.026,0.0,0.0,0.026,69.896,310.196,0.0,380.092,2.473,373.95,0.0,376.424
26.217673850012943,25880,2,7,4,0.0,-0.000518,0.024906,-0.025198,490.798,456.0,427.815,0.0,427,413,0.0,0.024,0.0,0.0,0.024,180.378,310.42,0.0,490.798,27.839,399.976,0.0,427.815
26.217673850012943,25885,2,7,4,0.0,-0.000503,0.024188,-0.017612,461.03,443.0,423.998,0.0,423,426,0.0,0.024,0.0,0.0,0.024,150.484,310.545,0.0,461.03,14.424,409.574,0.0,423.998
26.229082010919228,25891,2,7,4,0.0,-0.000492,0.023653,0.020037,323.573,382.0,328.309,0.0,328,382,0.0,0.023,0.0,0.0,0.023,13.016,310.556,0.0,323.573,-46.741,375.05,0.0,328.309
26.229082010919228,25896,2,7,4,0.0,-0.00049,0.023527,-0.010286,432.39,413.0,403.997,0.0,403,426,0.0,0.023,0.0,0.0,0.023,121.732,310.658,0.0,432.39,15.512,388.485,0.0,403.997
26.240220000967383,25901,2,7,4,0.0,-0.00054,0.025964,-0.03189,519.111,493.0,440.091,0.0,440,474,0.0,0.025,0.0,0.0,0.025,208.279,310.831,0.0,519.111,20.888,419.202,0.0,440.091
26.25161764700897,25911,2,7,4,0.0,-0.000556,0.026725,-0.007998,436.032,426.0,412.023,0.0,412,443,0.0,0.026,0.0,0.0,0.026,125.006,311.025,0.0,436.032,8.025,403.997,0.0,412.023
26.25161764700897,25916,2,7,4,0.0,-0.000643,0.030886,0.024389,334.434,351.0,360.95,0.0,360,413,0.0,0.03,0.0,0.0,0.03,23.389,311.045,0.0,334.434,-13.252,374.202,0.0,360.95
26.25161764700897,25921,2,7,4,0.0,-0.000654,0.031423,-0.002573,433.537,426.0,389.641,0.0,389,430,0.0,0.031,0.0,0.0,0.031,122.389,311.147,0.0,433.537,6.029,383.612,0.0,389.641
26.263123409939,25926,2,7,4,0.0,-0.00066,0.031721,-0.013277,473.275,462.0,409.787,0.0,409,430,0.0,0.031,0.0,0.0,0.031,161.993,311.282,0.0,473.275,9.02,400.766,0.0,409.787
26.263123409939,25931,2,7,4,0.0,-0.000704,0.033808,0.012304,388.761,395.0,383.875,0.0,383,426,0.0,0.033,0.0,0.0,0.033,77.414,311.346,0.0,388.761,-4.99,388.866,0.0,383.875
26.27482719195541,25936,2,7,4,0.0,-0.000689,0.033076,0.003398,418.274,395.0,409.514,0.0,409,430,0.0,0.033,0.0,0.0,0.033,106.839,311.435,0.0,418.274,18.619,390.894,0.0,409.514
26.27482719195541,25941,2,7,4,0.0,-0.000648,0.031119,0.009276,390.134,400.0,369.675,0.0,369,413,0.0,0.031,0.0,0.0,0.031,78.633,311.501,0.0,390.134,-7.892,377.567,0.0,369.675
26.286679526907392,25946,2,7,4,0.0,-0.000615,0.029551,0.006174,395.727,390.0,378.033,0.0,378,408,0.0,0.029,0.0,0.0,0.029,84.156,311.571,0.0,395.727,4.581,373.451,0.0,378.033
26.286679526907392,25951,2,7,4,0.0,-0.000591,0.028405,0.023547,329.074,364.0,319.457,0.0,319,359,0.0,0.028,0.0,0.0,0.028,17.488,311.585,0.0,329.074,-27.94,347.398,0.0,319.457
26.286679526907392,25956,2,7,4,0.0,-0.000642,0.030828,-0.00629,445.325,443.0,371.124,0.0,371,413,0.0,0.03,0.0,0.0,0.03,133.628,311.696,0.0,445.325,1.86,369.263,0.0,371.124
26.299387020990252,25961,2,7,4,0.0,-0.000706,0.033908,-0.001192,438.168,426.0,388.546,0.0,388,443,0.0,0.033,0.0,0.0,0.033,126.366,311.802,0.0,438.168,9.734,378.811,0.0,388.546
26.310675925924443,25970,2,7,4,0.0,-0.000645,0.030982,0.013926,373.324,395.0,340.498,0.0,340,395,0.0,0.03,0.0,0.0,0.03,61.4,311.924,0.0,373.324,-17.34,357.838,0.0,340.498
26.310675925924443,25975,2,7,4,0.0,-0.000632,0.030362,-0.007143,447.057,443.0,377.579,0.0,377,413,0.0,0.03,0.0,0.0,0.03,135.021,312.036,0.0,447.057,3.246,374.332,0.0,377.579
26.322299569961615,25980,2,7,4,0.0,-0.000619,0.029713,0.002356,410.604,395.0,386.476,0.0,386,417,0.0,0.029,0.0,0.0,0.029,98.485,312.118,0.0,410.604,12.483,373.993,0.0,386.476
26.322299569961615,25986,2,7,4,0.0,-0.00064,0.030723,0.000848,419.758,395.0,397.703,0.0,397,413,0.0,0.03,0.0,0.0,0.03,107.55,312.208,0.0,419.758,19.807,377.896,0.0,397.703
26.322299569961615,25991,2,7,4,0.0,-0.000648,0.031143,0.00489,406.798,395.0,387.216,0.0,387,382,0.0,0.031,0.0,0.0,0.031,94.51,312.287,0.0,406.798,9.438,377.777,0.0,387.216
26.33363784791436,25996,2,7,4,0.0,-0.000631,0.030292,0.002173,413.599,413.0,380.404,0.0,380,430,0.0,0.03,0.0,0.0,0.03,101.228,312.371,0.0,413.599,0.479,379.925,0.0,380.404
26.33363784791436,26001,2,7,4,0.0,-0.000633,0.030391,0.007816,393.71,413.0,355.973,0.0,355,430,0.0,0.03,0.0,0.0,0.03,81.27,312.439,0.0,393.71,-15.431,371.405,0.0,355.973
26.345086210989393,26006,2,7,4,0.0,-0.000628,0.030166,0.006934,396.145,382.0,382.175,0.0,382,413,0.0,0.03,0.0,0.0,0.03,83.635,312.509,0.0,396.145,11.316,370.858,0.0,382.175
26.345086210989393,26011,2,7,4,0.0,-0.000647,0.031073,0.001328,419.68,400.0,388.568,0.0,388,413,0.0,0.031,0.0,0.0,0.031,107.081,312.598,0.0,419.68,15.744,372.824,0.0,388.568
26.356518502929248,26016,2,7,4,0.0,-0.000635,0.030495,0.004058,407.85,413.0,365.758,0.0,365,395,0.0,0.03,0.0,0.0,0.03,95.172,312.677,0.0,407.85,-4.119,369.878,0.0,365.758
26.356518502929248,26021,2,7,4,0.0,-0.000598,0.028739,0.01404,365.64,377.0,347.023,0.0,347,377,0.0,0.028,0.0,0.0,0.028,52.919,312.721,0.0,365.64,-9.087,356.11,0.0,347.023
26.356518502929248,26026,2,7,4,0.0,-0.000605,0.029057,0.013662,368.193,413.0,312.244,0.0,312,413,0.0,0.029,0.0,0.0,0.029,55.425,312.768,0.0,368.193,-35.845,348.09,0.0,312.244
26.369184723007493,26031,2,7,4,0.0,-0.000678,0.03256,0.001646,424.147,395.0,382.74,0.0,382,382,0.0,0.032,0.0,0.0,0.032,111.287,312.86,0.0,424.147,23.318,359.422,0.0,382.74
26.369184723007493,26036,2,7,4,0.0,-0.000665,0.031966,0.017441,365.193,359.0,355.592,0.0,355,346,0.0,0.031,0.0,0.0,0.031,52.289,312.904,0.0,365.193,4.954,350.637,0.0,355.592
26.380220633931458,26041,2,7,4,0.0,-0.000645,0.030973,0.011773,382.081,364.0,368.731,0.0,368,395,0.0,0.03,0.0,0.0,0.03,69.122,312.959,0.0,382.081,14.465,354.266,0.0,368.731
26.380220633931458,26046,2,7,4,0.0,-0.000646,0.031026,0.005106,406.348,413.0,351.809,0.0,351,395,0.0,0.031,0.0,0.0,0.031,93.311,313.037,0.0,406.348,-5.32,357.13,0.0,351.809
26.391675410908647,26051,2,7,4,0.0,-0.000616,0.029588,0.005987,398.07,395.0,363.852,0.0,363,364,0.0,0.029,0.0,0.0,0.029,84.962,313.108,0.0,398.07,2.456,361.395,0.0,363.852
26.391675410908647,26060,2,7,4,0.0,-0.000558,0.026804,-0.001171,413.991,364.0,421.106,0.0,421,413,0.0,0.026,0.0,0.0,0.026,100.711,313.28,0.0,413.991,39.993,381.113,0.0,421.106
26.403785365982912,26065,2,7,4,0.0,-0.000595,0.028593,0.013934,366.096,395.0,342.994,0.0,342,395,0.0,0.028,0.0,0.0,0.028,52.772,313.324,0.0,366.096,-23.122,366.116,0.0,342.994
26.403785365982912,26070,2,7,4,0.0,-0.000578,0.027745,-0.008821,445.074,426.0,401.741,0.0,401,430,0.0,0.027,0.0,0.0,0.027,131.64,313.433,0.0,445.074,15.259,386.482,0.0,401.741
26.415010052965954,26076,2,7,4,0.0,-0.000615,0.029566,0.011859,377.233,382.0,369.708,0.0,369,364,0.0,0.029,0.0,0.0,0.029,63.746,313.487,0.0,377.233,-3.813,373.521,0.0,369.708
26.415010052965954,26081,2,7,4,0.0,-0.000658,0.031611,-0.013234,475.068,456.0,417.667,0.0,417,443,0.0,0.031,0.0,0.0,0.031,161.446,313.621,0.0,475.068,15.254,402.412,0.0,417.667
26.426436934969388,26086,2,7,4,0.0,-0.000655,0.031477,0.000253,426.12,443.0,384.17,0.0,384,426,0.0,0.031,0.0,0.0,0.031,112.404,313.715,0.0,426.12,-13.503,397.674,0.0,384.17
26.426436934969388,26091,2,7,4,0.0,-0.000596,0.028623,0.003705,403.495,400.0,394.9,0.0,394,443,0.0,0.028,0.0,0.0,0.028,89.705,313.79,0.0,403.495,2.796,392.104,0.0,394.9
26.426436934969388,26096,2,7,4,0.0,-0.000568,0.027296,0.014287,360.659,395.0,343.823,0.0,343,395,0.0,0.027,0.0,0.0,0.027,46.83,313.829,0.0,360.659,-27.472,371.295,0.0,343.823
26.438029397977516,26101,2,7,4,0.0,-0.000575,0.027625,-0.000793,416.222,395.0,394.125,0.0,394,430,0.0,0.027,0.0,0.0,0.027,102.308,313.914,0.0,416.222,16.978,377.147,0.0,394.125
26.438029397977516,26106,2,7,4,0.0,-0.00064,0.030746,-0.031908,539.662,462.0,483.462,0.0,483,493,0.0,0.03,0.0,0.0,0.03,225.56,314.102,0.0,539.662,62.13,421.332,0.0,483.462
26.44943031296134,26111,2,7,4,0.0,-0.00068,0.032684,-0.012409,476.575,443.0,452.645,0.0,452,462,0.0,0.032,0.0,0.0,0.032,162.337,314.237,0.0,476.575,26.86,425.785,0.0,452.645
26.44943031296134,26116,2,7,4,0.0,-0.00055,0.02642,0.022841,327.133,351.0,369.509,0.0,369,413,0.0,0.026,0.0,0.0,0.026,12.885,314.248,0.0,327.133,-19.093,388.602,0.0,369.509
26.461191885988228,26121,2,7,4,0.0,-0.000488,0.023456,0.009611,364.13,426.0,319.171,0.0,319,395,0.0,0.023,0.0,0.0,0.023,49.84,314.289,0.0,364.13,-49.495,368.667,0.0,319.171
26.461191885988228,26126,2,7,4,0.0,-0.000527,0.025316,-0.008385,435.715,413.0,404.236,0.0,404,443,0.0,0.025,0.0,0.0,0.025,121.324,314.391,0.0,435.715,18.172,386.064,0.0,404.236
26.472941747982986,26131,2,7,4,0.0,-0.000641,0.03078,-0.044795,586.682,493.0,517.552,0.0,517,525,0.0,0.03,0.0,0.0,0.03,272.073,314.609,0.0,586.682,74.945,442.606,0.0,517.552
26.472941747982986,26136,2,7,4,0.0,-0.000691,0.033209,-0.021366,511.248,462.0,493.693,0.0,493,510,0.0,0.033,0.0,0.0,0.033,196.475,314.772,0.0,511.248,39.398,454.295,0.0,493.693
26.472941747982986,26141,2,7,4,0.0,-0.0006,0.028806,0.038105,281.266,329.0,347.297,0.0,347,359,0.0,0.028,0.0,0.0,0.028,-33.478,314.745,0.0,281.266,-38.186,385.483,0.0,347.297
26.485055477009155,26150,2,7,4,0.0,-0.000512,0.024594,-0.002454,412.194,408.0,369.565,0.0,369,390,0.0,0.024,0.0,0.0,0.024,97.377,314.817,0.0,412.194,3.355,366.21,0.0,369.565
26.496568343951367,26155,2,7,4,0.0,-0.000627,0.030143,-0.027277,521.703,456.0,461.474,0.0,461,462,0.0,0.03,0.0,0.0,0.03,206.713,314.989,0.0,521.703,52.562,408.911,0.0,461.474
26.496568343951367,26160,2,7,4,0.0,-0.00073,0.035078,-0.024893,531.069,493.0,464.619,0.0,464,462,0.0,0.035,0.0,0.0,0.035,215.9,315.169,0.0,531.069,30.455,434.163,0.0,464.619
26.496568343951367,26166,2,7,4,0.0,-0.00072,0.03456,0.016982,378.5,413.0,378.147,0.0,378,395,0.0,0.034,0.0,0.0,0.034,63.278,315.222,0.0,378.5,-27.599,405.746,0.0,378.147
26.50884667795617,26171,2,7,4,0.0,-0.000556,0.026705,0.02362,326.334,364.0,345.797,0.0,345,382,0.0,0.026,0.0,0.0,0.026,11.103,315.231,0.0,326.334,-30.132,375.929,0.0,345.797
26.50884667795617,26176,2,7,4,0.0,-0.000479,0.023021,0.010521,360.268,377.0,348.809,0.0,348,377,0.0,0.023,0.0,0.0,0.023,44.999,315.269,0.0,360.268,-13.384,362.194,0.0,348.809
26.520247363951057,26181,2,7,4,0.0,-0.000606,0.029095,-0.016469,479.438,443.0,419.594,0.0,419,426,0.0,0.029,0.0,0.0,0.029,164.032,315.405,0.0,479.438,29.15,390.443,0.0,419.594
26.520247363951057,26186,2,7,4,0.0,-0.000639,0.030691,0.005855,404.889,413.0,380.645,0.0,380,413,0.0,0.03,0.0,0.0,0.03,89.408,315.48,0.0,404.889,-6.488,387.134,0.0,380.645
26.531692113960162,26191,2,7,4,0.0,-0.000623,0.029947,0.001626,417.52,413.0,396.707,0.0,396,443,0.0,0.029,0.0,0.0,0.029,101.955,315.565,0.0,417.52,3.616,393.09,0.0,396.707
26.531692113960162,26196,2,7,4,0.0,-0.00055,0.026444,-0.007137,436.56,426.0,403.96,0.0,403,430,0.0,0.026,0.0,0.0,0.026,120.894,315.665,0.0,436.56,8.448,395.511,0.0,403.96
26.531692113960162,26201,2,7,4,0.0,-0.000488,0.023468,0.002677,390.576,408.0,369.992,0.0,369,395,0.0,0.023,0.0,0.0,0.023,74.848,315.728,0.0,390.576,-13.938,383.931,0.0,369.992
26.544329384923913,26206,2,7,4,0.0,-0.000506,0.024335,-0.00935,437.099,413.0,414.173,0.0,414,430,0.0,0.024,0.0,0.0,0.024,121.27,315.829,0.0,437.099,19.279,394.893,0.0,414.173
26.544329384923913,26211,2,7,4,0.0,-0.000546,0.026208,-0.011609,452.085,430.0,421.461,0.0,421,456,0.0,0.026,0.0,0.0,0.026,136.143,315.942,0.0,452.085,17.668,403.793,0.0,421.461
26.553570859949104,26216,2,7,4,0.0,-0.000516,0.024779,0.007403,378.548,408.0,361.621,0.0,361,426,0.0,0.024,0.0,0.0,0.024,62.553,315.994,0.0,378.548,-23.561,385.182,0.0,361.621
26.553570859949104,26221,2,7,4,0.0,-0.000556,0.026718,-0.001982,419.402,443.0,370.364,0.0,370,426,0.0,0.026,0.0,0.0,0.026,103.324,316.077,0.0,419.402,-18.878,389.242,0.0,370.364
26.56656936800573,26226,2,7,4,0.0,-0.000515,0.024767,0.014493,353.094,413.0,318.538,0.0,318,377,0.0,0.024,0.0,0.0,0.024,36.986,316.108,0.0,353.094,-47.924,366.462,0.0,318.538
26.56656936800573,26231,2,7,4,0.0,-0.000498,0.023948,0.005017,384.315,364.0,385.007,0.0,385,413,0.0,0.023,0.0,0.0,0.023,68.149,316.165,0.0,384.315,16.252,368.755,0.0,385.007
26.56656936800573,26236,2,7,4,0.0,-0.000511,0.024552,-0.01689,465.486,430.0,419.139,0.0,419,474,0.0,0.024,0.0,0.0,0.024,149.196,316.289,0.0,465.486,28.389,390.75,0.0,419.139
26.580043495981954,26245,2,7,4,0.0,-0.000536,0.02574,0.003562,396.317,395.0,390.863,0.0,390,426,0.0,0.025,0.0,0.0,0.025,79.841,316.476,0.0,396.317,1.054,389.808,0.0,390.863
26.591425855993293,26250,2,7,4,0.0,-0.000517,0.024863,0.009906,370.368,395.0,354.703,0.0,354,395,0.0,0.024,0.0,0.0,0.024,53.846,316.521,0.0,370.368,-19.705,374.409,0.0,354.703
26.591425855993293,26256,2,7,4,0.0,-0.000548,0.02633,0.009687,376.486,377.0,370.901,0.0,370,395,0.0,0.026,0.0,0.0,0.026,59.914,316.571,0.0,376.486,-0.41,371.311,0.0,370.901
26.603226872975938,26261,2,7,4,0.0,-0.000574,0.027562,-0.018192,481.428,462.0,415.522,0.0,415,443,0.0,0.027,0.0,0.0,0.027,164.719,316.709,0.0,481.428,15.542,399.979,0.0,415.522
26.603226872975938,26266,2,7,4,0.0,-0.000558,0.026794,0.006181,390.979,400.0,383.686,0.0,383,400,0.0,0.026,0.0,0.0,0.026,74.208,316.77,0.0,390.979,-7.216,390.902,0.0,383.686
26.603226872975938,26271,2,7,4,0.0,-0.000512,0.024621,0.010222,368.649,390.0,357.177,0.0,357,408,0.0,0.024,0.0,0.0,0.024,51.835,316.814,0.0,368.649,-17.08,374.258,0.0,357.177
26.61317153694108,26276,2,7,4,0.0,-0.000487,0.023396,0.02378,315.429,364.0,306.016,0.0,306,377,0.0,0.023,0.0,0.0,0.023,-1.383,316.813,0.0,315.429,-38.856,344.872,0.0,306.016
26.61317153694108,26281,2,7,4,0.0,-0.000467,0.022447,-0.001014,401.348,382.0,371.628,0.0,371,413,0.0,0.022,0.0,0.0,0.022,84.464,316.883,0.0,401.348,15.478,356.15,0.0,371.628
26.624409011914395,26286,2,7,4,0.0,-0.000569,0.02732,-0.009677,450.186,395.0,420.251,0.0,420,413,0.0,0.027,0.0,0.0,0.027,133.192,316.994,0.0,450.186,44.149,376.102,0.0,420.251
26.624409011914395,26291,2,7,4,0.0,-0.000573,0.027526,-0.007937,444.771,413.0,413.315,0.0,413,426,0.0,0.027,0.0,0.0,0.027,127.671,317.1,0.0,444.771,25.417,387.898,0.0,413.315
26.636532458942384,26296,2,7,4,0.0,-0.000567,0.027249,0.020579,341.131,364.0,346.144,0.0,346,364,0.0,0.027,0.0,0.0,0.027,24.01,317.12,0.0,341.131,-18.294,364.439,0.0,346.144
26.636532458942384,26301,2,7,4,0.0,-0.000525,0.025226,0.007769,380.018,413.0,332.399,0.0,332,382,0.0,0.025,0.0,0.0,0.025,62.844,317.173,0.0,380.018,-26.385,358.785,0.0,332.399
26.636532458942384,26306,2,7,4,0.0,-0.000582,0.027967,-0.021568,495.651,462.0,421.798,0.0,421,462,0.0,0.027,0.0,0.0,0.027,178.329,317.321,0.0,495.651,26.921,394.876,0.0,421.798
26.64829144300893,26311,2,7,4,0.0,-0.000606,0.029112,-0.011373,463.188,443.0,422.818,0.0,422,443,0.0,0.029,0.0,0.0,0.029,145.749,317.438,0.0,463.188,16.15,406.668,0.0,422.818
26.64829144300893,26316,2,7,4,0.0,-0.000572,0.027459,0.023858,330.411,377.0,329.947,0.0,329,364,0.0,0.027,0.0,0.0,0.027,12.962,317.449,0.0,330.411,-37.27,367.217,0.0,329.947
26.659414619905874,26321,2,7,4,0.0,-0.000518,0.024902,0.0243,319.619,351.0,316.761,0.0,316,359,0.0,0.024,0.0,0.0,0.024,2.168,317.451,0.0,319.619,-25.104,341.866,0.0,316.761
26.659414619905874,26326,2,7,4,0.0,-0.000569,0.027338,-0.023183,499.478,443.0,432.922,0.0,432,443,0.0,0.027,0.0,0.0,0.027,181.875,317.602,0.0,499.478,45.182,387.739,0.0,432.922
26.671066882903688,26335,2,7,4,0.0,-0.000624,0.02997,0.00188,418.958,426.0,402.13,0.0,402,426,0.0,0.029,0.0,0.0,0.029,101.125,317.833,0.0,418.958,-5.633,407.764,0.0,402.13
26.671066882903688,26340,2,7,4,0.0,-0.000578,0.027767,0.022878,335.446,395.0,327.27,0.0,327,364,0.0,0.027,0.0,0.0,0.027,17.598,317.847,0.0,335.446,-47.642,374.913,0.0,327.27
26.683629516977817,26346,2,7,4,0.0,-0.000552,0.026531,0.006992,388.248,413.0,351.268,0.0,351,382,0.0,0.026,0.0,0.0,0.026,70.342,317.906,0.0,388.248,-19.801,371.069,0.0,351.268
26.683629516977817,26351,2,7,4,0.0,-0.000564,0.027108,-0.000682,418.039,426.0,366.853,0.0,366,395,0.0,0.027,0.0,0.0,0.027,100.05,317.989,0.0,418.039,-6.368,373.221,0.0,366.853
26.695499389898032,26356,2,7,4,0.0,-0.000622,0.029895,-0.008398,455.962,426.0,414.311,0.0,414,443,0.0,0.029,0.0,0.0,0.029,137.857,318.104,0.0,455.962,23.969,390.341,0.0,414.311
26.695499389898032,26361,2,7,4,0.0,-0.000631,0.030332,0.009494,393.184,426.0,349.895,0.0,349,377,0.0,0.03,0.0,0.0,0.03,75.017,318.167,0.0,393.184,-26.252,376.147,0.0,349.895
26.70687741099391,26366,2,7,4,0.0,-0.000635,0.030482,0.007098,402.417,395.0,381.845,0.0,381,413,0.0,0.03,0.0,0.0,0.03,84.18,318.237,0.0,402.417,5.934,375.91,0.0,381.845
26.70687741099391,26371,2,7,4,0.0,-0.000557,0.026762,-0.006678,438.726,426.0,393.224,0.0,393,426,0.0,0.026,0.0,0.0,0.026,120.388,318.337,0.0,438.726,10.181,383.043,0.0,393.224
26.70687741099391,26376,2,7,4,0.0,-0.000545,0.026181,-0.011678,454.748,413.0,432.849,0.0,432,426,0.0,0.026,0.0,0.0,0.026,136.296,318.451,0.0,454.748,33.398,399.45,0.0,432.849
26.719233712996356,26381,2,7,4,0.0,-0.000551,0.026453,0.003183,402.291,413.0,382.929,0.0,382,426,0.0,0.026,0.0,0.0,0.026,83.77,318.521,0.0,402.291,-8.566,391.495,0.0,382.929
26.719233712996356,26386,2,7,4,0.0,-0.000587,0.02819,0.008688,388.785,395.0,376.548,0.0,376,426,0.0,0.028,0.0,0.0,0.028,70.205,318.579,0.0,388.785,-4.971,381.519,0.0,376.548
26.730797766009346,26391,2,7,4,0.0,-0.000586,0.028135,0.001746,413.659,426.0,367.034,0.0,367,400,0.0,0.028,0.0,0.0,0.028,95.0,318.658,0.0,413.659,-9.872,376.906,0.0,367.034
26.730797766009346,26396,2,7,4,0.0,-0.000595,0.0286,0.00781,393.565,413.0,354.826,0.0,354,395,0.0,0.028,0.0,0.0,0.028,74.844,318.721,0.0,393.565,-15.547,370.374,0.0,354.826
26.742633282905445,26401,2,7,4,0.0,-0.000632,0.030371,-0.004353,443.828,430.0,396.094,0.0,396,426,0.0,0.03,0.0,0.0,0.03,125.006,318.821,0.0,443.828,11.062,385.032,0.0,396.094
26.742633282905445,26406,2,7,4,0.0,-0.000628,0.030189,-0.013641,476.745,462.0,414.319,0.0,414,474,0.0,0.03,0.0,0.0,0.03,157.792,318.952,0.0,476.745,11.796,402.523,0.0,414.319
26.742633282905445,26411,2,7,4,0.0,-0.000623,0.029922,0.006751,402.436,426.0,368.531,0.0,368,408,0.0,0.029,0.0,0.0,0.029,83.413,319.022,0.0,402.436,-18.85,387.382,0.0,368.531
26.75483401992824,26416,2,7,4,0.0,-0.000575,0.027629,0.01514,364.022,377.0,359.977,0.0,359,364,0.0,0.027,0.0,0.0,0.027,44.962,319.059,0.0,364.022,-10.382,370.36,0.0,359.977
26.76422906294465,26425,2,7,4,0.0,-0.000596,0.028641,-0.01229,466.575,413.0,426.692,0.0,426,395,0.0,0.028,0.0,0.0,0.028,147.355,319.219,0.0,466.575,42.86,383.832,0.0,426.692
26.76422906294465,26430,2,7,4,0.0,-0.000635,0.030522,0.0079,400.725,364.0,410.029,0.0,410,400,0.0,0.03,0.0,0.0,0.03,81.438,319.287,0.0,400.725,29.38,380.649,0.0,410.029
26.776781003922224,26436,2,7,4,0.0,-0.000636,0.030565,0.005651,409.049,413.0,377.348,0.0,377,408,0.0,0.03,0.0,0.0,0.03,89.687,319.362,0.0,409.049,-3.16,380.508,0.0,377.348
26.776781003922224,26441,2,7,4,0.0,-0.000617,0.029657,0.000154,425.66,443.0,366.741,0.0,366,443,0.0,0.029,0.0,0.0,0.029,106.209,319.45,0.0,425.66,-13.871,380.613,0.0,366.741
26.776781003922224,26446,2,7,4,0.0,-0.0006,0.028829,-0.006849,448.003,462.0,377.839,0.0,377,426,0.0,0.028,0.0,0.0,0.028,128.445,319.557,0.0,448.003,-11.197,389.037,0.0,377.839
26.78928908891976,26451,2,7,4,0.0,-0.000607,0.029174,-0.009656,459.467,430.0,423.022,0.0,423,443,0.0,0.029,0.0,0.0,0.029,139.793,319.674,0.0,459.467,23.574,399.448,0.0,423.022
26.78928908891976,26456,2,7,4,0.0,-0.000641,0.030794,-0.015488,486.429,474.0,428.836,0.0,428,474,0.0,0.03,0.0,0.0,0.03,166.616,319.813,0.0,486.429,9.943,418.893,0.0,428.836
26.800948187010363,26461,2,7,4,0.0,-0.000633,0.03039,0.000321,428.151,430.0,410.869,0.0,410,439,0.0,0.03,0.0,0.0,0.03,108.248,319.903,0.0,428.151,-1.478,412.347,0.0,410.869
26.800948187010363,26466,2,7,4,0.0,-0.000626,0.030095,0.002903,417.875,462.0,369.591,0.0,369,426,0.0,0.03,0.0,0.0,0.03,97.89,319.984,0.0,417.875,-35.299,404.89,0.0,369.591
26.812420011963695,26471,2,7,4,0.0,-0.000652,0.031314,0.002402,424.153,413.0,416.829,0.0,416,430,0.0,0.031,0.0,0.0,0.031,104.081,320.071,0.0,424.153,8.922,407.906,0.0,416.829
26.812420011963695,26476,2,7,4,0.0,-0.00063,0.030241,0.008754,397.49,413.0,384.322,0.0,384,413,0.0,0.03,0.0,0.0,0.03,77.354,320.136,0.0,397.49,-12.407,396.729,0.0,384.322
26.812420011963695,26481,2,7,4,0.0,-0.000687,0.033021,-0.002477,448.037,449.0,404.311,0.0,404,462,0.0,0.033,0.0,0.0,0.033,127.795,320.242,0.0,448.037,-0.769,405.081,0.0,404.311
26.823695520986803,26486,2,7,4,0.0,-0.000643,0.030895,0.010712,392.96,395.0,387.587,0.0,387,400,0.0,0.03,0.0,0.0,0.03,72.657,320.303,0.0,392.96,-1.631,389.218,0.0,387.587
26.823695520986803,26491,2,7,4,0.0,-0.00062,0.029767,0.009418,393.616,413.0,365.181,0.0,365,395,0.0,0.029,0.0,0.0,0.029,73.254,320.361,0.0,393.616,-15.506,380.688,0.0,365.181
26.83485442493111,26496,2,7,4,0.0,-0.000592,0.028452,0.011467,381.559,413.0,348.899,0.0,348,382,0.0,0.028,0.0,0.0,0.028,61.146,320.412,0.0,381.559,-25.152,374.051,0.0,348.899
26.83485442493111,26501,2,7,4,0.0,-0.000594,0.028538,-0.005546,443.221,462.0,371.493,0.0,371,413,0.0,0.028,0.0,0.0,0.028,122.706,320.515,0.0,443.221,-15.022,386.516,0.0,371.493
26.846543940948322,26506,2,7,4,0.0,-0.000603,0.028972,0.001327,420.119,413.0,392.385,0.0,392,408,0.0,0.028,0.0,0.0,0.028,99.521,320.598,0.0,420.119,5.695,386.69,0.0,392.385
26.846543940948322,26515,2,7,4,0.0,-0.000637,0.030596,-0.017564,494.227,462.0,443.661,0.0,443,430,0.0,0.03,0.0,0.0,0.03,173.376,320.85,0.0,494.227,25.782,417.879,0.0,443.661
26.857793940929696,26520,2,7,4,0.0,-0.000588,0.028253,-0.003495,435.244,443.0,410.321,0.0,410,413,0.0,0.028,0.0,0.0,0.028,114.298,320.946,0.0,435.244,-6.204,416.525,0.0,410.321
26.857793940929696,26526,2,7,4,0.0,-0.00057,0.02737,0.000881,416.387,426.0,401.826,0.0,401,426,0.0,0.027,0.0,0.0,0.027,95.361,321.025,0.0,416.387,-7.689,409.516,0.0,401.826
26.869636435993016,26531,2,7,4,0.0,-0.000565,0.027122,-0.014779,472.001,449.0,445.171,0.0,445,462,0.0,0.027,0.0,0.0,0.027,150.85,321.151,0.0,472.001,18.401,426.769,0.0,445.171
26.869636435993016,26536,2,7,4,0.0,-0.000543,0.026111,-0.000268,416.201,443.0,392.87,0.0,392,430,0.0,0.026,0.0,0.0,0.026,94.97,321.23,0.0,416.201,-21.439,414.309,0.0,392.87
26.881054776953533,26541,2,7,4,0.0,-0.000534,0.025636,0.00409,398.859,413.0,385.717,0.0,385,413,0.0,0.025,0.0,0.0,0.025,77.564,321.295,0.0,398.859,-11.312,397.029,0.0,385.717
26.881054776953533,26546,2,7,4,0.0,-0.000554,0.026614,0.009553,382.765,382.0,386.114,0.0,386,400,0.0,0.026,0.0,0.0,0.026,61.419,321.346,0.0,382.765,0.612,385.502,0.0,386.114
26.89314266492147,26551,2,7,4,0.0,-0.000573,0.027547,-0.010801,459.516,426.0,428.547,0.0,428,426,0.0,0.027,0.0,0.0,0.027,138.055,321.461,0.0,459.516,26.813,401.734,0.0,428.547
26.89314266492147,26556,2,7,4,0.0,-0.000548,0.026349,-0.002781,426.419,395.0,428.824,0.0,428,430,0.0,0.026,0.0,0.0,0.026,104.87,321.548,0.0,426.419,25.135,403.689,0.0,428.824
26.89314266492147,26561,2,7,4,0.0,-0.000499,0.023959,-0.001869,414.612,426.0,387.96,0.0,387,430,0.0,0.023,0.0,0.0,0.023,92.985,321.626,0.0,414.612,-9.11,397.07,0.0,387.96
26.904749834910035,26566,2,7,4,0.0,-0.000478,0.022953,-0.009523,438.637,443.0,399.538,0.0,399,426,0.0,0.022,0.0,0.0,0.022,116.913,321.723,0.0,438.637,-3.489,403.028,0.0,399.538
26.904749834910035,26571,2,7,4,0.0,-0.000481,0.023106,0.010439,367.362,395.0,363.485,0.0,363,395,0.0,0.023,0.0,0.0,0.023,45.6,321.761,0.0,367.362,-22.11,385.595,0.0,363.485
26.91626298497431,26576,2,7,4,0.0,-0.000549,0.026362,-0.007704,444.505,413.0,426.01,0.0,426,443,0.0,0.026,0.0,0.0,0.026,122.641,321.864,0.0,444.505,25.204,400.806,0.0,426.01
26.91626298497431,26581,2,7,4,0.0,-0.000545,0.026196,0.007425,389.496,395.0,380.98,0.0,380,430,0.0,0.026,0.0,0.0,0.026,67.578,321.918,0.0,389.496,-4.402,385.383,0.0,380.98
26.928044016007334,26586,2,7,4,0.0,-0.00054,0.025945,0.004515,399.13,413.0,370.275,0.0,370,426,0.0,0.025,0.0,0.0,0.025,77.147,321.982,0.0,399.13,-11.095,381.37,0.0,370.275
26.928044016007334,26591,2,7,4,0.0,-0.000547,0.026291,0.00866,385.506,426.0,337.301,0.0,337,395,0.0,0.026,0.0,0.0,0.026,63.471,322.035,0.0,385.506,-32.394,369.696,0.0,337.301
26.928044016007334,26596,2,7,4,0.0,-0.000572,0.027491,-0.00922,454.306,426.0,411.242,0.0,411,443,0.0,0.027,0.0,0.0,0.027,132.16,322.145,0.0,454.306,22.645,388.596,0.0,411.242
26.940178707940504,26605,2,7,4,0.0,-0.000521,0.025035,0.007622,384.866,364.0,359.787,0.0,359,364,0.0,0.025,0.0,0.0,0.025,62.687,322.179,0.0,384.866,16.693,343.094,0.0,359.787
26.949575586011633,26610,2,7,4,0.0,-0.000539,0.025896,-0.022808,497.664,462.0,410.812,0.0,410,462,0.0,0.025,0.0,0.0,0.025,175.338,322.325,0.0,497.664,28.531,382.281,0.0,410.812
26.949575586011633,26616,2,7,4,0.0,-0.000553,0.026556,-0.00566,438.402,443.0,380.475,0.0,380,443,0.0,0.026,0.0,0.0,0.026,115.98,322.422,0.0,438.402,-3.678,384.154,0.0,380.475
26.962432632921264,26621,2,7,4,0.0,-0.000482,0.023141,0.010514,367.915,395.0,346.089,0.0,346,408,0.0,0.023,0.0,0.0,0.023,45.455,322.46,0.0,367.915,-21.667,367.757,0.0,346.089
26.962432632921264,26626,2,7,4,0.0,-0.000466,0.022394,0.009453,369.086,377.0,350.273,0.0,350,400,0.0,0.022,0.0,0.0,0.022,46.587,322.498,0.0,369.086,-6.331,356.604,0.0,350.273
26.962432632921264,26631,2,7,4,0.0,-0.000465,0.02232,0.007492,375.925,430.0,306.248,0.0,306,395,0.0,0.022,0.0,0.0,0.022,53.382,322.543,0.0,375.925,-43.259,349.508,0.0,306.248
26.97413169092033,26636,2,7,4,0.0,-0.000527,0.02531,-0.005383,433.131,413.0,380.202,0.0,380,443,0.0,0.025,0.0,0.0,0.025,110.496,322.635,0.0,433.131,16.105,364.097,0.0,380.202
26.97413169092033,26641,2,7,4,0.0,-0.000562,0.026984,0.008238,390.175,400.0,345.671,0.0,345,364,0.0,0.026,0.0,0.0,0.026,67.484,322.691,0.0,390.175,-7.859,353.53,0.0,345.671
26.98571512789931,26646,2,7,4,0.0,-0.000598,0.028731,0.004135,411.31,413.0,360.937,0.0,360,395,0.0,0.028,0.0,0.0,0.028,88.545,322.765,0.0,411.31,-1.351,362.289,0.0,360.937
26.98571512789931,26651,2,7,4,0.0,-0.000589,0.028299,0.004145,409.791,426.0,353.691,0.0,353,413,0.0,0.028,0.0,0.0,0.028,86.953,322.837,0.0,409.791,-12.966,366.658,0.0,353.691
26.9971190179931,26656,2,7,4,0.0,-0.000552,0.026529,0.022777,336.354,364.0,321.47,0.0,321,377,0.0,0.026,0.0,0.0,0.026,13.505,322.849,0.0,336.354,-22.116,343.586,0.0,321.47
26.9971190179931,26661,2,7,4,0.0,-0.000579,0.027822,-0.008741,454.586,426.0,391.577,0.0,391,395,0.0,0.027,0.0,0.0,0.027,131.627,322.958,0.0,454.586,22.869,368.708,0.0,391.577
26.9971190179931,26666,2,7,4,0.0,-0.000626,0.030063,-0.002146,439.012,413.0,403.215,0.0,403,443,0.0,0.03,0.0,0.0,0.03,115.957,323.055,0.0,439.012,20.81,382.405,0.0,403.215
27.00941806694027,26671,2,7,4,0.0,-0.000596,0.028624,0.019617,355.505,364.0,349.646,0.0,349,382,0.0,0.028,0.0,0.0,0.028,32.424,323.081,0.0,355.505,-6.795,356.441,0.0,349.646
27.00941806694027,26676,2,7,4,0.0,-0.000603,0.028977,-0.009835,462.926,443.0,394.605,0.0,394,430,0.0,0.028,0.0,0.0,0.028,139.728,323.197,0.0,462.926,15.941,378.663,0.0,394.605
27.01968948391732,26681,2,7,4,0.0,-0.000627,0.030121,-0.005234,450.586,443.0,393.191,0.0,393,413,0.0,0.03,0.0,0.0,0.03,127.282,323.304,0.0,450.586,6.069,387.121,0.0,393.191
27.01968948391732,26686,2,7,4,0.0,-0.000672,0.03227,-0.016836,500.236,462.0,444.386,0.0,444,449,0.0,0.032,0.0,0.0,0.032,176.785,323.451,0.0,500.236,30.589,413.797,0.0,444.386
27.031271724961698,26695,2,7,4,0.0,-0.000672,0.032264,0.007138,414.136,443.0,399.114,0.0,399,430,0.0,0.032,0.0,0.0,0.032,90.456,323.68,0.0,414.136,-23.09,422.204,0.0,399.114
27.031271724961698,26700,2,7,4,0.0,-0.000656,0.031504,0.009473,403.056,474.0,351.043,0.0,351,430,0.0,0.031,0.0,0.0,0.031,79.31,323.746,0.0,403.056,-56.754,407.798,0.0,351.043
27.043000350007787,26706,2,7,4,0.0,-0.000634,0.030438,0.004638,416.702,413.0,403.094,0.0,403,443,0.0,0.03,0.0,0.0,0.03,92.878,323.824,0.0,416.702,2.961,400.132,0.0,403.094
27.043000350007787,26711,2,7,4,0.0,-0.000666,0.031986,-0.010404,476.556,467.0,420.539,0.0,420,430,0.0,0.031,0.0,0.0,0.031,152.605,323.951,0.0,476.556,7.645,412.894,0.0,420.539
27.054104603012092,26716,2,7,4,0.0,-0.000708,0.034015,-0.003644,459.641,449.0,430.909,0.0,430,462,0.0,0.034,0.0,0.0,0.034,135.576,324.064,0.0,459.641,8.512,422.396,0.0,430.909
27.054104603012092,26721,2,7,4,0.0,-0.000704,0.033794,0.025074,355.484,369.0,378.216,0.0,378,413,0.0,0.033,0.0,0.0,0.033,31.394,324.09,0.0,355.484,-10.812,389.028,0.0,378.216
27.06623692298308,26726,2,7,4,0.0,-0.000682,0.032772,0.016791,381.673,408.0,358.969,0.0,358,408,0.0,0.032,0.0,0.0,0.032,57.534,324.138,0.0,381.673,-21.061,380.031,0.0,358.969
27.06623692298308,26731,2,7,4,0.0,-0.000703,0.033748,-0.004515,462.006,462.0,395.237,0.0,395,462,0.0,0.033,0.0,0.0,0.033,137.752,324.253,0.0,462.006,0.004,395.232,0.0,395.237
27.06623692298308,26736,2,7,4,0.0,-0.00072,0.03459,-0.014375,500.675,493.0,424.824,0.0,424,462,0.0,0.034,0.0,0.0,0.034,176.275,324.4,0.0,500.675,6.14,418.684,0.0,424.824
27.078050413983874,26741,2,7,4,0.0,-0.000726,0.034889,0.008666,418.879,426.0,399.362,0.0,399,443,0.0,0.034,0.0,0.0,0.034,94.4,324.478,0.0,418.879,-5.696,405.059,0.0,399.362
27.078050413983874,26746,2,7,4,0.0,-0.000682,0.032772,0.020477,368.777,426.0,332.719,0.0,332,426,0.0,0.032,0.0,0.0,0.032,44.261,324.515,0.0,368.777,-45.778,378.497,0.0,332.719
27.089391577988863,26751,2,7,4,0.0,-0.000606,0.029114,0.031018,317.656,372.0,302.03,0.0,302,377,0.0,0.029,0.0,0.0,0.029,-6.853,324.509,0.0,317.656,-43.474,345.505,0.0,302.03
27.089391577988863,26756,2,7,4,0.0,-0.000633,0.030407,-0.019328,503.708,462.0,423.124,0.0,423,430,0.0,0.03,0.0,0.0,0.03,179.049,324.659,0.0,503.708,33.366,389.757,0.0,423.124
27.101192391943187,26761,2,7,4,0.0,-0.000694,0.033349,-0.014568,497.302,474.0,428.541,0.0,428,443,0.0,0.033,0.0,0.0,0.033,172.505,324.797,0.0,497.302,18.642,409.899,0.0,428.541
27.101192391943187,26766,2,7,4,0.0,-0.000661,0.031743,0.008929,406.995,395.0,409.707,0.0,409,413,0.0,0.031,0.0,0.0,0.031,82.13,324.865,0.0,406.995,9.596,400.11,0.0,409.707
27.101192391943187,26771,2,7,4,0.0,-0.000576,0.027669,0.016674,364.481,413.0,337.347,0.0,337,377,0.0,0.027,0.0,0.0,0.027,39.582,324.898,0.0,364.481,-38.814,376.161,0.0,337.347
27.1134488749085,26776,2,7,4,0.0,-0.000539,0.025911,0.012266,374.059,395.0,352.214,0.0,352,400,0.0,0.025,0.0,0.0,0.025,49.12,324.939,0.0,374.059,-16.752,368.966,0.0,352.214
27.123879446997307,26785,2,7,4,0.0,-0.000604,0.029021,-0.001809,436.123,413.0,408.356,0.0,408,413,0.0,0.029,0.0,0.0,0.029,110.99,325.132,0.0,436.123,18.498,389.857,0.0,408.356
27.123879446997307,26790,2,7,4,0.0,-0.000636,0.030536,0.003978,420.819,430.0,381.733,0.0,381,443,0.0,0.03,0.0,0.0,0.03,95.606,325.212,0.0,420.819,-7.344,389.078,0.0,381.733
27.136830448987894,26796,2,7,4,0.0,-0.000612,0.029381,0.01204,387.694,395.0,371.5,0.0,371,382,0.0,0.029,0.0,0.0,0.029,62.429,325.264,0.0,387.694,-5.844,377.345,0.0,371.5
27.136830448987894,26801,2,7,4,0.0,-0.000538,0.02587,0.009473,384.342,408.0,354.457,0.0,354,426,0.0,0.025,0.0,0.0,0.025,59.028,325.313,0.0,384.342,-18.925,373.383,0.0,354.457
27.136830448987894,26806,2,7,4,0.0,-0.000523,0.025145,0.001089,411.986,413.0,369.279,0.0,369,395,0.0,0.025,0.0,0.0,0.025,86.6,325.386,0.0,411.986,-0.81,370.089,0.0,369.279
27.148631709977053,26811,2,7,4,0.0,-0.000544,0.02612,0.0017,413.368,382.0,398.719,0.0,398,395,0.0,0.026,0.0,0.0,0.026,87.909,325.459,0.0,413.368,25.095,373.624,0.0,398.719
27.148631709977053,26816,2,7,4,0.0,-0.000595,0.028566,-0.017609,491.832,474.0,415.757,0.0,415,474,0.0,0.028,0.0,0.0,0.028,166.234,325.597,0.0,491.832,14.265,401.491,0.0,415.757
27.159838040010072,26821,2,7,4,0.0,-0.000594,0.028543,0.0201,356.018,359.0,369.145,0.0,369,395,0.0,0.028,0.0,0.0,0.028,30.395,325.623,0.0,356.018,-2.384,371.53,0.0,369.145
27.159838040010072,26826,2,7,4,0.0,-0.000559,0.026841,0.015478,366.563,377.0,353.303,0.0,353,395,0.0,0.026,0.0,0.0,0.026,40.906,325.657,0.0,366.563,-8.349,361.652,0.0,353.303
27.17123139090836,26831,2,7,4,0.0,-0.000531,0.025506,-0.00852,448.254,413.0,408.407,0.0,408,426,0.0,0.025,0.0,0.0,0.025,122.495,325.759,0.0,448.254,28.203,380.203,0.0,408.407
27.17123139090836,26836,2,7,4,0.0,-0.000551,0.026494,0.018115,355.947,382.0,338.982,0.0,338,377,0.0,0.026,0.0,0.0,0.026,30.163,325.784,0.0,355.947,-20.841,359.823,0.0,338.982
27.17123139090836,26841,2,7,4,0.0,-0.0006,0.028811,0.002457,420.737,400.0,386.999,0.0,386,395,0.0,0.028,0.0,0.0,0.028,94.873,325.863,0.0,420.737,16.589,370.409,0.0,386.999
27.184060541912913,26846,2,7,4,0.0,-0.000654,0.031425,-0.026147,533.298,474.0,461.028,0.0,461,493,0.0,0.031,0.0,0.0,0.031,207.261,326.036,0.0,533.298,47.438,413.59,0.0,461.028
27.184060541912913,26851,2,7,4,0.0,-0.000668,0.032102,-0.028403,544.034,493.0,483.05,0.0,483,515,0.0,0.032,0.0,0.0,0.032,217.823,326.21,0.0,544.034,40.827,442.223,0.0,483.05
27.195372404996306,26856,2,7,4,0.0,-0.000606,0.029088,0.00961,396.391,426.0,388.852,0.0,388,443,0.0,0.029,0.0,0.0,0.029,70.122,326.269,0.0,396.391,-23.686,412.539,0.0,388.852
27.195372404996306,26861,2,7,4,0.0,-0.000542,0.026021,0.014108,369.193,413.0,351.921,0.0,351,395,0.0,0.026,0.0,0.0,0.026,42.888,326.305,0.0,369.193,-35.045,386.967,0.0,351.921
27.206983067910187,26866,2,7,4,0.0,-0.000612,0.029418,-0.027028,529.684,507.0,444.97,0.0,444,462,0.0,0.029,0.0,0.0,0.029,203.209,326.474,0.0,529.684,18.147,426.823,0.0,444.97
27.206983067910187,26875,2,7,4,0.0,-0.000701,0.033686,-0.011159,488.226,462.0,474.319,0.0,474,462,0.0,0.033,0.0,0.0,0.033,161.444,326.781,0.0,488.226,20.981,453.337,0.0,474.319
27.21848127595149,26880,2,7,4,0.0,-0.000686,0.032975,0.01306,398.534,430.0,401.844,0.0,401,426,0.0,0.032,0.0,0.0,0.032,71.692,326.841,0.0,398.534,-25.172,427.017,0.0,401.844
27.21848127595149,26885,2,7,4,0.0,-0.000629,0.030228,0.006975,410.619,426.0,404.791,0.0,404,430,0.0,0.03,0.0,0.0,0.03,83.707,326.911,0.0,410.619,-12.304,417.096,0.0,404.791
27.229539728956297,26891,2,7,4,0.0,-0.000603,0.02899,-0.020556,505.431,462.0,473.66,0.0,473,462,0.0,0.028,0.0,0.0,0.028,178.37,327.06,0.0,505.431,34.745,438.914,0.0,473.66
27.229539728956297,26896,2,7,4,0.0,-0.000634,0.030437,-0.010177,473.394,474.0,440.195,0.0,440,493,0.0,0.03,0.0,0.0,0.03,146.212,327.182,0.0,473.394,-0.484,440.68,0.0,440.195
27.24122137494851,26901,2,7,4,0.0,-0.000646,0.031008,-0.005369,458.251,462.0,432.35,0.0,432,443,0.0,0.031,0.0,0.0,0.031,130.96,327.291,0.0,458.251,-2.998,435.349,0.0,432.35
27.24122137494851,26906,2,7,4,0.0,-0.00063,0.030243,-0.013712,485.665,462.0,468.103,0.0,468,456,0.0,0.03,0.0,0.0,0.03,158.242,327.423,0.0,485.665,18.932,449.17,0.0,468.103
27.24122137494851,26911,2,7,4,0.0,-0.000581,0.027917,0.009885,392.392,430.0,395.616,0.0,395,413,0.0,0.027,0.0,0.0,0.027,64.915,327.477,0.0,392.392,-30.085,425.702,0.0,395.616
27.25327603390906,26916,2,7,4,0.0,-0.000527,0.025301,-0.002783,428.667,449.0,406.085,0.0,406,443,0.0,0.025,0.0,0.0,0.025,101.105,327.561,0.0,428.667,-16.266,422.351,0.0,406.085
27.25327603390906,26921,2,7,4,0.0,-0.000592,0.028443,-0.006504,453.479,449.0,430.122,0.0,430,430,0.0,0.028,0.0,0.0,0.028,125.812,327.666,0.0,453.479,3.583,426.538,0.0,430.122
27.26459532789886,26926,2,7,4,0.0,-0.000669,0.032157,-0.004187,458.615,462.0,428.911,0.0,428,462,0.0,0.032,0.0,0.0,0.032,130.84,327.775,0.0,458.615,-2.707,431.618,0.0,428.911
27.26459532789886,26931,2,7,4,0.0,-0.000674,0.032363,-0.005942,465.792,443.0,454.187,0.0,454,443,0.0,0.032,0.0,0.0,0.032,137.902,327.89,0.0,465.792,18.234,435.953,0.0,454.187
27.275816320907325,26936,2,7,4,0.0,-0.000658,0.031612,-0.005566,461.847,456.0,445.046,0.0,445,462,0.0,0.031,0.0,0.0,0.031,133.845,328.002,0.0,461.847,4.678,440.368,0.0,445.046
27.275816320907325,26941,2,7,4,0.0,-0.000613,0.029469,0.005611,413.961,413.0,427.754,0.0,427,439,0.0,0.029,0.0,0.0,0.029,85.889,328.071,0.0,413.961,0.768,426.985,0.0,427.754
27.288036842946894,26946,2,7,4,0.0,-0.000596,0.028622,-0.002152,438.954,430.0,430.206,0.0,430,462,0.0,0.028,0.0,0.0,0.028,110.791,328.163,0.0,438.954,7.163,423.042,0.0,430.206
27.288036842946894,26951,2,7,4,0.0,-0.000662,0.031805,-0.025737,535.49,497.0,482.406,0.0,482,497,0.0,0.031,0.0,0.0,0.031,207.154,328.336,0.0,535.49,30.792,451.613,0.0,482.406
27.288036842946894,26956,2,7,4,0.0,-0.000649,0.031176,0.003951,426.43,439.0,427.49,0.0,427,449,0.0,0.031,0.0,0.0,0.031,98.012,328.417,0.0,426.43,-10.055,437.546,0.0,427.49
27.30024880100973,26965,2,7,4,0.0,-0.000625,0.030029,0.007341,410.262,395.0,435.343,0.0,435,413,0.0,0.03,0.0,0.0,0.03,81.676,328.585,0.0,410.262,12.209,423.133,0.0,435.343
27.31119455792941,26970,2,7,4,0.0,-0.0006,0.028815,-0.003269,444.189,426.0,438.995,0.0,438,443,0.0,0.028,0.0,0.0,0.028,115.507,328.681,0.0,444.189,14.551,424.443,0.0,438.995
27.31119455792941,26975,2,7,4,0.0,-0.000627,0.030124,0.001836,430.6,443.0,411.657,0.0,411,443,0.0,0.03,0.0,0.0,0.03,101.834,328.766,0.0,430.6,-9.919,421.576,0.0,411.657
27.31119455792941,26981,2,7,4,0.0,-0.000642,0.03086,0.005504,420.124,426.0,405.845,0.0,405,426,0.0,0.03,0.0,0.0,0.03,91.281,328.842,0.0,420.124,-4.7,410.545,0.0,405.845
27.323398222913966,26986,2,7,4,0.0,-0.00061,0.029302,0.002584,425.108,426.0,403.963,0.0,403,413,0.0,0.029,0.0,0.0,0.029,96.185,328.923,0.0,425.108,-0.713,404.677,0.0,403.963
27.323398222913966,26991,2,7,4,0.0,-0.000636,0.030555,-0.002711,448.785,443.0,413.839,0.0,413,443,0.0,0.03,0.0,0.0,0.03,119.763,329.022,0.0,448.785,4.628,409.211,0.0,413.839
27.334864470991306,26996,2,7,4,0.0,-0.000628,0.03015,-0.01564,494.009,474.0,445.45,0.0,445,462,0.0,0.03,0.0,0.0,0.03,164.849,329.16,0.0,494.009,16.007,429.442,0.0,445.45
27.334864470991306,27001,2,7,4,0.0,-0.00063,0.030243,-0.001971,445.23,430.0,440.291,0.0,440,426,0.0,0.03,0.0,0.0,0.03,115.973,329.256,0.0,445.23,12.184,428.106,0.0,440.291
27.346197283943184,27006,2,7,4,0.0,-0.000589,0.028315,0.016447,372.018,426.0,358.494,0.0,358,377,0.0,0.028,0.0,0.0,0.028,42.726,329.292,0.0,372.018,-43.185,401.68,0.0,358.494
27.346197283943184,27011,2,7,4,0.0,-0.000565,0.027129,0.016174,368.76,413.0,351.505,0.0,351,426,0.0,0.027,0.0,0.0,0.027,39.435,329.325,0.0,368.76,-35.391,386.897,0.0,351.505
27.346197283943184,27016,2,7,4,0.0,-0.000596,0.028641,-0.002292,440.777,413.0,417.482,0.0,417,400,0.0,0.028,0.0,0.0,0.028,111.359,329.418,0.0,440.777,22.221,395.261,0.0,417.482
27.35819515096955,27021,2,7,4,0.0,-0.000675,0.03244,0.001502,440.886,430.0,410.701,0.0,410,443,0.0,0.032,0.0,0.0,0.032,111.375,329.51,0.0,440.886,8.709,401.991,0.0,410.701
27.35819515096955,27026,2,7,4,0.0,-0.000693,0.033311,0.019012,381.029,426.0,347.903,0.0,347,408,0.0,0.033,0.0,0.0,0.033,51.475,329.553,0.0,381.029,-35.976,383.88,0.0,347.903
27.369559032958932,27031,2,7,4,0.0,-0.000676,0.032456,-0.006114,468.524,443.0,426.225,0.0,426,462,0.0,0.032,0.0,0.0,0.032,138.854,329.669,0.0,468.524,20.419,405.806,0.0,426.225
27.369559032958932,27036,2,7,4,0.0,-0.000651,0.031278,0.016915,381.419,413.0,359.107,0.0,359,395,0.0,0.031,0.0,0.0,0.031,51.708,329.71,0.0,381.419,-25.264,384.371,0.0,359.107
27.381068542948924,27041,2,7,4,0.0,-0.000599,0.028795,0.017573,370.142,395.0,349.341,0.0,349,400,0.0,0.028,0.0,0.0,0.028,40.397,329.744,0.0,370.142,-19.886,369.227,0.0,349.341
27.381068542948924,27046,2,7,4,0.0,-0.000591,0.028379,0.011461,390.699,413.0,349.563,0.0,349,395,0.0,0.028,0.0,0.0,0.028,60.904,329.795,0.0,390.699,-17.84,367.403,0.0,349.563
27.392764399992302,27055,2,7,4,0.0,-0.000693,0.033272,-0.004132,464.682,430.0,434.86,0.0,434,443,0.0,0.033,0.0,0.0,0.033,134.658,330.024,0.0,464.682,27.745,407.114,0.0,434.86
27.392764399992302,27060,2,7,4,0.0,-0.0007,0.033603,0.009306,417.566,413.0,403.984,0.0,403,400,0.0,0.033,0.0,0.0,0.033,87.469,330.097,0.0,417.566,3.653,400.33,0.0,403.984
27.403935635928065,27065,2,7,4,0.0,-0.000621,0.029847,0.005713,417.05,443.0,376.864,0.0,376,443,0.0,0.029,0.0,0.0,0.029,86.88,330.169,0.0,417.05,-20.759,397.624,0.0,376.864
27.403935635928065,27071,2,7,4,0.0,-0.000603,0.028944,-0.003078,445.549,449.0,404.712,0.0,404,443,0.0,0.028,0.0,0.0,0.028,115.283,330.265,0.0,445.549,-2.76,407.472,0.0,404.712
27.415443526930176,27076,2,7,4,0.0,-0.000609,0.029237,-0.023318,519.624,493.0,453.982,0.0,453,467,0.0,0.029,0.0,0.0,0.029,189.201,330.423,0.0,519.624,21.299,432.682,0.0,453.982
27.415443526930176,27081,2,7,4,0.0,-0.000639,0.03071,0.001916,434.166,443.0,418.883,0.0,418,462,0.0,0.03,0.0,0.0,0.03,103.656,330.509,0.0,434.166,-7.067,425.95,0.0,418.883
27.427008781931363,27086,2,7,4,0.0,-0.000605,0.029052,-0.002758,445.124,449.0,420.49,0.0,420,443,0.0,0.029,0.0,0.0,0.029,114.519,330.605,0.0,445.124,-3.1,423.59,0.0,420.49
27.427008781931363,27091,2,7,4,0.0,-0.000612,0.029403,0.005077,418.253,413.0,417.221,0.0,417,413,0.0,0.029,0.0,0.0,0.029,87.575,330.678,0.0,418.253,4.202,413.018,0.0,417.221
27.427008781931363,27096,2,7,4,0.0,-0.000603,0.02898,0.009134,402.182,395.0,411.185,0.0,411,413,0.0,0.028,0.0,0.0,0.028,71.445,330.737,0.0,402.182,5.746,405.438,0.0,411.185
27.438674258999527,27101,2,7,4,0.0,-0.00065,0.031212,0.008408,412.899,430.0,388.436,0.0,388,426,0.0,0.031,0.0,0.0,0.031,82.093,330.806,0.0,412.899,-13.68,402.117,0.0,388.436
27.438674258999527,27106,2,7,4,0.0,-0.000709,0.034064,-0.018594,520.538,480.0,464.077,0.0,464,462,0.0,0.034,0.0,0.0,0.034,189.574,330.964,0.0,520.538,32.431,431.646,0.0,464.077
27.44992778392043,27111,2,7,4,0.0,-0.000718,0.034499,0.004815,437.916,443.0,419.119,0.0,419,443,0.0,0.034,0.0,0.0,0.034,106.862,331.053,0.0,437.916,-4.067,423.186,0.0,419.119
27.44992778392043,27116,2,7,4,0.0,-0.000652,0.031298,0.018311,377.845,413.0,369.999,0.0,369,395,0.0,0.031,0.0,0.0,0.031,46.753,331.092,0.0,377.845,-28.123,398.122,0.0,369.999
27.461220004945062,27121,2,7,4,0.0,-0.00066,0.031692,-0.008533,476.026,462.0,430.498,0.0,430,443,0.0,0.031,0.0,0.0,0.031,144.813,331.212,0.0,476.026,11.22,419.277,0.0,430.498
27.461220004945062,27126,2,7,4,0.0,-0.000685,0.032897,0.002699,440.01,430.0,423.37,0.0,423,456,0.0,0.032,0.0,0.0,0.032,108.71,331.3,0.0,440.01,8.008,415.361,0.0,423.37
27.461220004945062,27131,2,7,4,0.0,-0.000712,0.034186,-0.002002,461.69,462.0,416.208,0.0,416,449,0.0,0.034,0.0,0.0,0.034,130.281,331.408,0.0,461.69,-0.247,416.456,0.0,416.208
27.474044020986184,27136,2,7,4,0.0,-0.000706,0.033911,-0.006154,475.765,493.0,414.276,0.0,414,474,0.0,0.033,0.0,0.0,0.033,144.236,331.528,0.0,475.765,-13.787,428.064,0.0,414.276
27.4850694820052,27145,2,7,4,0.0,-0.000662,0.031788,0.00098,442.603,430.0,426.931,0.0,426,430,0.0,0.031,0.0,0.0,0.031,110.907,331.695,0.0,442.603,10.083,416.848,0.0,426.931
27.4850694820052,27150,2,7,4,0.0,-0.000635,0.030513,-0.012481,486.604,474.0,444.405,0.0,444,474,0.0,0.03,0.0,0.0,0.03,154.779,331.824,0.0,486.604,10.083,434.321,0.0,444.405
27.4967767969938,27155,2,7,4,0.0,-0.000639,0.030691,-0.004048,456.991,449.0,439.164,0.0,439,430,0.0,0.03,0.0,0.0,0.03,125.062,331.929,0.0,456.991,6.393,432.77,0.0,439.164
27.4967767969938,27161,2,7,4,0.0,-0.000659,0.031666,-0.004818,463.385,474.0,426.808,0.0,426,462,0.0,0.031,0.0,0.0,0.031,131.346,332.038,0.0,463.385,-8.491,435.299,0.0,426.808
27.4967767969938,27166,2,7,4,0.0,-0.000659,0.031645,-0.009676,480.922,467.0,455.374,0.0,455,462,0.0,0.031,0.0,0.0,0.031,148.759,332.162,0.0,480.922,11.138,444.236,0.0,455.374
27.50880234199576,27171,2,7,4,0.0,-0.000639,0.030677,0.012391,398.048,413.0,408.785,0.0,408,413,0.0,0.03,0.0,0.0,0.03,65.83,332.217,0.0,398.048,-11.961,420.747,0.0,408.785
27.50880234199576,27176,2,7,4,0.0,-0.00067,0.032189,-0.001033,451.917,462.0,421.115,0.0,421,456,0.0,0.032,0.0,0.0,0.032,119.6,332.317,0.0,451.917,-8.065,429.181,0.0,421.115
27.519995610928163,27181,2,7,4,0.0,-0.0007,0.033617,-0.011276,494.071,456.0,474.37,0.0,474,474,0.0,0.033,0.0,0.0,0.033,161.619,332.452,0.0,494.071,30.456,443.913,0.0,474.37
27.519995610928163,27186,2,7,4,0.0,-0.000712,0.034189,-0.002061,463.066,430.0,471.285,0.0,471,449,0.0,0.034,0.0,0.0,0.034,130.505,332.56,0.0,463.066,26.453,444.831,0.0,471.285
27.53154968493618,27191,2,7,4,0.0,-0.000677,0.032539,0.000959,446.343,430.0,458.605,0.0,458,443,0.0,0.032,0.0,0.0,0.032,113.687,332.655,0.0,446.343,13.074,445.531,0.0,458.605
27.53154968493618,27196,2,7,4,0.0,-0.000673,0.03231,0.014242,397.754,430.0,398.302,0.0,398,400,0.0,0.032,0.0,0.0,0.032,65.044,332.709,0.0,397.754,-25.796,424.099,0.0,398.302
27.53154968493618,27201,2,7,4,0.0,-0.000675,0.0324,0.008624,418.373,443.0,398.396,0.0,398,408,0.0,0.032,0.0,0.0,0.032,85.592,332.781,0.0,418.373,-19.701,418.097,0.0,398.396
27.54387182497885,27206,2,7,4,0.0,-0.000686,0.032971,0.001641,445.661,462.0,405.558,0.0,405,430,0.0,0.032,0.0,0.0,0.032,112.785,332.875,0.0,445.661,-13.071,418.629,0.0,405.558
27.54387182497885,27211,2,7,4,0.0,-0.000738,0.035469,-0.002386,469.271,462.0,434.246,0.0,434,439,0.0,0.035,0.0,0.0,0.035,136.282,332.988,0.0,469.271,5.817,428.429,0.0,434.246
27.553273133933544,27216,2,7,4,0.0,-0.000668,0.032067,0.014357,396.797,413.0,396.267,0.0,396,377,0.0,0.032,0.0,0.0,0.032,63.757,333.039,0.0,396.797,-12.961,409.228,0.0,396.267
27.553273133933544,27221,2,7,4,0.0,-0.000633,0.0304,0.014676,389.694,426.0,373.821,0.0,373,395,0.0,0.03,0.0,0.0,0.03,56.607,333.087,0.0,389.694,-29.044,402.866,0.0,373.821
27.565804824000224,27226,2,7,4,0.0,-0.000641,0.030785,-0.001864,450.726,449.0,416.26,0.0,416,443,0.0,0.03,0.0,0.0,0.03,117.541,333.184,0.0,450.726,1.381,414.879,0.0,416.26
27.565804824000224,27231,2,7,4,0.0,-0.000683,0.032817,-0.02031,524.606,493.0,470.038,0.0,470,474,0.0,0.032,0.0,0.0,0.032,191.262,333.344,0.0,524.606,25.285,444.753,0.0,470.038
27.577473453013226,27240,2,7,4,0.0,-0.000651,0.031291,0.01674,385.819,408.0,382.406,0.0,382,430,0.0,0.031,0.0,0.0,0.031,52.382,333.436,0.0,385.819,-17.744,400.15,0.0,382.406
27.577473453013226,27245,2,7,4,0.0,-0.000673,0.032341,-0.021494,527.408,474.0,478.094,0.0,478,497,0.0,0.032,0.0,0.0,0.032,193.81,333.598,0.0,527.408,42.726,435.367,0.0,478.094
27.58900412800722,27251,2,7,4,0.0,-0.000734,0.035265,-0.019954,532.556,497.0,484.119,0.0,484,480,0.0,0.035,0.0,0.0,0.035,198.792,333.764,0.0,532.556,28.445,455.674,0.0,484.119
27.58900412800722,27256,2,7,4,0.0,-0.000728,0.034953,0.018498,393.049,443.0,383.77,0.0,383,400,0.0,0.034,0.0,0.0,0.034,59.235,333.813,0.0,393.049,-39.96,423.731,0.0,383.77
27.600774279912002,27261,2,7,4,0.0,-0.000751,0.036064,0.00393,449.59,443.0,433.82,0.0,433,443,0.0,0.036,0.0,0.0,0.036,115.68,333.91,0.0,449.59,5.272,428.548,0.0,433.82
27.600774279912002,27266,2,7,4,0.0,-0.000778,0.037377,-0.018457,535.084,510.0,475.966,0.0,475,525,0.0,0.037,0.0,0.0,0.037,201.007,334.077,0.0,535.084,20.067,455.898,0.0,475.966
27.612331365933642,27271,2,7,4,0.0,-0.000747,0.035901,0.014954,409.552,443.0,402.393,0.0,402,462,0.0,0.035,0.0,0.0,0.035,75.411,334.14,0.0,409.552,-26.758,429.151,0.0,402.393
27.612331365933642,27276,2,7,4,0.0,-0.000721,0.034627,0.02015,386.303,413.0,380.899,0.0,380,413,0.0,0.034,0.0,0.0,0.034,52.119,334.183,0.0,386.303,-21.357,402.256,0.0,380.899
27.612331365933642,27281,2,7,4,0.0,-0.000747,0.035888,0.000605,461.31,474.0,400.242,0.0,400,443,0.0,0.035,0.0,0.0,0.035,127.02,334.289,0.0,461.31,-10.151,410.393,0.0,400.242
27.622356829000637,27286,2,7,4,0.0,-0.000783,0.037615,-0.010733,508.493,480.0,455.75,0.0,455,462,0.0,0.037,0.0,0.0,0.037,174.058,334.434,0.0,508.493,22.794,432.956,0.0,455.75
27.622356829000637,27291,2,7,4,0.0,-0.000769,0.036947,0.008289,437.692,426.0,434.812,0.0,434,413,0.0,0.036,0.0,0.0,0.036,103.171,334.52,0.0,437.692,9.354,425.458,0.0,434.812
27.63526845292654,27296,2,7,4,0.0,-0.000693,0.033278,0.03263,336.857,413.0,326.394,0.0,326,395,0.0,0.033,0.0,0.0,0.033,2.334,334.522,0.0,336.857,-60.913,387.308,0.0,326.394
27.63526845292654,27301,2,7,4,0.0,-0.000672,0.032264,0.015059,396.513,408.0,372.651,0.0,372,382,0.0,0.032,0.0,0.0,0.032,61.939,334.574,0.0,396.513,-9.189,381.84,0.0,372.651
27.646964590996504,27306,2,7,4,0.0,-0.000755,0.036263,-0.012866,511.583,474.0,446.618,0.0,446,462,0.0,0.036,0.0,0.0,0.036,176.867,334.716,0.0,511.583,30.066,416.552,0.0,446.618
27.646964590996504,27311,2,7,4,0.0,-0.000822,0.03946,-0.013914,527.023,480.0,480.451,0.0,480,510,0.0,0.039,0.0,0.0,0.039,192.147,334.876,0.0,527.023,37.618,442.832,0.0,480.451
27.646964590996504,27316,2,7,4,0.0,-0.000827,0.039706,0.002708,468.18,462.0,442.984,0.0,442,474,0.0,0.039,0.0,0.0,0.039,133.193,334.987,0.0,468.18,4.944,438.039,0.0,442.984
27.658632161910646,27321,2,7,4,0.0,-0.000768,0.0369,0.019182,398.825,413.0,405.292,0.0,405,417,0.0,0.036,0.0,0.0,0.036,63.785,335.04,0.0,398.825,-11.339,416.631,0.0,405.292
27.670013259979896,27330,2,7,4,0.0,-0.000737,0.035406,-0.021652,540.696,497.0,475.982,0.0,475,480,0.0,0.035,0.0,0.0,0.035,205.412,335.283,0.0,540.696,34.957,441.025,0.0,475.982
27.670013259979896,27335,2,7,4,0.0,-0.000828,0.03977,-0.018778,546.235,493.0,509.728,0.0,509,497,0.0,0.039,0.0,0.0,0.039,210.776,335.459,0.0,546.235,42.588,467.14,0.0,509.728
27.682057493948378,27341,2,7,4,0.0,-0.000841,0.040395,-0.006946,506.034,480.0,496.91,0.0,496,497,0.0,0.04,0.0,0.0,0.04,170.432,335.601,0.0,506.034,20.827,476.082,0.0,496.91
27.682057493948378,27346,2,7,4,0.0,-0.000799,0.038383,0.009038,441.33,462.0,443.203,0.0,443,449,0.0,0.038,0.0,0.0,0.038,105.64,335.689,0.0,441.33,-16.535,459.739,0.0,443.203
27.682057493948378,27351,2,7,4,0.0,-0.000708,0.034009,0.006956,433.161,449.0,437.414,0.0,437,449,0.0,0.034,0.0,0.0,0.034,97.39,335.771,0.0,433.161,-12.67,450.084,0.0,437.414
27.69452341098804,27356,2,7,4,0.0,-0.000695,0.033363,-0.004864,473.504,480.0,446.341,0.0,446,462,0.0,0.033,0.0,0.0,0.033,137.619,335.885,0.0,473.504,-5.196,451.537,0.0,446.341
27.69452341098804,27361,2,7,4,0.0,-0.00079,0.037967,-0.019841,544.172,493.0,518.329,0.0,518,528,0.0,0.037,0.0,0.0,0.037,208.113,336.059,0.0,544.172,40.938,477.391,0.0,518.329
27.705996086937375,27366,2,7,4,0.0,-0.000803,0.038585,0.001653,469.127,480.0,455.124,0.0,455,480,0.0,0.038,0.0,0.0,0.038,132.957,336.17,0.0,469.127,-8.697,463.822,0.0,455.124
27.705996086937375,27371,2,7,4,0.0,-0.000782,0.037536,-0.004169,486.434,493.0,458.244,0.0,458,474,0.0,0.037,0.0,0.0,0.037,150.138,336.295,0.0,486.434,-5.252,463.496,0.0,458.244
27.717976438929327,27376,2,7,4,0.0,-0.000777,0.037315,0.001444,465.538,456.0,468.438,0.0,468,497,0.0,0.037,0.0,0.0,0.037,129.135,336.402,0.0,465.538,7.63,460.807,0.0,468.438
27.717976438929327,27381,2,7,4,0.0,-0.000715,0.034367,-0.010133,496.74,480.0,478.273,0.0,478,480,0.0,0.034,0.0,0.0,0.034,160.204,336.536,0.0,496.74,13.392,464.881,0.0,478.273
27.717976438929327,27386,2,7,4,0.0,-0.000707,0.03396,-0.00088,462.067,462.0,455.919,0.0,455,493,0.0,0.033,0.0,0.0,0.033,125.426,336.64,0.0,462.067,0.053,455.865,0.0,455.919
27.728654255974106,27391,2,7,4,0.0,-0.000715,0.034343,0.012404,415.684,430.0,421.557,0.0,421,443,0.0,0.034,0.0,0.0,0.034,78.978,336.706,0.0,415.684,-11.452,433.009,0.0,421.557
27.728654255974106,27396,2,7,4,0.0,-0.000697,0.033475,0.002872,446.962,449.0,429.271,0.0,429,443,0.0,0.033,0.0,0.0,0.033,110.167,336.794,0.0,446.962,-1.63,430.901,0.0,429.271
27.739122123923153,27401,2,7,4,0.0,-0.000724,0.034791,-0.001711,468.315,462.0,438.177,0.0,438,462,0.0,0.034,0.0,0.0,0.034,131.41,336.904,0.0,468.315,5.052,433.125,0.0,438.177
27.739122123923153,27406,2,7,4,0.0,-0.000737,0.035415,0.000447,462.894,462.0,433.043,0.0,433,443,0.0,0.035,0.0,0.0,0.035,125.885,337.009,0.0,462.894,0.715,432.327,0.0,433.043
27.750297875958495,27411,2,7,4,0.0,-0.000714,0.034274,0.005048,442.31,430.0,439.126,0.0,439,449,0.0,0.034,0.0,0.0,0.034,105.213,337.097,0.0,442.31,9.848,429.278,0.0,439.126
27.762104577966966,27420,2,7,4,0.0,-0.000705,0.033857,-0.005304,478.25,462.0,438.844,0.0,438,462,0.0,0.033,0.0,0.0,0.033,140.981,337.268,0.0,478.25,13.0,425.844,0.0,438.844
27.762104577966966,27425,2,7,4,0.0,-0.000693,0.033284,-0.014206,508.376,480.0,467.429,0.0,467,510,0.0,0.033,0.0,0.0,0.033,170.966,337.41,0.0,508.376,22.701,444.727,0.0,467.429
27.762104577966966,27431,2,7,4,0.0,-0.000735,0.035313,-0.009548,499.048,462.0,480.537,0.0,480,462,0.0,0.035,0.0,0.0,0.035,161.502,337.545,0.0,499.048,29.638,450.898,0.0,480.537
27.774444372975267,27436,2,7,4,0.0,-0.000715,0.034331,0.000656,458.878,462.0,443.406,0.0,443,462,0.0,0.034,0.0,0.0,0.034,121.231,337.646,0.0,458.878,-2.497,445.903,0.0,443.406
27.774444372975267,27441,2,7,4,0.0,-0.000655,0.031473,0.005322,431.868,456.0,415.254,0.0,415,462,0.0,0.031,0.0,0.0,0.031,94.143,337.725,0.0,431.868,-19.305,434.559,0.0,415.254
27.78559119196143,27446,2,7,4,0.0,-0.000646,0.031033,0.00514,431.019,462.0,401.293,0.0,401,493,0.0,0.031,0.0,0.0,0.031,93.216,337.803,0.0,431.019,-24.784,426.077,0.0,401.293
27.78559119196143,27451,2,7,4,0.0,-0.000681,0.032719,-0.015192,510.428,480.0,470.139,0.0,470,462,0.0,0.032,0.0,0.0,0.032,172.481,337.946,0.0,510.428,24.342,445.796,0.0,470.139
27.79730242700316,27456,2,7,4,0.0,-0.000753,0.036181,-0.005851,489.393,480.0,459.572,0.0,459,497,0.0,0.036,0.0,0.0,0.036,151.32,338.072,0.0,489.393,7.514,452.057,0.0,459.572
27.79730242700316,27461,2,7,4,0.0,-0.000736,0.03536,0.014863,411.923,426.0,420.653,0.0,420,443,0.0,0.035,0.0,0.0,0.035,73.789,338.134,0.0,411.923,-11.261,431.914,0.0,420.653
27.79730242700316,27466,2,7,4,0.0,-0.000732,0.035154,0.00338,452.615,462.0,426.054,0.0,426,456,0.0,0.035,0.0,0.0,0.035,114.385,338.229,0.0,452.615,-7.507,433.561,0.0,426.054
27.810014241957106,27471,2,7,4,0.0,-0.000676,0.032483,-0.018304,521.219,493.0,482.876,0.0,482,493,0.0,0.032,0.0,0.0,0.032,182.837,338.382,0.0,521.219,22.575,460.301,0.0,482.876
27.810014241957106,27476,2,7,4,0.0,-0.000712,0.034176,-0.007463,488.409,474.0,474.483,0.0,474,474,0.0,0.034,0.0,0.0,0.034,149.902,338.507,0.0,488.409,11.527,462.955,0.0,474.483
27.8226413349621,27481,2,7,4,0.0,-0.000697,0.033457,0.003857,445.154,449.0,450.724,0.0,450,462,0.0,0.033,0.0,0.0,0.033,106.559,338.595,0.0,445.154,-3.076,453.8,0.0,450.724
27.8226413349621,27486,2,7,4,0.0,-0.000707,0.033943,0.011123,420.813,443.0,419.657,0.0,419,430,0.0,0.033,0.0,0.0,0.033,82.152,338.661,0.0,420.813,-17.748,437.406,0.0,419.657
27.8226413349621,27491,2,7,4,0.0,-0.000709,0.034045,0.000451,459.702,462.0,438.516,0.0,438,462,0.0,0.034,0.0,0.0,0.034,120.939,338.762,0.0,459.702,-1.838,440.354,0.0,438.516
27.83414080296643,27496,2,7,4,0.0,-0.000758,0.036405,-0.020339,543.216,542.0,467.429,0.0,467,510,0.0,0.036,0.0,0.0,0.036,204.283,338.932,0.0,543.216,0.973,466.455,0.0,467.429
27.83414080296643,27501,2,7,4,0.0,-0.000763,0.036658,0.00546,451.339,449.0,457.748,0.0,457,417,0.0,0.036,0.0,0.0,0.036,112.313,339.026,0.0,451.339,1.871,455.877,0.0,457.748
27.845220110961236,27510,2,7,4,0.0,-0.000677,0.032532,-0.009638,491.015,474.0,458.041,0.0,458,462,0.0,0.032,0.0,0.0,0.032,151.815,339.199,0.0,491.015,13.612,444.429,0.0,458.041
27.856359065975994,27515,2,7,4,0.0,-0.00066,0.031709,-0.011321,494.239,480.0,464.219,0.0,464,462,0.0,0.031,0.0,0.0,0.031,154.911,339.328,0.0,494.239,11.391,452.827,0.0,464.219
27.856359065975994,27521,2,7,4,0.0,-0.000662,0.031813,-0.010235,490.829,462.0,482.451,0.0,482,462,0.0,0.031,0.0,0.0,0.031,151.374,339.455,0.0,490.829,23.063,459.387,0.0,482.451
27.868179860990494,27526,2,7,4,0.0,-0.000681,0.032698,0.003309,445.342,462.0,436.165,0.0,436,462,0.0,0.032,0.0,0.0,0.032,105.799,339.543,0.0,445.342,-13.325,449.49,0.0,436.165
27.868179860990494,27531,2,7,4,0.0,-0.000662,0.031811,-0.010245,491.075,462.0,483.912,0.0,483,474,0.0,0.031,0.0,0.0,0.031,151.405,339.669,0.0,491.075,23.26,460.652,0.0,483.912
27.868179860990494,27536,2,7,4,0.0,-0.000651,0.031278,-0.006569,476.035,480.0,456.136,0.0,456,480,0.0,0.031,0.0,0.0,0.031,136.252,339.782,0.0,476.035,-3.171,459.307,0.0,456.136
27.88023984094616,27541,2,7,4,0.0,-0.000666,0.031996,0.001775,448.67,467.0,433.285,0.0,433,462,0.0,0.031,0.0,0.0,0.031,108.796,339.873,0.0,448.67,-14.663,447.949,0.0,433.285
27.88023984094616,27546,2,7,4,0.0,-0.00067,0.03216,-0.016124,513.846,497.0,476.11,0.0,476,474,0.0,0.032,0.0,0.0,0.032,173.828,340.018,0.0,513.846,13.477,462.633,0.0,476.11
27.891582937911153,27551,2,7,4,0.0,-0.000743,0.035688,-0.004155,483.577,474.0,472.328,0.0,472,462,0.0,0.035,0.0,0.0,0.035,143.439,340.137,0.0,483.577,7.662,464.666,0.0,472.328
27.891582937911153,27556,2,7,4,0.0,-0.000708,0.033995,0.004048,448.038,462.0,442.8,0.0,442,474,0.0,0.033,0.0,0.0,0.033,107.811,340.227,0.0,448.038,-11.168,453.969,0.0,442.8
27.891582937911153,27561,2,7,4,0.0,-0.000733,0.035185,-0.011623,508.88,493.0,477.409,0.0,477,497,0.0,0.035,0.0,0.0,0.035,168.512,340.368,0.0,508.88,12.704,464.704,0.0,477.409
27.90413909498602,27566,2,7,4,0.0,-0.000732,0.035183,0.001642,461.214,462.0,458.163,0.0,458,462,0.0,0.035,0.0,0.0,0.035,120.746,340.468,0.0,461.214,-0.628,458.791,0.0,458.163
27.90413909498602,27571,2,7,4,0.0,-0.000732,0.035157,0.018288,401.244,443.0,398.667,0.0,398,443,0.0,0.035,0.0,0.0,0.035,60.725,340.519,0.0,401.244,-33.404,432.071,0.0,398.667
27.9154429549817,27576,2,7,4,0.0,-0.00071,0.03411,0.006388,440.396,443.0,428.72,0.0,428,474,0.0,0.034,0.0,0.0,0.034,99.796,340.599,0.0,440.396,-2.083,430.803,0.0,428.72
27.9154429549817,27581,2,7,4,0.0,-0.000741,0.03561,-0.010106,505.318,474.0,473.062,0.0,473,449,0.0,0.035,0.0,0.0,0.035,164.581,340.736,0.0,505.318,25.054,448.008,0.0,473.062
27.926412818953395,27586,2,7,4,0.0,-0.000733,0.035202,0.00852,436.87,443.0,429.731,0.0,429,426,0.0,0.035,0.0,0.0,0.035,96.054,340.816,0.0,436.87,-4.903,434.634,0.0,429.731
27.926412818953395,27591,2,7,4,0.0,-0.000731,0.035131,0.008083,438.269,443.0,426.936,0.0,426,443,0.0,0.035,0.0,0.0,0.035,97.371,340.897,0.0,438.269,-3.784,430.721,0.0,426.936
27.937752691912465,27600,2,7,4,0.0,-0.00076,0.036519,-0.006525,496.139,493.0,463.959,0.0,463,493,0.0,0.036,0.0,0.0,0.036,154.959,341.179,0.0,496.139,2.511,461.447,0.0,463.959
27.937752691912465,27605,2,7,4,0.0,-0.000782,0.037566,-0.007753,504.469,493.0,479.388,0.0,479,467,0.0,0.037,0.0,0.0,0.037,163.153,341.315,0.0,504.469,9.175,470.213,0.0,479.388
27.949589522904716,27611,2,7,4,0.0,-0.000774,0.037155,-0.005303,494.295,456.0,502.455,0.0,502,462,0.0,0.037,0.0,0.0,0.037,152.852,341.443,0.0,494.295,30.636,471.818,0.0,502.455
27.949589522904716,27616,2,7,4,0.0,-0.000716,0.034413,0.005014,447.367,474.0,439.147,0.0,439,462,0.0,0.034,0.0,0.0,0.034,105.836,341.531,0.0,447.367,-21.305,460.453,0.0,439.147
27.960789105971344,27621,2,7,4,0.0,-0.000723,0.034751,-0.010295,503.834,480.0,490.865,0.0,490,497,0.0,0.034,0.0,0.0,0.034,162.168,341.666,0.0,503.834,19.067,471.797,0.0,490.865
27.960789105971344,27626,2,7,4,0.0,-0.000735,0.035299,-0.023322,552.881,528.0,510.371,0.0,510,510,0.0,0.035,0.0,0.0,0.035,211.039,341.842,0.0,552.881,19.905,490.466,0.0,510.371
27.972148468950763,27631,2,7,4,0.0,-0.000699,0.033574,0.00242,454.092,474.0,461.587,0.0,461,480,0.0,0.033,0.0,0.0,0.033,112.156,341.936,0.0,454.092,-15.925,477.513,0.0,461.587
27.972148468950763,27636,2,7,4,0.0,-0.000669,0.032155,0.004594,441.237,474.0,437.76,0.0,437,474,0.0,0.032,0.0,0.0,0.032,99.218,342.018,0.0,441.237,-26.21,463.97,0.0,437.76
27.972148468950763,27641,2,7,4,0.0,-0.000664,0.031893,0.006256,434.388,456.0,433.723,0.0,433,449,0.0,0.031,0.0,0.0,0.031,92.292,342.095,0.0,434.388,-17.289,451.012,0.0,433.723
27.984332215972245,27646,2,7,4,0.0,-0.000667,0.032017,-0.015961,514.962,510.0,472.988,0.0,472,525,0.0,0.032,0.0,0.0,0.032,172.722,342.239,0.0,514.962,3.969,469.018,0.0,472.988
27.984332215972245,27651,2,7,4,0.0,-0.000719,0.034534,-0.008261,496.431,493.0,472.063,0.0,472,510,0.0,0.034,0.0,0.0,0.034,154.063,342.368,0.0,496.431,2.745,469.318,0.0,472.063
27.99550969095435,27656,2,7,4,0.0,-0.000716,0.034407,0.002528,457.229,462.0,456.115,0.0,456,480,0.0,0.034,0.0,0.0,0.034,114.766,342.463,0.0,457.229,-3.816,459.932,0.0,456.115
27.99550969095435,27661,2,7,4,0.0,-0.000718,0.034471,0.005143,448.132,462.0,438.725,0.0,438,462,0.0,0.034,0.0,0.0,0.034,105.581,342.551,0.0,448.132,-11.093,449.819,0.0,438.725
